101,2025,93,000,0,986.7415,81.65556,52.4953,81.96768,4.41,156.1,1.584984,0,81.4304,81.25226,73.79
101,2025,93,000,5,986.6788,81.59424,52.4953,81.99339,4.9,167.7,1.584984,0,81.4304,81.22688,73.92
101,2025,93,000,10,986.6788,81.53292,52.2909,81.99339,4.2924,163.5,1.584984,0,81.45589,81.22688,74.04
101,2025,93,000,15,986.6161,81.41029,52.22277,81.99339,4.3512,150.1,1.584984,0,81.48143,81.25226,74
101,2025,93,000,20,986.6161,81.59424,52.2909,81.99339,4.6452,146.9,1.584984,0,81.48143,81.27769,74.08
101,2025,93,000,25,986.6161,81.65556,52.2909,81.99339,4.1944,156.1,1.584984,0,81.48143,81.27769,74
101,2025,93,000,30,986.6161,81.53292,52.3931,82.04482,4.0572,146.6,1.188738,0,81.50687,81.27769,74.02
101,2025,93,000,35,986.6161,81.4716,52.3931,82.04482,4.1944,147.8,1.188738,0,81.53246,81.27769,74.08
101,2025,93,000,40,986.7415,81.65556,52.52936,81.99339,3.724,133.5,1.188738,0,81.53246,81.30312,73.96
101,2025,93,000,45,986.6788,81.59424,52.56343,81.99339,3.0772,146.7,0.792492,0,81.48143,81.27769,73.83
101,2025,93,000,50,986.6788,81.53292,52.35904,81.96768,2.5676,167.2,0.792492,0,81.45589,81.27769,73.73
101,2025,93,000,55,986.7415,81.53292,52.35904,81.94203,4.7432,149.5,0.792492,0,81.4304,81.25226,73.78
101,2025,93,001,0,986.6161,81.59424,52.3931,81.94203,4.41,167.9,0.792492,0,81.4304,81.22688,73.78
101,2025,93,001,5,986.7415,81.65556,52.3931,81.94203,4.6844,148.8,0.792492,0,81.4304,81.22688,73.81
101,2025,93,001,10,986.6788,81.53292,52.42717,81.94203,4.704,170.5,0.792492,0,81.4304,81.22688,73.68
101,2025,93,001,15,986.6788,81.65556,52.56343,81.94203,4.0768,164.1,0.792492,0,81.37948,81.22688,73.68
101,2025,93,001,20,986.6161,81.59424,52.2909,81.94203,5.9584,142.2,1.188738,0,81.40497,81.22688,74.04
101,2025,93,001,25,986.7415,81.4716,52.18871,81.99339,6.1544,162.7,1.188738,0,81.4304,81.20155,74.09
101,2025,93,001,30,986.6161,81.65556,52.32497,81.99339,5.5664,153,0.792492,0,81.4304,81.22688,74.25
101,2025,93,001,35,986.6788,81.53292,52.3931,81.99339,4.508,140.8,0.792492,0,81.45589,81.22688,74.17
101,2025,93,001,40,986.6161,81.4716,52.52936,81.99339,3.7632,161.4,0.792492,0,81.45589,81.22688,73.97
101,2025,93,001,45,986.6161,81.4716,52.3931,81.99339,4.0572,115.9,0.792492,0,81.45589,81.22688,73.77
101,2025,93,001,50,986.6161,81.4716,52.46123,81.99455,4.1748,154.6,0.7924904,0,81.45709,81.22803,73.78
101,2025,93,001,55,986.6788,81.59424,52.3931,82.02026,3.7828,137.5,0.7924904,0,81.45709,81.22803,73.75
101,2025,93,002,0,986.7415,81.4716,52.4953,82.02026,4.9196,166.5,0.7924904,0,81.48259,81.22803,73.84
101,2025,93,002,5,986.7415,81.41029,52.4953,82.04596,5.2332,160.4,0.7924904,0,81.48259,81.22803,74.01
101,2025,93,002,10,986.7415,81.65556,52.4953,81.99455,4.2728,151.7,0.3962452,0,81.48259,81.22803,73.97
101,2025,93,002,15,986.7415,81.4716,52.52936,81.99455,4.7236,167.6,0.7924904,0,81.48259,81.22803,74
101,2025,93,002,20,986.6161,81.53292,52.46123,81.99455,3.724,159.1,0.7924904,0,81.45709,81.22803,74.04
101,2025,93,002,25,986.7415,81.71688,52.42717,81.99455,5.5664,162.8,0.3962452,0,81.43161,81.22803,73.96
101,2025,93,002,30,986.6161,81.65556,52.35904,81.99455,5.0764,147.7,0.3962452,0,81.43161,81.22803,73.94
101,2025,93,002,35,986.7415,81.53292,52.32497,81.99455,5.0176,140.2,0.3962452,0,81.43161,81.22803,74.01
101,2025,93,002,40,986.6161,81.65556,52.42717,81.99455,4.0964,132,0.7924904,0,81.40612,81.17722,73.88
101,2025,93,002,45,986.6161,81.53292,52.52936,81.99455,3.92,153.1,0.3962452,0,81.38063,81.17722,73.85
101,2025,93,002,50,986.6161,81.59424,52.32497,82.02026,5.7036,142.1,0.7924904,0,81.38063,81.1519,73.81
101,2025,93,002,55,986.6161,81.41029,52.01838,82.04596,5.9388,158.1,0.3962452,0,81.38063,81.1519,73.83
101,2025,93,003,0,986.6161,81.53292,52.18871,82.04596,5.7624,153.7,0.7924904,0,81.43161,81.17722,74.08
101,2025,93,003,5,986.6161,81.53292,52.35904,82.04596,5.4488,135.3,0.7924904,0,81.43161,81.17722,74.18
101,2025,93,003,10,986.6161,81.59424,52.3931,82.04596,4.5472,140.6,0.3962452,0,81.43161,81.20265,74.18
101,2025,93,003,15,986.6161,81.53292,52.52936,82.04596,4.802,142.7,0.3962452,0,81.45709,81.20265,74.18
101,2025,93,003,20,986.6161,81.59424,52.22277,82.04596,6.2524,134.7,0.3962452,0,81.48259,81.22803,74.12
101,2025,93,003,25,986.6161,81.65556,52.01838,82.09743,5.0176,152.6,0.3962452,0,81.48259,81.22803,73.92
101,2025,93,003,30,986.6161,81.59424,52.25684,82.09743,4.6452,159.4,0.3962452,0,81.50807,81.22803,73.78
101,2025,93,003,35,986.6161,81.59424,52.22277,82.09743,5.1548,150.6,0.3962452,0,81.48259,81.22803,74.04
101,2025,93,003,40,986.6161,81.65556,51.98431,82.09743,4.7824,154.3,0.3962452,0,81.50807,81.22803,74.18
101,2025,93,003,45,986.6161,81.59424,52.22277,82.09826,4.6648,162.2,0.396244,0,81.53439,81.22885,74.23
101,2025,93,003,50,986.6161,81.65556,52.3931,82.12402,4.5668,143,0.396244,0,81.53439,81.27966,74.16
101,2025,93,003,55,986.6161,81.65556,52.3931,82.09826,5.0764,141.6,0.396244,0,81.53439,81.27966,73.99
101,2025,93,004,0,986.6161,81.65556,52.12057,82.09826,5.5076,141.7,0.396244,0,81.50884,81.27966,73.93
101,2025,93,004,5,986.6161,81.59424,52.05244,82.09826,5.2724,152,0.396244,0,81.53439,81.25423,74.14
101,2025,93,004,10,986.6161,81.53292,52.18871,82.09826,5.1352,159.4,0.396244,0,81.53439,81.27966,74.3
101,2025,93,004,15,986.6161,81.59424,52.22277,82.09826,4.8608,141.9,0.396244,0,81.53439,81.27966,74.26
101,2025,93,004,20,986.6161,81.71688,52.08651,82.04678,4.214,143.8,0.396244,0,81.53439,81.27966,74.21
101,2025,93,004,25,986.6161,81.65556,52.15464,82.04678,3.9788,150.2,0.396244,0,81.53439,81.27966,74.14
101,2025,93,004,30,986.6161,81.65556,52.22277,82.04678,3.822,138.2,0.396244,0,81.53439,81.27966,74.07
101,2025,93,004,35,986.6161,81.71688,52.3931,82.04678,3.1556,142.6,0.396244,0,81.53439,81.25423,74.04
101,2025,93,004,40,986.6161,81.53292,52.4953,82.04678,2.5676,152.3,0,0,81.48335,81.25423,73.86
101,2025,93,004,45,986.6161,81.65556,52.35904,81.99538,2.6656,157.2,0.396244,0,81.45787,81.22885,73.75
101,2025,93,004,50,986.6161,81.65556,52.32497,81.99538,2.646,131.4,0,0,81.45787,81.22885,73.77
101,2025,93,004,55,986.6161,81.59424,52.35904,81.96967,2.5088,154.6,0,0,81.45787,81.22885,73.79
101,2025,93,005,0,986.6161,81.4716,52.2909,81.96967,3.43,147.9,0,0,81.43233,81.22885,73.69
101,2025,93,005,5,986.6161,81.71688,52.3931,81.96967,5.0176,160.6,-0.396244,0,81.43233,81.20348,73.66
101,2025,93,005,10,986.6161,81.65556,52.25684,81.96967,4.3316,104.1,-0.396244,0,81.40694,81.17804,73.5
101,2025,93,005,15,986.6161,81.53292,52.2909,81.96967,4.0768,122.5,-0.396244,0,81.40694,81.17804,73.38
101,2025,93,005,20,986.6161,81.65556,52.32497,81.96967,3.4496,140.5,-0.396244,0,81.38145,81.15266,73.42
101,2025,93,005,25,986.6161,81.4716,52.3931,81.94402,3.5672,142.3,-0.396244,0,81.38145,81.15266,73.45
101,2025,93,005,30,986.6161,81.53292,52.4953,81.94402,3.2732,135.8,0,0,81.35597,81.15266,73.52
101,2025,93,005,35,986.6161,81.41029,52.63156,81.94402,3.4496,154.8,0,0,81.35597,81.15266,73.49
101,2025,93,005,40,986.6161,81.4716,52.5975,81.89265,3.1164,145.5,-0.396244,0,81.33054,81.12734,73.52
101,2025,93,005,45,986.6161,81.65556,52.4953,81.87167,3.528,132.6,-0.3962407,0,81.33514,81.1319,73.52
101,2025,93,005,50,986.6161,81.71688,52.46123,81.84601,4.3316,132.5,-0.3962407,0,81.33514,81.1319,73.63
101,2025,93,005,55,986.6161,81.53292,52.63156,81.84601,4.0572,133.6,-0.3962407,0,81.33514,81.1319,73.59
101,2025,93,006,0,986.6161,81.4716,52.52936,81.84601,4.2336,149.6,-0.3962407,0,81.28429,81.1319,73.55
101,2025,93,006,5,986.6161,81.59424,52.3931,81.84601,4.4296,158.8,-0.3962407,0,81.28429,81.0812,73.47
101,2025,93,006,10,986.6161,81.4716,52.4953,81.84601,4.8412,141.2,-0.3962407,0,81.28429,81.0812,73.61
101,2025,93,006,15,986.6161,81.65556,52.2909,81.89732,5.1548,163.4,-0.3962407,0,81.28429,81.0812,73.79
101,2025,93,006,20,986.6161,81.4716,52.52936,81.89732,5.39,137.4,-0.3962407,0,81.28429,81.0812,73.86
101,2025,93,006,25,986.6161,81.59424,52.56343,81.94868,7.7224,148.7,-0.3962407,0,81.28429,81.0812,73.63
101,2025,93,006,30,986.4907,81.28765,52.3931,81.94868,7.3304,158.1,-0.3962407,0,81.28429,81.0812,73.89
101,2025,93,006,35,986.6161,81.34897,52.3931,82.00005,5.3704,171,0,0,81.28429,81.0812,73.9
101,2025,93,006,40,986.6161,81.53292,52.46123,82.00005,6.487599,156.3,-0.3962407,0,81.33514,81.1319,73.97
101,2025,93,006,45,986.6161,81.41029,52.18871,82.00005,5.7428,132.3,-0.3962407,0,81.33514,81.1319,74.17
101,2025,93,006,50,986.6161,81.4716,52.22277,82.05145,5.5468,145.9,-0.3962407,0,81.36053,81.1319,74.11
101,2025,93,006,55,986.6161,81.65556,52.05244,82.05145,4.998,138.4,-0.3962407,0,81.43694,81.15728,74.28
101,2025,93,007,0,986.6161,81.53292,52.08651,82.05145,4.1552,151.8,-0.3962407,0,81.46248,81.18266,74.3
101,2025,93,007,5,986.6161,81.53292,52.15464,82.05145,3.2732,127.6,-0.7924815,0,81.48802,81.20804,74.14
101,2025,93,007,10,986.6161,81.4716,52.18871,82.05145,3.724,133.5,-0.3962407,0,81.51346,81.23341,74.17
101,2025,93,007,15,986.4907,81.4716,52.25684,82.05145,3.8416,136.4,-0.3962407,0,81.539,81.23341,74.15
101,2025,93,007,20,986.4907,81.4716,52.2909,82.05145,4.0376,140.5,-0.3962407,0,81.51346,81.23341,73.84
101,2025,93,007,25,986.6161,81.4716,52.25684,82.05145,3.7828,136.8,-0.3962407,0,81.48802,81.23341,73.74
101,2025,93,007,30,986.4907,81.53292,52.15464,82.05145,3.9788,145.6,-0.3962407,0,81.48802,81.23341,73.75
101,2025,93,007,35,986.6161,81.65556,52.12057,82.05145,4.1356,161.8,-0.3962407,0,81.48802,81.23341,73.62
101,2025,93,007,40,986.6161,81.65556,52.15464,82.04706,3.3124,171.6,-0.3962401,0,81.48363,81.2037,73.62
101,2025,93,007,45,986.6161,81.53292,52.25684,82.04706,3.4104,154,-0.3962401,0,81.48363,81.17831,73.66
101,2025,93,007,50,986.6161,81.59424,52.4953,81.99565,4.116,161.9,-0.3962401,0,81.45808,81.17831,73.6
101,2025,93,007,55,986.6161,81.53292,52.5975,81.99565,3.5868,166.5,-0.3962401,0,81.4326,81.17831,73.57
101,2025,93,008,0,986.6161,81.53292,52.63156,81.96994,3.2536,136.7,-0.3962401,0,81.4326,81.15294,73.46
101,2025,93,008,5,986.5535,81.53292,52.32497,81.94429,4.3904,125.9,-0.3962401,0,81.38168,81.15294,73.71
101,2025,93,008,10,986.6161,81.71688,52.18871,81.94429,4.5668,136.8,0,0,81.38168,81.15294,73.61
101,2025,93,008,15,986.6161,81.71688,52.15464,81.94429,5.2136,149.5,-0.3962401,0,81.35625,81.12762,73.52
101,2025,93,008,20,986.6161,81.59424,52.2909,81.94429,5.1352,137.8,-0.3962401,0,81.35625,81.12762,73.66
101,2025,93,008,25,986.6161,81.65556,52.32497,81.94429,6.3112,144.6,-0.3962401,0,81.35625,81.12762,73.74
101,2025,93,008,30,986.4907,81.4716,52.05244,81.94429,6.1544,144.7,-0.3962401,0,81.38168,81.12762,74.12
101,2025,93,008,35,986.5535,81.53292,52.01838,81.96994,5.4684,140.2,-0.3962401,0,81.4326,81.15294,74.16
101,2025,93,008,40,986.6161,81.59424,52.18871,81.96994,4.5472,137.8,-0.3962401,0,81.4326,81.17831,74.12
101,2025,93,008,45,986.5535,81.65556,52.22277,81.99565,4.6648,139,-0.3962401,0,81.45808,81.17831,74.16
101,2025,93,008,50,986.4907,81.53292,52.25684,81.99565,4.0376,149.9,-0.3962401,0,81.45808,81.17831,73.93
101,2025,93,008,55,986.6161,81.59424,52.32497,81.96994,3.7828,153,-0.3962401,0,81.4326,81.17831,73.88
101,2025,93,009,0,986.5535,81.53292,52.35904,81.96994,2.9596,149.4,-0.3962401,0,81.4326,81.15294,73.73
101,2025,93,009,5,986.5535,81.59424,52.42717,81.94429,3.1752,148.3,-0.3962401,0,81.4326,81.15294,73.66
101,2025,93,009,10,986.5535,81.53292,52.35904,81.94429,2.9596,128.7,-0.3962401,0,81.38168,81.12762,73.69
101,2025,93,009,15,986.6161,81.59424,52.4953,81.94429,2.8224,145,-0.3962401,0,81.38168,81.12762,73.63
101,2025,93,009,20,986.6161,81.53292,52.56343,81.94429,3.0576,128.4,-0.3962401,0,81.35625,81.12762,73.46
101,2025,93,009,25,986.6161,81.41029,52.52936,81.94429,4.0964,139.3,-0.3962401,0,81.33081,81.12762,73.4
101,2025,93,009,30,986.6161,81.53292,52.2909,81.94429,3.626,134.9,-0.3962401,0,81.33081,81.07686,73.25
101,2025,93,009,35,986.6161,81.65556,52.2909,81.94484,3.7044,139.3,-0.3962403,0,81.28049,81.05209,73.17
101,2025,93,009,40,986.6161,81.65556,52.52936,81.89348,3.92,151,-0.7924806,0,81.28049,81.05209,73.32
101,2025,93,009,45,986.5535,81.59424,52.52936,81.89348,3.0968,135.9,-0.7924806,0,81.25506,81.05209,73.21
101,2025,93,009,50,986.4907,81.59424,52.52936,81.89348,2.8812,151.4,-0.7924806,0,81.25506,81.0267,73.18
101,2025,93,009,55,986.6161,81.4716,52.32497,81.86782,2.646,154.3,-0.7924806,0,81.25506,81.0267,73.2
101,2025,93,010,0,986.4907,81.4716,52.46123,81.84216,3.038,152,-0.7924806,0,81.22968,81.0267,73.3
101,2025,93,010,5,986.6161,81.41029,52.52936,81.84216,3.1948,170.5,-0.7924806,0,81.22968,81.0267,73.39
101,2025,93,010,10,986.4907,81.53292,52.52936,81.84216,3.234,135.9,-0.3962403,0,81.22968,81.0267,73.47
101,2025,93,010,15,986.4907,81.41029,52.73376,81.84216,3.4888,151.7,-0.3962403,0,81.22968,81.0267,73.4
101,2025,93,010,20,986.4907,81.34897,52.46123,81.84216,3.4104,139.9,-0.3962403,0,81.22968,81.0267,73.47
101,2025,93,010,25,986.4907,81.4716,52.42717,81.84216,2.8616,146.1,-0.7924806,0,81.20425,81.00143,73.42
101,2025,93,010,30,986.5535,81.4716,52.4953,81.84216,3.9788,120.6,-0.3962403,0,81.20425,81.00143,73.41
101,2025,93,010,35,986.4907,81.4716,52.73376,81.84216,3.7828,112.9,-0.3962403,0,81.20425,81.0267,73.37
101,2025,93,010,40,986.4907,81.34897,52.42717,81.84216,3.9592,147,-0.3962403,0,81.17892,81.00143,73.38
101,2025,93,010,45,986.4907,81.34897,52.42717,81.84216,4.1356,161.5,-0.3962403,0,81.17892,80.97612,73.45
101,2025,93,010,50,986.4907,81.41029,52.52936,81.79092,3.7828,128.1,-0.3962403,0,81.20425,81.0267,73.57
101,2025,93,010,55,986.5535,81.4716,52.69969,81.79092,3.7632,146.9,-0.3962403,0,81.20425,81.0267,73.42
101,2025,93,011,0,986.5535,81.41029,52.83595,81.79092,2.8028,123.9,-0.3962403,0,81.17892,81.00143,73.38
101,2025,93,011,5,986.4907,81.34897,52.69969,81.79092,2.3324,153.1,-0.3962403,0,81.12811,80.97612,73.26
101,2025,93,011,10,986.4907,81.34897,52.87002,81.76532,2.7636,144,-0.3962403,0,81.12811,80.97612,73.25
101,2025,93,011,15,986.5535,81.41029,52.66563,81.76532,4.0376,170.7,-0.3962403,0,81.10278,80.95079,73.36
101,2025,93,011,20,986.4907,81.34897,52.76782,81.76532,5.1156,159.6,-0.3962403,0,81.07741,80.92552,73.32
101,2025,93,011,25,986.4907,81.34897,52.63156,81.76532,5.2724,174.9,-0.3962403,0,81.07741,80.92552,73.33
101,2025,93,011,30,986.4907,81.41029,52.5975,81.76581,4.5668,168.1,-0.792482,0,81.10323,80.92602,73.42
101,2025,93,011,35,986.4907,81.34897,52.56343,81.79141,4.312,137.4,-0.792482,0,81.1286,80.92602,73.33
101,2025,93,011,40,986.4907,81.28765,52.73376,81.79141,3.724,136.8,-1.188723,0,81.1286,80.97661,73.3
101,2025,93,011,45,986.4907,81.34897,52.69969,81.79141,3.0184,136.1,-0.396241,0,81.1286,80.95129,73.42
101,2025,93,011,50,986.4907,81.41029,52.69969,81.79141,3.0968,157.7,-0.396241,0,81.15398,80.95129,73.52
101,2025,93,011,55,986.6161,81.28765,52.73376,81.79141,4.8216,156.7,-0.396241,0,81.15398,80.95129,73.53
101,2025,93,012,0,986.4907,81.41029,52.66563,81.76581,4.4492,142.7,-0.792482,0,81.15398,80.95129,73.49
101,2025,93,012,5,986.4907,81.34897,52.69969,81.79141,4.1748,146.3,-0.792482,0,81.15398,80.95129,73.47
101,2025,93,012,10,986.6161,81.34897,52.73376,81.79141,3.8024,159.8,-0.396241,0,81.15398,80.97661,73.56
101,2025,93,012,15,986.6161,81.22633,52.73376,81.76581,3.2144,142.9,-0.396241,0,81.15398,80.97661,73.49
101,2025,93,012,20,986.6161,81.41029,52.83595,81.76581,4.4492,143.2,-0.792482,0,81.15398,80.97661,73.41
101,2025,93,012,25,986.4907,81.41029,52.87002,81.76581,4.4492,165.3,-0.792482,0,81.1286,80.95129,73.31
101,2025,93,012,30,986.4907,81.28765,52.66563,81.76581,3.9004,155.9,-0.396241,0,81.1286,80.92602,73.3
101,2025,93,012,35,986.4907,81.28765,52.56343,81.76581,4.5668,167.6,-0.396241,0,81.1286,80.95129,73.48
101,2025,93,012,40,986.6161,81.34897,52.69969,81.76581,4.6452,151.1,-0.396241,0,81.1286,80.92602,73.61
101,2025,93,012,45,986.6161,81.34897,52.73376,81.76581,4.6844,153,-0.792482,0,81.15398,80.92602,73.67
101,2025,93,012,50,986.6161,81.41029,52.69969,81.76581,4.9,170.9,-0.792482,0,81.1286,80.92602,73.52
101,2025,93,012,55,986.6161,81.22633,52.83595,81.76581,4.5668,151.9,-0.396241,0,81.1286,80.92602,73.58
101,2025,93,013,0,986.5535,81.34897,52.76782,81.76581,5.0176,139,-0.792482,0,81.1286,80.92602,73.56
101,2025,93,013,5,986.6161,81.28765,52.83595,81.79141,4.4884,136.8,-0.792482,0,81.15398,80.92602,73.46
101,2025,93,013,10,986.5535,81.34897,52.56343,81.79141,3.7828,144.5,-0.792482,0,81.17931,80.92602,73.48
101,2025,93,013,15,986.6161,81.28765,52.56343,81.79141,3.8808,138.3,-1.188723,0,81.17931,80.92602,73.5
101,2025,93,013,20,986.6161,81.41029,52.69969,81.79141,3.2536,142.7,-1.188723,0,81.20468,80.97661,73.38
101,2025,93,013,25,986.6161,81.34897,52.66563,81.76631,2.842,131.3,-1.188726,0,81.20529,80.95184,73.31
101,2025,93,013,30,986.6161,81.28765,52.90409,81.76631,3.1164,168.1,-1.188726,0,81.17992,80.95184,73.29
101,2025,93,013,35,986.6161,81.41029,52.76782,81.76631,3.3516,161.3,-1.584968,0,81.15453,80.95184,73.22
101,2025,93,013,40,986.6161,81.34897,52.56343,81.76631,4.1356,156.2,-0.792484,0,81.15453,80.92657,73.28
101,2025,93,013,45,986.6161,81.41029,52.69969,81.76631,4.41,154.5,-0.792484,0,81.15453,80.92657,73.46
101,2025,93,013,50,986.6161,81.41029,52.5975,81.76631,5.1156,134.6,-0.792484,0,81.17992,80.92657,73.51
101,2025,93,013,55,986.6161,81.28765,52.76782,81.79196,5.0764,151.8,-0.792484,0,81.17992,80.95184,73.55
101,2025,93,014,0,986.4907,81.41029,52.80189,81.76631,4.1748,144.9,-0.792484,0,81.20529,80.95184,73.56
101,2025,93,014,5,986.6161,81.28765,52.90409,81.76631,4.214,143.3,-0.792484,0,81.17992,80.97722,73.65
101,2025,93,014,10,986.6161,81.53292,52.80189,81.76631,4.116,144.2,-1.188726,0,81.17992,80.95184,73.64
101,2025,93,014,15,986.6161,81.41029,52.93815,81.76631,3.8612,151,-1.584968,0,81.20529,80.95184,73.64
101,2025,93,014,20,986.6161,81.34897,52.97222,81.76631,4.3708,154.3,-0.792484,0,81.20529,80.95184,73.56
101,2025,93,014,25,986.6161,81.34897,53.04035,81.74077,4.2532,155.3,-1.188726,0,81.17992,80.95184,73.4
101,2025,93,014,30,986.6161,81.4716,53.04035,81.74077,4.5668,152.1,-1.584968,0,81.12921,80.92657,73.29
101,2025,93,014,35,986.6161,81.4716,53.04035,81.74077,5.0764,162.7,-1.188726,0,81.12921,80.92657,73.28
101,2025,93,014,40,986.6161,81.34897,52.93815,81.74077,4.998,179.8,-0.792484,0,81.12921,80.92657,73.38
101,2025,93,014,45,986.6161,81.34897,52.76782,81.74077,5.0176,147.2,-1.584968,0,81.12921,80.92657,73.38
101,2025,93,014,50,986.6161,81.34897,52.83595,81.74077,4.018,124.1,-1.188726,0,81.12921,80.92657,73.32
101,2025,93,014,55,986.6161,81.28765,52.93815,81.74077,3.528,126.9,-1.584968,0,81.15453,80.92657,73.25
101,2025,93,015,0,986.6161,81.41029,52.93815,81.74077,3.0772,107,-1.584968,0,81.12921,80.92657,73.05
101,2025,93,015,5,986.6161,81.28765,53.27881,81.74077,2.9988,127,-1.584968,0,81.12921,80.9013,72.98
101,2025,93,015,10,986.6161,81.28765,52.93815,81.71511,2.4304,162,-0.792484,0,81.07851,80.87598,73.02
101,2025,93,015,15,986.6161,81.34897,52.93815,81.68957,2.9792,186.1,-1.188726,0,81.05313,80.85076,73.06
101,2025,93,015,20,986.6161,81.28765,52.90409,81.68957,4.0768,161.1,-1.188726,0,81.05313,80.82549,73.09
101,2025,93,015,25,986.6161,81.22633,52.80189,81.6922,4.2336,142,-0.7924862,0,81.05571,80.82813,73.08
101,2025,93,015,30,986.6161,81.28765,52.90409,81.6922,4.3512,137.8,-1.188729,0,81.08109,80.82813,73.14
101,2025,93,015,35,986.6161,81.28765,52.97222,81.6922,4.4296,137.5,-1.584972,0,81.08109,80.82813,72.96
101,2025,93,015,40,986.6161,81.28765,52.83595,81.6922,3.822,139.4,-0.7924862,0,81.05571,80.82813,73.05
101,2025,93,015,45,986.6161,81.28765,52.93815,81.6922,3.2144,133.1,-1.188729,0,81.05571,80.82813,72.92
101,2025,93,015,50,986.4907,81.34897,53.00628,81.6922,2.7244,144.9,-1.188729,0,81.03039,80.82813,72.74
101,2025,93,015,55,986.5535,81.22633,53.07441,81.66661,2.4696,132.4,-1.188729,0,80.97974,80.77765,72.59
101,2025,93,016,0,986.5535,81.34897,53.00628,81.64107,2.4304,160.6,-1.584972,0,80.97974,80.75238,72.49
101,2025,93,016,5,986.6161,81.22633,52.93815,81.64107,3.3516,140.8,-1.584972,0,80.95442,80.72717,72.69
101,2025,93,016,10,986.4907,81.28765,52.93815,81.64107,3.528,153.3,-1.188729,0,80.9292,80.72717,72.53
101,2025,93,016,15,986.6161,81.22633,52.90409,81.64107,3.7632,165.7,-0.7924862,0,80.9292,80.72717,72.57
101,2025,93,016,20,986.6161,81.28765,52.90409,81.64107,3.6456,141.5,-1.584972,0,80.9292,80.70195,72.74
101,2025,93,016,25,986.6161,81.16502,53.00628,81.64107,3.8416,145.7,-1.584972,0,80.9292,80.67679,72.7
101,2025,93,016,30,986.4907,81.22633,52.93815,81.64107,2.8028,147.7,-1.584972,0,80.9292,80.67679,72.58
101,2025,93,016,35,986.4907,81.34897,52.90409,81.64107,3.5672,155.7,-1.981215,0,80.9292,80.67679,72.48
101,2025,93,016,40,986.6161,81.16502,53.14255,81.64107,3.92,174.6,-1.584972,0,80.9292,80.65158,72.33
101,2025,93,016,45,986.6161,81.28765,53.07441,81.64107,3.6652,141,-1.584972,0,80.9292,80.62642,72.57
101,2025,93,016,50,986.5535,81.22633,53.00628,81.61552,2.9596,169.8,-1.584972,0,80.9292,80.62642,72.49
101,2025,93,016,55,986.6161,81.1037,53.00628,81.58992,3.0184,145.7,-1.584972,0,80.9292,80.62642,72.56
101,2025,93,017,0,986.6161,81.22633,53.10848,81.58992,3.136,146.3,-1.188729,0,80.9292,80.62642,72.57
101,2025,93,017,5,986.6161,81.16502,53.07441,81.56444,3.3908,142,-1.584972,0,80.9292,80.62642,72.68
101,2025,93,017,10,986.6161,81.16502,53.07441,81.56444,4.2336,139.9,-1.584972,0,80.9292,80.62642,72.66
101,2025,93,017,15,986.6161,81.16502,53.00628,81.56444,4.018,150.5,-1.584972,0,80.9292,80.60121,72.69
101,2025,93,017,20,986.5535,81.22633,53.04035,81.58602,4.1944,166.1,-1.188733,0,80.92531,80.62257,72.66
101,2025,93,017,25,986.6161,81.22633,53.04035,81.56048,3.5476,167,-1.584977,0,80.92531,80.62257,72.65
101,2025,93,017,30,986.4907,81.22633,53.27881,81.58602,3.1556,158,-1.188733,0,80.92531,80.57226,72.62
101,2025,93,017,35,986.6161,81.34897,53.10848,81.58602,2.94,145.8,-1.188733,0,80.87477,80.57226,72.62
101,2025,93,017,40,986.6161,81.16502,53.34694,81.58602,4.116,133.5,-1.584977,0,80.87477,80.57226,72.69
101,2025,93,017,45,986.6161,81.16502,53.10848,81.58602,4.2728,136.6,-1.584977,0,80.87477,80.5471,72.69
101,2025,93,017,50,986.4907,81.1037,53.24474,81.53493,4.312,107.7,-1.981222,0,80.87477,80.5471,72.74
101,2025,93,017,55,986.5535,81.16502,53.34694,81.56048,4.1356,120.3,-1.981222,0,80.8495,80.52194,72.64
101,2025,93,018,0,986.4907,81.1037,53.27881,81.53493,3.8416,128.1,-1.584977,0,80.82423,80.52194,72.62
101,2025,93,018,5,986.4907,81.04237,53.14255,81.56048,4.8412,135.7,-1.584977,0,80.82423,80.52194,72.45
101,2025,93,018,10,986.6161,81.16502,53.17661,81.56048,4.5864,122.8,-1.584977,0,80.82423,80.49684,72.4
101,2025,93,018,15,986.4907,81.04237,53.21068,81.58602,4.1944,127.9,-1.584977,0,80.82423,80.47168,72.55
101,2025,93,018,20,986.4907,81.16502,53.04035,81.58602,3.8612,163.2,-1.981222,0,80.8495,80.52194,72.7
101,2025,93,018,25,986.6161,81.16502,53.21068,81.58602,4.0572,153.1,-1.584977,0,80.87477,80.52194,72.59
101,2025,93,018,30,986.5535,81.22633,53.31287,81.56048,3.9592,147.2,-1.584977,0,80.87477,80.52194,72.6
101,2025,93,018,35,986.6161,81.16502,53.31287,81.56048,3.6456,142,-1.584977,0,80.87477,80.52194,72.61
101,2025,93,018,40,986.6161,81.16502,53.27881,81.53493,2.8224,140.9,-1.188733,0,80.92531,80.52194,72.66
101,2025,93,018,45,986.4907,81.04237,53.27881,81.53493,2.9792,139.2,-1.584977,0,80.92531,80.52194,72.49
101,2025,93,018,50,986.6161,81.16502,53.381,81.53493,2.8224,143.1,-1.981222,0,80.92531,80.52194,72.4
101,2025,93,018,55,986.6161,81.1037,53.31287,81.53493,2.8812,132.2,-1.584977,0,80.92531,80.52194,72.38
101,2025,93,019,0,986.6161,81.04237,53.24474,81.53493,4.018,147.7,-1.584977,0,80.92531,80.52194,72.56
101,2025,93,019,5,986.6161,81.1037,53.17661,81.53493,4.7236,164,-1.981222,0,80.92531,80.52194,72.48
101,2025,93,019,10,986.6161,81.16502,53.21068,81.53493,5.39,158,-1.584977,0,80.92531,80.52194,72.47
101,2025,93,019,15,986.5535,81.16502,53.27881,81.53592,3.626,148.2,-1.981227,0,80.92624,80.49777,72.5
101,2025,93,019,20,986.6161,81.04237,53.381,81.53592,3.4692,154.3,-1.584982,0,80.90097,80.49777,72.47
101,2025,93,019,25,986.5535,81.04237,53.51727,81.53592,3.0184,152.2,-1.584982,0,80.8757,80.47261,72.56
101,2025,93,019,30,986.5535,81.1037,53.4832,81.53592,3.1948,132,-1.188736,0,80.85043,80.47261,72.48
101,2025,93,019,35,986.6161,81.22633,53.31287,81.53592,4.9196,142.3,-1.584982,0,80.82516,80.47261,72.55
101,2025,93,019,40,986.6161,81.16502,53.44914,81.53592,4.2532,140,-1.584982,0,80.85043,80.44756,72.59
101,2025,93,019,45,986.6161,81.04237,53.44914,81.53592,3.7828,148.9,-1.584982,0,80.82516,80.44756,72.71
101,2025,93,019,50,986.6161,81.16502,53.34694,81.53592,2.9596,158.3,-1.188736,0,80.82516,80.44756,72.75
101,2025,93,019,55,986.6161,81.1037,53.34694,81.53592,3.6652,164,-1.584982,0,80.82516,80.47261,72.73
101,2025,93,020,0,986.6161,81.22633,53.4832,81.48489,3.3712,159.1,-1.188736,0,80.82516,80.47261,72.65
101,2025,93,020,5,986.6161,81.16502,53.55133,81.48489,2.6068,162.9,-1.584982,0,80.82516,80.47261,72.47
101,2025,93,020,10,986.5535,80.91974,53.61946,81.4594,3.4104,162.8,-1.584982,0,80.7999,80.47261,72.54
101,2025,93,020,15,986.6161,81.04237,53.55133,81.48489,3.6456,154.3,-1.584982,0,80.77468,80.42241,72.5
101,2025,93,020,20,986.4907,80.98106,53.4832,81.48489,4.2924,138.9,-1.981227,0,80.77468,80.42241,72.54
101,2025,93,020,25,986.5535,81.04237,53.44914,81.48489,5.1548,148.9,-1.584982,0,80.74947,80.42241,72.45
101,2025,93,020,30,986.6161,81.1037,53.41507,81.48489,5.8604,157.3,-1.584982,0,80.74947,80.42241,72.6
101,2025,93,020,35,986.4907,81.16502,53.51727,81.48489,5.096,155.1,-1.584982,0,80.77468,80.42241,72.56
101,2025,93,020,40,986.6161,80.98106,53.65353,81.53592,4.2924,165.5,-1.584982,0,80.74947,80.42241,72.6
101,2025,93,020,45,986.6161,81.04237,53.6876,81.51044,3.5476,147.9,-1.981227,0,80.72426,80.42241,72.53
101,2025,93,020,50,986.5535,81.04237,53.4832,81.48489,3.3516,132.9,-2.377473,0,80.72426,80.3973,72.56
101,2025,93,020,55,986.4907,80.98106,53.51727,81.48489,5.0764,134.4,-1.584982,0,80.72426,80.37225,72.59
101,2025,93,021,0,986.4907,80.98106,53.27881,81.53592,5.88,138.6,-1.981227,0,80.72426,80.37225,72.45
101,2025,93,021,5,986.4907,80.98106,53.34694,81.51044,4.7236,137,-1.981227,0,80.72426,80.37225,72.38
101,2025,93,021,10,986.5535,80.98106,53.41507,81.53477,4.41,143.2,-2.377473,0,80.72316,80.37121,72.39
101,2025,93,021,15,986.5535,81.04237,53.51727,81.53477,4.9,177.6,-2.377473,0,80.72316,80.3461,72.39
101,2025,93,021,20,986.5535,80.98106,53.44914,81.53477,5.9976,158.6,-2.377473,0,80.72316,80.321,72.44
101,2025,93,021,25,986.4907,81.1037,53.31287,81.56026,5.9976,152,-1.981227,0,80.72316,80.3461,72.69
101,2025,93,021,30,986.5535,81.04237,53.34694,81.5858,5.5468,150.8,-1.981227,0,80.77358,80.3461,73.07
101,2025,93,021,35,986.4907,80.98106,53.24474,81.5858,5.194,162.4,-1.981227,0,80.82401,80.42131,73.18
101,2025,93,021,40,986.4907,80.98106,53.24474,81.63695,4.3708,154.6,-1.981227,0,80.84927,80.44641,73.23
101,2025,93,021,45,986.4907,81.04237,53.27881,81.63695,4.6844,129.3,-1.981227,0,80.89981,80.47157,73.29
101,2025,93,021,50,986.4907,80.98106,53.34694,81.63695,5.1352,140.9,-1.584982,0,80.92514,80.52177,73.13
101,2025,93,021,55,986.4281,80.98106,53.17661,81.63695,4.8804,155.5,-1.584982,0,80.92514,80.52177,73.08
101,2025,93,022,0,986.4907,80.98106,53.21068,81.63695,4.6256,172.2,-1.584982,0,80.95041,80.52177,73.19
101,2025,93,022,5,986.4907,81.04237,53.34694,81.63695,4.7432,175.6,-1.584982,0,80.95041,80.52177,73.07
101,2025,93,022,10,986.4907,81.1037,53.17661,81.63695,5.6644,180.9,-1.584982,0,80.92514,80.52177,73.05
101,2025,93,022,15,986.3654,81.16502,53.21068,81.68808,6.5268,155.7,-1.584982,0,80.92514,80.52177,73.07
101,2025,93,022,20,986.4907,81.04237,53.17661,81.66254,5.0568,149.7,-1.584982,0,80.95041,80.52177,72.97
101,2025,93,022,25,986.4907,81.16502,53.41507,81.63695,4.4296,146.8,-1.981227,0,80.92514,80.52177,73.02
101,2025,93,022,30,986.6161,80.98106,53.381,81.63695,4.0768,133.8,-1.981227,0,80.89981,80.52177,72.94
101,2025,93,022,35,986.4907,81.1037,53.41507,81.63695,3.9788,141.2,-1.584982,0,80.87454,80.52177,72.8
101,2025,93,022,40,986.4907,81.04237,53.34694,81.5858,3.9396,139.6,-1.584982,0,80.84927,80.49667,72.68
101,2025,93,022,45,986.4907,81.1037,53.41507,81.5858,3.6456,142.5,-1.584982,0,80.84927,80.47157,72.59
101,2025,93,022,50,986.4907,81.1037,53.27881,81.5858,3.6652,171,-1.188736,0,80.84927,80.47157,72.51
101,2025,93,022,55,986.5535,81.1037,53.34694,81.5858,2.4696,144.8,-1.584982,0,80.82401,80.47157,72.47
101,2025,93,023,0,986.4907,81.16502,53.381,81.56026,3.234,121.6,-1.584982,0,80.82401,80.47157,72.59
101,2025,93,023,5,986.4907,81.1037,53.381,81.53406,3.2732,140.2,-1.584979,0,80.79803,80.44569,72.48
101,2025,93,023,10,986.4907,81.04237,53.41507,81.53406,3.0184,145.3,-1.584979,0,80.77281,80.44569,72.46
101,2025,93,023,15,986.6161,80.98106,53.4832,81.53406,3.5672,141.5,-1.981224,0,80.77281,80.44569,72.71
101,2025,93,023,20,986.4907,81.1037,53.41507,81.50845,4.2336,136.6,-2.377469,0,80.77281,80.44569,72.89
101,2025,93,023,25,986.5535,80.91974,53.4832,81.50845,4.3512,145.9,-1.981224,0,80.8233,80.47079,72.91
101,2025,93,023,30,986.4907,80.98106,53.31287,81.48302,4.1552,142.5,-1.584979,0,80.8233,80.47079,72.89
101,2025,93,023,35,986.5535,81.1037,53.44914,81.48302,3.9592,169.1,-1.584979,0,80.79803,80.47079,72.97
101,2025,93,023,40,986.4907,80.98106,53.41507,81.48302,3.7828,147.4,-1.981224,0,80.79803,80.47079,72.83
101,2025,93,023,45,986.4907,80.85842,53.4832,81.43205,3.2732,121.2,-2.377469,0,80.77281,80.47079,72.6
101,2025,93,023,50,986.4907,81.1037,53.51727,81.43205,2.7832,153.4,-1.981224,0,80.77281,80.47079,72.71
101,2025,93,023,55,986.5535,81.1037,53.51727,81.43205,3.5084,146.8,-1.981224,0,80.77281,80.47079,72.84
101,2025,93,024,0,986.5535,80.91974,53.55133,81.43205,4.7236,140.5,-1.981224,0,80.77281,80.47079,72.96
101,2025,93,024,5,986.4907,81.04237,53.5854,81.40656,4.9196,152.2,-1.981224,0,80.77281,80.47079,72.75
101,2025,93,024,10,986.6161,80.91974,53.65353,81.38113,4.8608,144.9,-1.584979,0,80.74765,80.47079,72.74
101,2025,93,024,15,986.6161,81.04237,53.6876,81.38113,4.998,147.1,-1.584979,0,80.74765,80.42059,72.93
101,2025,93,024,20,986.6161,80.98106,53.61946,81.38113,4.6256,143,-1.584979,0,80.74765,80.42059,73.1
101,2025,93,024,25,986.6161,80.91974,53.65353,81.38113,4.3316,143.6,-1.584979,0,80.74765,80.44569,73.12
101,2025,93,024,30,986.5535,81.16502,53.65353,81.43205,4.6844,137.7,-1.584979,0,80.77281,80.44569,73.11
101,2025,93,024,35,986.6161,80.85842,53.72166,81.43205,3.6456,166.8,-1.584979,0,80.77281,80.47079,73.04
101,2025,93,024,40,986.5535,80.98106,53.89199,81.43205,2.8616,167.4,-1.981224,0,80.74765,80.47079,72.93
101,2025,93,024,45,986.6161,80.98106,53.78979,81.40656,3.3712,140.1,-1.584979,0,80.72238,80.44569,72.78
101,2025,93,024,50,986.6161,80.98106,53.92606,81.43205,3.8024,147.7,-1.188734,0,80.67201,80.42059,72.73
101,2025,93,024,55,986.6161,81.04237,53.99419,81.43205,4.018,133.9,-1.584979,0,80.64685,80.39549,72.62
101,2025,93,025,0,986.5535,81.04237,53.78979,81.43205,6.0368,135,-1.981224,0,80.6217,80.37044,72.7
101,2025,93,025,5,986.5535,80.98106,53.55133,81.43556,6.5464,140,-1.981222,0,80.62511,80.3488,72.85
101,2025,93,025,10,986.6161,80.85842,53.5854,81.48654,5.7036,140.6,-1.981222,0,80.65031,80.3488,72.74
101,2025,93,025,15,986.6161,80.98106,53.4832,81.48654,5.4096,145,-1.981222,0,80.67548,80.3488,72.75
101,2025,93,025,20,986.6161,80.91974,53.61946,81.51202,5.1548,128.6,-1.981222,0,80.72591,80.3488,72.67
101,2025,93,025,25,986.6161,80.98106,53.5854,81.53757,3.92,146.1,-1.981222,0,80.75106,80.37384,72.74
101,2025,93,025,30,986.4907,80.91974,53.55133,81.53757,4.3512,178.1,-1.584978,0,80.77633,80.37384,72.75
101,2025,93,025,35,986.6161,80.85842,53.381,81.53757,5.2136,136.8,-1.584978,0,80.77633,80.42406,72.87
101,2025,93,025,40,986.6161,81.04237,53.5854,81.53757,4.312,152.3,-1.188733,0,80.80148,80.42406,72.95
101,2025,93,025,45,986.6161,80.98106,53.65353,81.53757,4.4492,161.9,-1.188733,0,80.82681,80.42406,72.95
101,2025,93,025,50,986.6161,81.04237,53.51727,81.53757,5.8996,157.5,-1.584978,0,80.80148,80.42406,72.96
101,2025,93,025,55,986.6161,80.98106,53.41507,81.53757,5.4488,157.6,-1.584978,0,80.80148,80.42406,73.11
101,2025,93,026,0,986.6161,80.98106,53.44914,81.53757,5.6056,167.8,-1.981222,0,80.82681,80.44916,73.1
101,2025,93,026,5,986.6161,81.1037,53.51727,81.53757,5.39,156.1,-1.981222,0,80.77633,80.42406,73.17
101,2025,93,026,10,986.6161,80.98106,53.381,81.51202,5.1156,153.5,-1.981222,0,80.80148,80.42406,73.24
101,2025,93,026,15,986.6161,80.85842,53.51727,81.48654,4.7628,145.7,-1.981222,0,80.82681,80.47426,73.33
101,2025,93,026,20,986.6161,80.98106,53.61946,81.48654,5.3704,155.8,-1.584978,0,80.82681,80.47426,73.34
101,2025,93,026,25,986.6788,80.91974,53.6876,81.48654,5.6448,165.2,-1.584978,0,80.77633,80.47426,73.4
101,2025,93,026,30,986.6161,80.98106,53.34694,81.51202,6.566,151.3,-1.584978,0,80.80148,80.47426,73.48
101,2025,93,026,35,986.6161,80.98106,53.24474,81.53757,5.586,136.9,-1.584978,0,80.85202,80.52452,73.25
101,2025,93,026,40,986.6161,80.98106,53.21068,81.53757,5.9192,144.9,-1.981222,0,80.87729,80.52452,73.28
101,2025,93,026,45,986.6161,81.16502,53.24474,81.58865,6.8992,142,-1.188733,0,80.95316,80.54962,73.4
101,2025,93,026,50,986.6161,81.04237,53.21068,81.58865,5.8016,146.1,-1.584978,0,80.97848,80.57478,73.29
101,2025,93,026,55,986.6161,81.04237,53.34694,81.63974,5.684,143.4,-1.981222,0,81.00375,80.57478,73.33
101,2025,93,027,0,986.6161,81.04237,53.17661,81.63651,5.8016,149,-1.584978,0,81.0005,80.62197,73.32
101,2025,93,027,5,986.6161,81.04237,53.14255,81.63651,6.0172,152.6,-1.981223,0,81.0005,80.5967,73.21
101,2025,93,027,10,986.6161,80.98106,53.21068,81.63651,5.3116,163.5,-1.584978,0,81.02588,80.5967,73.18
101,2025,93,027,15,986.6161,80.91974,53.14255,81.63651,4.8216,144.5,-1.584978,0,81.02588,80.5967,73.31
101,2025,93,027,20,986.6161,81.04237,53.24474,81.63651,6.2916,142.7,-1.188734,0,81.05121,80.62197,73.36
101,2025,93,027,25,986.6788,81.04237,53.27881,81.63651,6.2524,138.4,-1.584978,0,81.05121,80.62197,73.21
101,2025,93,027,30,986.6161,81.04237,53.10848,81.63651,6.3112,144.1,-1.188734,0,81.02588,80.62197,72.98
101,2025,93,027,35,986.6161,81.04237,53.14255,81.63651,6.2132,130.2,-1.584978,0,81.0005,80.5967,72.92
101,2025,93,027,40,986.6161,80.98106,53.10848,81.63651,5.8016,133.6,-1.584978,0,80.97523,80.57159,72.89
101,2025,93,027,45,986.6161,81.1037,53.07441,81.63651,5.1352,153.4,-1.584978,0,80.97523,80.57159,73.13
101,2025,93,027,50,986.6161,81.16502,53.00628,81.63651,4.0376,141.4,-1.981223,0,81.0005,80.57159,73.12
101,2025,93,027,55,986.6161,81.1037,53.21068,81.63651,3.136,138.2,-1.981223,0,81.0005,80.62197,72.95
101,2025,93,028,0,986.7415,80.98106,53.24474,81.58536,3.6456,154.4,-1.584978,0,81.0005,80.57159,72.85
101,2025,93,028,5,986.6161,81.22633,53.14255,81.58536,4.0768,161.4,-1.584978,0,80.97523,80.57159,72.98
101,2025,93,028,10,986.6788,81.1037,53.17661,81.58536,4.1748,158.2,-1.981223,0,80.97523,80.5967,73
101,2025,93,028,15,986.6161,81.1037,53.14255,81.58536,3.9004,154.4,-1.584978,0,80.94991,80.5967,72.94
101,2025,93,028,20,986.6161,80.98106,53.21068,81.58536,3.8612,166.2,-1.188734,0,80.94991,80.5967,72.94
101,2025,93,028,25,986.6161,81.1037,53.10848,81.53433,3.9788,161.9,-1.188734,0,80.92459,80.57159,72.82
101,2025,93,028,30,986.6161,80.98106,53.27881,81.53433,4.2924,139.1,-1.584978,0,80.87411,80.57159,72.88
101,2025,93,028,35,986.6161,81.1037,53.41507,81.53433,5.292,146.3,-1.188734,0,80.87411,80.54644,72.9
101,2025,93,028,40,986.6788,81.04237,53.27881,81.53433,3.6652,151.7,-1.188734,0,80.84884,80.52129,72.75
101,2025,93,028,45,986.6161,81.04237,53.34694,81.53433,4.0376,162.2,-1.188734,0,80.82362,80.52129,72.75
101,2025,93,028,50,986.6161,80.98106,53.381,81.50879,4.3708,147.5,-1.584978,0,80.84884,80.52129,72.84
101,2025,93,028,55,986.6161,80.98106,53.381,81.48473,3.8024,150.5,-1.58498,0,80.825,80.52271,72.8
101,2025,93,029,0,986.6161,80.91974,53.381,81.48473,4.3316,139.7,-1.58498,0,80.85021,80.52271,72.82
101,2025,93,029,5,986.6161,81.04237,53.44914,81.48473,3.3908,131.9,-1.58498,0,80.825,80.52271,72.8
101,2025,93,029,10,986.6161,81.04237,53.61946,81.4337,3.1752,125.3,-1.981225,0,80.825,80.52271,72.74
101,2025,93,029,15,986.6161,81.04237,53.55133,81.4337,4.1748,163.4,-1.58498,0,80.77452,80.52271,72.58
101,2025,93,029,20,986.6161,80.91974,53.55133,81.4337,4.1748,124.4,-1.58498,0,80.77452,80.52271,72.61
101,2025,93,029,25,986.6161,80.98106,53.4832,81.4337,5.3312,139.6,-1.58498,0,80.7493,80.52271,72.74
101,2025,93,029,30,986.6161,80.98106,53.4832,81.4337,5.5468,159.7,-1.58498,0,80.7493,80.47244,72.94
101,2025,93,029,35,986.6161,81.04237,53.34694,81.4337,4.9784,151.7,-1.188735,0,80.77452,80.49755,73.15
101,2025,93,029,40,986.6161,80.98106,53.44914,81.4337,5.2528,153.4,-1.188735,0,80.77452,80.49755,73.15
101,2025,93,029,45,986.6161,81.04237,53.41507,81.4337,4.9196,126.2,-1.58498,0,80.79979,80.52271,73.13
101,2025,93,029,50,986.6161,80.91974,53.51727,81.4337,3.4496,161.3,-1.58498,0,80.79979,80.52271,72.8
101,2025,93,029,55,986.6161,80.98106,53.4832,81.4337,3.234,174.4,-1.188735,0,80.77452,80.52271,72.8
101,2025,93,030,0,986.6161,81.1037,53.51727,81.4337,3.6456,170.8,-1.188735,0,80.77452,80.52271,72.79
101,2025,93,030,5,986.4907,80.91974,53.5854,81.4337,4.3708,158.3,-1.188735,0,80.77452,80.52271,72.9
101,2025,93,030,10,986.6161,81.04237,53.61946,81.38277,4.4492,191.8,-1.58498,0,80.77452,80.52271,72.94
101,2025,93,030,15,986.5535,81.04237,53.5854,81.38277,4.3512,163.3,-1.58498,0,80.77452,80.49755,72.78
101,2025,93,030,20,986.6161,80.98106,53.4832,81.35735,3.9004,161.6,-1.188735,0,80.7493,80.49755,72.87
101,2025,93,030,25,986.4907,80.98106,53.4832,81.33185,3.5084,164.4,-1.188735,0,80.7493,80.52271,73.02
101,2025,93,030,30,986.5535,80.91974,53.61946,81.33185,3.9004,147,-1.58498,0,80.7493,80.52271,73.05
101,2025,93,030,35,986.6161,80.85842,53.6876,81.33185,3.2536,153.9,-1.58498,0,80.7493,80.52271,73.02
101,2025,93,030,40,986.6161,80.85842,53.89199,81.28099,4.1356,167.9,-1.58498,0,80.72409,80.52271,73.06
101,2025,93,030,45,986.5535,80.85842,53.78979,81.28099,4.4688,175.4,-1.58498,0,80.67366,80.47244,72.94
101,2025,93,030,50,986.4907,80.85842,53.65353,81.2822,3.3516,178.7,-1.584979,0,80.64971,80.44855,72.87
101,2025,93,030,55,986.4907,81.04237,53.75573,81.2822,2.8812,168.7,-1.584979,0,80.6245,80.42345,72.89
101,2025,93,031,0,986.4907,80.85842,53.82386,81.25682,3.43,136.9,-1.584979,0,80.59933,80.42345,72.94
101,2025,93,031,5,986.4907,80.85842,53.85793,81.23144,3.4496,153.9,-1.584979,0,80.57423,80.42345,72.83
101,2025,93,031,10,986.4907,80.85842,53.85793,81.23144,3.7632,131.3,-1.981224,0,80.57423,80.3984,72.66
101,2025,93,031,15,986.4907,80.85842,53.6876,81.23144,4.802,151.4,-1.584979,0,80.54903,80.37325,72.81
101,2025,93,031,20,986.4281,80.7971,53.61946,81.23144,5.6644,151.7,-1.188734,0,80.59933,80.3984,72.71
101,2025,93,031,25,986.3654,80.7971,53.78979,81.25682,4.6648,141.4,-1.584979,0,80.59933,80.37325,72.67
101,2025,93,031,30,986.4907,80.85842,53.72166,81.2822,4.9,147.3,-1.981224,0,80.59933,80.37325,72.68
101,2025,93,031,35,986.4907,80.91974,53.72166,81.30768,4.2728,162.5,-1.981224,0,80.6245,80.37325,72.87
101,2025,93,031,40,986.4907,80.7971,53.72166,81.30768,3.92,159.6,-1.584979,0,80.64971,80.37325,72.94
101,2025,93,031,45,986.4281,80.7971,53.65353,81.30768,3.9004,137,-1.584979,0,80.67487,80.42345,73.02
101,2025,93,031,50,986.4281,80.7971,53.78979,81.33311,5.4488,131.3,-1.584979,0,80.67487,80.42345,73.06
101,2025,93,031,55,986.3654,80.85842,53.92606,81.33311,4.9588,142.8,-1.981224,0,80.67487,80.42345,72.98
101,2025,93,032,0,986.3654,80.7971,53.78979,81.33311,4.3708,136.1,-1.981224,0,80.64971,80.3984,72.87
101,2025,93,032,5,986.4281,80.91974,53.75573,81.33311,4.2728,137.8,-1.981224,0,80.64971,80.42345,72.89
101,2025,93,032,10,986.3654,80.73579,53.89199,81.33311,4.0572,161.2,-1.981224,0,80.64971,80.3984,72.89
101,2025,93,032,15,986.3654,80.7971,53.82386,81.33311,3.8808,162.8,-1.981224,0,80.6245,80.3984,72.98
101,2025,93,032,20,986.3654,80.73579,53.65353,81.33311,3.3124,139.3,-1.584979,0,80.59933,80.37325,72.87
101,2025,93,032,25,986.3654,80.7971,53.51727,81.33311,2.3324,101.2,-1.584979,0,80.6245,80.37325,72.95
101,2025,93,032,30,986.3654,80.85842,53.51727,81.33311,2.548,158.8,-1.981224,0,80.67487,80.42345,72.95
101,2025,93,032,35,986.3654,80.7971,53.65353,81.33311,4.3316,120.9,-1.981224,0,80.7253,80.42345,72.96
101,2025,93,032,40,986.3654,80.85842,53.51727,81.33311,4.1552,141.3,-1.584979,0,80.7253,80.42345,72.88
101,2025,93,032,45,986.4281,80.91974,53.51727,81.33212,4.116,146.9,-1.584975,0,80.72437,80.42257,72.78
101,2025,93,032,50,986.3654,80.7971,53.4832,81.35762,3.4692,140.8,-1.188731,0,80.74957,80.42257,72.63
101,2025,93,032,55,986.4281,80.85842,53.44914,81.38305,4.018,136.7,-1.188731,0,80.74957,80.42257,72.55
101,2025,93,033,0,986.3654,80.85842,53.41507,81.38305,4.1748,126.8,-1.188731,0,80.74957,80.42257,72.76
101,2025,93,033,5,986.3654,80.91974,53.55133,81.38305,4.4884,124.8,-1.188731,0,80.74957,80.42257,72.71
101,2025,93,033,10,986.3654,80.73579,53.41507,81.38305,5.0176,158.1,-1.188731,0,80.77484,80.42257,72.65
101,2025,93,033,15,986.3654,80.73579,53.55133,81.38305,3.8416,150.5,-1.188731,0,80.77484,80.42257,72.58
101,2025,93,033,20,986.3654,80.85842,53.44914,81.35762,3.6064,142.8,-1.188731,0,80.77484,80.39746,72.58
101,2025,93,033,25,986.3654,80.91974,53.51727,81.35762,5.0372,138.3,-1.584975,0,80.77484,80.39746,72.66
101,2025,93,033,30,986.3654,80.91974,53.55133,81.35762,4.998,128.2,-1.584975,0,80.74957,80.37236,72.84
101,2025,93,033,35,986.3654,80.85842,53.51727,81.35762,4.508,134.7,-1.584975,0,80.74957,80.37236,72.63
101,2025,93,033,40,986.3654,80.98106,53.4832,81.38305,4.1944,142,-1.188731,0,80.74957,80.37236,72.62
101,2025,93,033,45,986.3654,80.91974,53.5854,81.38305,4.9,147.8,-1.188731,0,80.72437,80.37236,72.69
101,2025,93,033,50,986.4281,80.85842,53.61946,81.38305,3.7632,159.8,-1.584975,0,80.72437,80.34731,72.62
101,2025,93,033,55,986.3654,80.98106,53.4832,81.38305,5.0568,140.8,-1.584975,0,80.69915,80.3222,72.68
101,2025,93,034,0,986.3654,80.7971,53.381,81.38305,5.3312,147.2,-1.188731,0,80.72437,80.34731,73.07
101,2025,93,034,5,986.3654,80.85842,53.44914,81.38305,5.6448,134.2,-1.584975,0,80.72437,80.37236,73.03
101,2025,93,034,10,986.3654,80.85842,53.44914,81.35762,6.076,139.6,-1.584975,0,80.72437,80.37236,73.1
101,2025,93,034,15,986.3654,80.91974,53.4832,81.38305,6.0956,137.9,-1.981219,0,80.72437,80.37236,73.05
101,2025,93,034,20,986.3654,80.7971,53.55133,81.35762,5.2332,129.3,-1.584975,0,80.72437,80.37236,73.09
101,2025,93,034,25,986.3654,80.85842,53.51727,81.35762,5.8016,147.9,-1.584975,0,80.72437,80.37236,72.98
101,2025,93,034,30,986.3654,80.91974,53.381,81.35762,6.487599,147.7,-1.188731,0,80.72437,80.34731,73.09
101,2025,93,034,35,986.3654,80.91974,53.41507,81.38305,4.9,133.8,-1.188731,0,80.72437,80.34731,73.04
101,2025,93,034,40,986.3654,80.85842,53.381,81.38305,4.4884,151.3,-1.188731,0,80.72437,80.34731,73.06
101,2025,93,034,45,986.3654,80.85842,53.381,81.38662,4.5276,128.5,-1.188731,0,80.75314,80.37588,73.2
101,2025,93,034,50,986.3654,80.7971,53.41507,81.38662,4.7628,141.5,-1.188731,0,80.77831,80.37588,73.26
101,2025,93,034,55,986.3654,80.91974,53.41507,81.38662,4.5472,121,-1.188731,0,80.77831,80.37588,73.31
101,2025,93,035,0,986.3654,80.85842,53.41507,81.38662,5.5076,128.1,-1.584975,0,80.77831,80.40099,73.14
101,2025,93,035,5,986.3654,80.91974,53.44914,81.38662,5.4292,136.4,-1.584975,0,80.77831,80.37588,73.05
101,2025,93,035,10,986.3654,80.85842,53.4832,81.38662,4.9,129.6,-1.584975,0,80.77831,80.37588,73.04
101,2025,93,035,15,986.3654,80.91974,53.44914,81.38662,5.2136,149.7,-1.188731,0,80.75314,80.37588,72.89
101,2025,93,035,20,986.3654,80.91974,53.41507,81.38662,4.9,132.9,-1.584975,0,80.77831,80.37588,73.1
101,2025,93,035,25,986.3654,80.98106,53.31287,81.38662,5.0372,162.1,-1.584975,0,80.77831,80.37588,73.2
101,2025,93,035,30,986.3654,81.04237,53.51727,81.38662,4.4688,153.2,-1.188731,0,80.80357,80.37588,73.11
101,2025,93,035,35,986.3654,80.98106,53.381,81.38662,3.9396,147.6,-1.188731,0,80.75314,80.35083,72.97
101,2025,93,035,40,986.3654,80.98106,53.41507,81.38662,4.2336,153.3,-1.188731,0,80.75314,80.35083,72.92
101,2025,93,035,45,986.3654,80.91974,53.4832,81.38662,3.4888,157.8,-0.7924873,0,80.75314,80.35083,72.99
101,2025,93,035,50,986.3654,80.91974,53.4832,81.33575,3.5476,153.9,-1.188731,0,80.75314,80.35083,73.05
101,2025,93,035,55,986.3654,80.91974,53.61946,81.33575,4.0376,160.9,-1.188731,0,80.75314,80.35083,73.1
101,2025,93,036,0,986.3654,80.98106,53.61946,81.33575,4.508,139,-1.188731,0,80.77831,80.35083,73.15
101,2025,93,036,5,986.3654,81.04237,53.5854,81.33575,5.39,150.2,-1.584975,0,80.75314,80.35083,73.16
101,2025,93,036,10,986.3654,80.91974,53.6876,81.36119,4.9196,149.5,-1.584975,0,80.75314,80.35083,73.18
101,2025,93,036,15,986.24,80.91974,53.44914,81.38662,4.9588,148.2,-1.584975,0,80.72787,80.37588,73.07
101,2025,93,036,20,986.3654,80.91974,53.41507,81.41211,4.4296,170.2,-1.584975,0,80.75314,80.37588,73.25
101,2025,93,036,25,986.3654,80.98106,53.4832,81.43759,3.4692,150.9,-1.188731,0,80.77831,80.37588,73.4
101,2025,93,036,30,986.3654,80.91974,53.51727,81.43759,5.194,138.4,-1.188731,0,80.80357,80.42609,73.36
101,2025,93,036,35,986.3027,80.91974,53.381,81.43759,5.8408,149.2,-1.188731,0,80.82879,80.42609,73.41
101,2025,93,036,40,986.24,81.04237,53.27881,81.43441,6.468,166.9,-1.188729,0,80.82565,80.448,73.56
101,2025,93,036,45,986.3027,80.91974,53.31287,81.43441,6.4288,132.4,-1.188729,0,80.85092,80.448,73.62
101,2025,93,036,50,986.3654,80.98106,53.44914,81.43441,6.4092,142,-1.188729,0,80.85092,80.448,73.39
101,2025,93,036,55,986.3027,80.98106,53.21068,81.43441,7.2128,141.4,-1.584971,0,80.87614,80.47316,73.64
101,2025,93,037,0,986.24,80.85842,53.21068,81.48538,6.0172,144.9,-1.584971,0,80.87614,80.47316,73.7
101,2025,93,037,5,986.24,80.91974,53.31287,81.48538,5.9388,154.7,-1.188729,0,80.92673,80.47316,73.73
101,2025,93,037,10,986.24,80.91974,53.14255,81.48538,5.6056,163.9,-1.584971,0,80.92673,80.49821,73.54
101,2025,93,037,15,986.24,80.98106,53.07441,81.51088,5.8016,134.8,-1.584971,0,80.92673,80.49821,73.44
101,2025,93,037,20,986.3027,80.98106,53.17661,81.53642,5.7428,134.9,-1.188729,0,80.92673,80.52342,73.6
101,2025,93,037,25,986.24,80.91974,53.24474,81.53642,4.998,137.7,-1.584971,0,80.92673,80.52342,73.36
101,2025,93,037,30,986.24,81.04237,53.27881,81.48538,5.8996,144.4,-1.188729,0,80.92673,80.52342,73.49
101,2025,93,037,35,986.24,80.91974,53.24474,81.48538,5.3116,121.7,-1.188729,0,80.92673,80.52342,73.41
101,2025,93,037,40,986.1774,81.16502,53.10848,81.48538,5.6056,127.3,-1.188729,0,80.92673,80.52342,73.32
101,2025,93,037,45,986.1774,81.1037,53.00628,81.48538,5.88,125.9,-1.188729,0,80.92673,80.52342,73.32
101,2025,93,037,50,986.24,80.98106,53.17661,81.48538,5.5076,142,-1.188729,0,80.92673,80.52342,73.27
101,2025,93,037,55,986.24,81.1037,53.17661,81.48538,4.802,140.4,-1.188729,0,80.92673,80.52342,73.38
101,2025,93,038,0,986.24,80.98106,53.24474,81.4599,4.9,131.2,-1.188729,0,80.92673,80.52342,73.3
101,2025,93,038,5,986.24,81.1037,53.14255,81.4599,4.8804,145.3,-1.188729,0,80.90141,80.52342,73.4
101,2025,93,038,10,986.24,81.04237,53.21068,81.43441,4.8608,145.6,-0.7924857,0,80.92673,80.52342,73.39
101,2025,93,038,15,986.3027,81.04237,53.31287,81.43441,4.8804,142.1,-1.188729,0,80.92673,80.52342,73.38
101,2025,93,038,20,986.24,80.98106,53.17661,81.40892,4.5864,134.9,-1.188729,0,80.92673,80.52342,73.42
101,2025,93,038,25,986.24,80.98106,53.10848,81.38344,3.528,136.9,-1.188729,0,80.92673,80.54852,73.55
101,2025,93,038,30,986.24,81.04237,53.21068,81.38344,2.9988,145.9,-1.584971,0,80.92673,80.54852,73.33
101,2025,93,038,35,986.3654,80.98106,53.17661,81.3831,3.626,147.6,-0.7924857,0,80.92641,80.5733,73.31
101,2025,93,038,40,986.3654,80.91974,53.17661,81.3831,4.018,143.9,-1.188728,0,80.90108,80.5733,73.13
101,2025,93,038,45,986.3654,81.04237,53.04035,81.3831,5.3116,153.6,-1.584971,0,80.92641,80.5733,73.22
101,2025,93,038,50,986.24,81.04237,53.10848,81.3831,5.39,154,-1.188728,0,80.92641,80.5733,73.56
101,2025,93,038,55,986.24,81.04237,53.24474,81.3831,5.2332,139,-0.7924857,0,80.92641,80.5733,73.5
101,2025,93,039,0,986.3027,81.04237,53.14255,81.43402,4.5472,165.4,-0.7924857,0,80.92641,80.5733,73.31
101,2025,93,039,5,986.3027,80.91974,53.17661,81.40854,3.9984,149,-1.188728,0,80.92641,80.5733,73.38
101,2025,93,039,10,986.3654,81.04237,53.21068,81.40854,4.8608,142.6,-0.7924857,0,80.92641,80.5733,73.4
101,2025,93,039,15,986.3027,80.91974,53.34694,81.3831,4.8216,132.5,-0.3962428,0,80.90108,80.5733,73.17
101,2025,93,039,20,986.3654,80.98106,53.14255,81.3831,5.4096,141.8,-0.7924857,0,80.87581,80.54814,73.14
101,2025,93,039,25,986.24,80.98106,53.07441,81.40854,4.7824,141.5,-0.7924857,0,80.87581,80.54814,73.31
101,2025,93,039,30,986.3654,81.04237,53.24474,81.43402,4.0768,163.5,-0.7924857,0,80.87581,80.54814,73.17
101,2025,93,039,35,986.3654,80.98106,53.21068,81.40854,3.5084,158.1,-0.7924857,0,80.87581,80.54814,73.18
101,2025,93,039,40,986.3654,80.98106,53.24474,81.3831,3.4104,161,-0.7924857,0,80.87581,80.52304,73.29
101,2025,93,039,45,986.3654,80.91974,53.24474,81.3831,3.2928,155.8,-0.3962428,0,80.85054,80.52304,73.32
101,2025,93,039,50,986.3654,81.04237,53.31287,81.3831,3.2732,140.2,-0.3962428,0,80.85054,80.52304,73.24
101,2025,93,039,55,986.3654,81.04237,53.24474,81.35767,3.4496,190.9,-1.188728,0,80.85054,80.52304,73.4
101,2025,93,040,0,986.3654,81.04237,53.27881,81.35767,4.8608,137.5,-1.188728,0,80.85054,80.52304,73.46
101,2025,93,040,5,986.3654,80.85842,53.24474,81.33212,5.2528,154.3,-1.188728,0,80.85054,80.52304,73.38
101,2025,93,040,10,986.3654,80.98106,53.21068,81.35767,4.3512,145.8,-1.188728,0,80.85054,80.52304,73.49
101,2025,93,040,15,986.3654,81.04237,53.24474,81.35767,4.7236,168.8,-1.188728,0,80.85054,80.52304,73.49
101,2025,93,040,20,986.3654,80.91974,53.34694,81.33212,3.7044,142.8,-1.584971,0,80.85054,80.52304,73.53
101,2025,93,040,25,986.3654,81.04237,53.21068,81.33212,4.8412,134.8,-1.188728,0,80.85054,80.54814,73.35
101,2025,93,040,30,986.24,80.91974,53.24474,81.33421,5.4488,174.4,-0.7924865,0,80.8273,80.55013,73.36
101,2025,93,040,35,986.3654,80.98106,53.24474,81.33421,5.0568,144.4,-0.7924865,0,80.8273,80.52502,73.41
101,2025,93,040,40,986.3654,80.98106,53.27881,81.33421,4.7824,157.4,-0.7924865,0,80.8273,80.52502,73.39
101,2025,93,040,45,986.24,80.98106,53.31287,81.33421,4.6256,163.3,-0.7924865,0,80.8273,80.52502,73.43
101,2025,93,040,50,986.3654,80.98106,53.14255,81.33421,5.7036,139.9,-1.18873,0,80.8273,80.55013,73.54
101,2025,93,040,55,986.3654,81.04237,53.21068,81.33421,5.2136,151.8,-1.584973,0,80.85252,80.55013,73.64
101,2025,93,041,0,986.3654,81.04237,53.21068,81.33421,4.214,145.7,-1.18873,0,80.85252,80.57528,73.47
101,2025,93,041,5,986.3654,80.98106,53.24474,81.35965,4.116,149.2,-0.7924865,0,80.85252,80.57528,73.38
101,2025,93,041,10,986.3654,80.91974,53.31287,81.33421,5.0764,138.2,-1.584973,0,80.87779,80.57528,73.36
101,2025,93,041,15,986.3654,80.91974,53.381,81.35965,5.194,156.6,-1.18873,0,80.87779,80.57528,73.36
101,2025,93,041,20,986.3654,80.98106,53.00628,81.38509,5.8408,135.3,-0.7924865,0,80.87779,80.57528,73.41
101,2025,93,041,25,986.3654,81.04237,53.14255,81.43606,5.782,126.1,-1.18873,0,80.90306,80.57528,73.56
101,2025,93,041,30,986.24,80.91974,53.27881,81.43606,4.018,136.8,-0.3962433,0,80.92833,80.60043,73.53
101,2025,93,041,35,986.3027,80.98106,53.27881,81.43606,3.7632,211.7,-0.7924865,0,80.92833,80.60043,73.67
101,2025,93,041,40,986.3654,80.91974,53.24474,81.43606,3.7632,154.6,-1.18873,0,80.92833,80.6256,73.64
101,2025,93,041,45,986.3654,80.85842,53.27881,81.43606,4.5864,150.3,-1.18873,0,80.90306,80.6256,73.67
101,2025,93,041,50,986.3654,81.1037,53.00628,81.43606,4.2728,159.4,-1.18873,0,80.92833,80.6256,73.82
101,2025,93,041,55,986.3654,80.85842,53.14255,81.43606,3.234,152.3,-0.7924865,0,80.92833,80.6256,73.74
101,2025,93,042,0,986.24,81.1037,53.14255,81.43606,4.606,152.6,-0.7924865,0,80.92833,80.6256,73.71
101,2025,93,042,5,986.3027,80.91974,53.07441,81.43606,4.0572,190.3,-0.7924865,0,80.95364,80.6256,73.5
101,2025,93,042,10,986.24,81.04237,53.04035,81.43606,4.1944,131.6,-0.7924865,0,80.95364,80.6256,73.51
101,2025,93,042,15,986.3654,81.1037,53.31287,81.43606,3.9004,159.5,-1.584973,0,80.95364,80.6256,73.57
101,2025,93,042,20,986.24,80.98106,53.17661,81.46155,3.724,136.6,-1.18873,0,80.92833,80.6256,73.48
101,2025,93,042,25,986.3654,81.1037,53.17661,81.43584,4.2924,149.3,-0.7924859,0,80.95343,80.62538,73.42
101,2025,93,042,30,986.24,80.91974,53.17661,81.46133,4.5276,154.3,-1.584972,0,80.95343,80.65059,73.43
101,2025,93,042,35,986.24,80.98106,53.14255,81.46133,4.0376,141.2,-1.188729,0,80.97875,80.67569,73.62
101,2025,93,042,40,986.24,81.04237,53.10848,81.43584,3.7632,133.3,-1.188729,0,81.00402,80.67569,73.48
101,2025,93,042,45,986.24,80.98106,53.24474,81.43584,3.8416,152.9,-0.7924859,0,80.97875,80.67569,73.47
101,2025,93,042,50,986.3654,80.98106,53.14255,81.43584,3.9788,135.4,-1.188729,0,80.97875,80.67569,73.2
101,2025,93,042,55,986.3654,81.04237,53.10848,81.43584,4.2532,140.5,-0.7924859,0,80.95343,80.67569,73.09
101,2025,93,043,0,986.3027,80.98106,53.14255,81.43584,4.4688,146.6,-1.188729,0,80.95343,80.65059,73.17
101,2025,93,043,5,986.3654,81.04237,53.14255,81.43584,4.3904,143.3,-1.584972,0,80.9281,80.65059,73.26
101,2025,93,043,10,986.3654,81.04237,53.00628,81.43584,6.664,128.6,-1.188729,0,80.95343,80.62538,73.44
101,2025,93,043,15,986.24,81.04237,53.04035,81.43584,6.4484,128.2,-1.188729,0,80.95343,80.67569,73.63
101,2025,93,043,20,986.24,80.91974,53.00628,81.43584,5.4292,143.3,-1.188729,0,80.97875,80.67569,73.41
101,2025,93,043,25,986.24,81.04237,53.10848,81.46133,7.448,132.1,-1.188729,0,80.97875,80.67569,73.36
101,2025,93,043,30,986.3654,80.98106,53.04035,81.48682,8.486799,154.5,-1.584972,0,80.97875,80.67569,73.49
101,2025,93,043,35,986.3654,81.04237,53.04035,81.48682,6.8992,145.1,-1.584972,0,80.97875,80.67569,73.49
101,2025,93,043,40,986.24,80.98106,52.90409,81.48682,6.4092,142.8,-1.188729,0,81.00402,80.67569,73.54
101,2025,93,043,45,986.24,81.04237,53.14255,81.53784,5.9976,149.1,-1.188729,0,81.0294,80.67569,73.63
101,2025,93,043,50,986.24,80.98106,52.97222,81.53784,6.5268,147.9,-1.188729,0,81.0294,80.70096,73.79
101,2025,93,043,55,986.3027,81.1037,53.00628,81.53784,6.4092,147.1,-0.7924859,0,81.05472,80.72612,73.85
101,2025,93,044,0,986.24,81.04237,52.87002,81.5123,5.5468,141.6,-1.188729,0,81.0294,80.72612,73.53
101,2025,93,044,5,986.24,81.16502,53.04035,81.53784,5.9976,152.9,-1.188729,0,81.0294,80.72612,73.58
101,2025,93,044,10,986.24,81.04237,53.00628,81.53784,5.978,136.9,-1.584972,0,81.05472,80.72612,73.57
101,2025,93,044,15,986.24,81.16502,52.97222,81.53784,5.7624,144,-1.584972,0,81.0294,80.72612,73.44
101,2025,93,044,20,986.3027,81.1037,52.93815,81.53784,6.2132,150.9,-1.188729,0,81.05472,80.72612,73.69
101,2025,93,044,25,986.3027,81.04237,53.07441,81.5418,6.7032,156.1,-1.18873,0,81.05862,80.73003,73.61
101,2025,93,044,30,986.3027,81.16502,52.87002,81.5418,4.9392,177.4,-0.7924863,0,81.08395,80.75523,73.74
101,2025,93,044,35,986.24,81.1037,52.80189,81.5418,5.88,139.6,-0.7924863,0,81.10927,80.78045,73.88
101,2025,93,044,40,986.24,81.04237,52.83595,81.5418,5.684,165.8,-0.7924863,0,81.13464,80.80572,73.88
101,2025,93,044,45,986.24,81.1037,52.97222,81.5418,4.998,132.4,-0.7924863,0,81.13464,80.83093,73.83
101,2025,93,044,50,986.24,80.98106,52.93815,81.5418,6.076,142.3,-1.18873,0,81.13464,80.83093,73.71
101,2025,93,044,55,986.24,80.98106,52.90409,81.5418,5.6448,150.4,-1.18873,0,81.13464,80.83093,73.72
101,2025,93,045,0,986.24,81.16502,52.83595,81.5418,5.4292,158.5,-0.7924863,0,81.13464,80.83093,73.64
101,2025,93,045,5,986.3654,81.04237,52.93815,81.5418,4.6648,152.7,-0.7924863,0,81.13464,80.83093,73.7
101,2025,93,045,10,986.3654,81.1037,52.83595,81.5418,6.3504,152.9,-0.7924863,0,81.13464,80.80572,73.62
101,2025,93,045,15,986.24,81.22633,52.73376,81.5418,6.468,155.5,-0.7924863,0,81.13464,80.83093,73.76
101,2025,93,045,20,986.24,81.16502,52.80189,81.56729,5.6252,155,-0.7924863,0,81.13464,80.83093,73.59
101,2025,93,045,25,986.24,81.1037,52.76782,81.5418,5.1548,162.9,-0.7924863,0,81.13464,80.83093,73.66
101,2025,93,045,30,986.24,81.04237,52.83595,81.5418,4.704,155.8,-0.7924863,0,81.13464,80.83093,73.68
101,2025,93,045,35,986.24,81.16502,52.90409,81.5418,4.9,163.2,-0.7924863,0,81.13464,80.83093,73.58
101,2025,93,045,40,986.24,81.16502,52.80189,81.5418,5.488,151,-1.18873,0,81.10927,80.83093,73.51
101,2025,93,045,45,986.24,80.98106,52.80189,81.5418,4.8804,151.9,-1.18873,0,81.08395,80.80572,73.54
101,2025,93,045,50,986.3654,81.16502,52.87002,81.5418,4.606,148.8,-0.7924863,0,81.08395,80.78045,73.58
101,2025,93,045,55,986.24,81.16502,52.83595,81.49072,4.1356,139.5,-0.7924863,0,81.08395,80.78045,73.65
101,2025,93,046,0,986.24,81.1037,52.87002,81.49072,4.4296,139.4,-1.18873,0,81.08395,80.78045,73.69
101,2025,93,046,5,986.24,81.04237,52.97222,81.49072,4.41,149.5,-1.18873,0,81.08395,80.78045,73.4
101,2025,93,046,10,986.24,81.1037,52.97222,81.46529,4.4688,147.4,-1.18873,0,81.05862,80.78045,73.34
101,2025,93,046,15,986.24,81.04237,52.87002,81.49072,4.5864,139.9,-1.18873,0,81.03325,80.78045,73.19
101,2025,93,046,20,986.24,81.1037,52.87002,81.46254,4.704,146.6,-1.584975,0,81.0305,80.75255,73.14
101,2025,93,046,25,986.24,81.1037,52.93815,81.437,5.6056,137.4,-1.188731,0,81.0305,80.72733,73.25
101,2025,93,046,30,986.1146,81.16502,52.90409,81.437,5.9976,130.1,-1.188731,0,81.0305,80.72733,73.28
101,2025,93,046,35,986.1146,81.16502,53.00628,81.437,5.0372,139.6,-1.188731,0,81.0305,80.72733,73.4
101,2025,93,046,40,986.1774,81.16502,53.07441,81.437,4.4688,135.3,-1.188731,0,81.00523,80.72733,73.21
101,2025,93,046,45,986.24,81.1037,53.10848,81.437,4.1944,134.2,-1.584975,0,80.9799,80.72733,73.19
101,2025,93,046,50,986.1146,81.1037,53.17661,81.38612,3.7044,132.6,-1.584975,0,80.95464,80.70212,73.06
101,2025,93,046,55,986.24,81.1037,53.17661,81.33514,4.0964,148.1,-1.188731,0,80.92931,80.6769,73.06
101,2025,93,047,0,986.1774,81.1037,53.14255,81.33514,3.6652,121.6,-0.7924875,0,80.87878,80.6769,72.96
101,2025,93,047,5,986.24,81.1037,53.27881,81.33514,3.0576,135.2,-1.188731,0,80.82824,80.62659,72.85
101,2025,93,047,10,986.1146,81.04237,53.24474,81.33514,3.8416,131.1,-0.7924875,0,80.82824,80.62659,72.93
101,2025,93,047,15,986.1146,80.98106,52.93815,81.33514,5.6056,131.6,-1.188731,0,80.80297,80.62659,72.99
101,2025,93,047,20,986.1146,81.04237,52.90409,81.38612,5.7428,121.9,-1.188731,0,80.82824,80.60137,73.05
101,2025,93,047,25,986.1146,80.98106,53.07441,81.41156,5.9976,125,-1.584975,0,80.82824,80.57626,72.95
101,2025,93,047,30,986.1146,81.04237,52.97222,81.437,5.5468,138.1,-1.584975,0,80.85351,80.57626,73.07
101,2025,93,047,35,986.1774,81.04237,53.04035,81.437,5.4488,147.7,-1.584975,0,80.85351,80.57626,73.06
101,2025,93,047,40,986.1774,80.98106,52.97222,81.48802,5.586,145.8,-1.584975,0,80.87878,80.57626,73.08
101,2025,93,047,45,986.1146,81.04237,52.90409,81.437,5.0764,164.8,-1.584975,0,80.87878,80.60137,73.31
101,2025,93,047,50,986.1146,81.04237,52.97222,81.48802,5.4488,160.6,-1.188731,0,80.92931,80.62659,73.13
101,2025,93,047,55,986.1146,81.04237,52.97222,81.48802,4.7432,153.9,-1.188731,0,80.92931,80.60137,73.13
101,2025,93,048,0,986.1146,81.1037,52.97222,81.48802,4.2728,143.5,-1.188731,0,80.92931,80.62659,73.15
101,2025,93,048,5,986.1146,81.1037,53.07441,81.46254,3.6456,130.5,-1.188731,0,80.92931,80.62659,73
101,2025,93,048,10,986.1146,81.04237,53.07441,81.437,4.0964,140.3,-0.7924875,0,80.87878,80.60137,72.93
101,2025,93,048,15,986.1146,81.04237,53.10848,81.43886,3.724,160.3,-0.7924891,0,80.88058,80.57803,72.84
101,2025,93,048,20,986.1146,81.16502,53.17661,81.43886,3.822,135.9,-1.584978,0,80.85532,80.57803,72.94
101,2025,93,048,25,986.1146,81.1037,53.10848,81.43886,3.9396,136.8,-1.188734,0,80.85532,80.55292,72.77
101,2025,93,048,30,986.1146,80.91974,53.17661,81.43886,3.6064,152.9,-1.188734,0,80.80478,80.55292,72.73
101,2025,93,048,35,986.1146,80.98106,53.14255,81.38794,4.312,136.6,-1.584978,0,80.83005,80.52776,72.86
101,2025,93,048,40,986.1146,81.04237,53.21068,81.38794,4.802,159.7,-1.188734,0,80.83005,80.52776,72.89
101,2025,93,048,45,986.1146,81.04237,53.31287,81.38794,4.5276,179.1,-1.188734,0,80.80478,80.52776,72.91
101,2025,93,048,50,986.052,81.04237,53.24474,81.36245,3.7436,167.5,-1.188734,0,80.77962,80.52776,72.81
101,2025,93,048,55,986.1146,81.1037,53.24474,81.38794,3.8416,191.9,-1.584978,0,80.7543,80.4775,72.7
101,2025,93,049,0,985.9893,80.85842,53.10848,81.38794,3.6456,128.9,-1.188734,0,80.7543,80.4775,72.64
101,2025,93,049,5,986.1146,81.04237,53.04035,81.38794,2.9596,147.3,-1.188734,0,80.72914,80.4775,72.62
101,2025,93,049,10,986.1146,80.91974,53.14255,81.38794,2.4304,175.8,-1.188734,0,80.72914,80.45239,72.62
101,2025,93,049,15,986.1146,80.98106,53.24474,81.38794,3.7436,130.4,-1.584978,0,80.72914,80.42729,72.7
101,2025,93,049,20,986.1146,80.91974,53.34694,81.38794,4.5276,145.6,-1.584978,0,80.70393,80.42729,72.55
101,2025,93,049,25,986.1146,80.91974,53.381,81.36245,4.5668,148.1,-1.188734,0,80.67871,80.42729,72.68
101,2025,93,049,30,986.1146,80.91974,53.41507,81.33702,3.9788,149.6,-1.188734,0,80.67871,80.40219,72.63
101,2025,93,049,35,986.1146,80.98106,53.381,81.33702,4.4492,174.2,-1.584978,0,80.65356,80.40219,72.66
101,2025,93,049,40,986.1146,80.98106,53.21068,81.33702,6.487599,176.7,-1.188734,0,80.65356,80.37709,72.9
101,2025,93,049,45,985.864,80.91974,53.24474,81.36245,7.467599,138.3,-1.584978,0,80.65356,80.35204,72.98
101,2025,93,049,50,986.1146,80.85842,53.44914,81.36245,7.3304,139.6,-1.584978,0,80.65356,80.35204,72.78
101,2025,93,049,55,986.1146,81.04237,53.44914,81.33702,5.4488,153.5,-1.584978,0,80.65356,80.35204,72.74
101,2025,93,050,0,986.1146,81.04237,53.381,81.36245,5.3312,153.2,-1.584978,0,80.67871,80.35204,72.74
101,2025,93,050,5,986.1146,80.98106,53.14255,81.38794,4.9,135.6,-1.584978,0,80.67871,80.32699,72.62
101,2025,93,050,10,986.1146,80.7971,53.31287,81.41293,5.684,154.8,-1.584978,0,80.67828,80.35159,72.68
101,2025,93,050,15,986.1146,80.7971,53.07441,81.43842,6.7816,143.5,-1.584978,0,80.72865,80.35159,73.1
101,2025,93,050,20,986.1146,80.91974,53.14255,81.43842,6.468,135,-1.584978,0,80.75386,80.37665,73.18
101,2025,93,050,25,986.052,80.7971,53.21068,81.4894,5.292,131.7,-1.584978,0,80.80434,80.42685,73.26
101,2025,93,050,30,986.1146,80.98106,53.24474,81.46391,5.3508,151.9,-1.584978,0,80.80434,80.45196,73.13
101,2025,93,050,35,986.1146,80.91974,53.21068,81.43842,4.4688,123.8,-1.584978,0,80.80434,80.45196,72.92
101,2025,93,050,40,986.1146,80.85842,53.24474,81.43842,5.3116,138.9,-1.584978,0,80.77913,80.45196,72.76
101,2025,93,050,45,986.1146,80.91974,53.10848,81.43842,7.271599,145.1,-1.584978,0,80.75386,80.42685,72.74
101,2025,93,050,50,986.1146,80.98106,53.10848,81.43842,7.1736,156.6,-1.584978,0,80.77913,80.42685,72.83
101,2025,93,050,55,986.052,80.98106,53.10848,81.43842,6.9776,150.4,-1.981222,0,80.80434,80.42685,73.16
101,2025,93,051,0,986.1146,80.98106,53.07441,81.43842,4.8804,152.8,-1.584978,0,80.82961,80.45196,73.18
101,2025,93,051,5,986.1146,80.85842,53.14255,81.43842,4.7432,158.4,-1.981222,0,80.80434,80.45196,73.19
101,2025,93,051,10,986.1146,80.91974,53.17661,81.43842,4.802,150.5,-1.584978,0,80.80434,80.42685,73.19
101,2025,93,051,15,986.1146,80.98106,53.07441,81.43842,5.9976,162.2,-1.584978,0,80.82961,80.45196,73.34
101,2025,93,051,20,986.1146,80.98106,53.10848,81.43842,6.2328,152.3,-1.584978,0,80.82961,80.45196,73.47
101,2025,93,051,25,986.1146,80.98106,53.04035,81.43842,5.194,151.9,-1.584978,0,80.82961,80.47701,73.49
101,2025,93,051,30,986.1146,80.91974,53.10848,81.43842,4.5276,154.6,-1.584978,0,80.82961,80.47701,73.48
101,2025,93,051,35,986.1146,80.98106,53.14255,81.43842,4.0964,145.4,-1.584978,0,80.82961,80.47701,73.41
101,2025,93,051,40,986.1146,80.85842,53.17661,81.38744,4.2728,151.9,-1.188733,0,80.80434,80.47701,73.31
101,2025,93,051,45,986.24,80.91974,53.21068,81.38744,5.1548,135.5,-1.584978,0,80.77913,80.47701,73.19
101,2025,93,051,50,986.1146,80.91974,53.14255,81.38744,4.704,134.2,-1.188733,0,80.75386,80.45196,73.22
101,2025,93,051,55,986.1146,80.98106,53.21068,81.38744,3.4692,146,-1.584978,0,80.75386,80.42685,73.25
101,2025,93,052,0,986.1774,80.98106,53.17661,81.36201,4.2336,157.3,-1.584978,0,80.75386,80.45196,73.16
101,2025,93,052,5,986.1146,80.98106,53.10848,81.36151,4.4884,150.4,-1.584968,0,80.75348,80.45146,73.22
101,2025,93,052,10,986.1774,80.91974,53.14255,81.38701,4.1356,173.3,-1.584968,0,80.75348,80.45146,73.12
101,2025,93,052,15,986.1146,80.85842,53.14255,81.33608,3.3908,183.9,-1.584968,0,80.77864,80.45146,73.02
101,2025,93,052,20,986.1146,80.91974,53.14255,81.36151,4.802,147.3,-1.584968,0,80.77864,80.47656,73.01
101,2025,93,052,25,986.1146,80.91974,53.24474,81.33608,5.9388,157,-1.981211,0,80.77864,80.47656,72.98
101,2025,93,052,30,986.1146,80.91974,53.07441,81.36151,7.7812,161.7,-1.584968,0,80.75348,80.47656,72.96
101,2025,93,052,35,986.1146,80.91974,52.97222,81.36151,6.9188,154.9,-1.584968,0,80.77864,80.47656,73.25
101,2025,93,052,40,986.1146,80.91974,53.04035,81.38701,5.8996,155.2,-1.584968,0,80.77864,80.47656,73.4
101,2025,93,052,45,986.1146,80.98106,53.04035,81.38701,6.0172,157,-1.584968,0,80.82912,80.50172,73.33
101,2025,93,052,50,986.1774,80.98106,53.07441,81.38701,4.7432,148.4,-1.584968,0,80.82912,80.50172,73.34
101,2025,93,052,55,986.24,80.91974,53.07441,81.38701,5.4096,163.2,-1.584968,0,80.82912,80.52682,73.35
101,2025,93,053,0,986.24,80.7971,53.04035,81.38701,5.194,153.2,-1.584968,0,80.82912,80.52682,73.42
101,2025,93,053,5,986.1146,80.98106,53.04035,81.38701,5.292,159.9,-1.584968,0,80.85445,80.52682,73.37
101,2025,93,053,10,986.24,80.85842,53.14255,81.38701,4.5276,145.8,-1.584968,0,80.85445,80.52682,73.37
101,2025,93,053,15,986.1146,80.98106,52.97222,81.38701,4.6256,145.9,-1.584968,0,80.85445,80.52682,73.46
101,2025,93,053,20,986.24,80.85842,53.04035,81.38701,4.7824,145.9,-1.584968,0,80.85445,80.52682,73.42
101,2025,93,053,25,986.24,80.91974,53.04035,81.36151,5.8604,156.9,-1.584968,0,80.85445,80.52682,73.37
101,2025,93,053,30,986.24,80.91974,53.14255,81.38701,6.0956,167.6,-1.584968,0,80.87965,80.57715,73.43
101,2025,93,053,35,986.24,80.98106,53.10848,81.38701,5.978,160,-1.584968,0,80.85445,80.57715,73.37
101,2025,93,053,40,986.24,80.73579,53.04035,81.38701,4.7824,174.3,-1.584968,0,80.85445,80.55199,73.27
101,2025,93,053,45,986.3027,80.91974,53.17661,81.41244,5.0568,155.3,-1.584968,0,80.82912,80.55199,73.2
101,2025,93,053,50,986.24,80.98106,53.07441,81.38701,5.2136,147.8,-1.584968,0,80.82912,80.52682,73.33
101,2025,93,053,55,986.3654,80.85842,53.10848,81.41244,4.2924,101.4,-1.188726,0,80.80391,80.52682,73.2
101,2025,93,054,0,986.3654,80.85842,53.21068,81.38701,2.6656,101.9,-1.584968,0,80.80391,80.52682,73.07
101,2025,93,054,5,986.3654,80.91974,53.381,81.38882,1.3916,112.6,-1.584968,0,80.75523,80.52864,72.95
101,2025,93,054,10,986.3654,81.04237,53.31287,81.36333,1.4896,133.6,-1.584968,0,80.73003,80.50348,72.9
101,2025,93,054,15,986.3654,80.91974,53.41507,81.33789,3.136,154.5,-1.188726,0,80.73003,80.47838,72.82
101,2025,93,054,20,986.3654,80.91974,53.381,81.33789,3.234,132.6,-1.584968,0,80.6796,80.45328,72.7
101,2025,93,054,25,986.3654,80.85842,53.4832,81.28703,2.5088,150.5,-1.98121,0,80.62927,80.42818,72.62
101,2025,93,054,30,986.3654,80.91974,53.381,81.28703,3.92,168.5,-1.584968,0,80.62927,80.42818,72.73
101,2025,93,054,35,986.3654,80.7971,53.17661,81.28703,6.37,156.5,-1.584968,0,80.5789,80.40307,72.96
101,2025,93,054,40,986.3654,80.98106,53.07441,81.33789,7.0756,160.1,-1.584968,0,80.62927,80.37802,73.22
101,2025,93,054,45,986.1146,80.91974,53.14255,81.33789,6.7816,147.1,-1.584968,0,80.65443,80.42818,73.31
101,2025,93,054,50,986.3654,80.91974,53.17661,81.36333,7.1736,130.2,-1.584968,0,80.6796,80.42818,73.35
101,2025,93,054,55,986.3654,80.85842,53.04035,81.38882,7.0756,135.7,-1.584968,0,80.73003,80.47838,73.59
101,2025,93,055,0,986.3027,80.73579,53.00628,81.43974,5.88,147.3,-1.584968,0,80.75523,80.47838,73.31
101,2025,93,055,5,986.3027,80.7971,52.90409,81.46529,5.8016,159.7,-1.584968,0,80.78045,80.50348,73.22
101,2025,93,055,10,986.3654,80.85842,53.00628,81.46529,6.0368,144.7,-1.584968,0,80.78045,80.47838,73.18
101,2025,93,055,15,986.3654,80.98106,53.04035,81.46529,6.134799,157.1,-1.584968,0,80.80572,80.47838,73.18
101,2025,93,055,20,986.3654,80.85842,53.07441,81.49072,5.7036,146.7,-1.188726,0,80.78045,80.47838,73.16
101,2025,93,055,25,986.3654,80.98106,53.07441,81.46529,5.1548,145.4,-1.584968,0,80.80572,80.47838,73.26
101,2025,93,055,30,986.3654,80.98106,53.27881,81.43974,4.1356,155.2,-1.584968,0,80.78045,80.50348,73.07
101,2025,93,055,35,986.3654,80.85842,53.24474,81.43974,4.5864,170.9,-1.584968,0,80.75523,80.47838,72.88
101,2025,93,055,40,986.3654,80.98106,53.21068,81.38882,4.3708,158.3,-1.98121,0,80.75523,80.47838,72.88
101,2025,93,055,45,986.3654,80.7971,53.14255,81.38882,5.9584,154.7,-1.98121,0,80.73003,80.45328,72.93
101,2025,93,055,50,986.3654,80.91974,53.07441,81.38882,5.9192,158.4,-1.584968,0,80.73003,80.45328,73.04
101,2025,93,055,55,986.3654,80.85842,53.27881,81.38882,5.488,146.9,-1.584968,0,80.73003,80.45328,72.96
101,2025,93,056,0,986.3654,80.91974,53.17661,81.36102,4.0572,144.4,-1.58497,0,80.72766,80.42581,72.91
101,2025,93,056,5,986.3654,80.91974,53.27881,81.33553,4.214,177.8,-1.58497,0,80.70245,80.42581,73.02
101,2025,93,056,10,986.3654,80.85842,52.90409,81.36102,4.214,151.9,-1.58497,0,80.70245,80.42581,73.02
101,2025,93,056,15,986.3654,81.04237,53.00628,81.36102,4.0376,148.1,-1.58497,0,80.72766,80.42581,73.16
101,2025,93,056,20,986.3654,80.91974,53.21068,81.36102,3.6064,149.6,-1.58497,0,80.72766,80.45097,73.13
101,2025,93,056,25,986.3654,80.91974,53.21068,81.36102,3.2928,150.7,-1.58497,0,80.75293,80.45097,73.18
101,2025,93,056,30,986.4281,80.85842,53.04035,81.33553,3.92,158.4,-1.981212,0,80.75293,80.47601,73.21
101,2025,93,056,35,986.4907,80.91974,53.04035,81.33553,4.0572,161.9,-1.58497,0,80.77809,80.52628,73.29
101,2025,93,056,40,986.4907,80.91974,53.24474,81.33553,4.0964,169.9,-1.58497,0,80.77809,80.52628,73.21
101,2025,93,056,45,986.4907,80.91974,53.21068,81.33553,3.92,157.3,-1.58497,0,80.75293,80.52628,73.05
101,2025,93,056,50,986.4907,80.85842,53.04035,81.33553,5.5272,155.4,-1.58497,0,80.75293,80.52628,73.02
101,2025,93,056,55,986.4907,80.91974,53.10848,81.33553,5.1352,115.3,-1.58497,0,80.75293,80.47601,73.04
101,2025,93,057,0,986.4907,80.91974,53.17661,81.33553,3.9788,132.8,-1.58497,0,80.75293,80.47601,72.88
101,2025,93,057,5,986.4907,80.7971,53.381,81.33553,3.6652,124.8,-1.58497,0,80.72766,80.47601,72.96
101,2025,93,057,10,986.4907,81.04237,53.44914,81.36102,2.6656,119,-1.58497,0,80.72766,80.45097,72.95
101,2025,93,057,15,986.6161,80.91974,53.31287,81.33553,2.5088,150.1,-1.188727,0,80.70245,80.45097,72.91
101,2025,93,057,20,986.4907,80.7971,53.31287,81.33553,3.528,160,-1.188727,0,80.67729,80.45097,72.84
101,2025,93,057,25,986.4907,80.91974,53.27881,81.3101,3.4104,176.1,-1.58497,0,80.65207,80.42581,72.74
101,2025,93,057,30,986.4907,80.85842,53.27881,81.28467,4.4296,178.7,-1.58497,0,80.65207,80.42581,72.82
101,2025,93,057,35,986.4907,80.85842,53.34694,81.28467,3.2536,159.2,-1.981212,0,80.62691,80.42581,72.78
101,2025,93,057,40,986.4907,80.73579,53.27881,81.23386,3.5868,164.5,-1.58497,0,80.60176,80.37566,72.81
101,2025,93,057,45,986.4907,80.85842,53.21068,81.23386,4.6844,174.1,-1.58497,0,80.60176,80.37566,73.02
101,2025,93,057,50,986.6161,80.7971,53.10848,81.23386,6.076,154.7,-1.981212,0,80.60176,80.37566,73.22
101,2025,93,057,55,986.4907,80.7971,53.07441,81.28477,7.5068,140.6,-1.981217,0,80.65224,80.40087,73.42
101,2025,93,058,0,986.4907,80.85842,52.97222,81.28477,5.782,139.8,-1.584973,0,80.6774,80.42603,73.31
101,2025,93,058,5,986.4907,80.85842,53.10848,81.28477,5.9976,128.6,-1.584973,0,80.70267,80.45108,73.42
101,2025,93,058,10,986.4907,80.73579,53.21068,81.28477,5.3312,132,-1.584973,0,80.70267,80.45108,73.31
101,2025,93,058,15,986.4907,80.73579,53.21068,81.31021,5.8408,148.1,-1.981217,0,80.6774,80.45108,73.25
101,2025,93,058,20,986.4907,80.85842,53.10848,81.33565,5.88,151.6,-1.981217,0,80.6774,80.45108,73.25
101,2025,93,058,25,986.4907,80.91974,53.07441,81.33565,5.0176,166.6,-1.18873,0,80.6774,80.45108,73.22
101,2025,93,058,30,986.5535,80.85842,53.17661,81.33565,4.7236,147.5,-1.584973,0,80.6774,80.42603,73.11
101,2025,93,058,35,986.6161,80.73579,53.07441,81.33565,5.0372,141.3,-1.584973,0,80.65224,80.42603,73.2
101,2025,93,058,40,986.5535,80.85842,52.97222,81.33565,5.5664,154.2,-1.584973,0,80.6774,80.42603,73.27
101,2025,93,058,45,986.4907,80.91974,52.73376,81.38662,7.8204,175.5,-1.584973,0,80.72783,80.45108,73.33
101,2025,93,058,50,986.4907,80.85842,52.73376,81.43755,7.3108,186.6,-1.584973,0,80.75304,80.47624,73.32
101,2025,93,058,55,986.4907,80.7971,52.90409,81.43755,6.9776,143.5,-1.584973,0,80.77825,80.47624,73.36
101,2025,93,059,0,986.4281,80.7971,52.80189,81.48857,8.937599,147.9,-1.584973,0,80.82874,80.52644,73.48
101,2025,93,059,5,986.3654,80.85842,52.80189,81.48857,6.762,187.4,-1.584973,0,80.87927,80.52644,73.42
101,2025,93,059,10,986.4907,80.85842,52.97222,81.48857,6.5072,190,-1.18873,0,80.87927,80.55154,73.39
101,2025,93,059,15,986.6161,80.85842,52.76782,81.48857,7.4872,175,-1.584973,0,80.87927,80.55154,73.41
101,2025,93,059,20,986.4907,80.91974,52.69969,81.53955,7.4872,172.3,-1.584973,0,80.87927,80.55154,73.38
101,2025,93,059,25,986.5535,80.98106,52.5975,81.56509,7.1344,188.4,-1.18873,0,80.90454,80.57671,73.43
101,2025,93,059,30,986.6161,80.85842,52.5975,81.59064,6.076,159.6,-1.981217,0,80.92981,80.57671,73.44
101,2025,93,059,35,986.6161,80.91974,52.63156,81.59064,6.2132,174.9,-1.584973,0,80.92981,80.57671,73.51
101,2025,93,059,40,986.4907,80.91974,52.63156,81.56509,5.6448,146.7,-1.584973,0,80.92981,80.60192,73.56
101,2025,93,059,45,986.6161,80.98106,52.5975,81.56509,6.076,151.2,-0.7924866,0,80.92981,80.60192,73.56
101,2025,93,059,50,986.6161,80.91974,52.56343,81.56729,4.7432,141.5,-1.188729,0,80.93195,80.62923,73.61
101,2025,93,059,55,986.6161,80.91974,52.56343,81.5418,4.0964,157.6,-1.584972,0,80.93195,80.62923,73.55
101,2025,93,100,0,986.6161,81.1037,52.63156,81.5418,5.1352,138.5,-1.584972,0,80.95733,80.62923,73.65
101,2025,93,100,5,986.4907,81.1037,52.56343,81.5418,6.86,141.1,-1.188729,0,80.93195,80.62923,73.36
101,2025,93,100,10,986.6161,81.04237,52.52936,81.5418,5.4488,150.2,-1.584972,0,80.95733,80.62923,73.5
101,2025,93,100,15,986.4907,80.91974,52.46123,81.5418,7.1736,142.7,-1.584972,0,80.95733,80.62923,73.54
101,2025,93,100,20,986.6161,81.04237,52.4953,81.5418,6.6444,172,-1.188729,0,80.9826,80.62923,73.38
101,2025,93,100,25,986.4907,81.04237,52.5975,81.5418,4.998,150.6,-1.584972,0,80.9826,80.62923,73.42
101,2025,93,100,30,986.4907,81.04237,52.46123,81.56729,6.3308,138.3,-1.584972,0,80.9826,80.62923,73.47
101,2025,93,100,35,986.6161,80.98106,52.4953,81.5418,5.1156,152.7,-1.188729,0,80.9826,80.65443,73.58
101,2025,93,100,40,986.6161,81.04237,52.63156,81.5418,4.214,157.5,-1.584972,0,80.9826,80.65443,73.53
101,2025,93,100,45,986.4907,80.98106,52.5975,81.5418,5.2332,163.5,-1.188729,0,80.95733,80.65443,73.45
101,2025,93,100,50,986.4907,81.1037,52.52936,81.5418,5.3312,173,-0.7924862,0,80.93195,80.62923,73.3
101,2025,93,100,55,986.5535,80.98106,52.69969,81.5418,4.3316,163.6,-1.188729,0,80.93195,80.62923,73.22
101,2025,93,101,0,986.4907,80.98106,52.76782,81.5418,4.4492,175.3,-1.188729,0,80.88141,80.62923,73.24
101,2025,93,101,5,986.6161,81.1037,52.63156,81.5418,4.606,154.9,-1.188729,0,80.88141,80.60406,73.3
101,2025,93,101,10,986.6161,80.91974,52.69969,81.49072,4.6256,179.6,-1.188729,0,80.88141,80.5789,73.2
101,2025,93,101,15,986.6161,80.85842,52.80189,81.49072,5.8996,143.7,-1.188729,0,80.83093,80.5789,73.2
101,2025,93,101,20,986.4907,80.91974,52.5975,81.49072,5.2136,150.3,-1.188729,0,80.83093,80.5789,73.18
101,2025,93,101,25,986.4907,81.04237,53.00628,81.49072,5.586,153.3,-1.188729,0,80.83093,80.5789,73.35
101,2025,93,101,30,986.4907,80.85842,52.73376,81.49072,5.1548,127.8,-1.584972,0,80.8562,80.5789,73.48
101,2025,93,101,35,986.4907,81.1037,52.97222,81.49072,4.2532,136.3,-1.584972,0,80.88141,80.5789,73.27
101,2025,93,101,40,986.4907,80.98106,53.10848,81.49072,6.566,146.4,-1.584972,0,80.8562,80.5789,73.24
101,2025,93,101,45,986.4907,81.04237,52.69969,81.49011,7.4088,143.4,-1.584948,0,80.85555,80.5783,73.36
101,2025,93,101,50,986.4907,80.98106,52.83595,81.49011,6.1152,154.2,-1.188711,0,80.88081,80.5783,73.33
101,2025,93,101,55,986.4907,80.98106,52.73376,81.49011,5.9192,154.4,-1.188711,0,80.88081,80.5783,73.2
101,2025,93,102,0,986.4907,81.04237,52.76782,81.49011,5.2724,149.4,-1.188711,0,80.88081,80.5783,73.18
101,2025,93,102,5,986.3654,80.98106,52.93815,81.49011,6.1152,142.4,-1.188711,0,80.88081,80.5783,73.22
101,2025,93,102,10,986.3654,80.91974,52.87002,81.49011,4.3316,148.3,-1.188711,0,80.88081,80.5783,73.29
101,2025,93,102,15,986.3654,80.98106,53.04035,81.46457,3.7828,128.1,-1.584948,0,80.88081,80.5783,73.35
101,2025,93,102,20,986.3654,80.98106,52.83595,81.43913,5.3704,132.2,-1.584948,0,80.88081,80.5783,73.2
101,2025,93,102,25,986.3654,80.91974,52.73376,81.43913,7.3892,168.7,-1.188711,0,80.85555,80.5783,73.07
101,2025,93,102,30,986.3654,80.91974,52.66563,81.46457,6.1544,157.7,-1.188711,0,80.85555,80.5783,73.22
101,2025,93,102,35,986.4281,80.98106,52.69969,81.49011,7.3304,145.7,-1.584948,0,80.88081,80.5783,73.13
101,2025,93,102,40,986.3654,80.98106,52.52936,81.51559,7.252,149.7,-1.188711,0,80.88081,80.5783,73.28
101,2025,93,102,45,986.4907,81.04237,52.56343,81.5412,6.7424,165.2,-1.584948,0,80.9314,80.60345,73.39
101,2025,93,102,50,986.4907,81.1037,52.5975,81.5412,5.3116,152.2,-1.188711,0,80.9314,80.62862,73.48
101,2025,93,102,55,986.4907,80.98106,52.56343,81.5412,4.312,162.6,-1.188711,0,80.9314,80.62862,73.37
101,2025,93,103,0,986.4907,80.98106,52.66563,81.5412,4.4296,163.5,-1.584948,0,80.9314,80.62862,73.37
101,2025,93,103,5,986.6161,80.91974,52.69969,81.51559,5.096,162.8,-1.188711,0,80.9314,80.62862,73.34
101,2025,93,103,10,986.3654,81.1037,52.56343,81.5412,7.565599,155.1,-1.188711,0,80.9314,80.62862,73.43
101,2025,93,103,15,986.3654,81.04237,52.52936,81.5412,7.2324,156.7,-1.584948,0,80.9314,80.65378,73.56
101,2025,93,103,20,986.3654,80.98106,52.4953,81.5412,8.427999,142.5,-1.584948,0,80.95667,80.67899,73.68
101,2025,93,103,25,986.3654,80.85842,52.4953,81.5412,8.2712,146.9,-1.584948,0,80.98193,80.70421,73.78
101,2025,93,103,30,986.3654,80.98106,52.4953,81.56664,7.271599,138.9,-1.188711,0,81.00732,80.72936,73.84
101,2025,93,103,35,986.3654,81.22633,52.56343,81.59218,7.9772,139,-1.188711,0,81.00732,80.72936,73.73
101,2025,93,103,40,986.3654,80.98106,52.76782,81.59218,5.4096,136.3,-1.188711,0,81.00732,80.75458,73.44
101,2025,93,103,45,986.3654,80.98106,52.73376,81.59596,6.1936,152.5,-1.584952,0,80.98567,80.73305,73.54
101,2025,93,103,50,986.3654,80.91974,52.66563,81.57042,5.684,162.2,-1.584952,0,80.96035,80.73305,73.48
101,2025,93,103,55,986.4907,81.1037,52.73376,81.54488,4.9196,172.9,-1.188714,0,80.93508,80.73305,73.43
101,2025,93,104,0,986.4907,81.04237,52.87002,81.46835,4.0964,140.4,-1.188714,0,80.90981,80.68267,73.34
101,2025,93,104,5,986.4281,80.98106,52.69969,81.44287,6.0956,186.2,-0.7924761,0,80.88454,80.68267,73.35
101,2025,93,104,10,986.4907,81.04237,52.69969,81.44287,5.8408,173.8,-1.188714,0,80.85928,80.65746,73.29
101,2025,93,104,15,986.4907,80.98106,52.66563,81.41738,6.762,150.7,-1.188714,0,80.83395,80.63229,73.27
101,2025,93,104,20,986.4907,80.91974,52.76782,81.39189,6.134799,164.2,-1.188714,0,80.83395,80.63229,73.37
101,2025,93,104,25,986.4907,80.98106,52.5975,81.41738,5.586,163.4,-1.188714,0,80.83395,80.63229,73.46
101,2025,93,104,30,986.4907,80.98106,52.4953,81.41738,4.5864,180.7,-1.188714,0,80.85928,80.63229,73.36
101,2025,93,104,35,986.4907,80.91974,52.73376,81.39189,4.6844,156.9,-1.188714,0,80.85928,80.63229,73.24
101,2025,93,104,40,986.4281,80.91974,52.83595,81.36646,4.5276,166.1,-1.188714,0,80.83395,80.63229,73.25
101,2025,93,104,45,986.4281,80.91974,52.90409,81.34103,4.2728,165,-0.7924761,0,80.80879,80.63229,73.15
101,2025,93,104,50,986.4907,80.98106,52.83595,81.34103,4.508,159,-0.7924761,0,80.78347,80.58199,73.11
101,2025,93,104,55,986.4907,80.91974,52.66563,81.2901,4.4296,176.6,-0.7924761,0,80.75832,80.58199,73.06
101,2025,93,105,0,986.4281,80.91974,52.73376,81.2901,4.3904,167.8,-1.188714,0,80.75832,80.55676,72.95
101,2025,93,105,5,986.4907,80.85842,52.87002,81.2901,3.4888,146.8,-1.188714,0,80.75832,80.55676,72.92
101,2025,93,105,10,986.4907,80.7971,52.93815,81.2901,3.43,144.7,-1.584952,0,80.73305,80.53166,72.95
101,2025,93,105,15,986.4907,80.7971,52.93815,81.2901,4.2728,147.7,-1.188714,0,80.68267,80.53166,72.9
101,2025,93,105,20,986.4907,80.85842,52.83595,81.2901,5.2528,151.9,-1.188714,0,80.68267,80.48146,73.06
101,2025,93,105,25,986.4907,80.85842,52.83595,81.2901,4.802,132.4,-1.188714,0,80.70789,80.48146,73.09
101,2025,93,105,30,986.4907,80.91974,52.83595,81.26467,3.5084,162.1,-1.188714,0,80.70789,80.48146,73.08
101,2025,93,105,35,986.4907,80.85842,53.04035,81.26467,4.1356,163.7,-1.584952,0,80.68267,80.48146,73.05
101,2025,93,105,40,986.4907,80.85842,53.07441,81.28731,5.1548,151.2,-1.188718,0,80.65471,80.47865,73.1
101,2025,93,105,45,986.4907,80.73579,52.97222,81.26187,3.2928,145.6,-1.188718,0,80.65471,80.45349,73.15
101,2025,93,105,50,986.4907,80.85842,53.00628,81.26187,4.4492,147.9,-1.584958,0,80.65471,80.45349,73.05
101,2025,93,105,55,986.4907,80.85842,53.04035,81.28731,3.4888,152.9,-1.188718,0,80.65471,80.47865,73
101,2025,93,106,0,986.4907,80.7971,53.10848,81.26187,3.528,160.5,-1.188718,0,80.6295,80.45349,72.93
101,2025,93,106,5,986.4907,80.7971,53.00628,81.23643,2.9792,173.8,-0.7924789,0,80.6295,80.42839,73.06
101,2025,93,106,10,986.5535,80.73579,53.17661,81.23643,2.94,175.9,-1.188718,0,80.6295,80.42839,73.14
101,2025,93,106,15,986.6161,80.91974,53.17661,81.23643,2.1952,160.4,-1.188718,0,80.6295,80.42839,73.1
101,2025,93,106,20,986.5535,80.67447,53.21068,81.18562,3.2732,147.5,-1.188718,0,80.57918,80.42839,73.12
101,2025,93,106,25,986.6161,80.7971,53.21068,81.18562,3.7632,150.7,-1.188718,0,80.60434,80.42839,73.09
101,2025,93,106,30,986.6161,80.85842,53.14255,81.16025,3.822,169.4,-1.188718,0,80.57918,80.42839,73.06
101,2025,93,106,35,986.6161,80.73579,53.10848,81.16025,4.3708,158.3,-1.188718,0,80.60434,80.42839,73.14
101,2025,93,106,40,986.5535,80.73579,53.17661,81.16025,3.5476,162.8,-1.584958,0,80.57918,80.42839,73.03
101,2025,93,106,45,986.4907,80.7971,53.14255,81.16025,3.2928,148.7,-1.188718,0,80.57918,80.42839,73.09
101,2025,93,106,50,986.6161,80.7971,53.07441,81.18562,3.6848,158.4,-1.584958,0,80.57918,80.42839,73.02
101,2025,93,106,55,986.6161,80.61315,53.17661,81.18562,3.9592,178.3,-1.981197,0,80.57918,80.42839,72.95
101,2025,93,107,0,986.6161,80.67447,53.10848,81.18562,3.0184,193.3,-1.584958,0,80.57918,80.42839,72.86
101,2025,93,107,5,986.6161,80.67447,53.27881,81.13492,2.7048,169.7,-1.584958,0,80.55402,80.40334,72.81
101,2025,93,107,10,986.6161,80.61315,53.27881,81.13492,3.2732,174.5,-1.584958,0,80.55402,80.37819,72.66
101,2025,93,107,15,986.6161,80.73579,53.381,81.13492,3.43,160.5,-1.584958,0,80.52886,80.35313,72.66
101,2025,93,107,20,986.6161,80.61315,53.34694,81.08417,3.3516,160.7,-1.188718,0,80.47865,80.32809,72.57
101,2025,93,107,25,986.6161,80.85842,53.44914,81.08417,3.6652,151.6,-1.584958,0,80.45349,80.30309,72.5
101,2025,93,107,30,986.6161,80.67447,53.5854,81.05884,4.116,149,-1.188718,0,80.40334,80.27798,72.48
101,2025,93,107,35,986.6161,80.55183,53.4832,81.08417,6.7424,156.7,-1.584964,0,80.37819,80.25294,72.54
101,2025,93,107,40,986.6161,80.67447,53.65353,81.08417,5.6056,163.3,-1.584964,0,80.37819,80.25294,72.54
101,2025,93,107,45,986.6161,80.67447,53.41507,81.13492,6.3308,150.9,-1.981205,0,80.40334,80.25294,72.83
101,2025,93,107,50,986.6161,80.55183,53.4832,81.13492,5.7624,120.7,-1.981205,0,80.40334,80.25294,72.74
101,2025,93,107,55,986.6161,80.61315,53.34694,81.18562,5.1352,144.3,-1.584964,0,80.42839,80.25294,72.52
101,2025,93,108,0,986.6161,80.61315,53.34694,81.18562,5.1548,159.8,-1.981205,0,80.42839,80.25294,72.6
101,2025,93,108,5,986.6161,80.61315,53.27881,81.21106,6.958,154.1,-2.377445,0,80.45349,80.25294,72.88
101,2025,93,108,10,986.6161,80.67447,53.21068,81.23643,4.998,158.8,-1.584964,0,80.50375,80.27798,72.93
101,2025,93,108,15,986.6161,80.7971,53.27881,81.21106,4.4296,170.1,-1.584964,0,80.52886,80.27798,72.97
101,2025,93,108,20,986.6161,80.61315,53.27881,81.23643,4.2336,158.3,-1.188723,0,80.52886,80.27798,72.78
101,2025,93,108,25,986.6161,80.67447,53.24474,81.21106,4.9588,179,-1.981205,0,80.55402,80.27798,72.77
101,2025,93,108,30,986.6161,80.73579,53.17661,81.18562,4.9196,151.1,-1.584964,0,80.55402,80.30309,72.91
101,2025,93,108,35,986.6161,80.73579,53.17661,81.23643,5.5664,131.5,-1.584964,0,80.57918,80.30309,73.04
101,2025,93,108,40,986.4907,80.67447,53.24474,81.23643,4.8804,149.8,-1.584964,0,80.60434,80.32809,73.02
101,2025,93,108,45,986.6161,80.7971,53.21068,81.23643,3.4692,143.5,-1.584964,0,80.6295,80.32809,72.97
101,2025,93,108,50,986.6161,80.73579,53.41507,81.23643,3.136,159.3,-1.981205,0,80.6295,80.32809,72.85
101,2025,93,108,55,986.6161,80.73579,53.381,81.18562,3.6064,172.8,-1.584964,0,80.60434,80.32809,72.81
101,2025,93,109,0,986.6161,80.67447,53.34694,81.16025,4.0768,164.1,-1.188723,0,80.60434,80.30309,72.79
101,2025,93,109,5,986.6161,80.73579,53.21068,81.16025,5.2332,166.8,-1.584964,0,80.57918,80.27798,72.86
101,2025,93,109,10,986.7415,80.61315,53.41507,81.13492,4.5668,179,-1.584964,0,80.55402,80.27798,72.83
101,2025,93,109,15,986.6161,80.61315,53.44914,81.13492,4.0376,177.6,-2.377445,0,80.52886,80.25294,72.65
101,2025,93,109,20,986.7415,80.67447,53.14255,81.13492,4.7236,169.3,-1.981205,0,80.50375,80.22795,72.62
101,2025,93,109,25,986.7415,80.67447,53.31287,81.13492,5.7428,157.5,-1.584964,0,80.47865,80.22795,72.68
101,2025,93,109,30,986.6161,80.67447,53.44914,81.1347,5.9976,154.1,-1.98118,0,80.47844,80.20268,72.82
101,2025,93,109,35,986.7415,80.67447,53.31287,81.1347,5.3312,127.7,-1.98118,0,80.45328,80.17763,72.8
101,2025,93,109,40,986.6161,80.67447,53.34694,81.1347,5.292,161.2,-1.98118,0,80.45328,80.17763,72.75
101,2025,93,109,45,986.6161,80.61315,53.44914,81.1347,4.9588,172.6,-1.584944,0,80.45328,80.17763,72.73
101,2025,93,109,50,986.6788,80.55183,53.4832,81.1347,5.6252,165.7,-1.188708,0,80.45328,80.17763,72.82
101,2025,93,109,55,986.7415,80.67447,53.381,81.1347,5.8604,167.8,-1.584944,0,80.45328,80.17763,72.82
101,2025,93,110,0,986.7415,80.67447,53.31287,81.1347,5.0372,166.3,-1.98118,0,80.45328,80.17763,72.88
101,2025,93,110,5,986.8668,80.55183,53.34694,81.16008,5.1744,165.2,-1.584944,0,80.45328,80.17763,72.91
101,2025,93,110,10,986.7415,80.49051,53.21068,81.16008,5.586,152.3,-1.188708,0,80.45328,80.17763,72.89
101,2025,93,110,15,986.7415,80.67447,53.17661,81.18546,4.998,166.1,-1.584944,0,80.45328,80.17763,72.92
101,2025,93,110,20,986.7415,80.73579,53.24474,81.18546,5.2528,176.2,-1.584944,0,80.47844,80.17763,72.96
101,2025,93,110,25,986.7415,80.67447,53.27881,81.18546,4.9196,174.3,-1.584944,0,80.47844,80.17763,72.98
101,2025,93,110,30,986.7415,80.67447,53.31287,81.16008,5.2332,182.7,-1.584944,0,80.50354,80.17763,72.98
101,2025,93,110,35,986.7415,80.61315,53.44914,81.18546,4.6844,163.1,-1.584944,0,80.47844,80.20268,72.91
101,2025,93,110,40,986.7415,80.73579,53.381,81.16008,4.1552,174.5,-1.584944,0,80.47844,80.17763,72.81
101,2025,93,110,45,986.6161,80.7971,53.27881,81.16008,5.194,176.1,-1.584944,0,80.45328,80.17763,72.84
101,2025,93,110,50,986.6161,80.61315,53.41507,81.18546,5.2528,183.3,-1.98118,0,80.45328,80.17763,72.87
101,2025,93,110,55,986.6161,80.61315,53.34694,81.18546,4.3512,155.4,-1.584944,0,80.47844,80.17763,72.91
101,2025,93,111,0,986.7415,80.55183,53.27881,81.18546,3.6456,174.4,-1.584944,0,80.47844,80.22772,72.84
101,2025,93,111,5,986.6161,80.73579,53.24474,81.18546,2.94,167.4,-1.584944,0,80.47844,80.22772,72.9
101,2025,93,111,10,986.6161,80.67447,53.31287,81.16008,3.7436,138.9,-1.98118,0,80.50354,80.22772,72.82
101,2025,93,111,15,986.7415,80.67447,53.31287,81.18546,4.0572,168.9,-1.584944,0,80.47844,80.22772,72.71
101,2025,93,111,20,986.7415,80.67447,53.41507,81.1347,3.3712,175.7,-1.584944,0,80.47844,80.22772,72.67
101,2025,93,111,25,986.7415,80.73579,53.4832,81.13663,4.4688,181.1,-1.18871,0,80.45525,80.20461,72.67
101,2025,93,111,30,986.6161,80.55183,53.41507,81.13663,4.9196,183.8,-1.584947,0,80.43015,80.17961,72.71
101,2025,93,111,35,986.6161,80.61315,53.44914,81.13663,3.9788,138.1,-1.584947,0,80.43015,80.17961,72.64
101,2025,93,111,40,986.6161,80.67447,53.61946,81.13663,3.5084,148.9,-1.584947,0,80.43015,80.17961,72.6
101,2025,93,111,45,986.7415,80.67447,53.55133,81.13663,3.234,157.9,-1.584947,0,80.38,80.15462,72.66
101,2025,93,111,50,986.6161,80.55183,53.55133,81.13663,3.8612,150.7,-1.584947,0,80.38,80.15462,72.6
101,2025,93,111,55,986.6161,80.61315,53.61946,81.13663,3.7044,140.9,-1.584947,0,80.35489,80.12962,72.62
101,2025,93,112,0,986.7415,80.61315,53.44914,81.13663,5.096,142.3,-1.981183,0,80.35489,80.12962,72.52
101,2025,93,112,5,986.6788,80.49051,53.55133,81.13663,4.3512,149,-1.981183,0,80.35489,80.12962,72.58
101,2025,93,112,10,986.6161,80.55183,53.4832,81.13663,3.9004,142.9,-1.981183,0,80.38,80.12962,72.44
101,2025,93,112,15,986.6161,80.61315,53.44914,81.13663,4.312,148.7,-1.584947,0,80.38,80.12962,72.34
101,2025,93,112,20,986.6161,80.55183,53.5854,81.13663,4.8412,157.9,-1.981183,0,80.43015,80.12962,72.69
101,2025,93,112,25,986.6161,80.67447,53.55133,81.13663,4.1552,168.1,-1.584947,0,80.45525,80.15462,72.83
101,2025,93,112,30,986.6161,80.55183,53.41507,81.13663,3.8612,180.4,-1.18871,0,80.48036,80.17961,72.61
101,2025,93,112,35,986.6161,80.61315,53.41507,81.13663,3.136,191.9,-1.584947,0,80.48036,80.17961,72.55
101,2025,93,112,40,986.6161,80.61315,53.4832,81.1113,3.3124,165.4,-1.584947,0,80.48036,80.15462,72.54
101,2025,93,112,45,986.6161,80.55183,53.34694,81.08598,4.1552,166.3,-1.981183,0,80.45525,80.15462,72.6
101,2025,93,112,50,986.6161,80.49051,53.381,81.08598,4.3708,152.1,-1.981183,0,80.45525,80.15462,72.76
101,2025,93,112,55,986.6161,80.49051,53.4832,81.08598,3.5672,165.3,-1.981183,0,80.48036,80.15462,72.75
101,2025,93,113,0,986.6161,80.67447,53.34694,81.08598,3.4692,160.8,-1.584947,0,80.48036,80.15462,72.69
101,2025,93,113,5,986.6161,80.49051,53.381,81.08598,3.92,153.1,-1.584947,0,80.48036,80.15462,72.7
101,2025,93,113,10,986.6161,80.61315,53.44914,81.08598,4.0376,140.8,-1.981183,0,80.45525,80.15462,72.68
101,2025,93,113,15,986.6161,80.61315,53.5854,81.0606,3.2928,163.5,-1.981183,0,80.43015,80.15462,72.55
101,2025,93,113,20,986.6161,80.61315,53.61946,81.0606,3.4692,134.1,-1.981183,0,80.40504,80.15462,72.48
101,2025,93,113,25,986.6161,80.61315,53.75573,81.06241,4.3512,134,-1.981189,0,80.3817,80.13143,72.44
101,2025,93,113,30,986.6161,80.61315,53.6876,81.06241,4.6844,141.6,-1.584951,0,80.35665,80.13143,72.28
101,2025,93,113,35,986.6161,80.67447,53.55133,81.08779,5.0764,148.4,-1.584951,0,80.35665,80.10638,72.4
101,2025,93,113,40,986.6161,80.55183,53.6876,81.08779,5.4292,144.1,-1.188713,0,80.35665,80.10638,72.4
101,2025,93,113,45,986.6161,80.55183,53.61946,81.08779,5.292,148.2,-1.584951,0,80.3817,80.08144,72.43
101,2025,93,113,50,986.5535,80.61315,53.75573,81.13844,6.0172,143.9,-1.584951,0,80.43191,80.10638,72.61
101,2025,93,113,55,986.6161,80.61315,53.5854,81.11311,4.8608,140.7,-1.584951,0,80.43191,80.13143,72.63
101,2025,93,114,0,986.6161,80.55183,53.4832,81.08779,4.704,150.4,-1.981189,0,80.43191,80.13143,72.38
101,2025,93,114,5,986.6161,80.42919,53.65353,81.08779,4.7628,152.1,-1.981189,0,80.43191,80.13143,72.38
101,2025,93,114,10,986.6161,80.55183,53.72166,81.08779,5.1352,157.4,-1.584951,0,80.43191,80.13143,72.45
101,2025,93,114,15,986.6161,80.55183,53.61946,81.08779,5.0372,161.5,-1.584951,0,80.4068,80.10638,72.53
101,2025,93,114,20,986.5535,80.61315,53.82386,81.08779,4.41,163.6,-1.188713,0,80.3817,80.13143,72.41
101,2025,93,114,25,986.6161,80.67447,53.82386,81.08779,4.1944,161.3,-1.584951,0,80.35665,80.08144,72.28
101,2025,93,114,30,986.6161,80.61315,53.72166,81.08779,3.6848,145.4,-1.584951,0,80.3316,80.08144,72.13
101,2025,93,114,35,986.6161,80.61315,53.6876,81.03703,3.4104,144.9,-1.584951,0,80.3316,80.0565,72.24
101,2025,93,114,40,986.6161,80.67447,53.61946,81.03703,4.3512,165.2,-1.981189,0,80.28151,80.03151,72.26
101,2025,93,114,45,986.6161,80.55183,53.85793,81.03703,3.4104,154,-1.981189,0,80.28151,80.03151,72.32
101,2025,93,114,50,986.6161,80.55183,53.89199,81.03703,3.9396,157.1,-2.377427,0,80.3065,80.03151,72.33
101,2025,93,114,55,986.5535,80.67447,53.92606,81.03703,4.7432,139.5,-2.377427,0,80.3065,80.03151,72.43
101,2025,93,115,0,986.4907,80.49051,53.72166,81.03703,4.1944,138.1,-1.981189,0,80.28151,80.00658,72.22
101,2025,93,115,5,986.4907,80.55183,53.89199,81.03703,4.4492,159.1,-1.981189,0,80.28151,80.00658,72.16
101,2025,93,115,10,986.4907,80.42919,53.82386,80.98644,4.0964,136,-2.377427,0,80.28151,79.98163,72.18
101,2025,93,115,15,986.5535,80.42919,53.75573,80.98644,4.5668,139.6,-2.377427,0,80.28151,79.98163,72.45
101,2025,93,115,20,986.4907,80.36787,53.72166,80.98193,5.292,141.1,-1.584952,0,80.27711,79.97723,72.25
101,2025,93,115,25,986.4907,80.55183,53.75573,80.98193,5.194,140,-1.981191,0,80.27711,79.97723,72.25
101,2025,93,115,30,986.5535,80.49051,53.78979,80.95667,3.7632,168.1,-1.584952,0,80.25206,79.97723,72.26
101,2025,93,115,35,986.4907,80.36787,53.82386,80.95667,3.0968,176.9,-1.584952,0,80.27711,79.97723,72.14
101,2025,93,115,40,986.4907,80.49051,53.92606,80.93135,2.7832,155.5,-1.981191,0,80.27711,79.9523,72.17
101,2025,93,115,45,986.4907,80.55183,53.89199,80.93135,3.3712,141,-1.584952,0,80.27711,79.9523,72.23
101,2025,93,115,50,986.4907,80.42919,53.82386,80.93135,3.2144,144.3,-1.188714,0,80.27711,79.97723,72.24
101,2025,93,115,55,986.4907,80.55183,53.96012,80.90602,2.7244,146.2,-1.584952,0,80.27711,79.9523,72.26
101,2025,93,116,0,986.4907,80.55183,53.92606,80.88081,2.2148,150.2,-1.981191,0,80.25206,79.9523,72.1
101,2025,93,116,5,986.5535,80.42919,53.78979,80.88081,3.2732,135.8,-1.981191,0,80.25206,79.9523,72.12
101,2025,93,116,10,986.4907,80.49051,53.82386,80.85555,3.3124,157.3,-1.981191,0,80.25206,79.9523,72.16
101,2025,93,116,15,986.4907,80.61315,53.78979,80.85555,2.842,157.9,-2.377429,0,80.25206,79.9523,72.14
101,2025,93,116,20,986.4907,80.61315,53.89199,80.83028,2.6264,155.9,-1.981191,0,80.25206,79.92741,72.17
101,2025,93,116,25,986.5535,80.49051,53.96012,80.83028,3.038,162.2,-1.584952,0,80.22701,79.92741,72.18
101,2025,93,116,30,986.5535,80.42919,53.96012,80.83028,3.1164,146.1,-1.584952,0,80.22701,79.92741,72.14
101,2025,93,116,35,986.4907,80.36787,53.99419,80.77985,3.1556,140.5,-1.981191,0,80.20207,79.92741,72.09
101,2025,93,116,40,986.4907,80.42919,54.06232,80.77985,3.9592,144.6,-1.584952,0,80.17702,79.92741,72.04
101,2025,93,116,45,986.4907,80.49051,54.09639,80.77985,3.43,178.1,-1.584952,0,80.15198,79.87765,71.97
101,2025,93,116,50,986.4907,80.49051,54.02826,80.77985,3.4888,151.4,-1.981191,0,80.15198,79.87765,72.03
101,2025,93,116,55,986.4907,80.42919,54.13045,80.77985,3.92,147.3,-2.377429,0,80.15198,79.87765,72.04
101,2025,93,117,0,986.4907,80.36787,54.13045,80.77985,2.9792,150.9,-2.377429,0,80.12704,79.85271,72
101,2025,93,117,5,986.4907,80.36787,54.06232,80.77985,2.4304,150.3,-1.981191,0,80.12704,79.85271,72.14
101,2025,93,117,10,986.4281,80.24524,54.09639,80.75458,2.9204,174.1,-1.981191,0,80.12704,79.82788,72.17
101,2025,93,117,15,986.4907,80.30656,54.19859,80.75518,3.43,150.9,-1.981195,0,80.10259,79.82843,72.05
101,2025,93,117,20,986.4907,80.18392,54.23265,80.7804,5.5076,150.2,-2.377434,0,80.07765,79.82843,72.21
101,2025,93,117,25,986.4907,80.49051,54.06232,80.7804,6.0956,166.9,-2.377434,0,80.07765,79.82843,72.44
101,2025,93,117,30,986.3654,80.30656,54.02826,80.83093,6.3112,144.7,-1.981195,0,80.12764,79.82843,72.69
101,2025,93,117,35,986.5535,80.18392,54.06232,80.83093,6.7816,158.2,-1.981195,0,80.12764,79.85332,72.71
101,2025,93,117,40,986.4907,80.42919,53.96012,80.88141,7.2324,150,-1.584956,0,80.15258,79.85332,72.82
101,2025,93,117,45,986.4907,80.36787,54.13045,80.88141,5.8016,160.3,-1.981195,0,80.17757,79.87814,72.64
101,2025,93,117,50,986.4907,80.36787,54.09639,80.88141,6.7424,156.3,-1.584956,0,80.17757,79.87814,72.87
101,2025,93,117,55,986.3654,80.30656,53.99419,80.88141,5.5272,138.7,-1.584956,0,80.22762,79.90314,72.94
101,2025,93,118,0,986.4907,80.55183,53.99419,80.88141,5.3312,145.9,-1.981195,0,80.25261,79.92802,72.76
101,2025,93,118,5,986.4907,80.30656,54.13045,80.88141,6.0564,142.6,-1.981195,0,80.25261,79.9529,72.68
101,2025,93,118,10,986.4907,80.30656,54.16452,80.88141,4.5668,153.6,-2.377434,0,80.25261,79.9529,72.57
101,2025,93,118,15,986.4907,80.36787,54.13045,80.88141,3.4692,167,-1.981195,0,80.22762,79.97784,72.32
101,2025,93,118,20,986.4907,80.36787,54.06232,80.88141,3.6848,163,-2.377434,0,80.22762,79.92802,72.25
101,2025,93,118,25,986.4907,80.42919,54.09639,80.88141,4.5276,157,-1.584956,0,80.20257,79.92802,72.46
101,2025,93,118,30,986.4907,80.42919,54.06232,80.88141,5.1548,161.7,-1.981195,0,80.22762,79.92802,72.61
101,2025,93,118,35,986.4907,80.42919,54.13045,80.88141,4.4492,153.7,-1.584956,0,80.22762,79.9529,72.71
101,2025,93,118,40,986.4907,80.42919,54.02826,80.88141,4.2924,170.2,-1.981195,0,80.25261,79.97784,72.54
101,2025,93,118,45,986.4907,80.36787,53.99419,80.85614,3.9396,145.6,-1.981195,0,80.27766,79.97784,72.43
101,2025,93,118,50,986.3654,80.24524,54.13045,80.88141,4.3708,144.9,-1.981195,0,80.27766,79.97784,72.26
101,2025,93,118,55,986.3654,80.36787,54.36891,80.88141,5.7428,150.7,-1.981195,0,80.25261,79.97784,72.18
101,2025,93,119,0,986.3654,80.36787,54.30078,80.88141,5.3312,161.1,-1.981195,0,80.25261,79.9529,72.3
101,2025,93,119,5,986.4281,80.36787,54.06232,80.93195,4.606,154.2,-1.981195,0,80.25261,79.9529,72.44
101,2025,93,119,10,986.3654,80.24524,54.09639,80.9325,3.822,156.9,-1.981195,0,80.25316,79.95351,72.4
101,2025,93,119,15,986.3654,80.30656,54.16452,80.9325,4.7432,163,-1.584956,0,80.25316,79.95351,72.38
101,2025,93,119,20,986.3654,80.42919,54.16452,80.9325,5.3312,141.8,-1.584956,0,80.22816,79.95351,72.36
101,2025,93,119,25,986.3654,80.30656,54.02826,80.9325,5.0764,126.8,-1.584956,0,80.22816,79.95351,72.36
101,2025,93,119,30,986.3654,80.42919,54.06232,80.9325,4.3708,167.2,-1.188717,0,80.22816,79.92857,72.23
101,2025,93,119,35,986.3654,80.36787,54.13045,80.9325,3.2928,131.6,-1.981195,0,80.22816,79.92857,72.29
101,2025,93,119,40,986.3654,80.49051,54.23265,80.90723,2.6656,163.2,-1.584956,0,80.22816,79.92857,72.2
101,2025,93,119,45,986.3654,80.36787,54.13045,80.88196,2.6264,146.4,-1.584956,0,80.20312,79.92857,72.34
101,2025,93,119,50,986.3654,80.30656,54.09639,80.88196,4.3512,142.3,-1.584956,0,80.20312,79.92857,72.31
101,2025,93,119,55,986.3654,80.24524,53.99419,80.88196,4.8412,138.4,-1.584956,0,80.22816,79.92857,72.3
101,2025,93,120,0,986.3654,80.36787,54.06232,80.88196,4.9196,128.7,-1.584956,0,80.17812,79.92857,72.17
101,2025,93,120,5,986.3654,80.49051,54.02826,80.85669,4.2728,138.5,-1.584956,0,80.17812,79.90369,72.18
101,2025,93,120,10,986.3654,80.36787,54.06232,80.83142,4.4688,150.9,-1.584956,0,80.17812,79.90369,72.37
101,2025,93,120,15,986.3654,80.30656,54.26672,80.83142,4.802,156.2,-1.584956,0,80.17812,79.87875,72.49
101,2025,93,120,20,986.3654,80.36787,54.47111,80.781,4.7824,145.1,-1.584956,0,80.15313,79.87875,72.4
101,2025,93,120,25,986.3654,80.30656,54.6755,80.781,4.9588,160,-1.584956,0,80.10314,79.87875,72.4
101,2025,93,120,30,986.3654,80.36787,54.57331,80.781,4.606,159.3,-1.584956,0,80.10314,79.85391,72.49
101,2025,93,120,35,986.4281,80.36787,54.40298,80.781,4.8804,142.1,-1.584956,0,80.0782,79.85391,72.45
101,2025,93,120,40,986.3654,80.1226,54.16452,80.781,4.7432,172.2,-1.584956,0,80.12819,79.85391,72.63
101,2025,93,120,45,986.3654,80.24524,54.13045,80.781,4.3512,169.9,-1.981195,0,80.15313,79.87875,72.66
101,2025,93,120,50,986.3654,80.42919,54.16452,80.781,4.5668,164.1,-2.377434,0,80.17812,79.87875,72.73
101,2025,93,120,55,986.3654,80.30656,54.09639,80.80621,3.9004,144.4,-1.981195,0,80.20312,79.92857,72.67
101,2025,93,121,0,986.4281,80.24524,54.16452,80.80621,4.0768,129.8,-1.584956,0,80.22816,79.92857,72.63
101,2025,93,121,5,986.3654,80.36787,54.33485,80.78143,3.9788,137.7,-1.981193,0,80.20367,79.92906,72.36
101,2025,93,121,10,986.3654,80.30656,54.33485,80.78143,3.7044,130.5,-2.377431,0,80.20367,79.92906,72.15
101,2025,93,121,15,986.3654,80.24524,54.16452,80.78143,4.2924,132.6,-1.981193,0,80.17862,79.92906,72.19
101,2025,93,121,20,986.3654,80.30656,54.30078,80.78143,4.0376,163.7,-1.981193,0,80.17862,79.92906,72.32
101,2025,93,121,25,986.3654,80.36787,54.36891,80.75623,2.3912,143.5,-1.584954,0,80.15363,79.90413,72.3
101,2025,93,121,30,986.3654,80.24524,54.23265,80.73101,3.3516,151.9,-1.584954,0,80.15363,79.90413,72.35
101,2025,93,121,35,986.3654,80.24524,54.23265,80.73101,3.9004,157.9,-1.981193,0,80.15363,79.90413,72.47
101,2025,93,121,40,986.3654,80.36787,54.36891,80.73101,2.7636,173.5,-1.981193,0,80.15363,79.92906,72.35
101,2025,93,121,45,986.3654,80.30656,54.47111,80.73101,2.8224,128.3,-1.981193,0,80.15363,79.90413,72.15
101,2025,93,121,50,986.3654,80.42919,54.47111,80.68059,3.4888,169.8,-1.981193,0,80.12863,79.90413,72.21
101,2025,93,121,55,986.3654,80.24524,54.36891,80.68059,3.4692,150.3,-1.584954,0,80.12863,79.87924,72.21
101,2025,93,122,0,986.3654,80.18392,54.26672,80.68059,3.724,165.7,-1.981193,0,80.10369,79.87924,72.37
101,2025,93,122,5,986.3654,80.24524,54.26672,80.65543,3.2732,128,-2.377431,0,80.10369,79.87924,72.28
101,2025,93,122,10,986.3654,80.18392,54.33485,80.68059,3.9592,139.4,-1.981193,0,80.10369,79.87924,72.14
101,2025,93,122,15,986.3027,80.24524,54.40298,80.68059,5.3116,127.2,-1.981193,0,80.10369,79.87924,72.16
101,2025,93,122,20,986.3027,80.18392,54.23265,80.73101,5.1744,140.3,-1.584954,0,80.0787,79.85435,72.01
101,2025,93,122,25,986.24,80.24524,54.36891,80.75623,6.3112,138.1,-1.584954,0,80.05376,79.82947,71.97
101,2025,93,122,30,986.3654,80.18392,54.26672,80.78143,6.1936,135.3,-1.981193,0,80.05376,79.82947,72.07
101,2025,93,122,35,986.3027,80.18392,54.30078,80.78143,5.0568,160.7,-1.981193,0,80.05376,79.82947,72.32
101,2025,93,122,40,986.3027,80.1226,54.33485,80.78143,3.7632,192.4,-2.377431,0,80.0787,79.82947,72.26
101,2025,93,122,45,986.3654,80.36787,54.33485,80.78143,3.5868,172,-1.981193,0,80.05376,79.82947,72.21
101,2025,93,122,50,986.3654,80.36787,54.36891,80.78143,3.43,159.3,-1.981193,0,80.02876,79.80464,72.19
101,2025,93,122,55,986.3654,80.30656,54.33485,80.75623,3.2928,130,-1.981193,0,80.02876,79.77975,72.23
101,2025,93,123,0,986.3654,80.24524,54.50518,80.75623,3.0184,145.7,-1.584954,0,80.02876,79.77975,72.27
101,2025,93,123,5,986.3654,80.1226,54.36891,80.73546,3.626,144.6,-1.981195,0,80.00822,79.7841,72.32
101,2025,93,123,10,986.3654,80.24524,54.36891,80.73546,4.7628,149.7,-1.584956,0,80.03316,79.7841,72.42
101,2025,93,123,15,986.3654,80.36787,54.23265,80.73546,6.1152,144.6,-1.584956,0,80.03316,79.7841,72.45
101,2025,93,123,20,986.24,80.06129,54.30078,80.76073,7.7812,142.9,-1.981195,0,80.08309,79.80898,72.53
101,2025,93,123,25,986.3654,80.18392,54.33485,80.78594,8.3888,151.6,-1.981195,0,80.13303,79.83386,72.6
101,2025,93,123,30,986.3654,80.36787,54.16452,80.83636,8.486799,144.4,-1.981195,0,80.15802,79.83386,72.74
101,2025,93,123,35,986.3654,80.1226,54.19859,80.83636,6.7228,161.7,-1.981195,0,80.20806,79.85875,72.74
101,2025,93,123,40,986.3027,80.30656,54.19859,80.86169,7.6244,154,-1.981195,0,80.2581,79.88364,72.93
101,2025,93,123,45,986.3654,80.30656,54.16452,80.8869,7.7028,159.1,-1.981195,0,80.28316,79.93346,72.97
101,2025,93,123,50,986.3654,80.36787,54.13045,80.9375,7.6048,153.7,-1.584956,0,80.3082,79.93346,73.01
101,2025,93,123,55,986.3654,80.30656,54.06232,80.9375,6.468,148.9,-1.981195,0,80.3082,79.9584,73.02
101,2025,93,124,0,986.3654,80.36787,54.06232,80.96277,6.0368,150.9,-1.584956,0,80.3082,79.9584,73.1
101,2025,93,124,5,986.3654,80.30656,54.09639,80.96277,4.998,130.5,-1.584956,0,80.33325,79.98328,72.9
101,2025,93,124,10,986.3027,80.30656,54.02826,80.9375,5.4684,152.9,-1.584956,0,80.3583,80.03316,73.11
101,2025,93,124,15,986.24,80.24524,54.09639,80.9375,6.0172,162.5,-1.981195,0,80.3583,80.03316,73.07
101,2025,93,124,20,986.3654,80.36787,54.02826,80.9375,4.9392,163,-1.584956,0,80.3583,80.05815,73.03
101,2025,93,124,25,986.3654,80.36787,54.13045,80.9375,5.2724,158.7,-1.981195,0,80.3583,80.05815,73
101,2025,93,124,30,986.3654,80.36787,54.16452,80.9375,6.1152,153.7,-2.377434,0,80.33325,80.05815,73.02
101,2025,93,124,35,986.3654,80.42919,54.09639,80.91223,4.7432,118.7,-1.981195,0,80.3583,80.05815,73.12
101,2025,93,124,40,986.3654,80.42919,54.33485,80.8869,3.43,99.7,-1.584956,0,80.3583,80.05815,72.82
101,2025,93,124,45,986.3654,80.36787,54.30078,80.86169,3.1948,158.8,-1.584956,0,80.33325,80.05815,72.73
101,2025,93,124,50,986.3027,80.36787,54.23265,80.83636,3.3124,127.8,-1.981195,0,80.28316,80.03316,72.59
101,2025,93,124,55,986.24,80.42919,54.19859,80.83636,5.096,139,-1.981195,0,80.2581,80.03316,72.57
101,2025,93,125,0,986.24,80.36787,54.19859,80.80687,5.2528,136.1,-1.981199,0,80.25388,80.00399,72.47
101,2025,93,125,5,986.3027,80.36787,54.23265,80.7816,4.3708,152.7,-1.584959,0,80.25388,79.97905,72.36
101,2025,93,125,10,986.24,80.24524,54.19859,80.7816,4.7236,161.1,-1.584959,0,80.22888,79.97905,72.42
101,2025,93,125,15,986.24,80.42919,54.26672,80.80687,6.134799,134.8,-1.188719,0,80.25388,79.97905,72.58
101,2025,93,125,20,986.24,80.36787,54.26672,80.7816,5.2136,135.9,-1.584959,0,80.22888,79.97905,72.41
101,2025,93,125,25,986.24,80.36787,54.26672,80.7816,4.018,124.2,-1.584959,0,80.22888,79.95416,72.43
101,2025,93,125,30,986.3654,80.36787,54.26672,80.7816,3.7436,148.2,-1.584959,0,80.22888,79.95416,72.51
101,2025,93,125,35,986.3654,80.30656,54.30078,80.7816,4.8412,143.3,-1.584959,0,80.22888,79.95416,72.63
101,2025,93,125,40,986.3654,80.24524,54.30078,80.7816,4.4688,153.5,-1.584959,0,80.25388,79.97905,72.74
101,2025,93,125,45,986.24,80.30656,54.23265,80.7816,4.8216,169.5,-1.188719,0,80.25388,79.95416,72.7
101,2025,93,125,50,986.3654,80.30656,54.23265,80.7816,6.174,150.4,-1.584959,0,80.22888,79.95416,72.66
101,2025,93,125,55,986.3654,80.36787,54.43704,80.80687,6.566,162.1,-1.584959,0,80.25388,79.95416,72.86
101,2025,93,126,0,986.3027,80.30656,54.47111,80.83214,5.5076,137.4,-1.981199,0,80.25388,79.97905,72.79
101,2025,93,126,5,986.3654,80.36787,54.26672,80.85735,6.0564,153.1,-1.584959,0,80.27887,80.00399,72.94
101,2025,93,126,10,986.3654,80.30656,54.09639,80.88262,5.3508,154.6,-1.981199,0,80.27887,80.02893,73.06
101,2025,93,126,15,986.3654,80.24524,54.02826,80.88262,6.566,137.9,-1.584959,0,80.32896,80.02893,73.1
101,2025,93,126,20,986.3654,80.30656,54.13045,80.88262,6.1544,148.1,-1.584959,0,80.35406,80.05386,73.12
101,2025,93,126,25,986.3654,80.36787,54.16452,80.88262,6.272,153.9,-1.584959,0,80.35406,80.07881,72.98
101,2025,93,126,30,986.3654,80.36787,54.23265,80.88262,4.802,167.2,-1.188719,0,80.35406,80.07881,72.89
101,2025,93,126,35,986.3654,80.36787,54.30078,80.88262,3.0184,115.9,-1.188719,0,80.32896,80.07881,72.68
101,2025,93,126,40,986.3654,80.24524,54.43704,80.88262,4.41,137.5,-1.584959,0,80.30392,80.05386,72.57
101,2025,93,126,45,986.3654,80.36787,54.33485,80.88262,4.704,142.3,-1.584959,0,80.27887,80.02893,72.44
101,2025,93,126,50,986.24,80.36787,54.02826,80.90794,4.8216,136.5,-1.584959,0,80.27887,80.02893,72.44
101,2025,93,126,55,986.3027,80.24524,53.99419,80.88339,4.4688,154.3,-1.981204,0,80.27959,80.02965,72.49
101,2025,93,127,0,986.3027,80.36787,53.99419,80.88339,4.4688,145.7,-1.584963,0,80.32968,80.02965,72.75
101,2025,93,127,5,986.3027,80.42919,54.23265,80.9086,4.2924,164.4,-1.584963,0,80.35473,80.02965,72.63
101,2025,93,127,10,986.3654,80.30656,54.09639,80.88339,3.822,166.5,-1.981204,0,80.35473,80.05458,72.82
101,2025,93,127,15,986.3654,80.36787,54.23265,80.88339,4.802,158.5,-1.584963,0,80.35473,80.07952,72.75
101,2025,93,127,20,986.3654,80.42919,54.23265,80.88339,3.9592,154.4,-1.188722,0,80.35473,80.07952,72.68
101,2025,93,127,25,986.3654,80.36787,54.23265,80.85806,3.2144,146.3,-1.584963,0,80.32968,80.07952,72.7
101,2025,93,127,30,986.3654,80.36787,54.36891,80.83286,3.0772,171.8,-1.584963,0,80.32968,80.05458,72.42
101,2025,93,127,35,986.24,80.30656,54.30078,80.83286,2.5872,165,-1.188722,0,80.27959,80.02965,72.21
101,2025,93,127,40,986.3027,80.30656,54.13045,80.78232,2.2148,137.9,-1.188722,0,80.27959,80.02965,72.29
101,2025,93,127,45,986.3027,80.36787,54.23265,80.7571,3.1556,122.6,-1.584963,0,80.25453,80.02965,72.34
101,2025,93,127,50,986.3654,80.42919,54.33485,80.73189,3.8024,158.2,-1.584963,0,80.22948,80.0047,72.37
101,2025,93,127,55,986.3027,80.36787,54.16452,80.73189,5.3312,156.1,-1.584963,0,80.22948,79.97977,72.56
101,2025,93,128,0,986.24,80.36787,54.30078,80.73189,5.88,134.6,-1.584963,0,80.22948,79.97977,72.54
101,2025,93,128,5,986.24,80.42919,54.13045,80.73189,5.684,162.4,-1.584963,0,80.22948,79.97977,72.38
101,2025,93,128,10,986.3654,80.42919,54.23265,80.73189,4.8216,160.1,-1.584963,0,80.22948,79.97977,72.53
101,2025,93,128,15,986.3027,80.42919,54.23265,80.73189,5.0176,173.3,-1.584963,0,80.22948,79.95483,72.47
101,2025,93,128,20,986.1146,80.30656,54.09639,80.73189,4.6648,171.1,-1.584963,0,80.20454,79.95483,72.64
101,2025,93,128,25,986.1146,80.36787,54.06232,80.73189,6.3504,168.7,-1.584963,0,80.22948,79.95483,72.59
101,2025,93,128,30,986.24,80.42919,54.06232,80.7571,7.467599,146.2,-1.981204,0,80.25453,79.97977,72.59
101,2025,93,128,35,986.24,80.24524,54.02826,80.7571,5.2724,159.7,-1.188722,0,80.25453,79.97977,72.66
101,2025,93,128,40,986.24,80.36787,53.99419,80.78232,4.6648,177.8,-1.584963,0,80.27959,79.97977,72.61
101,2025,93,128,45,986.24,80.36787,54.06232,80.7571,3.9592,161.8,-1.584963,0,80.27959,79.97977,72.57
101,2025,93,128,50,986.24,80.36787,54.09639,80.75738,3.92,151.9,-1.584947,0,80.25481,79.98004,72.63
101,2025,93,128,55,986.3027,80.42919,54.16452,80.73216,3.7436,149.7,-1.584947,0,80.22981,80.00497,72.55
101,2025,93,129,0,986.24,80.42919,54.13045,80.73216,3.6652,150.1,-1.584947,0,80.22981,79.98004,72.59
101,2025,93,129,5,986.3654,80.36787,54.19859,80.73216,4.3512,159.3,-1.584947,0,80.22981,79.9551,72.59
101,2025,93,129,10,986.24,80.36787,54.19859,80.68173,4.5276,148.9,-1.584947,0,80.20482,79.9551,72.51
101,2025,93,129,15,986.24,80.30656,54.23265,80.68173,5.1352,145,-1.981183,0,80.15478,79.9551,72.51
101,2025,93,129,20,986.24,80.30656,54.33485,80.68173,6.1544,146.5,-1.584947,0,80.12984,79.93022,72.42
101,2025,93,129,25,986.24,80.36787,54.19859,80.68173,7.1932,145.7,-1.18871,0,80.12984,79.90533,72.58
101,2025,93,129,30,986.1146,80.18392,54.16452,80.73216,7.3892,140,-1.584947,0,80.12984,79.93022,72.44
101,2025,93,129,35,986.24,80.30656,54.16452,80.75738,6.3112,147.1,-1.584947,0,80.15478,79.90533,72.3
101,2025,93,129,40,986.24,80.36787,54.23265,80.78265,5.978,151.3,-1.584947,0,80.15478,79.90533,72.41
101,2025,93,129,45,986.24,80.30656,54.19859,80.78265,5.9976,144.3,-1.584947,0,80.17977,79.90533,72.67
101,2025,93,129,50,986.1146,80.30656,54.23265,80.80786,6.6444,134.4,-1.584947,0,80.20482,79.93022,72.42
101,2025,93,129,55,986.1146,80.18392,54.16452,80.83313,6.468,142.3,-1.584947,0,80.17977,79.93022,72.3
101,2025,93,130,0,986.1146,80.30656,54.13045,80.83313,5.5272,146.1,-1.981183,0,80.17977,79.90533,72.24
101,2025,93,130,5,986.1146,80.30656,54.13045,80.83313,4.7628,143.5,-1.981183,0,80.17977,79.88034,72.28
101,2025,93,130,10,986.24,80.36787,54.06232,80.83313,4.4688,170.3,-1.981183,0,80.17977,79.88034,72.35
101,2025,93,130,15,986.24,80.36787,54.09639,80.80786,4.1356,163,-1.981183,0,80.20482,79.88034,72.61
101,2025,93,130,20,986.24,80.30656,54.16452,80.78265,3.9788,168,-1.584947,0,80.22981,79.90533,72.61
101,2025,93,130,25,986.24,80.30656,54.26672,80.75738,4.3512,146.2,-1.981183,0,80.22981,79.93022,72.52
101,2025,93,130,30,986.1146,80.49051,54.02826,80.75738,5.3116,168.7,-1.981183,0,80.22981,79.93022,72.53
101,2025,93,130,35,986.1774,80.36787,54.19859,80.78265,5.096,141,-1.584947,0,80.20482,79.93022,72.63
101,2025,93,130,40,986.1774,80.30656,54.40298,80.75738,4.8608,137.2,-1.981183,0,80.17977,79.93022,72.41
101,2025,93,130,45,986.1774,80.42919,54.36891,80.78308,5.3508,150.4,-1.584952,0,80.15527,79.88089,72.3
101,2025,93,130,50,986.1146,80.24524,54.23265,80.78308,7.1736,163.1,-1.584952,0,80.15527,79.88089,72.42
101,2025,93,130,55,986.1146,80.42919,54.30078,80.78308,6.8404,165.6,-1.584952,0,80.18032,79.90578,72.68
101,2025,93,131,0,986.1146,80.36787,54.09639,80.78308,5.8996,148.9,-1.584952,0,80.20526,79.93066,72.71
101,2025,93,131,5,986.1146,80.30656,54.16452,80.78308,6.5072,143.8,-1.584952,0,80.20526,79.90578,72.78
101,2025,93,131,10,986.1146,80.49051,54.30078,80.80835,5.8212,146.1,-1.981189,0,80.23031,79.93066,72.8
101,2025,93,131,15,986.1146,80.42919,54.33485,80.83357,6.37,149.9,-1.981189,0,80.20526,79.93066,72.64
101,2025,93,131,20,986.1146,80.30656,54.36891,80.83357,5.3116,136,-1.981189,0,80.18032,79.93066,72.68
101,2025,93,131,25,986.1146,80.42919,54.36891,80.83357,4.9,123.2,-1.584952,0,80.18032,79.93066,72.6
101,2025,93,131,30,986.1146,80.36787,54.36891,80.83357,4.7824,143.1,-1.584952,0,80.15527,79.93066,72.41
101,2025,93,131,35,986.1146,80.30656,54.40298,80.83357,5.1548,165.7,-1.584952,0,80.15527,79.90578,72.38
101,2025,93,131,40,986.1146,80.30656,54.30078,80.83357,5.5468,140.1,-1.188714,0,80.13022,79.88089,72.39
101,2025,93,131,45,986.1146,80.24524,54.19859,80.78308,5.0176,155.1,-1.584952,0,80.13022,79.88089,72.25
101,2025,93,131,50,986.1146,80.24524,54.16452,80.78308,5.3508,149.4,-1.584952,0,80.15527,79.88089,72.4
101,2025,93,131,55,986.1146,80.30656,54.30078,80.78308,5.39,135.8,-1.584952,0,80.15527,79.856,72.62
101,2025,93,132,0,986.1146,80.36787,54.23265,80.78308,6.8404,142.8,-1.188714,0,80.15527,79.88089,72.71
101,2025,93,132,5,986.1146,80.24524,54.30078,80.78308,7.4088,148.3,-1.188714,0,80.18032,79.88089,72.7
101,2025,93,132,10,986.1146,80.24524,54.13045,80.78308,6.566,150.4,-1.188714,0,80.20526,79.93066,72.65
101,2025,93,132,15,985.9893,80.42919,54.09639,80.78308,4.7236,148.3,-1.188714,0,80.20526,79.93066,72.46
101,2025,93,132,20,986.1146,80.36787,54.19859,80.78308,5.3508,144.1,-1.584952,0,80.20526,79.93066,72.36
101,2025,93,132,25,986.1146,80.42919,54.23265,80.78308,5.4684,150.2,-1.188714,0,80.18032,79.90578,72.46
101,2025,93,132,30,986.1146,80.18392,54.33485,80.78308,5.194,161.3,-1.584952,0,80.18032,79.88089,72.58
101,2025,93,132,35,986.1146,80.30656,54.40298,80.78308,4.9392,145.3,-1.584952,0,80.15527,79.90578,72.53
101,2025,93,132,40,986.1146,80.42919,54.30078,80.78308,6.487599,153.8,-1.584952,0,80.13022,79.88089,72.57
101,2025,93,132,45,986.1146,80.24524,54.26672,80.78551,6.683599,149.6,-1.981197,0,80.13258,79.88319,72.5
101,2025,93,132,50,986.1146,80.24524,54.16452,80.78551,6.2132,144.1,-1.584957,0,80.13258,79.88319,72.49
101,2025,93,132,55,986.052,80.24524,54.09639,80.78551,5.488,129.6,-1.584957,0,80.15764,79.88319,72.67
101,2025,93,133,0,986.1146,80.36787,54.16452,80.78551,4.1748,142.4,-1.584957,0,80.15764,79.90813,72.82
101,2025,93,133,5,986.1146,80.30656,54.30078,80.76028,5.2136,154,-1.584957,0,80.15764,79.93301,72.73
101,2025,93,133,10,986.1146,80.30656,54.19859,80.73508,6.4092,161.6,-1.584957,0,80.13258,79.90813,72.91
101,2025,93,133,15,986.1146,80.42919,54.13045,80.73508,5.6644,136.8,-1.584957,0,80.15764,79.93301,72.89
101,2025,93,133,20,986.052,80.30656,54.13045,80.73508,4.9392,150.8,-1.584957,0,80.15764,79.93301,72.87
101,2025,93,133,25,985.9893,80.30656,54.19859,80.73508,4.9196,154.2,-1.584957,0,80.18257,79.93301,72.74
101,2025,93,133,30,986.1146,80.18392,54.26672,80.73508,4.9,154,-1.584957,0,80.15764,79.93301,72.64
101,2025,93,133,35,986.052,80.24524,54.33485,80.73508,5.978,172.5,-1.584957,0,80.18257,79.93301,72.59
101,2025,93,133,40,985.9893,80.30656,54.26672,80.73508,4.9196,144.9,-1.981197,0,80.13258,79.88319,72.58
101,2025,93,133,45,985.9893,80.30656,54.33485,80.73508,4.312,129,-1.584957,0,80.13258,79.88319,72.45
101,2025,93,133,50,985.864,80.18392,54.13045,80.73508,5.3116,172.9,-1.188718,0,80.10765,79.85831,72.45
101,2025,93,133,55,985.9893,80.24524,54.26672,80.73508,5.4488,153.5,-1.188718,0,80.10765,79.88319,72.56
101,2025,93,134,0,985.9893,80.36787,54.19859,80.73508,5.194,158.5,-1.188718,0,80.13258,79.88319,72.45
101,2025,93,134,5,986.1146,80.18392,54.23265,80.73508,4.3708,151.9,-1.188718,0,80.10765,79.88319,72.55
101,2025,93,134,10,985.9893,80.24524,54.26672,80.73508,5.8408,180.8,-1.584957,0,80.08266,79.85831,72.56
101,2025,93,134,15,986.052,80.36787,54.19859,80.73508,6.0368,142.2,-1.584957,0,80.08266,79.85831,72.53
101,2025,93,134,20,985.9893,80.30656,54.13045,80.73508,8.3496,153.3,-1.981197,0,80.08266,79.85831,72.83
101,2025,93,134,25,985.864,80.30656,53.99419,80.73508,8.526,158.1,-1.981197,0,80.13258,79.88319,72.87
101,2025,93,134,30,985.9893,80.30656,54.06232,80.76028,6.566,145.6,-1.584957,0,80.18257,79.88319,72.89
101,2025,93,134,35,985.9893,80.36787,54.06232,80.76028,6.5072,161.4,-1.584957,0,80.20763,79.93301,72.75
101,2025,93,134,40,986.052,80.30656,54.19859,80.75832,4.8804,142.6,-1.584964,0,80.2057,79.93109,72.66
101,2025,93,134,45,985.9893,80.24524,54.06232,80.75832,5.6252,155.2,-1.981205,0,80.18065,79.93109,72.84
101,2025,93,134,50,985.9893,80.30656,53.96012,80.75832,5.3508,136.7,-1.981205,0,80.18065,79.93109,72.83
101,2025,93,134,55,986.1146,80.30656,54.06232,80.78352,7.271599,171.7,-1.188723,0,80.18065,79.93109,72.82
101,2025,93,135,0,986.052,80.06129,53.82386,80.80879,7.5852,135.8,-1.584964,0,80.23074,79.93109,73.24
101,2025,93,135,5,985.9893,80.24524,53.75573,80.83406,6.272,169.2,-1.584964,0,80.25574,79.95604,73.24
101,2025,93,135,10,986.1146,80.24524,53.89199,80.83406,5.3312,138.3,-1.584964,0,80.30584,80.00591,73.2
101,2025,93,135,15,985.9893,80.24524,53.92606,80.83406,4.9784,146.4,-1.188723,0,80.33089,80.03085,73.04
101,2025,93,135,20,985.864,80.36787,53.85793,80.83406,4.6452,161.6,-1.188723,0,80.33089,80.03085,72.96
101,2025,93,135,25,985.9893,80.36787,53.92606,80.83406,3.9396,137.8,-1.584964,0,80.33089,80.03085,72.8
101,2025,93,135,30,985.9893,80.24524,54.06232,80.83406,4.6844,142.1,-1.584964,0,80.28079,80.03085,72.57
101,2025,93,135,35,986.052,80.30656,54.06232,80.83406,3.9396,160.4,-1.188723,0,80.28079,80.03085,72.67
101,2025,93,135,40,985.9893,80.30656,54.06232,80.78352,3.0184,159.9,-1.188723,0,80.23074,80.00591,72.65
101,2025,93,135,45,985.9893,80.36787,53.96012,80.78352,2.8224,157.7,-1.584964,0,80.23074,79.98097,72.6
101,2025,93,135,50,985.9893,80.36787,53.96012,80.73305,3.43,157,-1.188723,0,80.2057,79.98097,72.68
101,2025,93,135,55,986.052,80.30656,53.99419,80.73305,3.332,156,-1.584964,0,80.18065,79.95604,72.58
101,2025,93,136,0,985.9893,80.42919,54.09639,80.73305,4.8804,145.7,-1.584964,0,80.15572,79.95604,72.49
101,2025,93,136,5,986.1146,80.30656,54.09639,80.73305,5.6448,139.3,-1.584964,0,80.15572,79.93109,72.43
101,2025,93,136,10,985.9893,80.36787,53.89199,80.73305,7.0756,136.3,-1.584964,0,80.15572,79.93109,72.53
101,2025,93,136,15,985.9893,80.30656,53.78979,80.78352,6.7816,124.1,-1.188723,0,80.2057,79.93109,72.92
101,2025,93,136,20,985.9893,80.24524,53.85793,80.83406,4.2728,130.9,-1.188723,0,80.25574,79.95604,72.97
101,2025,93,136,25,986.052,80.24524,53.85793,80.83406,2.8028,145.7,-1.584964,0,80.30584,79.98097,72.74
101,2025,93,136,30,985.9893,80.24524,53.89199,80.83406,4.1356,167.3,-1.981205,0,80.30584,80.03085,72.85
101,2025,93,136,35,985.864,80.30656,53.89199,80.80731,5.7428,172.9,-1.58497,0,80.32951,80.02942,72.73
101,2025,93,136,40,985.864,80.24524,53.96012,80.80731,5.5272,184.3,-1.981212,0,80.32951,80.02942,72.58
101,2025,93,136,45,985.9266,80.36787,54.02826,80.7821,4.4884,136.5,-1.188727,0,80.30441,80.02942,72.49
101,2025,93,136,50,985.864,80.30656,53.96012,80.7821,4.2728,146.5,-1.58497,0,80.25436,80.02942,72.46
101,2025,93,136,55,985.9893,80.24524,54.02826,80.7821,3.8416,154.1,-1.58497,0,80.25436,80.00449,72.5
101,2025,93,137,0,985.9893,80.36787,54.09639,80.75688,5.1156,152.6,-1.188727,0,80.20433,79.97949,72.44
101,2025,93,137,5,985.9266,80.36787,54.23265,80.7821,5.1744,164.7,-1.58497,0,80.15428,79.95461,72.39
101,2025,93,137,10,985.9893,80.30656,54.06232,80.75688,6.7032,141.2,-1.58497,0,80.12929,79.92972,72.41
101,2025,93,137,15,985.9893,80.24524,53.96012,80.7821,7.8596,145.4,-1.58497,0,80.10429,79.90479,72.65
101,2025,93,137,20,985.9893,80.18392,54.09639,80.80731,8.5848,151.8,-1.58497,0,80.12929,79.90479,72.95
101,2025,93,137,25,986.1146,80.36787,54.09639,80.83263,7.84,143.8,-1.981212,0,80.12929,79.92972,72.92
101,2025,93,137,30,985.864,80.24524,54.06232,80.83263,6.6248,147.3,-1.58497,0,80.15428,79.92972,72.83
101,2025,93,137,35,985.864,80.18392,54.02826,80.83263,6.174,149.4,-1.981212,0,80.17928,79.92972,72.75
101,2025,93,137,40,985.9893,80.36787,54.09639,80.83263,6.4484,139.1,-1.58497,0,80.17928,79.95461,72.57
101,2025,93,137,45,985.8013,80.30656,53.78979,80.88312,10.5448,142.5,-1.58497,0,80.17928,79.92972,72.63
101,2025,93,137,50,985.864,80.24524,53.6876,80.95898,9.0356,153.3,-1.188727,0,80.22932,79.95461,72.79
101,2025,93,137,55,985.7386,80.36787,53.41507,81.03494,10.2508,127,-1.188727,0,80.27936,79.97949,73.17
101,2025,93,138,0,985.7386,80.30656,53.44914,81.06021,7.9184,128.3,-1.188727,0,80.35451,80.02942,73.3
101,2025,93,138,5,985.9893,80.30656,53.61946,81.08559,8.7024,147,-1.58497,0,80.42976,80.0793,73.11
101,2025,93,138,10,985.864,80.36787,53.4832,81.13635,8.4672,132.8,-1.188727,0,80.45493,80.12929,73.14
101,2025,93,138,15,985.9893,80.36787,53.41507,81.13635,7.898799,146.3,-1.188727,0,80.48003,80.12929,73.22
101,2025,93,138,20,985.864,80.42919,53.34694,81.18706,8.447599,156.6,-1.188727,0,80.53029,80.15428,73.38
101,2025,93,138,25,985.864,80.55183,53.34694,81.18706,8.5456,145.3,-0.7924848,0,80.58055,80.22932,73.4
101,2025,93,138,30,985.864,80.42919,53.4832,81.18804,8.0948,138.2,-1.188732,0,80.6067,80.23031,73.22
101,2025,93,138,35,985.864,80.42919,53.34694,81.18804,7.6832,137.4,-1.584975,0,80.5816,80.23031,73.12
101,2025,93,138,40,985.864,80.55183,53.41507,81.18804,7.5068,155.3,-1.584975,0,80.55638,80.23031,73.03
101,2025,93,138,45,985.9893,80.42919,53.44914,81.16266,5.8604,151.8,-1.584975,0,80.5816,80.23031,73.07
101,2025,93,138,50,985.9266,80.49051,53.61946,81.13734,5.2724,162.1,-1.584975,0,80.55638,80.23031,73.13
101,2025,93,138,55,985.864,80.42919,53.44914,81.11196,5.3116,168.4,-1.188732,0,80.53128,80.23031,72.94
101,2025,93,139,0,985.864,80.42919,53.34694,81.08658,6.7424,155.7,-1.584975,0,80.53128,80.23031,73.04
101,2025,93,139,5,985.864,80.55183,53.27881,81.08658,6.566,163,-1.188732,0,80.53128,80.23031,73.12
101,2025,93,139,10,985.864,80.49051,53.31287,81.08658,5.4488,160.5,-1.584975,0,80.53128,80.23031,73.13
101,2025,93,139,15,985.864,80.55183,53.21068,81.08658,5.2332,161,-1.188732,0,80.53128,80.23031,73.3
101,2025,93,139,20,985.864,80.55183,53.21068,81.08658,4.6648,167.3,-0.7924877,0,80.55638,80.23031,73.29
101,2025,93,139,25,985.864,80.49051,53.34694,81.08658,4.5864,154,-1.584975,0,80.55638,80.28035,73.34
101,2025,93,139,30,985.864,80.49051,53.381,81.03593,4.5276,155.9,-1.584975,0,80.5816,80.28035,73.25
101,2025,93,139,35,985.864,80.42919,53.51727,81.03593,4.8412,145.6,-1.188732,0,80.55638,80.28035,73.08
101,2025,93,139,40,985.864,80.49051,53.381,81.03593,5.4488,159.6,-1.584975,0,80.53128,80.2553,73.01
101,2025,93,139,45,985.864,80.49051,53.44914,80.98529,4.7628,136.1,-1.584975,0,80.53128,80.2553,73.02
101,2025,93,139,50,985.864,80.55183,53.44914,80.98529,6.1936,140.7,-0.7924877,0,80.53128,80.23031,73.13
101,2025,93,139,55,985.864,80.55183,53.381,80.98529,6.7424,157.3,-1.188732,0,80.50612,80.23031,73.08
101,2025,93,140,0,985.864,80.55183,53.41507,80.98529,4.9196,149.2,-0.7924877,0,80.48096,80.2553,73
101,2025,93,140,5,985.864,80.61315,53.41507,80.98529,4.312,136.1,-1.584975,0,80.48096,80.2553,73.02
101,2025,93,140,10,985.864,80.49051,53.51727,80.95996,3.8024,159.9,-1.584975,0,80.45592,80.23031,72.87
101,2025,93,140,15,985.864,80.61315,53.51727,80.93465,3.6652,131.4,-1.188732,0,80.4057,80.23031,72.6
101,2025,93,140,20,985.864,80.42919,53.41507,80.93465,4.9784,162.2,-1.584975,0,80.4057,80.18032,72.56
101,2025,93,140,25,985.864,80.61315,53.51727,80.93558,6.0368,158,-1.584981,0,80.40652,80.15615,72.76
101,2025,93,140,30,985.864,80.49051,53.4832,80.93558,7.016799,132.4,-1.188735,0,80.40652,80.15615,72.97
101,2025,93,140,35,985.864,80.49051,53.34694,80.93558,7.154,141,-1.188735,0,80.40652,80.18114,73.06
101,2025,93,140,40,985.864,80.42919,53.17661,80.96085,5.5664,142.8,-0.7924903,0,80.43169,80.20614,73.09
101,2025,93,140,45,985.864,80.55183,53.10848,80.96085,6.468,191.9,-1.584981,0,80.45679,80.23113,72.96
101,2025,93,140,50,985.864,80.49051,53.07441,80.98617,5.8212,125.8,-1.188735,0,80.5321,80.23113,73.2
101,2025,93,140,55,985.864,80.55183,53.21068,80.98617,6.5268,149.1,-1.188735,0,80.5321,80.25618,73.06
101,2025,93,141,0,985.864,80.49051,53.21068,81.01155,5.9584,131.9,-1.188735,0,80.55731,80.28123,72.95
101,2025,93,141,5,985.864,80.55183,53.17661,80.98617,5.4096,143.2,-1.188735,0,80.55731,80.25618,72.97
101,2025,93,141,10,985.864,80.61315,53.21068,80.98617,6.0172,164.2,-1.188735,0,80.55731,80.28123,72.97
101,2025,93,141,15,985.864,80.49051,53.24474,80.98617,4.7824,159.7,-1.188735,0,80.5321,80.28123,72.96
101,2025,93,141,20,985.864,80.55183,53.27881,80.98617,5.6448,166.2,-1.188735,0,80.5321,80.25618,72.93
101,2025,93,141,25,985.864,80.61315,53.381,80.96085,7.565599,164.5,-0.7924903,0,80.50705,80.23113,72.92
101,2025,93,141,30,985.9266,80.61315,53.34694,80.93558,6.6052,143.8,-1.188735,0,80.45679,80.23113,72.92
101,2025,93,141,35,985.864,80.42919,53.21068,80.93558,4.998,180.4,-1.584981,0,80.43169,80.18114,72.92
101,2025,93,141,40,985.864,80.36787,53.31287,80.93558,5.096,157,-1.188735,0,80.40652,80.20614,73.02
101,2025,93,141,45,985.9266,80.49051,53.31287,80.88504,6.8796,157.6,-1.584981,0,80.40652,80.18114,73.1
101,2025,93,141,50,985.864,80.55183,53.27881,80.88504,7.0952,160.3,-1.584981,0,80.38148,80.18114,73.06
101,2025,93,141,55,985.9893,80.55183,53.27881,80.91031,6.0956,159.5,-1.188735,0,80.40652,80.18114,73.13
101,2025,93,142,0,985.864,80.49051,53.24474,80.93558,6.3504,157.9,-1.188735,0,80.40652,80.15615,73.01
101,2025,93,142,5,985.864,80.42919,53.24474,80.93558,5.9192,143.8,-1.188735,0,80.40652,80.15615,73.25
101,2025,93,142,10,985.864,80.49051,53.21068,80.93558,4.6844,166.8,-1.188735,0,80.43169,80.15615,73.2
101,2025,93,142,15,985.864,80.55183,53.27881,80.93558,4.1944,165.1,-1.584981,0,80.43169,80.18114,73.08
101,2025,93,142,20,985.864,80.42919,53.27881,80.93558,4.116,173.9,-1.188735,0,80.43169,80.18114,73.02
101,2025,93,142,25,985.864,80.49051,53.17661,80.94035,3.4104,163.6,-1.584985,0,80.43642,80.18587,73.01
101,2025,93,142,30,985.9266,80.49051,53.31287,80.91515,3.8808,155.1,-1.584985,0,80.43642,80.18587,72.98
101,2025,93,142,35,985.864,80.55183,53.41507,80.88982,4.2728,160.7,-1.188739,0,80.43642,80.18587,72.94
101,2025,93,142,40,985.9266,80.49051,53.44914,80.88982,4.704,135.1,-1.584985,0,80.41136,80.18587,72.84
101,2025,93,142,45,985.864,80.49051,53.27881,80.88982,6.4484,146.9,-0.7924927,0,80.38626,80.16087,72.64
101,2025,93,142,50,985.9893,80.42919,53.44914,80.88982,4.7432,156.9,-1.584985,0,80.36116,80.16087,72.68
101,2025,93,142,55,985.864,80.55183,53.44914,80.88982,3.1948,185,-0.7924927,0,80.36116,80.13588,72.69
101,2025,93,143,0,985.864,80.36787,53.4832,80.86455,3.1752,160.2,-1.188739,0,80.36116,80.13588,72.58
101,2025,93,143,5,985.864,80.49051,53.5854,80.83928,3.0576,184.9,-1.584985,0,80.33611,80.13588,72.64
101,2025,93,143,10,985.864,80.49051,53.44914,80.83928,3.724,170.4,-1.584985,0,80.311,80.08589,72.51
101,2025,93,143,15,985.864,80.36787,53.31287,80.83928,5.39,182.4,-1.584985,0,80.28601,80.08589,72.42
101,2025,93,143,20,985.9266,80.36787,53.4832,80.83928,5.292,162.5,-1.188739,0,80.28601,80.06096,72.53
101,2025,93,143,25,985.9893,80.36787,53.44914,80.83928,5.0372,149.7,-1.584985,0,80.28601,80.06096,72.62
101,2025,93,143,30,985.9893,80.49051,53.72166,80.7888,4.3316,151.4,-1.188739,0,80.26096,80.03601,72.48
101,2025,93,143,35,985.9266,80.49051,53.92606,80.7888,3.8612,164.8,-1.188739,0,80.23592,80.03601,72.28
101,2025,93,143,40,985.864,80.42919,53.89199,80.76353,3.92,123.8,-1.584985,0,80.18587,80.03601,72.34
101,2025,93,143,45,985.864,80.36787,53.5854,80.7888,4.1552,130.5,-1.584985,0,80.16087,79.98608,72.4
101,2025,93,143,50,985.864,80.36787,53.55133,80.7888,3.6848,176.2,-1.584985,0,80.18587,79.98608,72.43
101,2025,93,143,55,985.9266,80.30656,53.65353,80.7888,4.6256,148.8,-1.584985,0,80.18587,79.98608,72.47
101,2025,93,144,0,985.9893,80.42919,53.51727,80.7888,5.5664,163.8,-1.188739,0,80.21086,79.98608,72.63
101,2025,93,144,5,985.9893,80.42919,53.5854,80.81407,7.114799,157.8,-0.7924927,0,80.23592,79.98608,72.69
101,2025,93,144,10,985.9893,80.49051,53.44914,80.83928,6.8404,149.1,-1.188739,0,80.23592,80.01102,72.79
101,2025,93,144,15,985.9893,80.36787,53.65353,80.83928,7.7616,168.5,-1.188739,0,80.23592,80.03601,72.72
101,2025,93,144,20,985.9893,80.49051,53.41507,80.88586,6.389599,155.4,-1.584985,0,80.23201,80.03217,72.61
101,2025,93,144,25,985.9893,80.36787,53.55133,80.88586,6.9384,151.9,-1.981232,0,80.25706,80.03217,72.71
101,2025,93,144,30,985.9893,80.49051,53.44914,80.88586,7.7028,152.7,-1.584985,0,80.28206,80.03217,72.79
101,2025,93,144,35,985.9893,80.42919,53.381,80.88586,7.1344,163.5,-1.584985,0,80.28206,80.03217,72.93
101,2025,93,144,40,986.1146,80.42919,53.41507,80.91113,6.37,147.9,-1.188739,0,80.30716,80.05705,73.07
101,2025,93,144,45,986.052,80.42919,53.44914,80.88586,5.8996,146.7,-1.188739,0,80.33221,80.08205,73.08
101,2025,93,144,50,986.1146,80.30656,53.381,80.88586,6.1544,180.4,-1.584985,0,80.33221,80.08205,73.12
101,2025,93,144,55,985.9893,80.42919,53.27881,80.88586,5.3312,168.8,-1.981232,0,80.33221,80.08205,72.95
101,2025,93,145,0,986.052,80.36787,53.381,80.88586,5.3508,168.6,-1.584985,0,80.33221,80.08205,72.83
101,2025,93,145,5,986.1146,80.42919,53.4832,80.88586,4.4492,157,-1.981232,0,80.33221,80.05705,72.81
101,2025,93,145,10,986.1146,80.42919,53.51727,80.88586,4.508,154,-1.188739,0,80.33221,80.08205,72.8
101,2025,93,145,15,986.052,80.42919,53.381,80.8606,5.2528,164.5,-1.188739,0,80.28206,80.05705,72.82
101,2025,93,145,20,985.9893,80.42919,53.4832,80.88586,3.6456,174.9,-1.584985,0,80.28206,80.05705,72.73
101,2025,93,145,25,985.864,80.36787,53.55133,80.88586,2.1952,135.2,-1.584985,0,80.28206,80.03217,72.59
101,2025,93,145,30,985.9893,80.30656,53.5854,80.88586,2.842,150.9,-1.584985,0,80.28206,80.03217,72.49
101,2025,93,145,35,985.9893,80.30656,53.55133,80.8606,3.2144,148.7,-1.584985,0,80.25706,80.03217,72.44
101,2025,93,145,40,985.9266,80.36787,53.4832,80.83533,2.842,139.7,-1.584985,0,80.23201,80.00717,72.24
101,2025,93,145,45,986.052,80.42919,53.4832,80.8606,3.234,176.9,-1.584985,0,80.23201,80.00717,72.35
101,2025,93,145,50,985.9893,80.49051,53.6876,80.83533,4.6256,178.7,-1.981232,0,80.23201,79.98224,72.28
101,2025,93,145,55,986.1146,80.24524,53.55133,80.83533,5.684,172.5,-1.584985,0,80.20696,79.98224,72.22
101,2025,93,146,0,985.864,80.30656,53.4832,80.83533,7.35,176.2,-1.188739,0,80.20696,79.9573,72.35
101,2025,93,146,5,985.9893,80.36787,53.24474,80.83533,6.7816,162.9,-1.584985,0,80.20696,79.98224,72.35
101,2025,93,146,10,985.9893,80.36787,53.381,80.88586,6.664,157.5,-1.188739,0,80.23201,79.98224,72.59
101,2025,93,146,15,986.1146,80.30656,53.27881,80.8869,5.782,165.4,-1.584987,0,80.25805,79.98317,72.79
101,2025,93,146,20,986.1146,80.24524,53.34694,80.8869,6.585599,158.6,-1.584987,0,80.28304,80.00816,72.79
101,2025,93,146,25,986.052,80.30656,53.381,80.8869,3.822,142.6,-1.981233,0,80.28304,80.0331,72.65
101,2025,93,146,30,985.9893,80.30656,53.381,80.8869,4.0768,112.7,-1.584987,0,80.28304,80.0331,72.56
101,2025,93,146,35,985.9893,80.36787,53.4832,80.8869,3.6456,81.5,-1.584987,0,80.23294,80.0331,72.32
101,2025,93,146,40,985.9893,80.36787,53.381,80.8869,1.47,183.4,-1.584987,0,80.23294,80.00816,72.23
101,2025,93,146,45,986.052,80.30656,53.44914,80.8869,4.3708,157.5,-1.18874,0,80.23294,79.98317,72.36
101,2025,93,146,50,986.1146,80.36787,53.24474,80.8869,6.0368,155.2,-1.584987,0,80.23294,79.98317,72.58
101,2025,93,146,55,986.1146,80.36787,53.24474,80.8869,6.6052,159.7,-1.584987,0,80.23294,79.98317,72.69
101,2025,93,147,0,986.1146,80.36787,53.10848,80.93744,6.5268,144.2,-1.18874,0,80.23294,80.00816,72.76
101,2025,93,147,5,986.052,80.36787,53.10848,80.93744,6.3112,132.8,-1.584987,0,80.25805,80.00816,72.66
101,2025,93,147,10,986.1146,80.36787,53.14255,80.93744,6.8012,144.1,-1.18874,0,80.28304,80.00816,72.72
101,2025,93,147,15,985.9893,80.42919,53.17661,80.98804,8.5848,169.3,-1.18874,0,80.25805,80.0331,72.81
101,2025,93,147,20,986.1146,80.30656,53.10848,80.98804,7.5852,165.4,-1.18874,0,80.28304,80.0331,72.95
101,2025,93,147,25,986.1146,80.30656,52.87002,81.03863,7.0952,157.5,-1.18874,0,80.28304,80.0331,73.02
101,2025,93,147,30,986.1146,80.36787,52.97222,81.03863,5.6644,145.1,-1.18874,0,80.33315,80.0331,73.09
101,2025,93,147,35,986.052,80.36787,52.90409,81.03863,4.9196,139.1,-1.18874,0,80.35825,80.05804,73.11
101,2025,93,147,40,985.9893,80.49051,52.90409,81.06401,7.0952,177.3,-1.18874,0,80.35825,80.08298,73.19
101,2025,93,147,45,986.1146,80.42919,53.07441,81.08932,7.0952,154.9,-1.18874,0,80.38329,80.08298,73.16
101,2025,93,147,50,985.9893,80.36787,53.17661,81.08932,5.2528,163.4,-1.584987,0,80.38329,80.08298,73.12
101,2025,93,147,55,985.9893,80.49051,53.10848,81.06401,4.8216,196,-1.584987,0,80.35825,80.10797,73.18
101,2025,93,148,0,986.1146,80.36787,53.04035,81.03863,5.684,174.7,-1.584987,0,80.35825,80.13297,73.19
101,2025,93,148,5,985.9893,80.49051,53.04035,81.01336,5.1744,161,-1.584987,0,80.35825,80.10797,73.1
101,2025,93,148,10,985.9893,80.49051,53.04035,80.98914,4.3512,164,-1.981236,0,80.38445,80.13406,73.16
101,2025,93,148,15,985.9893,80.36787,52.93815,80.98914,4.9588,141,-1.584989,0,80.38445,80.13406,73.14
101,2025,93,148,20,986.1146,80.42919,53.00628,80.98914,5.8016,150.1,-1.188741,0,80.4095,80.13406,73.17
101,2025,93,148,25,985.9893,80.36787,53.04035,80.98914,5.6252,134.9,-1.981236,0,80.4095,80.15901,73.12
101,2025,93,148,30,985.9893,80.30656,53.14255,80.98914,3.92,176.8,-1.188741,0,80.38445,80.15901,72.84
101,2025,93,148,35,986.052,80.61315,53.07441,80.96381,5.8996,156.2,-1.584989,0,80.35934,80.13406,72.8
101,2025,93,148,40,985.9893,80.42919,52.56343,80.98914,8.251599,173.2,-1.584989,0,80.35934,80.13406,73.01
101,2025,93,148,45,985.9893,80.42919,52.5975,81.03978,10.1724,160.6,-1.584989,0,80.4095,80.15901,73.38
101,2025,93,148,50,985.9893,80.42919,52.5975,81.06516,9.2512,170.6,-1.584989,0,80.4597,80.15901,73.37
101,2025,93,148,55,986.1146,80.42919,52.5975,81.09042,7.8008,164.7,-1.584989,0,80.48486,80.18405,73.28
101,2025,93,149,0,985.9893,80.49051,52.66563,81.09042,5.292,144.8,-1.584989,0,80.50991,80.209,73.28
101,2025,93,149,5,985.9893,80.42919,52.5975,81.11581,4.4884,157.4,-1.584989,0,80.53506,80.2341,73.2
101,2025,93,149,10,985.9893,80.55183,52.63156,81.09042,4.3316,148.3,-1.584989,0,80.53506,80.2341,73.09
101,2025,93,149,15,985.864,80.49051,52.66563,81.09042,4.5864,175.9,-1.584989,0,80.53506,80.2341,73.12
101,2025,93,149,20,985.9893,80.61315,52.5975,81.06516,3.8808,156.2,-1.584989,0,80.50991,80.2341,73.02
101,2025,93,149,25,985.9893,80.55183,52.76782,81.03978,4.998,155,-1.584989,0,80.48486,80.2341,72.97
101,2025,93,149,30,986.052,80.61315,52.73376,81.03978,5.0176,159.1,-1.584989,0,80.4597,80.209,72.88
101,2025,93,149,35,985.9893,80.67447,52.73376,81.03978,4.5472,177.1,-1.584989,0,80.4597,80.209,72.89
101,2025,93,149,40,985.9893,80.55183,52.76782,81.03978,4.5472,154.3,-1.584989,0,80.4597,80.18405,72.8
101,2025,93,149,45,985.9893,80.55183,52.83595,80.98914,4.704,145.5,-1.584989,0,80.4346,80.18405,72.76
101,2025,93,149,50,985.9893,80.42919,52.87002,80.98914,4.214,150.6,-1.584989,0,80.4346,80.18405,72.76
101,2025,93,149,55,985.9266,80.55183,53.04035,80.96381,3.2536,141.5,-1.188741,0,80.38445,80.18405,72.62
101,2025,93,150,0,985.9893,80.49051,52.97222,80.93854,4.0768,163.6,-1.188741,0,80.35934,80.15901,72.47
101,2025,93,150,5,985.9893,80.55183,52.90409,80.94156,5.8408,123.7,-1.584991,0,80.33727,80.13704,72.47
101,2025,93,150,10,985.9893,80.49051,52.93815,80.94156,4.5864,172,-1.188743,0,80.33727,80.13704,72.49
101,2025,93,150,15,985.9893,80.42919,52.83595,80.94156,7.467599,161.6,-1.188743,0,80.33727,80.11209,72.61
101,2025,93,150,20,985.9893,80.42919,52.73376,80.96689,7.6244,170.7,-1.584991,0,80.33727,80.11209,72.69
101,2025,93,150,25,985.864,80.36787,52.73376,80.96689,7.4088,157.7,-1.584991,0,80.36242,80.11209,72.97
101,2025,93,150,30,985.9266,80.42919,52.76782,80.99226,5.88,144.9,-1.584991,0,80.36242,80.13704,72.93
101,2025,93,150,35,985.9893,80.49051,52.90409,80.96689,5.782,155,-1.188743,0,80.36242,80.13704,72.88
101,2025,93,150,40,985.9893,80.55183,53.00628,80.94156,5.0176,159.2,-1.584991,0,80.38747,80.13704,72.97
101,2025,93,150,45,985.9893,80.42919,53.00628,80.94156,5.5272,158.3,-1.584991,0,80.36242,80.13704,72.81
101,2025,93,150,50,986.1146,80.55183,52.93815,80.89102,4.3904,157.3,-1.981239,0,80.33727,80.13704,72.76
101,2025,93,150,55,985.9893,80.55183,53.00628,80.89102,3.724,149.6,-1.584991,0,80.33727,80.11209,72.65
101,2025,93,151,0,986.052,80.36787,53.10848,80.89102,4.6648,150.2,-1.584991,0,80.33727,80.11209,72.7
101,2025,93,151,5,986.1146,80.49051,53.07441,80.89102,4.9392,151.8,-1.188743,0,80.28722,80.0871,72.72
101,2025,93,151,10,986.052,80.49051,53.07441,80.86581,5.3116,147.7,-1.188743,0,80.28722,80.0871,72.77
101,2025,93,151,15,985.9893,80.36787,52.97222,80.86581,5.9192,155.1,-1.584991,0,80.31221,80.0871,72.81
101,2025,93,151,20,986.052,80.30656,52.97222,80.86581,6.664,141.5,-1.584991,0,80.31221,80.0871,72.81
101,2025,93,151,25,986.052,80.49051,53.04035,80.84048,6.2328,173.3,-1.188743,0,80.33727,80.11209,72.95
101,2025,93,151,30,985.9893,80.36787,53.21068,80.84048,4.508,175.1,-1.188743,0,80.33727,80.13704,72.87
101,2025,93,151,35,986.1146,80.55183,53.24474,80.84048,3.0576,173.9,-1.584991,0,80.33727,80.13704,72.77
101,2025,93,151,40,985.9893,80.49051,52.87002,80.79001,6.1544,159.8,-1.584991,0,80.31221,80.0871,72.9
101,2025,93,151,45,985.9266,80.36787,52.66563,80.84048,8.427999,173.2,-1.584991,0,80.33727,80.0871,73.14
101,2025,93,151,50,985.864,80.49051,52.80189,80.89102,7.6832,161.4,-1.584991,0,80.36242,80.11209,73.19
101,2025,93,151,55,985.9893,80.42919,52.80189,80.94156,7.016799,148.8,-1.981239,0,80.36242,80.13704,73.25
101,2025,93,152,0,985.9893,80.42919,52.83595,80.94156,6.9776,145.7,-1.584991,0,80.36242,80.13704,73.25
101,2025,93,152,5,986.052,80.42919,52.80189,80.94601,5.6448,142.1,-1.584972,0,80.3667,80.14137,73.11
101,2025,93,152,10,985.9893,80.49051,52.87002,80.94601,6.468,142.9,-1.584972,0,80.3667,80.14137,73.06
101,2025,93,152,15,985.9893,80.49051,52.73376,80.97128,6.2132,138.5,-1.584972,0,80.3667,80.14137,73.1
101,2025,93,152,20,985.9893,80.42919,52.76782,80.97128,4.9,131.6,-1.584972,0,80.3667,80.14137,72.89
101,2025,93,152,25,985.9893,80.36787,52.69969,80.97128,4.7236,157.8,-1.584972,0,80.3667,80.14137,72.76
101,2025,93,152,30,986.1146,80.49051,52.90409,80.97128,5.3508,128.5,-0.7924859,0,80.3667,80.14137,72.83
101,2025,93,152,35,986.1146,80.42919,52.87002,80.94601,3.2928,173.7,-1.188729,0,80.3667,80.11638,72.67
101,2025,93,152,40,986.052,80.42919,52.97222,80.94601,3.626,170.1,-1.584972,0,80.34166,80.09145,72.65
101,2025,93,152,45,986.052,80.42919,52.87002,80.94601,3.7044,154.7,-1.188729,0,80.31655,80.06645,72.59
101,2025,93,152,50,986.1146,80.61315,52.93815,80.89542,4.1748,155.7,-1.188729,0,80.2915,80.06645,72.51
101,2025,93,152,55,985.9893,80.42919,52.90409,80.89542,4.3512,163.5,-1.188729,0,80.24146,80.0415,72.54
101,2025,93,153,0,986.1146,80.30656,52.83595,80.89542,4.8216,179.2,-1.584972,0,80.24146,80.0415,72.55
101,2025,93,153,5,986.052,80.30656,52.93815,80.89542,4.8804,170.1,-1.188729,0,80.24146,80.0415,72.67
101,2025,93,153,10,986.1146,80.36787,53.07441,80.87015,4.1748,172.6,-1.188729,0,80.24146,80.0415,72.72
101,2025,93,153,15,986.1146,80.42919,52.87002,80.84488,4.116,162,-1.584972,0,80.24146,80.01657,72.69
101,2025,93,153,20,986.1146,80.49051,53.00628,80.84488,3.9984,182.1,-1.584972,0,80.24146,80.01657,72.58
101,2025,93,153,25,986.1146,80.49051,53.04035,80.84488,4.802,171.8,-1.584972,0,80.24146,79.99163,72.51
101,2025,93,153,30,986.1146,80.36787,53.00628,80.84488,5.0372,183.8,-1.584972,0,80.19142,79.99163,72.52
101,2025,93,153,35,986.1146,80.42919,53.10848,80.7944,4.8608,149.4,-1.584972,0,80.19142,79.99163,72.45
101,2025,93,153,40,986.1146,80.30656,53.17661,80.76913,5.4292,163.5,-1.584972,0,80.16637,79.96669,72.5
101,2025,93,153,45,986.1146,80.36787,53.00628,80.76913,7.565599,145.5,-1.584972,0,80.14137,79.94176,72.46
101,2025,93,153,50,986.1146,80.36787,52.87002,80.7944,6.585599,163.1,-1.188729,0,80.11638,79.94176,72.44
101,2025,93,153,55,985.9893,80.36787,53.00628,80.81961,7.2912,151.2,-1.584972,0,80.14137,79.94176,72.79
101,2025,93,154,0,986.1146,80.24524,53.07441,80.84065,5.0372,155.4,-1.584979,0,80.1372,79.93758,72.61
101,2025,93,154,5,986.052,80.30656,53.10848,80.84065,4.7628,164.2,-1.188734,0,80.1372,79.93758,72.71
101,2025,93,154,10,986.1146,80.36787,53.00628,80.84065,4.6648,158.6,-1.188734,0,80.1372,79.93758,72.77
101,2025,93,154,15,986.1146,80.24524,52.90409,80.84065,6.9776,157.5,-1.584979,0,80.16225,79.91269,72.79
101,2025,93,154,20,986.1146,80.24524,52.87002,80.84065,7.0952,150.6,-1.584979,0,80.18719,79.93758,72.88
101,2025,93,154,25,986.1146,80.30656,52.90409,80.86592,6.389599,169.8,-1.981223,0,80.21223,79.93758,72.89
101,2025,93,154,30,986.1146,80.30656,52.87002,80.86592,5.4684,167.2,-1.584979,0,80.23729,79.93758,72.97
101,2025,93,154,35,986.1146,80.42919,52.76782,80.84065,5.2528,152.7,-1.584979,0,80.26228,79.96252,72.89
101,2025,93,154,40,986.052,80.30656,52.69969,80.86592,5.7428,148.4,-1.584979,0,80.28732,79.9874,72.93
101,2025,93,154,45,986.052,80.30656,52.63156,80.89119,4.2924,148.7,-1.188734,0,80.33743,79.9874,73.02
101,2025,93,154,50,986.1146,80.42919,52.73376,80.86592,3.1164,176.2,-1.584979,0,80.36253,80.03734,72.89
101,2025,93,154,55,986.1774,80.36787,52.90409,80.86592,4.312,160.9,-1.188734,0,80.36253,80.03734,72.87
101,2025,93,155,0,986.1146,80.49051,52.90409,80.84065,6.4288,160.1,-1.584979,0,80.33743,80.03734,72.77
101,2025,93,155,5,986.1146,80.55183,52.90409,80.89119,7.4872,169.1,-1.584979,0,80.33743,80.03734,72.72
101,2025,93,155,10,985.9893,80.36787,52.5975,80.94179,7.1932,176.2,-1.981223,0,80.33743,80.03734,72.9
101,2025,93,155,15,986.1146,80.42919,52.5975,80.94179,7.0756,171.1,-1.584979,0,80.36253,80.03734,72.88
101,2025,93,155,20,986.1146,80.42919,52.63156,80.99237,7.0364,174.6,-1.981223,0,80.36253,80.06227,72.82
101,2025,93,155,25,985.9893,80.42919,52.5975,80.99237,6.0956,199,-1.584979,0,80.38757,80.06227,72.73
101,2025,93,155,30,986.052,80.42919,52.73376,80.99237,7.252,172.8,-1.188734,0,80.38757,80.08727,72.61
101,2025,93,155,35,986.1146,80.36787,52.73376,80.99237,7.565599,173.8,-1.584979,0,80.36253,80.08727,72.64
101,2025,93,155,40,986.1146,80.49051,52.63156,80.99237,6.762,165.1,-1.188734,0,80.36253,80.06227,72.75
101,2025,93,155,45,986.24,80.42919,52.73376,80.96706,5.9976,153.6,-1.188734,0,80.36253,80.06227,72.72
101,2025,93,155,50,986.1146,80.42919,52.63156,80.96706,4.0768,141.8,-1.584979,0,80.33743,80.03734,72.79
101,2025,93,155,55,986.1146,80.30656,52.69969,80.94173,4.8608,140.5,-1.584942,0,80.33743,80.06227,72.76
101,2025,93,156,0,986.1774,80.36787,52.73376,80.94173,3.822,128.5,-1.584942,0,80.33743,80.03734,72.77
101,2025,93,156,5,986.1774,80.36787,52.76782,80.94173,4.1552,115.3,-1.188706,0,80.33743,80.03734,72.79
101,2025,93,156,10,986.24,80.42919,52.87002,80.89114,3.9592,133.3,-1.188706,0,80.33743,80.03734,72.7
101,2025,93,156,15,986.24,80.49051,52.80189,80.89114,5.096,162.3,-1.188706,0,80.33743,80.03734,72.53
101,2025,93,156,20,986.24,80.36787,52.87002,80.89114,5.2136,165.3,-1.188706,0,80.28732,80.03734,72.53
101,2025,93,156,25,986.24,80.30656,52.90409,80.89114,4.6648,178.2,-1.188706,0,80.28732,80.03734,72.64
101,2025,93,156,30,986.24,80.55183,52.83595,80.86592,4.9196,180.1,-1.188706,0,80.28732,80.01234,72.67
101,2025,93,156,35,986.3654,80.30656,52.80189,80.8406,4.8804,163,-1.584942,0,80.26222,80.01234,72.62
101,2025,93,156,40,986.3654,80.42919,52.80189,80.8406,4.1552,162.3,-1.584942,0,80.26222,79.9874,72.67
101,2025,93,156,45,986.3027,80.36787,52.80189,80.8406,3.7044,154.6,-1.584942,0,80.26222,79.9874,72.73
101,2025,93,156,50,986.3654,80.42919,52.66563,80.8406,2.6656,174.9,-1.981177,0,80.28732,79.9874,72.74
101,2025,93,156,55,986.3654,80.30656,52.63156,80.8406,3.3908,153.6,-1.188706,0,80.33743,79.9874,72.74
101,2025,93,157,0,986.24,80.30656,52.66563,80.8406,5.4488,181.5,-1.584942,0,80.33743,80.03734,72.82
101,2025,93,157,5,986.24,80.36787,52.73376,80.8406,5.3312,162.2,-1.584942,0,80.33743,80.03734,72.65
101,2025,93,157,10,986.24,80.42919,52.5975,80.8406,4.2728,167.5,-1.584942,0,80.33743,80.03734,72.61
101,2025,93,157,15,986.3654,80.42919,52.56343,80.86592,5.4684,151,-1.584942,0,80.33743,80.03734,72.7
101,2025,93,157,20,986.3027,80.36787,52.63156,80.8406,5.8996,164,-1.584942,0,80.33743,80.03734,72.73
101,2025,93,157,25,986.24,80.36787,52.52936,80.89114,5.586,170.1,-1.584942,0,80.33743,80.03734,72.72
101,2025,93,157,30,986.3654,80.36787,52.5975,80.86592,4.2532,155.1,-1.584942,0,80.33743,80.03734,72.65
101,2025,93,157,35,986.3027,80.36787,52.5975,80.86592,3.626,152.4,-1.584942,0,80.31232,80.03734,72.65
101,2025,93,157,40,986.3027,80.42919,52.63156,80.86592,4.4492,149.4,-1.981177,0,80.33743,80.03734,72.81
101,2025,93,157,45,986.3654,80.36787,52.66563,80.86592,4.7432,157.9,-1.584942,0,80.33743,80.03734,72.94
101,2025,93,157,50,986.3654,80.42919,52.5975,80.86812,4.214,159.1,-1.584955,0,80.33962,80.06441,72.87
101,2025,93,157,55,986.3654,80.42919,52.63156,80.86812,4.9,135.7,-1.584955,0,80.33962,80.06441,72.9
101,2025,93,158,0,986.3654,80.36787,52.73376,80.8428,5.292,155.7,-1.584955,0,80.33962,80.06441,72.88
101,2025,93,158,5,986.3654,80.36787,52.56343,80.8428,4.9784,165.1,-0.7924775,0,80.33962,80.03947,72.84
101,2025,93,158,10,986.3654,80.36787,52.42717,80.8428,6.683599,173.3,-1.188716,0,80.33962,80.06441,72.98
101,2025,93,158,15,986.1146,80.36787,52.35904,80.89339,7.8204,168.7,-1.584955,0,80.33962,80.06441,73.1
101,2025,93,158,20,986.3654,80.36787,52.4953,80.89339,8.82,136.1,-1.188716,0,80.36467,80.08941,73.02
101,2025,93,158,25,986.3654,80.42919,52.42717,80.89339,7.644,138.9,-1.584955,0,80.36467,80.08941,72.93
101,2025,93,158,30,986.4281,80.42919,52.3931,80.94398,6.4288,129.3,-1.584955,0,80.36467,80.08941,73.06
101,2025,93,158,35,986.3654,80.36787,52.42717,80.94398,6.3112,217.3,-1.584955,0,80.38977,80.08941,73.06
101,2025,93,158,40,986.3654,80.24524,52.56343,80.94398,5.3116,160.4,-1.981194,0,80.38977,80.1394,72.88
101,2025,93,158,45,986.4907,80.49051,52.4953,80.94398,6.2916,173.9,-1.584955,0,80.36467,80.11435,72.83
101,2025,93,158,50,986.3654,80.49051,52.22277,80.96925,8.8396,153.1,-1.584955,0,80.36467,80.08941,72.97
101,2025,93,158,55,986.3654,80.49051,52.22277,80.99457,8.624,181.6,-1.981194,0,80.41483,80.11435,73.15
101,2025,93,159,0,986.4907,80.42919,52.32497,80.99457,7.2912,170.1,-1.188716,0,80.43993,80.1394,73.11
101,2025,93,159,5,986.4281,80.49051,52.3931,80.99457,6.3308,187.3,-1.188716,0,80.43993,80.1394,73.01
101,2025,93,159,10,986.3654,80.49051,52.2909,80.99457,7.1344,196,-1.188716,0,80.41483,80.1394,72.9
101,2025,93,159,15,986.4281,80.49051,52.35904,81.04522,5.88,176.2,-1.188716,0,80.41483,80.1394,72.89
101,2025,93,159,20,986.4281,80.49051,52.3931,81.04522,6.5464,151.7,-0.7924775,0,80.38977,80.11435,72.87
101,2025,93,159,25,986.4907,80.42919,52.25684,81.04522,5.5272,181.1,-1.188716,0,80.36467,80.08941,72.99
101,2025,93,159,30,986.4907,80.49051,52.42717,81.04522,5.6252,156.9,-1.584955,0,80.36467,80.08941,72.99
101,2025,93,159,35,986.4907,80.30656,52.32497,81.04522,6.134799,153.4,-1.584955,0,80.36467,80.08941,72.96
101,2025,93,159,40,986.3654,80.42919,52.25684,81.07054,6.6052,133,-1.584955,0,80.36467,80.08941,72.94
101,2025,93,159,45,986.4907,80.42919,52.18871,81.09328,5.6448,148.8,-1.58494,0,80.38725,80.08688,72.99
101,2025,93,159,50,986.4907,80.42919,52.35904,81.09328,4.3316,154,-1.188705,0,80.41229,80.13687,73.04
101,2025,93,159,55,986.5535,80.42919,52.46123,81.06796,5.096,179.9,-1.188705,0,80.41229,80.13687,72.96
101,2025,93,200,0,986.3654,80.55183,52.2909,81.06796,6.8208,169.8,-1.58494,0,80.38725,80.11182,72.9
101,2025,93,200,5,986.4907,80.49051,52.22277,81.09328,8.1144,166.8,-0.7924702,0,80.41229,80.11182,73.13
101,2025,93,200,10,986.3654,80.61315,52.12057,81.11861,6.9384,177.5,-1.188705,0,80.4374,80.13687,73.07
101,2025,93,200,15,986.4907,80.36787,52.22277,81.14404,5.0176,174.1,-1.58494,0,80.4374,80.13687,72.97
101,2025,93,200,20,986.4907,80.49051,52.25684,81.14404,5.8016,180.3,-1.58494,0,80.4374,80.13687,72.89
101,2025,93,200,25,986.5535,80.55183,52.35904,81.11861,6.0368,156.4,-1.188705,0,80.4374,80.13687,72.87
101,2025,93,200,30,986.6161,80.42919,52.35904,81.09328,5.8408,146.2,-1.188705,0,80.38725,80.11182,72.78
101,2025,93,200,35,986.6161,80.42919,52.18871,81.09328,6.6052,159.5,-1.58494,0,80.36214,80.08688,72.9
101,2025,93,200,40,986.4907,80.55183,52.18871,81.09328,6.9384,173.9,-1.58494,0,80.36214,80.08688,72.99
101,2025,93,200,45,986.4907,80.49051,52.22277,81.09328,6.86,172,-1.188705,0,80.38725,80.11182,73.12
101,2025,93,200,50,986.6161,80.49051,52.25684,81.09328,6.174,167.3,-1.58494,0,80.41229,80.13687,73.02
101,2025,93,200,55,986.6161,80.55183,52.22277,81.09328,6.5072,162,-1.188705,0,80.41229,80.13687,73.05
101,2025,93,201,0,986.6161,80.61315,52.3931,81.09328,5.8212,168.3,-1.188705,0,80.38725,80.13687,72.98
101,2025,93,201,5,986.6161,80.49051,52.22277,81.09328,5.3312,168.2,-1.188705,0,80.38725,80.13687,73.06
101,2025,93,201,10,986.7415,80.55183,52.12057,81.09328,6.2132,168.8,-0.7924702,0,80.38725,80.13687,73.15
101,2025,93,201,15,986.6161,80.42919,52.18871,81.09328,4.998,145.9,-1.188705,0,80.41229,80.13687,73.19
101,2025,93,201,20,986.6161,80.49051,52.12057,81.09328,5.194,133.1,-1.58494,0,80.41229,80.13687,73.1
101,2025,93,201,25,986.6161,80.55183,52.22277,81.06796,5.5076,139.6,-1.188705,0,80.41229,80.13687,72.98
101,2025,93,201,30,986.6161,80.55183,52.08651,81.06796,5.4292,142.7,-1.188705,0,80.41229,80.13687,73.06
101,2025,93,201,35,986.6161,80.61315,52.01838,81.09328,6.2132,153.6,-1.58494,0,80.46251,80.1618,73.13
101,2025,93,201,40,986.6788,80.49051,52.18871,81.06796,6.3504,156.7,-1.188705,0,80.48761,80.18686,73.21
101,2025,93,201,45,986.6161,80.49051,52.22277,81.07175,5.684,162,-1.188694,0,80.49135,80.1906,73.05
101,2025,93,201,50,986.7415,80.55183,52.08651,81.07175,8.5456,164.4,-0.7924626,0,80.49135,80.1906,73.14
101,2025,93,201,55,986.7415,80.55183,51.95024,81.09713,9.0552,165,-1.188694,0,80.49135,80.1906,73.35
101,2025,93,202,0,986.7415,80.49051,51.91618,81.14783,8.036,156.5,-1.188694,0,80.54166,80.24059,73.45
101,2025,93,202,5,986.7415,80.49051,52.08651,81.14783,7.0364,188.7,-1.188694,0,80.54166,80.24059,73.33
101,2025,93,202,10,986.6161,80.55183,52.01838,81.17321,7.6048,183.6,-1.188694,0,80.54166,80.24059,73.24
101,2025,93,202,15,986.4907,80.55183,51.91618,81.19864,6.1544,172.1,-0.7924626,0,80.54166,80.24059,73.18
101,2025,93,202,20,986.6161,80.42919,51.91618,81.19864,7.565599,174.7,-1.188694,0,80.54166,80.24059,73.08
101,2025,93,202,25,986.5535,80.42919,51.81398,81.2494,7.6048,183.1,-0.7924626,0,80.56682,80.24059,73.02
101,2025,93,202,30,986.6161,80.67447,51.71178,81.2494,7.7224,159.7,-1.188694,0,80.56682,80.26563,73.13
101,2025,93,202,35,986.6161,80.55183,51.74585,81.30026,6.958,163.3,-1.188694,0,80.59198,80.26563,73.25
101,2025,93,202,40,986.6161,80.55183,51.64365,81.30026,6.389599,154.5,-1.584925,0,80.6423,80.29068,73.26
101,2025,93,202,45,986.6788,80.61315,51.74585,81.32576,6.2328,188.4,-1.188694,0,80.6423,80.29068,73.21
101,2025,93,202,50,986.7415,80.61315,51.81398,81.32576,6.6052,182,-0.7924626,0,80.6423,80.31573,73.11
101,2025,93,202,55,986.6161,80.55183,51.84805,81.30026,6.2132,190.8,-1.188694,0,80.6423,80.31573,73.04
101,2025,93,203,0,986.7415,80.61315,51.91618,81.30026,5.0568,167.2,-1.188694,0,80.6423,80.31573,72.99
101,2025,93,203,5,986.7415,80.67447,51.81398,81.30026,4.7236,146.5,-1.188694,0,80.61714,80.29068,72.92
101,2025,93,203,10,986.7415,80.67447,51.71178,81.27483,5.4684,157.6,-1.584925,0,80.61714,80.29068,73.01
101,2025,93,203,15,986.7415,80.55183,51.64365,81.30026,7.6244,153.1,-1.188694,0,80.61714,80.29068,73.13
101,2025,93,203,20,986.7415,80.73579,51.74585,81.30026,8.427999,154.8,-0.7924626,0,80.6423,80.29068,73.18
101,2025,93,203,25,986.7415,80.67447,51.77991,81.30026,8.0948,155.7,-0.7924626,0,80.6423,80.31573,73.27
101,2025,93,203,30,986.7415,80.61315,51.77991,81.30026,8.1928,147.7,-0.7924626,0,80.6423,80.34084,73.28
101,2025,93,203,35,986.8668,80.61315,51.64365,81.30026,6.4484,154.7,-0.7924626,0,80.66751,80.34084,73.34
101,2025,93,203,40,986.7415,80.67447,51.47332,81.32092,7.9772,145.6,-0.7924682,0,80.68794,80.36121,73.48
101,2025,93,203,45,986.7415,80.67447,51.57552,81.34636,9.819599,145.6,-0.7924682,0,80.73837,80.38626,73.5
101,2025,93,203,50,986.7415,80.73579,51.43926,81.37184,10.7408,155.3,-0.7924682,0,80.73837,80.38626,73.47
101,2025,93,203,55,986.8668,80.67447,51.33706,81.37184,8.682799,166.5,-0.7924682,0,80.73837,80.38626,73.6
101,2025,93,204,0,986.7415,80.7971,51.37113,81.37184,7.1736,185.3,-0.7924682,0,80.76364,80.43646,73.53
101,2025,93,204,5,986.8668,80.73579,51.43926,81.37184,6.2524,157.7,-0.7924682,0,80.76364,80.43646,73.47
101,2025,93,204,10,986.6788,80.73579,51.33706,81.37184,6.0564,168.5,-1.188702,0,80.76364,80.43646,73.47
101,2025,93,204,15,986.7415,80.73579,51.26893,81.39733,8.3104,195.6,-1.188702,0,80.76364,80.43646,73.51
101,2025,93,204,20,986.7415,80.61315,51.26893,81.39733,6.076,155.3,-0.7924682,0,80.81407,80.46157,73.57
101,2025,93,204,25,986.8668,80.73579,51.33706,81.39733,6.7816,155.3,-1.188702,0,80.83934,80.48668,73.58
101,2025,93,204,30,986.8668,80.73579,51.26893,81.39733,8.8592,156.6,-0.7924682,0,80.81407,80.48668,73.64
101,2025,93,204,35,986.6161,80.85842,51.303,81.42276,8.2908,171,-0.7924682,0,80.83934,80.51178,73.66
101,2025,93,204,40,986.8042,80.85842,51.13267,81.44826,8.3496,170.6,-0.3962341,0,80.83934,80.53694,73.58
101,2025,93,204,45,986.8042,80.7971,51.13267,81.47374,8.3496,162.4,-0.7924682,0,80.83934,80.53694,73.57
101,2025,93,204,50,986.7415,80.7971,51.0986,81.49923,8.8984,148.1,-1.188702,0,80.86461,80.53694,73.64
101,2025,93,204,55,986.8042,80.73579,51.13267,81.49923,8.624,159.3,-0.3962341,0,80.86461,80.53694,73.58
101,2025,93,205,0,986.8668,80.85842,51.06454,81.49923,7.8792,151.2,-0.3962341,0,80.86461,80.53694,73.71
101,2025,93,205,5,986.7415,80.7971,51.0986,81.49923,6.958,152.5,-0.3962341,0,80.91515,80.5621,73.78
101,2025,93,205,10,986.8668,80.98106,51.2008,81.49923,6.2132,154.6,-0.3962341,0,80.88988,80.5621,73.43
101,2025,93,205,15,986.8668,80.85842,51.2008,81.47374,5.0372,149.2,-0.3962341,0,80.86461,80.5621,73.44
101,2025,93,205,20,986.8668,80.91974,51.0986,81.44826,5.6056,159.1,-0.7924682,0,80.86461,80.5621,73.42
101,2025,93,205,25,986.8668,80.98106,51.2008,81.44826,4.9392,144.3,-0.3962341,0,80.86461,80.5621,73.42
101,2025,93,205,30,986.8668,80.98106,51.303,81.44826,5.2724,160.3,-0.3962341,0,80.83934,80.5621,73.22
101,2025,93,205,35,986.8668,80.7971,51.23486,81.4231,4.9784,167.9,-0.7924734,0,80.81445,80.56248,73.21
101,2025,93,205,40,986.8668,80.85842,51.26893,81.39766,6.0564,162.1,-0.7924734,0,80.78918,80.53732,73.18
101,2025,93,205,45,986.8668,80.91974,51.0986,81.37222,6.174,160.1,-0.7924734,0,80.76397,80.53732,73.31
101,2025,93,205,50,986.8668,80.91974,51.26893,81.37222,4.6452,169,-0.3962367,0,80.76397,80.53732,73.32
101,2025,93,205,55,986.8668,80.7971,51.40519,81.37222,4.8608,151,-0.3962367,0,80.76397,80.53732,73.32
101,2025,93,206,0,986.8668,80.85842,51.40519,81.34674,5.5468,153.1,-1.18871,0,80.7387,80.51222,73.22
101,2025,93,206,5,986.8668,80.7971,51.303,81.3213,5.292,174.3,-0.7924734,0,80.71355,80.48706,73.22
101,2025,93,206,10,986.9295,80.91974,51.40519,81.29582,4.6452,148.3,-0.7924734,0,80.71355,80.48706,73.13
101,2025,93,206,15,986.8668,80.85842,51.33706,81.29582,4.312,151.5,-0.7924734,0,80.68828,80.48706,73.14
101,2025,93,206,20,986.8668,80.85842,51.40519,81.29582,4.0376,151.7,-0.7924734,0,80.68828,80.46196,73.06
101,2025,93,206,25,986.8668,80.7971,51.43926,81.24501,3.5868,146.3,-0.7924734,0,80.68828,80.46196,73.11
101,2025,93,206,30,986.8668,80.91974,51.50739,81.21963,3.7828,136.9,-1.18871,0,80.68828,80.46196,72.99
101,2025,93,206,35,986.8668,80.85842,51.47332,81.21963,3.6848,166.3,-1.18871,0,80.66317,80.46196,73.07
101,2025,93,206,40,986.8668,80.85842,51.43926,81.19424,4.214,148.7,-1.18871,0,80.66317,80.46196,73.06
101,2025,93,206,45,986.8668,80.85842,51.40519,81.19424,4.1552,156.8,-0.7924734,0,80.66317,80.46196,73.1
101,2025,93,206,50,986.8668,80.7971,51.43926,81.19424,4.8608,162.8,-1.18871,0,80.68828,80.46196,73.04
101,2025,93,206,55,986.8668,80.67447,51.47332,81.16882,4.3316,157.7,-1.18871,0,80.66317,80.46196,73.05
101,2025,93,207,0,986.8668,80.67447,51.54146,81.14343,4.5276,164.8,-0.7924734,0,80.66317,80.46196,73.04
101,2025,93,207,5,986.9922,80.73579,51.64365,81.14343,4.1748,162.8,-0.7924734,0,80.66317,80.43685,72.98
101,2025,93,207,10,986.9295,80.85842,51.54146,81.14343,4.5472,157.4,-1.18871,0,80.63795,80.43685,73
101,2025,93,207,15,986.9922,80.91974,51.64365,81.14343,4.5864,147.3,-0.7924734,0,80.63795,80.43685,72.92
101,2025,93,207,20,986.9922,80.7971,51.67772,81.14343,4.3708,179.1,-0.7924734,0,80.61275,80.4117,72.87
101,2025,93,207,25,986.8668,80.85842,51.54146,81.14343,3.5476,164.5,-1.18871,0,80.56248,80.38664,72.8
101,2025,93,207,30,986.9922,80.73579,51.67772,81.09114,3.0772,175.3,-0.7924781,0,80.56084,80.36,72.85
101,2025,93,207,35,987.0549,80.67447,51.71178,81.09114,3.0576,157.9,-1.188717,0,80.53573,80.36,72.91
101,2025,93,207,40,987.0549,80.67447,51.81398,81.04044,3.5084,146.6,-1.188717,0,80.53573,80.33495,72.77
101,2025,93,207,45,986.9295,80.73579,51.57552,81.04044,4.9392,150.2,-0.7924781,0,80.51057,80.33495,72.6
101,2025,93,207,50,986.9922,80.7971,51.60959,81.04044,4.0768,148.6,-0.7924781,0,80.48547,80.33495,72.66
101,2025,93,207,55,986.9922,80.67447,51.74585,81.04044,3.3124,156.9,-1.188717,0,80.48547,80.33495,72.83
101,2025,93,208,0,986.9922,80.67447,51.77991,81.04044,3.4888,166.8,-0.7924781,0,80.48547,80.30984,72.95
101,2025,93,208,5,987.0549,80.7971,51.98431,81.04044,3.6848,177.1,-0.7924781,0,80.48547,80.30984,72.92
101,2025,93,208,10,987.1176,80.67447,51.84805,80.98979,4.5668,161.7,-0.7924781,0,80.46036,80.28481,72.87
101,2025,93,208,15,987.1176,80.67447,51.91618,80.96452,5.88,142.8,-0.7924781,0,80.43526,80.28481,72.81
101,2025,93,208,20,986.8668,80.67447,51.33706,80.98979,8.3692,161.8,-0.7924781,0,80.43526,80.23476,72.89
101,2025,93,208,25,986.8668,80.73579,51.50739,81.04044,9.819599,145.9,-0.7924781,0,80.43526,80.23476,72.99
101,2025,93,208,30,986.9295,80.67447,51.50739,81.06582,9.506,152.4,-0.7924781,0,80.46036,80.23476,73.14
101,2025,93,208,35,986.9922,80.61315,51.57552,81.09114,8.055599,181.4,-1.188717,0,80.48547,80.23476,73.23
101,2025,93,208,40,986.9295,80.67447,51.74585,81.09114,6.9972,170,-1.188717,0,80.48547,80.23476,73.09
101,2025,93,208,45,987.1176,80.61315,51.81398,81.09114,6.664,162.4,-0.7924781,0,80.48547,80.23476,73.03
101,2025,93,208,50,986.9922,80.67447,51.71178,81.11647,6.9776,165.9,-0.7924781,0,80.46036,80.20976,73.16
101,2025,93,208,55,986.9922,80.61315,51.64365,81.09114,5.4684,179.3,-1.188717,0,80.48547,80.23476,73.16
101,2025,93,209,0,987.1176,80.61315,51.50739,81.09114,5.8016,169.8,-1.584956,0,80.51057,80.23476,73.31
101,2025,93,209,5,987.1176,80.61315,51.60959,81.09114,5.194,157.9,-0.7924781,0,80.53573,80.25975,73.4
101,2025,93,209,10,987.1176,80.61315,51.64365,81.09114,6.6444,170.2,-1.188717,0,80.53573,80.25975,73.41
101,2025,93,209,15,987.1176,80.67447,51.67772,81.09114,7.7812,161.3,-1.188717,0,80.53573,80.28481,73.24
101,2025,93,209,20,987.1176,80.49051,51.57552,81.14185,8.6436,158.3,-1.188717,0,80.53573,80.28481,73.23
101,2025,93,209,25,986.9922,80.55183,51.43926,81.16799,7.7616,149.7,-0.7924801,0,80.5616,80.28551,73.27
101,2025,93,209,30,987.1176,80.67447,51.60959,81.19331,8.0752,149.1,-1.18872,0,80.5616,80.28551,73.39
101,2025,93,209,35,987.0549,80.61315,51.57552,81.16799,5.9976,164,-1.18872,0,80.5616,80.31062,73.3
101,2025,93,209,40,987.0549,80.67447,51.50739,81.16799,6.4092,169.1,-1.58496,0,80.5616,80.28551,73.24
101,2025,93,209,45,987.1176,80.73579,51.67772,81.16799,6.9188,158.3,-1.18872,0,80.5616,80.28551,73.21
101,2025,93,209,50,987.0549,80.61315,51.67772,81.14256,6.8992,180.6,-0.7924801,0,80.53644,80.26047,73.21
101,2025,93,209,55,987.1176,80.61315,51.71178,81.14256,7.9772,159.5,-1.18872,0,80.53644,80.26047,73.2
101,2025,93,210,0,987.1176,80.61315,51.57552,81.16799,7.5068,139.9,-1.58496,0,80.48618,80.23547,73.15
101,2025,93,210,5,986.9922,80.61315,51.33706,81.19331,5.3508,177.6,-1.18872,0,80.48618,80.23547,73.25
101,2025,93,210,10,987.1176,80.67447,51.303,81.2188,4.8804,155.5,-0.3962401,0,80.53644,80.23547,73.21
101,2025,93,210,15,987.0549,80.61315,51.60959,81.24419,5.586,148.6,-1.18872,0,80.53644,80.23547,73.19
101,2025,93,210,20,986.9295,80.73579,51.37113,81.24419,7.6832,164,-0.7924801,0,80.53644,80.23547,73.22
101,2025,93,210,25,987.0549,80.55183,51.40519,81.24419,7.2912,164.3,-1.18872,0,80.5616,80.26047,73.39
101,2025,93,210,30,986.9922,80.67447,51.303,81.26956,7.8596,150.5,-1.18872,0,80.61192,80.31062,73.42
101,2025,93,210,35,986.9295,80.61315,51.40519,81.295,7.1736,156.2,-1.58496,0,80.63708,80.33562,73.35
101,2025,93,210,40,986.8668,80.73579,51.37113,81.295,6.9776,166.8,-1.58496,0,80.66229,80.33562,73.51
101,2025,93,210,45,987.0549,80.67447,51.37113,81.295,7.114799,164,-0.7924801,0,80.68745,80.36072,73.46
101,2025,93,210,50,986.9922,80.73579,51.26893,81.295,7.84,162.7,-1.18872,0,80.68745,80.38577,73.48
101,2025,93,210,55,986.9922,80.7971,51.2008,81.295,7.565599,174.2,-1.18872,0,80.71266,80.41081,73.57
101,2025,93,211,0,987.0549,80.7971,51.26893,81.295,6.0172,170.6,-1.58496,0,80.73788,80.43597,73.56
101,2025,93,211,5,986.9922,80.73579,51.43926,81.295,6.9384,165.2,-1.58496,0,80.71266,80.43597,73.48
101,2025,93,211,10,986.9922,80.61315,51.33706,81.295,6.3308,145,-1.18872,0,80.73788,80.43597,73.48
101,2025,93,211,15,987.1176,80.7971,51.33706,81.295,5.8996,155.7,-1.18872,0,80.73788,80.43597,73.38
101,2025,93,211,20,987.0549,80.7971,51.23486,81.26956,5.3508,171.3,-0.7924801,0,80.76309,80.46107,73.52
101,2025,93,211,25,987.1176,80.67447,51.26893,81.27428,4.4884,167.5,-1.188724,0,80.76776,80.46569,73.4
101,2025,93,211,30,987.1176,80.73579,51.33706,81.24886,4.6452,182.7,-1.188724,0,80.76776,80.46569,73.33
101,2025,93,211,35,986.9922,80.7971,51.303,81.22342,4.4884,179.4,-1.584965,0,80.74255,80.46569,73.25
101,2025,93,211,40,986.9922,80.91974,51.23486,81.19804,6.4484,185.9,-1.188724,0,80.74255,80.44058,73.22
101,2025,93,211,45,987.1176,80.85842,51.37113,81.19804,4.802,161.9,-1.188724,0,80.74255,80.46569,73.15
101,2025,93,211,50,987.1176,80.7971,51.50739,81.19804,4.3512,146.1,-0.7924826,0,80.71733,80.44058,73.13
101,2025,93,211,55,987.1176,80.67447,51.40519,81.19804,5.2332,155,-0.7924826,0,80.69212,80.44058,73.12
101,2025,93,212,0,987.1176,80.73579,51.40519,81.14734,6.4092,168.9,-1.188724,0,80.66696,80.41554,73.09
101,2025,93,212,5,987.1176,80.67447,51.47332,81.14734,6.2524,149.3,-0.7924826,0,80.66696,80.44058,73.18
101,2025,93,212,10,986.9922,80.73579,51.37113,81.14734,5.586,148.6,-0.7924826,0,80.64175,80.44058,73.13
101,2025,93,212,15,986.9922,80.85842,51.303,81.14734,4.7236,154.8,-1.188724,0,80.66696,80.44058,73.13
101,2025,93,212,20,986.9922,80.7971,51.40519,81.14734,4.508,157.5,-0.7924826,0,80.69212,80.44058,73.19
101,2025,93,212,25,987.0549,80.67447,51.57552,81.14734,4.7432,139.2,-1.188724,0,80.69212,80.44058,73.13
101,2025,93,212,30,987.1176,80.67447,51.57552,81.14734,5.2136,137.6,-1.188724,0,80.66696,80.44058,73.11
101,2025,93,212,35,987.1176,80.61315,51.60959,81.14734,5.6252,189.2,-0.7924826,0,80.64175,80.41554,72.96
101,2025,93,212,40,986.9295,80.67447,51.37113,81.14734,6.0172,185,-0.7924826,0,80.64175,80.39038,72.96
101,2025,93,212,45,986.9922,80.61315,51.2008,81.14734,6.9188,164.1,-1.188724,0,80.64175,80.39038,72.9
101,2025,93,212,50,986.9295,80.61315,51.37113,81.14734,7.8008,177,-0.7924826,0,80.64175,80.39038,73.01
101,2025,93,212,55,986.9922,80.73579,51.37113,81.17266,7.369599,179.6,-0.7924826,0,80.66696,80.41554,73.07
101,2025,93,213,0,987.0549,80.67447,51.33706,81.17266,8.055599,178.8,-1.584965,0,80.66696,80.41554,73.13
101,2025,93,213,5,986.8668,80.61315,51.26893,81.19804,7.5852,167.2,-1.188724,0,80.66696,80.41554,73.23
101,2025,93,213,10,987.1176,80.67447,51.33706,81.19804,7.7812,169.2,-1.188724,0,80.66696,80.41554,73.34
101,2025,93,213,15,986.9922,80.67447,51.23486,81.22342,7.996799,173.9,-0.7924826,0,80.69212,80.41554,73.34
101,2025,93,213,20,987.0549,80.67447,51.26893,81.21902,7.84,170.3,-1.188728,0,80.68777,80.38609,73.28
101,2025,93,213,25,986.9922,80.67447,51.33706,81.19365,7.5068,165.9,-1.188728,0,80.68777,80.38609,73.27
101,2025,93,213,30,987.1176,80.67447,51.26893,81.19365,7.5068,167.1,-0.7924852,0,80.68777,80.38609,73.2
101,2025,93,213,35,987.1176,80.73579,51.26893,81.19365,5.8212,156.5,-1.188728,0,80.66262,80.38609,73.27
101,2025,93,213,40,987.1176,80.73579,51.33706,81.19365,5.978,162.1,-1.188728,0,80.66262,80.36099,73.22
101,2025,93,213,45,987.1176,80.67447,51.37113,81.19365,5.782,166.4,-1.188728,0,80.66262,80.36099,73.29
101,2025,93,213,50,987.0549,80.67447,51.26893,81.19365,5.6056,158,-0.7924852,0,80.66262,80.38609,73.25
101,2025,93,213,55,987.0549,80.61315,51.54146,81.16827,5.586,156.6,-0.7924852,0,80.63741,80.38609,73.24
101,2025,93,214,0,987.1176,80.67447,51.50739,81.14288,5.3312,167.6,-1.188728,0,80.63741,80.36099,73.15
101,2025,93,214,5,986.9922,80.73579,51.64365,81.14288,3.9984,148.5,-1.188728,0,80.6122,80.38609,73.18
101,2025,93,214,10,986.9922,80.85842,51.74585,81.09213,3.6848,140.5,-1.58497,0,80.58704,80.33594,72.97
101,2025,93,214,15,987.1176,80.67447,51.77991,81.09213,5.5664,143.5,-1.188728,0,80.53677,80.33594,72.92
101,2025,93,214,20,987.0549,80.67447,51.50739,81.04149,5.8996,151,-1.58497,0,80.53677,80.33594,73.07
101,2025,93,214,25,987.1176,80.67447,51.67772,81.04149,5.7428,138.2,-1.188728,0,80.53677,80.33594,73.13
101,2025,93,214,30,987.1176,80.67447,51.54146,81.04149,4.1944,175.2,-1.188728,0,80.51161,80.3109,73.04
101,2025,93,214,35,987.1176,80.67447,51.67772,81.04149,3.5084,153.3,-1.188728,0,80.51161,80.3109,72.97
101,2025,93,214,40,987.1176,80.67447,51.77991,80.99084,3.332,152.3,-0.7924852,0,80.48651,80.28584,72.97
101,2025,93,214,45,986.9922,80.49051,51.67772,80.99084,4.4296,149.1,-1.58497,0,80.46141,80.2608,72.74
101,2025,93,214,50,987.1176,80.55183,51.81398,80.96552,4.2336,153.6,-1.188728,0,80.43625,80.2608,72.62
101,2025,93,214,55,987.1176,80.61315,51.88211,80.96552,4.0572,157.1,-1.58497,0,80.43625,80.23569,72.58
101,2025,93,215,0,987.1176,80.67447,51.71178,80.94019,4.312,141.3,-1.188728,0,80.43625,80.23569,72.67
101,2025,93,215,5,987.0549,80.67447,51.64365,80.94019,3.5084,137.5,-1.188728,0,80.43625,80.23569,72.68
101,2025,93,215,10,987.1176,80.49051,51.81398,80.94019,3.4104,136.9,-1.188728,0,80.43625,80.23569,72.7
101,2025,93,215,15,987.1176,80.61315,51.77991,80.94069,3.332,159.3,-1.188732,0,80.43674,80.23624,72.66
101,2025,93,215,20,987.1176,80.49051,51.95024,80.94069,3.4888,156.6,-1.188732,0,80.38659,80.23624,72.64
101,2025,93,215,25,987.1176,80.61315,51.91618,80.89015,2.3716,156.2,-1.584975,0,80.38659,80.1862,72.66
101,2025,93,215,30,987.0549,80.49051,52.08651,80.86488,2.1168,156.7,-1.188732,0,80.36143,80.1862,72.54
101,2025,93,215,35,987.0549,80.49051,52.05244,80.83966,2.744,143.7,-1.584975,0,80.33638,80.16121,72.42
101,2025,93,215,40,986.9922,80.55183,51.98431,80.81435,2.8812,176.8,-1.584975,0,80.28634,80.16121,72.38
101,2025,93,215,45,987.1176,80.55183,52.08651,80.78912,3.2732,171,-0.7924877,0,80.26129,80.13622,72.41
101,2025,93,215,50,987.1176,80.73579,51.91618,80.76385,3.4888,158.4,-1.188732,0,80.26129,80.11122,72.43
101,2025,93,215,55,987.1176,80.49051,51.88211,80.76385,3.3908,152.8,-1.188732,0,80.23624,80.08623,72.52
101,2025,93,216,0,987.1176,80.55183,51.95024,80.7387,3.1556,137.9,-1.188732,0,80.23624,80.08623,72.44
101,2025,93,216,5,987.1176,80.42919,51.98431,80.7387,2.6068,182.7,-1.188732,0,80.23624,80.08623,72.39
101,2025,93,216,10,987.1176,80.55183,51.98431,80.7387,2.94,156.6,-1.188732,0,80.23624,80.08623,72.39
101,2025,93,216,15,987.1176,80.42919,52.08651,80.7387,3.3712,134.6,-1.584975,0,80.21124,80.06128,72.44
101,2025,93,216,20,987.1176,80.42919,51.81398,80.7387,5.6644,151.1,-1.584975,0,80.21124,80.06128,72.44
101,2025,93,216,25,987.1176,80.36787,51.98431,80.7387,6.683599,153.1,-1.188732,0,80.23624,80.03635,72.67
101,2025,93,216,30,986.9922,80.49051,51.91618,80.78912,4.4884,208.1,-1.584975,0,80.23624,80.03635,72.59
101,2025,93,216,35,987.1176,80.42919,51.74585,80.78912,4.802,165.9,-1.584975,0,80.23624,80.03635,72.6
101,2025,93,216,40,986.9922,80.49051,51.84805,80.81435,7.056,185,-1.584975,0,80.23624,80.03635,72.76
101,2025,93,216,45,986.8668,80.36787,51.77991,80.83966,8.937599,181,-1.584975,0,80.26129,80.06128,72.69
101,2025,93,216,50,986.9922,80.36787,51.26893,80.94069,10.584,171.2,-1.584975,0,80.28634,80.06128,72.92
101,2025,93,216,55,986.8668,80.42919,51.23486,81.01665,11.1328,161.2,-1.981219,0,80.36143,80.11122,73.16
101,2025,93,217,0,986.9922,80.42919,51.16673,81.06731,9.6824,156.9,-1.981219,0,80.46185,80.16121,73.18
101,2025,93,217,5,987.1176,80.55183,51.303,81.09268,8.8004,142.7,-1.584975,0,80.53726,80.21124,73.26
101,2025,93,217,10,987.1176,80.55183,51.33706,81.09323,7.565599,159.2,-1.981225,0,80.56297,80.23685,73.32
101,2025,93,217,15,987.1176,80.42919,51.26893,81.14404,7.2324,160.6,-1.58498,0,80.58813,80.26184,73.42
101,2025,93,217,20,987.0549,80.55183,51.23486,81.11861,5.6056,151.5,-1.58498,0,80.58813,80.28694,73.36
101,2025,93,217,25,986.9922,80.55183,50.96234,81.14404,7.467599,157.8,-1.58498,0,80.6133,80.33699,73.49
101,2025,93,217,30,987.1176,80.67447,51.0986,81.16936,7.8204,170.2,-1.58498,0,80.6636,80.33699,73.39
101,2025,93,217,35,987.0549,80.61315,51.13267,81.19475,5.7036,177.2,-1.981225,0,80.6385,80.36209,73.32
101,2025,93,217,40,987.1176,80.55183,51.16673,81.19475,6.683599,176.5,-1.188735,0,80.6385,80.36209,73.16
101,2025,93,217,45,986.9922,80.67447,50.86014,81.19475,7.2324,175.4,-1.58498,0,80.6385,80.36209,73.03
101,2025,93,217,50,986.9295,80.61315,50.65575,81.24556,7.4088,187.7,-1.58498,0,80.6636,80.36209,73.24
101,2025,93,217,55,986.9922,80.67447,50.99641,81.24556,7.1932,173.5,-1.188735,0,80.68883,80.36209,73.16
101,2025,93,218,0,987.1176,80.61315,51.0986,81.22012,7.663599,154.8,-1.58498,0,80.68883,80.38708,73.12
101,2025,93,218,5,987.1176,80.73579,51.06454,81.19475,6.7228,168,-1.188735,0,80.68883,80.38708,73.24
101,2025,93,218,10,987.1176,80.67447,51.23486,81.16936,6.1936,170,-1.188735,0,80.6636,80.38708,73.11
101,2025,93,218,15,987.0549,80.67447,51.0986,81.14404,5.6252,145.1,-0.7924902,0,80.6133,80.36209,73.04
101,2025,93,218,20,986.9922,80.67447,51.13267,81.14404,4.9196,149.1,-0.7924902,0,80.58813,80.33699,72.95
101,2025,93,218,25,987.1176,80.61315,51.13267,81.14404,3.9396,138.7,-1.188735,0,80.56297,80.33699,72.76
101,2025,93,218,30,987.1176,80.67447,51.06454,81.14404,5.9192,162.9,-1.188735,0,80.53781,80.33699,72.77
101,2025,93,218,35,987.0549,80.61315,50.99641,81.14404,7.4088,165.3,-1.188735,0,80.56297,80.31194,72.93
101,2025,93,218,40,987.1176,80.67447,51.03047,81.14404,7.0756,157.4,-1.188735,0,80.56297,80.33699,72.95
101,2025,93,218,45,987.0549,80.55183,50.96234,81.16936,6.5072,159.9,-1.188735,0,80.56297,80.33699,72.93
101,2025,93,218,50,986.9922,80.67447,50.86014,81.19475,5.978,173.8,-0.7924902,0,80.58813,80.33699,73.1
101,2025,93,218,55,987.1176,80.67447,50.96234,81.19475,6.0956,152.5,-1.188735,0,80.6133,80.33699,72.99
101,2025,93,219,0,987.0549,80.7971,50.86014,81.19475,5.9976,161.2,-1.58498,0,80.6133,80.33699,72.98
101,2025,93,219,5,987.0549,80.67447,51.03047,81.1953,6.468,160.6,-1.188735,0,80.61385,80.33748,73.03
101,2025,93,219,10,987.1176,80.73579,50.96234,81.1953,6.6052,158.8,-1.188735,0,80.61385,80.33748,73.13
101,2025,93,219,15,987.1802,80.73579,50.96234,81.1953,7.056,163.8,-1.188735,0,80.61385,80.33748,73.1
101,2025,93,219,20,987.1802,80.67447,50.96234,81.16991,6.683599,163.3,-1.188735,0,80.61385,80.33748,73.09
101,2025,93,219,25,987.1176,80.73579,50.96234,81.1953,6.134799,157.6,-0.7924902,0,80.639,80.33748,73.1
101,2025,93,219,30,987.1176,80.61315,51.0986,81.16991,5.0764,146,-1.188735,0,80.639,80.33748,73.15
101,2025,93,219,35,987.1176,80.61315,51.16673,81.14453,5.5076,171.3,-1.188735,0,80.61385,80.36258,73.07
101,2025,93,219,40,987.1176,80.67447,51.03047,81.14453,5.488,158.2,-1.58498,0,80.58868,80.33748,73.1
101,2025,93,219,45,987.1176,80.55183,51.23486,81.14453,4.6844,143.7,-0.7924902,0,80.56352,80.36258,72.97
101,2025,93,219,50,987.1176,80.61315,51.40519,81.14453,5.586,136.8,-1.58498,0,80.53831,80.33748,72.84
101,2025,93,219,55,987.1176,80.61315,51.13267,81.14453,7.663599,138.2,-1.188735,0,80.4881,80.31248,72.61
101,2025,93,220,0,987.2429,80.67447,51.03047,81.14453,7.0756,147.2,-0.7924902,0,80.4881,80.28744,72.84
101,2025,93,220,5,987.1176,80.67447,51.03047,81.14453,4.3512,145.1,-1.188735,0,80.51321,80.28744,72.83
101,2025,93,220,10,987.1176,80.67447,51.13267,81.14453,4.7824,159.6,-1.188735,0,80.51321,80.28744,73.02
101,2025,93,220,15,987.1176,80.67447,51.23486,81.14453,6.0956,161.7,-0.7924902,0,80.51321,80.28744,73.06
101,2025,93,220,20,987.2429,80.67447,51.13267,81.09378,5.8212,159.1,-1.58498,0,80.4881,80.28744,73.13
101,2025,93,220,25,987.1802,80.55183,51.23486,81.09378,5.0568,188.8,-1.188735,0,80.4881,80.28744,73.03
101,2025,93,220,30,987.2429,80.67447,51.23486,81.09378,4.8608,176.8,-1.58498,0,80.4881,80.28744,72.88
101,2025,93,220,35,987.1176,80.67447,51.2008,81.06841,6.272,185.3,-1.188735,0,80.4881,80.28744,72.85
101,2025,93,220,40,987.1176,80.55183,51.23486,81.06841,5.978,171.6,-1.188735,0,80.463,80.28744,72.8
101,2025,93,220,45,987.1176,80.73579,51.23486,81.06841,7.271599,163.6,-0.7924902,0,80.463,80.26239,72.93
101,2025,93,220,50,987.2429,80.61315,51.0986,81.06841,6.7228,167.1,-0.7924902,0,80.463,80.23734,72.93
101,2025,93,220,55,987.1176,80.67447,51.26893,81.06841,6.5268,173.3,-1.188735,0,80.43784,80.23734,72.92
101,2025,93,221,0,987.2429,80.55183,51.2008,81.04308,6.134799,176.2,-0.7924902,0,80.463,80.23734,72.92
101,2025,93,221,5,987.1176,80.49051,51.2008,81.04506,6.5072,184,-1.188717,0,80.43976,80.23926,72.81
101,2025,93,221,10,987.0549,80.61315,51.16673,81.04506,6.9384,180.6,-1.188717,0,80.43976,80.21422,72.88
101,2025,93,221,15,987.2429,80.55183,51.2008,81.04506,8.7612,159.7,-1.584956,0,80.43976,80.23926,72.96
101,2025,93,221,20,987.1176,80.73579,50.99641,81.07043,9.408,165.4,-1.188717,0,80.46487,80.23926,73.13
101,2025,93,221,25,987.3056,80.55183,51.03047,81.09576,8.8592,159,-1.584956,0,80.49002,80.23926,73.2
101,2025,93,221,30,987.2429,80.67447,51.13267,81.09576,7.5068,142.6,-1.188717,0,80.49002,80.23926,73.25
101,2025,93,221,35,987.2429,80.55183,51.0986,81.09576,6.9384,171.2,-0.7924781,0,80.49002,80.23926,73.39
101,2025,93,221,40,987.2429,80.67447,51.06454,81.09576,5.9584,169,-0.7924781,0,80.51513,80.23926,73.34
101,2025,93,221,45,987.2429,80.67447,51.13267,81.09576,5.8996,175,-1.188717,0,80.51513,80.23926,73.2
101,2025,93,221,50,987.1176,80.67447,51.23486,81.07043,4.606,174.2,-1.188717,0,80.46487,80.23926,73.06
101,2025,93,221,55,987.2429,80.67447,51.0986,81.04506,4.41,198,-1.188717,0,80.46487,80.23926,72.96
101,2025,93,222,0,987.3683,80.49051,50.99641,81.04506,6.86,174.6,-1.188717,0,80.46487,80.21422,72.92
101,2025,93,222,5,987.1176,80.61315,50.72388,81.09576,10.0352,182.9,-1.584956,0,80.46487,80.21422,73.14
101,2025,93,222,10,987.0549,80.67447,50.62168,81.17189,8.682799,179.7,-1.188717,0,80.54028,80.23926,73.31
101,2025,93,222,15,986.9922,80.67447,50.89421,81.19727,7.7616,189.9,-1.188717,0,80.56544,80.28931,73.31
101,2025,93,222,20,987.1176,80.67447,50.68981,81.24803,8.741599,164.8,-1.188717,0,80.61577,80.31435,73.47
101,2025,93,222,25,987.1176,80.61315,50.82608,81.24803,9.2512,190.8,-0.7924781,0,80.66614,80.3645,73.56
101,2025,93,222,30,987.1176,80.73579,50.79201,81.27346,8.2712,189.1,-0.7924781,0,80.66614,80.38956,73.56
101,2025,93,222,35,987.0549,80.61315,50.79201,81.27346,7.996799,187.4,-1.188717,0,80.6913,80.38956,73.46
101,2025,93,222,40,987.1802,80.73579,50.86014,81.27346,8.2124,189.4,-1.188717,0,80.6913,80.43976,73.4
101,2025,93,222,45,987.1176,80.67447,50.82608,81.24803,7.7224,180.3,-1.188717,0,80.6913,80.38956,73.26
101,2025,93,222,50,987.1176,80.67447,50.82608,81.24803,7.2128,189.3,-1.188717,0,80.66614,80.38956,73.2
101,2025,93,222,55,987.1176,80.67447,50.79201,81.19727,6.468,137.7,-1.188717,0,80.66614,80.38956,73.2
101,2025,93,223,0,987.1176,80.73579,50.99641,81.16942,5.8016,128.1,-0.7924801,0,80.66377,80.38725,73.19
101,2025,93,223,5,987.1176,80.61315,50.89421,81.19479,6.134799,145.9,-1.18872,0,80.63857,80.36214,73
101,2025,93,223,10,987.1176,80.61315,50.86014,81.19479,7.35,154.8,-1.18872,0,80.63857,80.36214,72.89
101,2025,93,223,15,987.2429,80.67447,50.82608,81.16942,6.487599,155.8,-1.58496,0,80.63857,80.3371,73.06
101,2025,93,223,20,987.2429,80.73579,50.75795,81.16942,8.5652,177.7,-1.18872,0,80.66377,80.38725,73.13
101,2025,93,223,25,987.1176,80.67447,50.86014,81.19479,6.2132,151,-1.58496,0,80.66377,80.36214,73.1
101,2025,93,223,30,987.1802,80.61315,50.96234,81.14404,5.1352,177.3,-1.18872,0,80.66377,80.36214,73.03
101,2025,93,223,35,987.1176,80.73579,50.89421,81.14404,5.2136,164.8,-1.18872,0,80.63857,80.36214,73.03
101,2025,93,223,40,987.1802,80.67447,50.99641,81.09334,3.43,175.5,-1.18872,0,80.63857,80.36214,72.95
101,2025,93,223,45,987.1176,80.67447,50.99641,81.09334,3.5672,178,-0.7924801,0,80.61334,80.36214,72.81
101,2025,93,223,50,987.1176,80.67447,51.0986,81.04263,3.626,164.1,-0.7924801,0,80.58819,80.3371,72.67
101,2025,93,223,55,987.1802,80.61315,50.92827,81.04263,5.7624,178.3,-1.18872,0,80.53793,80.3371,72.57
101,2025,93,224,0,987.2429,80.61315,50.92827,81.04263,5.8996,174.6,-1.18872,0,80.51282,80.31204,72.56
101,2025,93,224,5,987.2429,80.67447,51.0986,81.04263,7.2128,168.1,-0.7924801,0,80.48761,80.28694,72.59
101,2025,93,224,10,987.1176,80.55183,51.06454,81.04263,6.4484,141.8,-0.7924801,0,80.43745,80.2369,72.64
101,2025,93,224,15,987.1176,80.49051,51.06454,80.99199,4.8216,166,-1.18872,0,80.43745,80.2369,72.61
101,2025,93,224,20,987.1176,80.61315,51.16673,80.96667,3.7632,153.1,-1.58496,0,80.43745,80.21191,72.53
101,2025,93,224,25,987.1176,80.61315,51.13267,80.9414,3.3124,161.8,-1.58496,0,80.43745,80.18686,72.54
101,2025,93,224,30,987.1176,80.67447,51.16673,80.9414,5.9388,137.7,-1.18872,0,80.41229,80.16187,72.46
101,2025,93,224,35,987.1176,80.61315,51.03047,80.9414,3.9984,159.5,-1.18872,0,80.38725,80.16187,72.45
101,2025,93,224,40,987.1176,80.49051,51.06454,80.91608,3.6456,174,-1.18872,0,80.36214,80.16187,72.49
101,2025,93,224,45,987.1176,80.55183,50.99641,80.89081,5.0764,135.4,-1.58496,0,80.36214,80.16187,72.62
101,2025,93,224,50,987.1176,80.55183,50.96234,80.89081,8.3496,145.9,-1.18872,0,80.38725,80.16187,72.7
101,2025,93,224,55,987.1176,80.67447,50.99641,80.89114,4.5668,148.7,-1.188724,0,80.41263,80.16214,72.81
101,2025,93,225,0,987.1176,80.61315,50.99641,80.91635,5.9388,150.2,-1.584965,0,80.46278,80.18713,72.92
101,2025,93,225,5,987.1176,80.49051,50.99641,80.89114,4.7824,166,-1.584965,0,80.46278,80.18713,72.95
101,2025,93,225,10,987.1176,80.49051,50.99641,80.89114,5.1156,162.2,-1.188724,0,80.46278,80.21218,73.02
101,2025,93,225,15,987.1176,80.61315,51.06454,80.89114,4.4884,171.9,-0.7924825,0,80.46278,80.23717,72.99
101,2025,93,225,20,987.1176,80.55183,51.16673,80.89114,3.9984,186.8,-1.584965,0,80.46278,80.23717,72.92
101,2025,93,225,25,987.1176,80.42919,50.99641,80.89114,4.1944,164.2,-1.584965,0,80.46278,80.21218,72.84
101,2025,93,225,30,987.1176,80.55183,51.03047,80.89114,3.8024,185.4,-1.584965,0,80.43773,80.21218,72.83
101,2025,93,225,35,987.1176,80.67447,51.06454,80.84055,3.4888,142.4,-1.188724,0,80.43773,80.18713,72.89
101,2025,93,225,40,987.1176,80.42919,51.06454,80.84055,4.214,155.6,-1.188724,0,80.43773,80.23717,72.93
101,2025,93,225,45,987.1176,80.55183,51.13267,80.84055,4.2532,158.3,-0.7924825,0,80.43773,80.21218,72.82
101,2025,93,225,50,987.1176,80.55183,51.13267,80.84055,3.724,154.1,-0.7924825,0,80.43773,80.21218,72.84
101,2025,93,225,55,987.1176,80.61315,51.13267,80.84055,4.4688,146.6,-1.584965,0,80.43773,80.18713,72.85
101,2025,93,226,0,987.1176,80.61315,51.37113,80.84055,4.3316,136.8,-1.188724,0,80.43773,80.18713,72.8
101,2025,93,226,5,987.1176,80.55183,51.40519,80.84055,4.4688,152.3,-1.188724,0,80.38753,80.18713,72.64
101,2025,93,226,10,987.0549,80.61315,51.37113,80.84055,3.4888,112.5,-1.188724,0,80.36242,80.18713,72.54
101,2025,93,226,15,987.1176,80.55183,51.33706,80.84055,3.3712,131.9,-1.188724,0,80.33737,80.16214,72.41
101,2025,93,226,20,987.0549,80.49051,51.40519,80.81533,3.2144,179.7,-1.188724,0,80.33737,80.13715,72.33
101,2025,93,226,25,987.0549,80.49051,51.16673,80.84055,3.5084,180.3,-1.584965,0,80.31232,80.13715,72.36
101,2025,93,226,30,987.1176,80.49051,51.26893,80.81533,3.0576,139.5,-0.7924825,0,80.33737,80.13715,72.46
101,2025,93,226,35,987.1176,80.42919,51.03047,80.84055,4.704,155.7,-1.188724,0,80.33737,80.13715,72.42
101,2025,93,226,40,987.0549,80.55183,50.96234,80.84055,4.508,173.6,-0.7924825,0,80.36242,80.13715,72.32
101,2025,93,226,45,987.1176,80.49051,51.0986,80.84055,4.1944,163.7,-1.188724,0,80.36242,80.13715,72.28
101,2025,93,226,50,987.1176,80.49051,51.13267,80.84109,3.6848,164.3,-1.188724,0,80.38802,80.13763,72.41
101,2025,93,226,55,986.9922,80.49051,51.23486,80.84109,3.822,139.9,-1.188724,0,80.38802,80.13763,72.53
101,2025,93,227,0,987.1176,80.42919,51.23486,80.84109,3.332,163.8,-1.188724,0,80.38802,80.13763,72.41
101,2025,93,227,5,987.1176,80.55183,51.13267,80.84109,5.2724,155.6,-1.584966,0,80.36297,80.13763,72.42
101,2025,93,227,10,987.0549,80.42919,51.2008,80.84109,7.5068,168.6,-1.584966,0,80.38802,80.13763,72.66
101,2025,93,227,15,987.1176,80.30656,51.2008,80.84109,6.7032,161.7,-1.981207,0,80.41312,80.13763,72.74
101,2025,93,227,20,987.1176,80.42919,50.99641,80.84109,6.6248,145,-1.584966,0,80.43817,80.13763,72.89
101,2025,93,227,25,987.1176,80.42919,51.26893,80.8663,5.3704,149.8,-0.7924829,0,80.43817,80.13763,72.85
101,2025,93,227,30,987.1176,80.55183,51.37113,80.89157,4.508,183.9,-1.188724,0,80.43817,80.16263,72.82
101,2025,93,227,35,987.0549,80.42919,51.2008,80.8663,5.0176,166.1,-1.188724,0,80.43817,80.16263,72.75
101,2025,93,227,40,987.1176,80.42919,51.0986,80.8663,6.1544,158.8,-1.584966,0,80.41312,80.13763,72.92
101,2025,93,227,45,987.1176,80.49051,51.03047,80.8663,6.9384,161.3,-1.584966,0,80.43817,80.13763,72.99
101,2025,93,227,50,987.1176,80.49051,51.06454,80.8663,6.664,179.2,-1.188724,0,80.43817,80.16263,72.94
101,2025,93,227,55,987.1176,80.49051,51.23486,80.84109,6.0172,165.4,-1.584966,0,80.43817,80.16263,72.96
101,2025,93,228,0,987.0549,80.42919,51.03047,80.84109,5.4096,131.9,-1.584966,0,80.41312,80.13763,72.9
101,2025,93,228,5,987.1176,80.42919,50.99641,80.84109,5.8996,162.9,-1.188724,0,80.41312,80.13763,72.92
101,2025,93,228,10,987.1176,80.49051,51.13267,80.84109,5.9584,136.3,-1.188724,0,80.41312,80.16263,72.9
101,2025,93,228,15,987.2429,80.49051,51.0986,80.84109,6.272,158.4,-0.7924829,0,80.38802,80.13763,72.95
101,2025,93,228,20,987.1176,80.55183,51.23486,80.84109,5.3704,156,-1.188724,0,80.36297,80.13763,73.02
101,2025,93,228,25,987.1176,80.42919,51.13267,80.81583,5.88,163.3,-1.188724,0,80.36297,80.1127,72.78
101,2025,93,228,30,987.1176,80.36787,51.13267,80.81583,4.6648,145.9,-1.188724,0,80.33786,80.08771,72.72
101,2025,93,228,35,987.1176,80.49051,51.26893,80.79061,3.6652,168,-1.584966,0,80.33786,80.08771,72.73
101,2025,93,228,40,987.1176,80.42919,51.37113,80.76534,3.3908,162.8,-1.188724,0,80.31282,80.06271,72.63
101,2025,93,228,45,987.1176,80.36787,51.33706,80.74062,5.1352,165.9,-1.584964,0,80.28826,80.03821,72.55
101,2025,93,228,50,987.2429,80.55183,51.303,80.74062,5.1744,179.9,-1.584964,0,80.26315,80.03821,72.54
101,2025,93,228,55,987.1176,80.49051,51.33706,80.74062,5.5664,141.9,-1.584964,0,80.26315,80.03821,72.53
101,2025,93,229,0,987.1802,80.30656,51.26893,80.74062,5.586,150.2,-1.188723,0,80.21312,80.01328,72.47
101,2025,93,229,5,987.1802,80.36787,51.23486,80.74062,5.7624,168.7,-1.188723,0,80.21312,79.98833,72.6
101,2025,93,229,10,987.1176,80.49051,51.23486,80.74062,6.2916,180.4,-0.792482,0,80.21312,79.98833,72.61
101,2025,93,229,15,987.1176,80.42919,51.23486,80.74062,7.9576,175.4,-1.188723,0,80.21312,79.98833,72.59
101,2025,93,229,20,987.1176,80.18392,51.13267,80.76584,8.682799,172.9,-1.188723,0,80.21312,79.98833,72.63
101,2025,93,229,25,987.1176,80.42919,51.37113,80.79105,7.565599,166.7,-1.188723,0,80.23811,79.96339,72.68
101,2025,93,229,30,987.1176,80.24524,51.2008,80.79105,7.8204,149.7,-0.792482,0,80.21312,79.96339,72.7
101,2025,93,229,35,987.1802,80.30656,51.13267,80.81627,8.2712,143.7,-1.584964,0,80.23811,79.98833,73
101,2025,93,229,40,987.1176,80.42919,50.99641,80.84158,9.564799,150.7,-1.188723,0,80.28826,80.01328,72.94
101,2025,93,229,45,987.1176,80.42919,50.82608,80.89207,6.4484,142.7,-0.792482,0,80.33836,80.03821,72.89
101,2025,93,229,50,987.1176,80.42919,51.03047,80.94266,6.585599,151.8,-1.188723,0,80.3634,80.03821,72.92
101,2025,93,229,55,987.1176,80.42919,50.99641,80.94266,4.6452,185.6,-1.188723,0,80.3634,80.03821,73.07
101,2025,93,230,0,987.1176,80.42919,50.96234,80.91739,4.1748,153.6,-1.584964,0,80.38851,80.0632,73.05
101,2025,93,230,5,987.1176,80.36787,51.0986,80.89207,3.1948,162.2,-1.584964,0,80.41356,80.08815,73.06
101,2025,93,230,10,987.1176,80.36787,51.23486,80.89207,5.096,147.8,-1.188723,0,80.38851,80.08815,72.98
101,2025,93,230,15,987.1176,80.36787,51.26893,80.84158,3.9788,167.5,-0.792482,0,80.38851,80.08815,72.94
101,2025,93,230,20,987.1176,80.42919,51.16673,80.84158,5.2136,157.1,-1.188723,0,80.3634,80.08815,72.88
101,2025,93,230,25,987.1176,80.30656,51.13267,80.84158,5.9388,138,-1.584964,0,80.3634,80.0632,72.99
101,2025,93,230,30,987.1176,80.49051,51.16673,80.84158,6.8208,142.4,-1.188723,0,80.33836,80.0632,72.87
101,2025,93,230,35,987.2429,80.49051,51.03047,80.86681,7.7224,148.9,-1.188723,0,80.33836,80.0632,72.9
101,2025,93,230,40,987.1176,80.42919,50.89421,80.89207,6.2328,131.8,-1.584964,0,80.33836,80.0632,73.05
101,2025,93,230,45,987.1176,80.42919,50.68981,80.94667,6.8992,149.6,-1.188707,0,80.36736,80.06711,72.87
101,2025,93,230,50,987.1176,80.42919,50.68981,80.972,5.0764,194.8,-1.584943,0,80.39247,80.06711,73.03
101,2025,93,230,55,987.1802,80.42919,50.86014,80.972,5.5664,167.7,-1.584943,0,80.44267,80.0921,73.01
101,2025,93,231,0,987.1802,80.42919,50.89421,80.972,5.2332,156.1,-1.584943,0,80.44267,80.0921,72.85
101,2025,93,231,5,987.1802,80.49051,50.92827,80.972,5.0372,170.2,-1.188707,0,80.41757,80.0921,72.78
101,2025,93,231,10,987.1802,80.49051,50.99641,80.972,5.8996,156,-0.7924716,0,80.39247,80.0921,72.74
101,2025,93,231,15,987.2429,80.49051,51.03047,80.972,4.606,175.1,-1.188707,0,80.36736,80.0921,72.69
101,2025,93,231,20,987.2429,80.49051,50.92827,80.94667,4.5864,167.7,-1.188707,0,80.36736,80.06711,72.74
101,2025,93,231,25,987.2429,80.42919,50.72388,80.94667,5.2528,158,-1.188707,0,80.36736,80.06711,72.88
101,2025,93,231,30,987.2429,80.42919,50.72388,80.94667,4.4492,158.6,-1.584943,0,80.39247,80.0921,72.9
101,2025,93,231,35,987.2429,80.49051,50.92827,80.94667,3.8808,174.7,-1.584943,0,80.39247,80.0921,72.86
101,2025,93,231,40,987.2429,80.49051,50.96234,80.94667,3.7436,148.7,-0.7924716,0,80.39247,80.11703,72.72
101,2025,93,231,45,987.2429,80.49051,51.0986,80.89608,4.4884,160.3,-0.7924716,0,80.39247,80.0921,72.76
101,2025,93,231,50,987.2429,80.49051,50.99641,80.89608,4.312,199.2,-1.188707,0,80.36736,80.0921,72.76
101,2025,93,231,55,987.3056,80.36787,51.16673,80.89608,4.9588,172.3,-1.188707,0,80.36736,80.0921,72.6
101,2025,93,232,0,987.2429,80.36787,50.96234,80.89608,6.7228,166.5,-1.188707,0,80.34232,80.0921,72.58
101,2025,93,232,5,987.2429,80.49051,50.89421,80.89608,5.684,182.4,-1.188707,0,80.34232,80.06711,72.65
101,2025,93,232,10,987.2429,80.36787,51.0986,80.89608,4.3512,133,-1.188707,0,80.31726,80.06711,72.52
101,2025,93,232,15,987.3683,80.36787,50.89421,80.89608,6.5072,165.6,-0.7924716,0,80.31726,80.06711,72.8
101,2025,93,232,20,987.2429,80.42919,51.03047,80.89608,7.271599,156.9,-1.188707,0,80.34232,80.06711,72.77
101,2025,93,232,25,987.3056,80.49051,50.92827,80.92135,7.8204,162.6,-0.7924716,0,80.34232,80.06711,72.94
101,2025,93,232,30,987.2429,80.42919,50.99641,80.94667,6.3504,151.8,-1.188707,0,80.36736,80.0921,72.99
101,2025,93,232,35,987.2429,80.42919,50.86014,80.94667,5.8996,164.1,-1.188707,0,80.36736,80.11703,73.05
101,2025,93,232,40,987.3683,80.49051,50.89421,80.91684,6.8992,143.9,-1.188709,0,80.38791,80.13753,73.03
101,2025,93,232,45,987.3056,80.36787,50.92827,80.94206,6.487599,178.1,-1.584946,0,80.38791,80.13753,72.98
101,2025,93,232,50,987.2429,80.42919,50.92827,80.91684,5.3508,167.4,-1.584946,0,80.41301,80.13753,72.88
101,2025,93,232,55,987.3683,80.42919,51.26893,80.89153,5.2528,141.8,-1.188709,0,80.41301,80.13753,72.72
101,2025,93,233,0,987.2429,80.36787,50.89421,80.89153,6.487599,143.5,-1.188709,0,80.36281,80.11259,72.67
101,2025,93,233,5,987.2429,80.55183,50.92827,80.89153,6.37,150.5,-1.584946,0,80.38791,80.11259,72.92
101,2025,93,233,10,987.3683,80.55183,51.0986,80.89153,5.88,162.5,-1.584946,0,80.38791,80.11259,72.99
101,2025,93,233,15,987.2429,80.42919,50.92827,80.89153,4.5864,148.7,-1.188709,0,80.38791,80.11259,72.9
101,2025,93,233,20,987.2429,80.49051,50.92827,80.91684,3.8808,141.9,-1.188709,0,80.38791,80.11259,72.82
101,2025,93,233,25,987.2429,80.55183,50.82608,80.89153,3.4692,153.3,-1.188709,0,80.38791,80.11259,72.73
101,2025,93,233,30,987.1176,80.49051,50.92827,80.94206,5.5664,164.3,-1.584946,0,80.43806,80.11259,72.77
101,2025,93,233,35,987.3056,80.42919,50.75795,80.94206,6.0172,153.4,-0.7924729,0,80.43806,80.13753,72.87
101,2025,93,233,40,987.2429,80.42919,50.72388,80.94206,4.214,174.1,-1.188709,0,80.46322,80.13753,72.85
101,2025,93,233,45,987.3683,80.42919,50.86014,80.94206,4.9784,168.3,-1.584946,0,80.46322,80.13753,72.85
101,2025,93,233,50,987.3683,80.49051,50.82608,80.94206,4.4884,190.5,-1.188709,0,80.46322,80.16252,72.84
101,2025,93,233,55,987.3683,80.49051,50.82608,80.94206,3.6848,181.5,-1.188709,0,80.46322,80.16252,72.83
101,2025,93,234,0,987.2429,80.49051,50.75795,80.91684,6.37,170,-1.584946,0,80.43806,80.13753,72.76
101,2025,93,234,5,987.3683,80.61315,50.72388,80.91684,7.114799,163.6,-1.188709,0,80.43806,80.13753,72.82
101,2025,93,234,10,987.2429,80.55183,50.75795,80.94206,6.272,153.9,-1.188709,0,80.46322,80.16252,72.87
101,2025,93,234,15,987.2429,80.49051,50.79201,80.94206,5.978,153.7,-1.188709,0,80.48833,80.18752,73.02
101,2025,93,234,20,987.3056,80.42919,50.75795,80.89153,5.88,158,-0.7924729,0,80.48833,80.18752,73.1
101,2025,93,234,25,987.3683,80.49051,50.72388,80.89153,5.3116,150.2,-1.188709,0,80.48833,80.18752,73.1
101,2025,93,234,30,987.3056,80.73579,50.82608,80.89153,5.2136,165.8,-1.188709,0,80.53859,80.21257,73.18
101,2025,93,234,35,987.3683,80.61315,50.86014,80.89212,4.6256,151.7,-1.188713,0,80.53925,80.23822,73.09
101,2025,93,234,40,987.2429,80.55183,50.96234,80.86691,4.0376,155.7,-1.58495,0,80.51414,80.23822,72.92
101,2025,93,234,45,987.3683,80.36787,50.99641,80.86691,4.3708,160.6,-1.58495,0,80.46388,80.21323,72.84
101,2025,93,234,50,987.3683,80.55183,50.92827,80.86691,4.5276,159.5,-1.58495,0,80.43877,80.18823,72.78
101,2025,93,234,55,987.3683,80.49051,50.92827,80.84164,5.292,156.6,-1.188713,0,80.41367,80.18823,72.84
101,2025,93,235,0,987.3683,80.36787,50.96234,80.84164,5.3508,155.3,-1.58495,0,80.41367,80.16318,72.76
101,2025,93,235,5,987.3683,80.55183,50.89421,80.84164,5.8212,137.1,-1.58495,0,80.38857,80.16318,72.87
101,2025,93,235,10,987.2429,80.49051,50.68981,80.84164,7.3892,128.5,-1.58495,0,80.38857,80.16318,72.87
101,2025,93,235,15,987.1176,80.42919,50.72388,80.89212,7.996799,132.4,-1.58495,0,80.41367,80.16318,72.91
101,2025,93,235,20,987.1802,80.42919,50.62168,80.89212,8.1928,145.3,-1.58495,0,80.43877,80.16318,73.03
101,2025,93,235,25,987.1802,80.42919,50.62168,80.91745,6.8992,141.5,-1.58495,0,80.46388,80.18823,72.94
101,2025,93,235,30,987.2429,80.55183,50.68981,80.89212,5.1156,143.2,-1.58495,0,80.48898,80.21323,72.92
101,2025,93,235,35,987.3056,80.42919,50.65575,80.89212,4.2728,127,-1.58495,0,80.48898,80.23822,72.81
101,2025,93,235,40,987.3683,80.42919,50.82608,80.89212,4.3316,192.6,-1.188713,0,80.48898,80.23822,72.84
101,2025,93,235,45,987.3683,80.55183,50.96234,80.84164,4.508,167,-1.188713,0,80.48898,80.23822,72.76
101,2025,93,235,50,987.3683,80.49051,50.99641,80.84164,4.0964,160.8,-1.188713,0,80.43877,80.18823,72.73
101,2025,93,235,55,987.3683,80.42919,50.96234,80.79116,4.5276,137.1,-1.188713,0,80.41367,80.18823,72.82
101,2025,93,236,0,987.3683,80.49051,51.03047,80.76595,5.1156,159.5,-0.7924752,0,80.38857,80.16318,72.64
101,2025,93,236,5,987.3683,80.55183,50.89421,80.74068,5.88,159.8,-1.188713,0,80.36352,80.13818,72.62
101,2025,93,236,10,987.3683,80.42919,50.99641,80.74068,5.5272,154,-1.188713,0,80.33841,80.13818,72.76
101,2025,93,236,15,987.3683,80.55183,50.99641,80.74068,4.704,155,-1.58495,0,80.33841,80.13818,72.74
101,2025,93,236,20,987.3683,80.36787,50.96234,80.69031,4.1552,157.4,-1.188713,0,80.33841,80.13818,72.79
101,2025,93,236,25,987.3683,80.49051,51.0986,80.69031,4.3512,155.4,-1.58495,0,80.31342,80.13818,72.67
101,2025,93,236,30,987.3683,80.42919,51.03047,80.69124,5.3312,149.2,-1.188717,0,80.31424,80.13912,72.71
101,2025,93,236,35,987.3683,80.30656,50.99641,80.69124,5.88,166.7,-0.7924779,0,80.33935,80.13912,72.72
101,2025,93,236,40,987.3683,80.42919,51.13267,80.64081,5.1352,173.3,-0.7924779,0,80.33935,80.13912,72.8
101,2025,93,236,45,987.3683,80.36787,51.13267,80.64081,3.8416,196.1,-1.188717,0,80.33935,80.13912,72.72
101,2025,93,236,50,987.431,80.49051,51.13267,80.64081,2.8616,174.9,-1.188717,0,80.31424,80.13912,72.67
101,2025,93,236,55,987.3683,80.36787,51.16673,80.64081,3.234,174.7,-1.188717,0,80.28925,80.13912,72.63
101,2025,93,237,0,987.3683,80.36787,51.2008,80.61565,4.6452,174.4,-1.188717,0,80.26421,80.13912,72.53
101,2025,93,237,5,987.3683,80.30656,51.26893,80.61565,5.3312,154.9,-1.584956,0,80.26421,80.11413,72.52
101,2025,93,237,10,987.431,80.42919,51.23486,80.5905,5.194,185.1,-1.188717,0,80.23915,80.08913,72.6
101,2025,93,237,15,987.3683,80.24524,51.13267,80.5905,5.2332,189.1,-1.188717,0,80.23915,80.08913,72.46
101,2025,93,237,20,987.431,80.36787,51.0986,80.64081,4.9392,201.7,-1.188717,0,80.23915,80.06419,72.39
101,2025,93,237,25,987.4937,80.36787,51.33706,80.64081,2.9596,173.4,-1.188717,0,80.23915,80.03926,72.34
101,2025,93,237,30,987.431,80.36787,51.33706,80.61565,3.9788,182,-1.188717,0,80.21416,80.03926,72.29
101,2025,93,237,35,987.3683,80.36787,51.303,80.5905,5.3704,166,-1.188717,0,80.16412,80.03926,72.24
101,2025,93,237,40,987.5563,80.24524,51.47332,80.5905,6.585599,170.3,-0.7924779,0,80.13912,79.98938,72.23
101,2025,93,237,45,987.4937,80.36787,51.43926,80.5905,6.683599,174.6,-1.584956,0,80.11413,79.96439,72.19
101,2025,93,237,50,987.4937,80.24524,51.06454,80.5905,6.0564,165.7,-1.188717,0,80.08913,79.96439,72.29
101,2025,93,237,55,987.4937,80.36787,51.23486,80.64081,5.488,159.1,-1.188717,0,80.08913,79.9395,72.48
101,2025,93,238,0,987.619,80.30656,51.2008,80.66603,5.5468,167,-1.584956,0,80.08913,79.9395,72.58
101,2025,93,238,5,987.619,80.24524,51.26893,80.69124,5.782,176.7,-1.188717,0,80.11413,79.9395,72.47
101,2025,93,238,10,987.5563,80.24524,51.16673,80.69124,5.6056,155.5,-1.188717,0,80.11413,79.9395,72.58
101,2025,93,238,15,987.619,80.18392,51.13267,80.7164,5.3704,165.7,-1.584956,0,80.11413,79.9395,72.39
101,2025,93,238,20,987.619,80.18392,51.16673,80.74161,5.4096,174.7,-1.584956,0,80.13912,79.9395,72.47
101,2025,93,238,25,987.619,80.30656,51.2008,80.74249,4.5668,165.3,-1.584957,0,80.13995,79.94032,72.43
101,2025,93,238,30,987.619,80.1226,51.303,80.74249,4.312,159.9,-1.188718,0,80.13995,79.94032,72.33
101,2025,93,238,35,987.619,80.24524,51.33706,80.69206,4.5668,182.5,-1.188718,0,80.13995,79.91539,72.27
101,2025,93,238,40,987.619,80.18392,51.33706,80.69206,3.92,147.7,-1.188718,0,80.09001,79.8905,72.22
101,2025,93,238,45,987.619,80.24524,51.43926,80.6669,2.8028,155.8,-1.188718,0,80.06502,79.86562,72.29
101,2025,93,238,50,987.619,80.18392,51.43926,80.6669,3.5084,155.9,-1.584957,0,80.06502,79.84073,72.26
101,2025,93,238,55,987.619,80.18392,51.54146,80.64169,3.8612,173.7,-1.981197,0,80.04008,79.84073,72.39
101,2025,93,239,0,987.619,80.30656,51.43926,80.64169,4.5668,161.2,-1.584957,0,80.04008,79.84073,72.37
101,2025,93,239,5,987.619,80.30656,51.40519,80.64169,5.8016,173,-1.584957,0,80.04008,79.84073,72.32
101,2025,93,239,10,987.619,80.18392,51.33706,80.64169,4.6256,163,-1.188718,0,80.04008,79.81585,72.3
101,2025,93,239,15,987.619,80.24524,51.26893,80.64169,4.4884,190.3,-1.188718,0,80.04008,79.81585,72.31
101,2025,93,239,20,987.619,80.18392,51.33706,80.64169,4.41,180.7,-1.188718,0,80.04008,79.84073,72.4
101,2025,93,239,25,987.619,80.30656,51.43926,80.59137,4.6452,158.2,-1.188718,0,80.04008,79.84073,72.38
101,2025,93,239,30,987.619,80.18392,51.303,80.59137,4.2532,182,-1.188718,0,80.04008,79.81585,72.42
101,2025,93,239,35,987.619,80.24524,51.37113,80.61653,3.9004,170.4,-0.7924787,0,80.04008,79.81585,72.33
101,2025,93,239,40,987.7444,80.24524,51.2008,80.64169,3.7632,164.6,-1.188718,0,80.01509,79.79097,72.23
101,2025,93,239,45,987.619,80.24524,51.26893,80.64169,3.5672,161,-1.584957,0,80.04008,79.81585,72.24
101,2025,93,239,50,987.7444,80.30656,51.303,80.64169,3.5672,167.3,-1.188718,0,80.04008,79.81585,72.26
101,2025,93,239,55,987.7444,80.18392,51.37113,80.61653,3.724,157.6,-1.584957,0,80.04008,79.79097,72.3
101,2025,93,240,0,987.7444,80.18392,51.54146,80.61653,3.8612,159,-1.584957,0,80.04008,79.79097,72.41
101,2025,93,240,5,987.619,80.18392,51.33706,80.59137,4.8216,168.3,-1.584957,0,80.04008,79.76614,72.46
101,2025,93,240,10,987.619,80.18392,51.0986,80.64169,5.6056,162.3,-1.188718,0,80.09001,79.79097,72.47
101,2025,93,240,15,987.619,80.30656,51.13267,80.64169,4.2532,169.4,-1.584957,0,80.13995,79.79097,72.6
101,2025,93,240,20,987.619,80.18392,51.06454,80.6669,4.3316,157.2,-1.584957,0,80.13995,79.84073,72.65
101,2025,93,240,25,987.7444,80.1226,51.0986,80.6946,6.076,161.4,-1.584939,0,80.16747,79.8432,72.6
101,2025,93,240,30,987.7444,80.24524,51.2008,80.6946,5.1548,195.5,-1.584939,0,80.19246,79.8432,72.54
101,2025,93,240,35,987.8698,80.24524,51.13267,80.66937,4.3904,191.1,-1.584939,0,80.16747,79.8432,72.64
101,2025,93,240,40,987.7444,80.24524,51.303,80.64417,3.9788,180.2,-1.584939,0,80.19246,79.8432,72.58
101,2025,93,240,45,987.7444,80.24524,51.37113,80.64417,5.1548,180.5,-1.188704,0,80.16747,79.8432,72.44
101,2025,93,240,50,987.7444,80.24524,51.33706,80.64417,4.9392,190.9,-1.188704,0,80.14247,79.8432,72.33
101,2025,93,240,55,987.619,80.24524,51.26893,80.66937,5.0176,180.2,-1.188704,0,80.14247,79.81832,72.29
101,2025,93,241,0,987.7444,80.30656,51.26893,80.66937,4.6452,160.5,-1.188704,0,80.11742,79.81832,72.29
101,2025,93,241,5,987.8698,80.24524,51.26893,80.64417,4.1944,154.9,-1.584939,0,80.11742,79.81832,72.34
101,2025,93,241,10,987.7444,80.24524,51.26893,80.64417,3.6652,159.1,-1.188704,0,80.11742,79.79344,72.39
101,2025,93,241,15,987.8698,80.18392,51.33706,80.64417,5.8604,181.7,-1.188704,0,80.06749,79.79344,72.45
101,2025,93,241,20,987.807,80.18392,51.26893,80.64417,5.7036,171.3,-1.584939,0,80.09248,79.79344,72.43
101,2025,93,241,25,987.8698,80.18392,51.33706,80.64417,3.5084,159.9,-0.7924696,0,80.04256,79.76855,72.41
101,2025,93,241,30,987.8698,80.18392,51.26893,80.64417,3.6064,131.1,-1.584939,0,80.04256,79.79344,72.48
101,2025,93,241,35,987.7444,80.18392,51.2008,80.64417,6.9776,158.5,-1.584939,0,80.04256,79.76855,72.46
101,2025,93,241,40,987.7444,80.30656,51.13267,80.64417,6.2916,167.5,-1.584939,0,80.04256,79.76855,72.57
101,2025,93,241,45,987.8698,80.24524,51.2008,80.64417,5.4096,170.3,-1.584939,0,80.06749,79.76855,72.68
101,2025,93,241,50,987.8698,80.18392,51.26893,80.64417,6.2132,175.8,-1.188704,0,80.06749,79.79344,72.72
101,2025,93,241,55,987.8698,80.06129,51.23486,80.66937,5.8408,172.6,-1.188704,0,80.06749,79.79344,72.58
101,2025,93,242,0,987.8698,80.18392,51.13267,80.6946,6.9776,174.7,-1.188704,0,80.06749,79.79344,72.65
101,2025,93,242,5,987.807,80.06129,51.13267,80.74502,7.154,180.5,-1.188704,0,80.09248,79.79344,72.6
101,2025,93,242,10,987.8698,80.30656,51.06454,80.77023,6.8404,180.8,-1.584939,0,80.14247,79.81832,72.65
101,2025,93,242,15,987.8698,80.24524,51.16673,80.79544,6.3112,182.6,-1.584939,0,80.14247,79.8432,72.64
101,2025,93,242,20,987.7444,80.24524,51.2008,80.79187,5.4488,172.6,-1.188711,0,80.1389,79.83974,72.6
101,2025,93,242,25,987.8698,80.18392,51.16673,80.79187,5.8604,162.8,-1.584948,0,80.1389,79.83974,72.51
101,2025,93,242,30,987.8698,80.18392,51.13267,80.79187,5.3508,170.7,-1.188711,0,80.11391,79.83974,72.44
101,2025,93,242,35,987.8698,80.18392,51.26893,80.79187,5.586,168.2,-1.188711,0,80.08891,79.83974,72.42
101,2025,93,242,40,987.807,80.30656,51.26893,80.79187,5.6644,166.6,-1.188711,0,80.06392,79.78998,72.46
101,2025,93,242,45,987.7444,80.24524,51.0986,80.84241,5.1744,155.6,-0.792474,0,80.03903,79.76509,72.54
101,2025,93,242,50,987.7444,80.1226,51.16673,80.84241,5.9388,163.2,-1.188711,0,80.03903,79.76509,72.62
101,2025,93,242,55,987.7444,80.18392,51.0986,80.84241,5.0372,162.1,-0.792474,0,80.06392,79.78998,72.83
101,2025,93,243,0,987.807,80.18392,51.13267,80.84241,4.8804,180.4,-1.584948,0,80.11391,79.81487,72.88
101,2025,93,243,5,987.7444,80.30656,51.13267,80.84241,4.214,166.1,-1.188711,0,80.1389,79.86458,72.81
101,2025,93,243,10,987.8698,80.18392,51.13267,80.84241,4.2336,174,-1.188711,0,80.1389,79.86458,72.78
101,2025,93,243,15,987.7444,80.1226,51.0986,80.84241,4.1552,167.2,-0.792474,0,80.1389,79.86458,72.66
101,2025,93,243,20,987.7444,80.24524,51.16673,80.84241,5.096,156.1,-0.792474,0,80.1389,79.86458,72.64
101,2025,93,243,25,987.7444,80.1226,51.03047,80.81714,6.2524,148.4,-1.188711,0,80.1389,79.86458,72.71
101,2025,93,243,30,987.8698,80.24524,51.16673,80.84241,6.174,145.4,-1.584948,0,80.1389,79.86458,72.64
101,2025,93,243,35,987.8698,80.36787,51.03047,80.84241,6.585599,166.2,-1.188711,0,80.16396,79.86458,72.83
101,2025,93,243,40,987.7444,80.24524,51.13267,80.81714,6.134799,164.3,-1.188711,0,80.21394,79.88946,72.82
101,2025,93,243,45,987.8698,80.24524,51.16673,80.79187,5.5468,179.9,-1.584948,0,80.21394,79.91434,72.74
101,2025,93,243,50,987.8698,80.36787,51.16673,80.79187,4.5472,165.5,-1.188711,0,80.21394,79.91434,72.81
101,2025,93,243,55,987.8698,80.36787,51.0986,80.79187,4.1552,182.5,-1.188711,0,80.21394,79.93922,72.81
101,2025,93,244,0,987.8698,80.24524,51.23486,80.74145,3.7828,156.2,-1.188711,0,80.21394,79.93922,72.71
101,2025,93,244,5,987.8698,80.36787,51.40519,80.74145,3.7436,165.8,-1.188711,0,80.16396,79.93922,72.62
101,2025,93,244,10,987.7444,80.36787,51.23486,80.74145,4.1356,153,-0.792474,0,80.16396,79.93922,72.59
101,2025,93,244,15,987.7444,80.30656,51.23486,80.71767,3.9788,166.9,-1.584952,0,80.16533,79.91577,72.61
101,2025,93,244,20,987.8698,80.36787,51.23486,80.71767,4.6844,181.2,-1.188714,0,80.16533,79.9407,72.75
101,2025,93,244,25,987.8698,80.24524,51.37113,80.69244,4.0964,166.3,-1.584952,0,80.16533,79.9407,72.73
101,2025,93,244,30,987.8698,80.18392,51.43926,80.66724,5.1352,171.3,-1.188714,0,80.14034,79.9407,72.57
101,2025,93,244,35,987.7444,80.24524,51.2008,80.69244,5.7232,169.3,-1.188714,0,80.11534,79.89088,72.52
101,2025,93,244,40,987.8698,80.30656,51.16673,80.69244,6.3308,173.2,-0.7924759,0,80.11534,79.89088,72.53
101,2025,93,244,45,987.8698,80.24524,51.2008,80.69244,5.6448,174.7,-1.584952,0,80.11534,79.89088,72.55
101,2025,93,244,50,987.8698,80.18392,51.303,80.69244,4.312,152.3,-1.188714,0,80.11534,79.89088,72.52
101,2025,93,244,55,987.7444,80.1226,51.40519,80.66724,4.4492,140.1,-1.584952,0,80.0654,79.86595,72.49
101,2025,93,245,0,987.807,80.24524,51.47332,80.64202,4.1356,182.7,-1.188714,0,80.04041,79.86595,72.41
101,2025,93,245,5,987.7444,80.24524,51.43926,80.66724,4.5472,181.8,-0.7924759,0,80.04041,79.84106,72.39
101,2025,93,245,10,987.7444,80.18392,51.37113,80.66724,3.234,172.5,-1.188714,0,80.04041,79.84106,72.24
101,2025,93,245,15,987.7444,80.18392,51.33706,80.69244,4.7432,199.2,-1.188714,0,80.04041,79.84106,72.22
101,2025,93,245,20,987.7444,80.18392,51.16673,80.66724,2.8028,182.7,-0.7924759,0,80.04041,79.84106,72.28
101,2025,93,245,25,987.7444,80.18392,51.2008,80.64202,3.332,177.7,-1.584952,0,80.0654,79.84106,72.28
101,2025,93,245,30,987.807,80.1226,51.43926,80.64202,3.332,163.4,-1.188714,0,80.0654,79.84106,72.2
101,2025,93,245,35,987.7444,80.06129,51.40519,80.64202,3.6456,179,-1.584952,0,80.0654,79.84106,72.13
101,2025,93,245,40,987.7444,80.1226,51.37113,80.64202,5.292,182.1,-1.188714,0,80.04041,79.84106,72.09
101,2025,93,245,45,987.619,80.24524,51.303,80.64202,4.9784,161,-1.188714,0,80.04041,79.79135,72.07
101,2025,93,245,50,987.7444,80.18392,51.23486,80.61687,3.9788,157,-1.584952,0,80.04041,79.79135,72.04
101,2025,93,245,55,987.807,80.1226,51.303,80.59171,3.3124,166.7,-1.584952,0,80.04041,79.79135,72
101,2025,93,246,0,987.807,80.18392,51.37113,80.59171,3.7632,178.3,-1.188714,0,80.01553,79.79135,71.93
101,2025,93,246,5,987.7444,80.1226,51.40519,80.56654,6.0368,176.7,-1.188714,0,79.99053,79.76646,71.9
101,2025,93,246,10,987.7444,80.24524,51.43926,80.56802,6.7424,180.6,-1.188718,0,79.96707,79.76794,72.04
101,2025,93,246,15,987.8698,80.06129,51.40519,80.56802,6.2524,162.7,-1.188718,0,79.99202,79.74312,72.14
101,2025,93,246,20,987.8698,80.06129,51.40519,80.59319,6.4484,161.6,-1.584957,0,79.94219,79.74312,72.22
101,2025,93,246,25,987.8698,80.18392,51.06454,80.61835,8.7612,169.7,-1.188718,0,79.99202,79.74312,72.69
101,2025,93,246,30,987.7444,80.18392,51.03047,80.64355,6.5268,180.4,-1.188718,0,80.04195,79.76794,72.68
101,2025,93,246,35,987.8698,80.18392,51.16673,80.66872,5.4684,162.2,-0.7924784,0,80.09183,79.79283,72.72
101,2025,93,246,40,987.6817,80.18392,51.2008,80.69393,4.4884,182.7,-1.584957,0,80.09183,79.84254,72.72
101,2025,93,246,45,987.8698,80.1226,51.13267,80.69393,6.8796,168.2,-1.584957,0,80.11676,79.84254,72.66
101,2025,93,246,50,987.7444,80.24524,51.16673,80.74435,6.7032,162.2,-1.584957,0,80.09183,79.84254,72.63
101,2025,93,246,55,987.619,80.1226,50.99641,80.74435,6.1936,139.8,-1.188718,0,80.11676,79.84254,72.65
101,2025,93,247,0,987.619,80.1226,51.13267,80.76958,5.5076,169.9,-1.584957,0,80.11676,79.84254,72.67
