Timestamp,Channel,Voltage_mV
2025-04-15 00:00:00,1,0
2025-04-15 00:00:10,2,26.0639311512849
2025-04-15 00:00:20,3,50.326127806881
2025-04-15 00:00:30,4,71.1094048790193
2025-04-15 00:00:40,1,0.753975093035709
2025-04-15 00:00:50,2,26.7911051866479
2025-04-15 00:01:00,3,50.9762330587905
2025-04-15 00:01:10,4,71.6375011943035
2025-04-15 00:01:20,1,1.50790732360371
2025-04-15 00:01:30,2,27.5167561837945
2025-04-15 00:01:40,3,51.6234403805648
2025-04-15 00:01:50,4,72.1615250142098
2025-04-15 00:02:00,1,2.26175383167298
2025-04-15 00:02:10,2,28.2408428904438
2025-04-15 00:02:20,3,52.26771297934
2025-04-15 00:02:30,4,72.6814465486903
2025-04-15 00:02:40,1,3.01547176208568
2025-04-15 00:02:50,2,28.9633241432423
2025-04-15 00:03:00,3,52.9090142290875
2025-04-15 00:03:10,4,73.1972362409066
2025-04-15 00:03:20,1,3.76901826699345
2025-04-15 00:03:30,2,29.6841588701049
2025-04-15 00:03:40,3,53.5473076726956
2025-04-15 00:03:50,4,73.70886476891
2025-04-15 00:04:00,1,4.52235050829326
2025-04-15 00:04:10,2,30.403306092549
2025-04-15 00:04:20,3,54.1825570240425
2025-04-15 00:04:30,4,74.2163030473083
2025-04-15 00:04:40,1,5.27542566006265
2025-04-15 00:04:50,2,31.1207249280244
2025-04-15 00:05:00,3,54.8147261700587
2025-04-15 00:05:10,4,74.7195222289194
2025-04-15 00:05:20,1,6.02820091099435
2025-04-15 00:05:30,2,31.8363745922372
2025-04-15 00:05:40,3,55.4437791727806
2025-04-15 00:05:50,4,75.2184937064111
2025-04-15 00:06:00,1,6.78063346683008
2025-04-15 00:06:10,2,32.5502144014688
2025-04-15 00:06:20,3,56.0696802713929
2025-04-15 00:06:30,4,75.7131891139277
2025-04-15 00:06:40,1,7.53268055279327
2025-04-15 00:06:50,2,33.2622037748883
2025-04-15 00:07:00,3,56.6923938842617
2025-04-15 00:07:10,4,76.2035803287018
2025-04-15 00:07:20,1,8.28429941602084
2025-04-15 00:07:30,2,33.9723022368595
2025-04-15 00:07:40,3,57.3118846109576
2025-04-15 00:07:50,4,76.6896394726542
2025-04-15 00:08:00,1,9.03544732799356
2025-04-15 00:08:10,2,34.6804694192421
2025-04-15 00:08:20,3,57.9281172342679
2025-04-15 00:08:30,4,77.1713389139775
2025-04-15 00:08:40,1,9.78608158696515
2025-04-15 00:08:50,2,35.3866650636862
2025-04-15 00:09:00,3,58.5410567221985
2025-04-15 00:09:10,4,77.6486512687079
2025-04-15 00:09:20,1,10.5361595203898
2025-04-15 00:09:30,2,36.0908490239215
2025-04-15 00:09:40,3,59.1506682299658
2025-04-15 00:09:50,4,78.1215494022814
2025-04-15 00:10:00,1,11.2856384873482
2025-04-15 00:10:10,2,36.792981268039
2025-04-15 00:10:20,3,59.7569171019773
2025-04-15 00:10:30,4,78.5900064310765
2025-04-15 00:10:40,1,12.0344758809712
2025-04-15 00:10:50,2,37.4930218807671
2025-04-15 00:11:00,3,60.3597688738018
2025-04-15 00:11:10,4,79.0539957239427
2025-04-15 00:11:20,1,12.7826291308624
2025-04-15 00:11:30,2,38.1909310657406
2025-04-15 00:11:40,3,60.9591892741288
2025-04-15 00:11:50,4,79.5134909037141
2025-04-15 00:12:00,1,13.530055705518
2025-04-15 00:12:10,2,38.8866691477631
2025-04-15 00:12:20,3,61.5551442267165
2025-04-15 00:12:30,4,79.968465848709
2025-04-15 00:12:40,1,14.2767131147449
2025-04-15 00:12:50,2,39.5801965750625
2025-04-15 00:13:00,3,62.1475998523291
2025-04-15 00:13:10,4,80.4188946942153
2025-04-15 00:13:20,1,15.0225589120757
2025-04-15 00:13:30,2,40.2714739215392
2025-04-15 00:13:40,3,62.7365224706629
2025-04-15 00:13:50,4,80.8647518339601
2025-04-15 00:14:00,1,15.7675506971823
2025-04-15 00:14:10,2,40.9604618890082
2025-04-15 00:14:20,3,63.321878602261
2025-04-15 00:14:30,4,81.306011921566
2025-04-15 00:14:40,1,16.5116461182858
2025-04-15 00:14:50,2,41.647121309432
2025-04-15 00:15:00,3,63.9036349704162
2025-04-15 00:15:10,4,81.742649871992
2025-04-15 00:15:20,1,17.2548028745647
2025-04-15 00:15:30,2,42.3314131471483
2025-04-15 00:15:40,3,64.4817585030633
2025-04-15 00:15:50,4,82.174640862959
2025-04-15 00:16:00,1,17.996978718559
2025-04-15 00:16:10,2,43.0132985010885
2025-04-15 00:16:20,3,65.0562163346587
2025-04-15 00:16:30,4,82.6019603363616
2025-04-15 00:16:40,1,18.7381314585725
2025-04-15 00:16:50,2,43.6927386069894
2025-04-15 00:17:00,3,65.6269758080491
2025-04-15 00:17:10,4,83.0245839996637
2025-04-15 00:17:20,1,19.4782189610709
2025-04-15 00:17:30,2,44.3696948395968
2025-04-15 00:17:40,3,66.1940044763277
2025-04-15 00:17:50,4,83.4424878272797
2025-04-15 00:18:00,1,20.2171991530773
2025-04-15 00:18:10,2,45.0441287148613
2025-04-15 00:18:20,3,66.7572701046791
2025-04-15 00:18:30,4,83.8556480619403
2025-04-15 00:18:40,1,20.9550300245641
2025-04-15 00:18:50,2,45.7160018921264
2025-04-15 00:19:00,3,67.3167406722115
2025-04-15 00:19:10,4,84.2640412160432
2025-04-15 00:19:20,1,21.6916696308405
2025-04-15 00:19:30,2,46.3852761763075
2025-04-15 00:19:40,3,67.8723843737774
2025-04-15 00:19:50,4,84.667644072988
2025-04-15 00:20:00,1,22.4270760949381
2025-04-15 00:20:10,2,47.0519135200638
2025-04-15 00:20:20,3,68.4241696217813
2025-04-15 00:20:30,4,85.0664336884964
2025-04-15 00:20:40,1,23.1612076099906
2025-04-15 00:20:50,2,47.7158760259608
2025-04-15 00:21:00,3,68.9720650479756
2025-04-15 00:21:10,4,85.4603873919162
2025-04-15 00:21:20,1,23.8940224416111
2025-04-15 00:21:30,2,48.3771259486252
2025-04-15 00:21:40,3,69.516039505244
2025-04-15 00:21:50,4,85.8494827875104
2025-04-15 00:22:00,1,24.625478930264
2025-04-15 00:22:10,2,49.03562569689
2025-04-15 00:22:20,3,70.0560620693717
2025-04-15 00:22:30,4,86.2336977557304
2025-04-15 00:22:40,1,25.3555354936341
2025-04-15 00:22:50,2,49.6913378359324
2025-04-15 00:23:00,3,70.592102040804
2025-04-15 00:23:10,4,86.613010454473
2025-04-15 00:23:20,1,26.0841506289897
2025-04-15 00:23:30,2,50.344225089401
2025-04-15 00:23:40,3,71.124128946391
2025-04-15 00:23:50,4,86.9873993203227
2025-04-15 00:24:00,1,26.8112829155426
2025-04-15 00:24:10,2,50.9942503415355
2025-04-15 00:24:20,3,71.6521125411203
2025-04-15 00:24:30,4,87.3568430697771
2025-04-15 00:24:40,1,27.5368910168025
2025-04-15 00:24:50,2,51.6413766392767
2025-04-15 00:25:00,3,72.1760228098362
2025-04-15 00:25:10,4,87.721320700457
2025-04-15 00:25:20,1,28.2609336829268
2025-04-15 00:25:30,2,52.2855671943667
2025-04-15 00:25:40,3,72.6958299689462
2025-04-15 00:25:50,4,88.0808114923004
2025-04-15 00:26:00,1,28.9833697530661
2025-04-15 00:26:10,2,52.9267853854409
2025-04-15 00:26:20,3,73.211504468114
2025-04-15 00:26:30,4,88.4352950087404
2025-04-15 00:26:40,1,29.7041581577035
2025-04-15 00:26:50,2,53.5649947601094
2025-04-15 00:27:00,3,73.7230169919394
2025-04-15 00:27:10,4,88.7847510978669
2025-04-15 00:27:20,1,30.4232579209898
2025-04-15 00:27:30,2,54.2001590370296
2025-04-15 00:27:40,3,74.2303384616249
2025-04-15 00:27:50,4,89.1291598935723
2025-04-15 00:28:00,1,31.1406281630728
2025-04-15 00:28:10,2,54.8322421079685
2025-04-15 00:28:20,3,74.7334400366288
2025-04-15 00:28:30,4,89.4685018166808
2025-04-15 00:28:40,1,31.8562281024213
2025-04-15 00:28:50,2,55.4612080398556
2025-04-15 00:29:00,3,75.2322931163047
2025-04-15 00:29:10,4,89.8027575760616
2025-04-15 00:29:20,1,32.5700170581432
2025-04-15 00:29:30,2,56.0870210768254
2025-04-15 00:29:40,3,75.7268693415276
2025-04-15 00:29:50,4,90.1319081697252
2025-04-15 00:30:00,1,33.2819544522987
2025-04-15 00:30:10,2,56.7096456422504
2025-04-15 00:30:20,3,76.2171405963056
2025-04-15 00:30:30,4,90.455934885904
2025-04-15 00:30:40,1,33.9919998122064
2025-04-15 00:30:50,2,57.3290463407633
2025-04-15 00:31:00,3,76.7030790093788
2025-04-15 00:31:10,4,90.7748193041162
2025-04-15 00:31:20,1,34.700112772745
2025-04-15 00:31:30,2,57.9451879602693
2025-04-15 00:31:40,3,77.1846569558035
2025-04-15 00:31:50,4,91.0885432962122
2025-04-15 00:32:00,1,35.4062530786469
2025-04-15 00:32:10,2,58.5580354739479
2025-04-15 00:32:20,3,77.6618470585225
2025-04-15 00:32:30,4,91.3970890274061
2025-04-15 00:32:40,1,36.1103805867877
2025-04-15 00:32:50,2,59.167554042244
2025-04-15 00:33:00,3,78.1346221899218
2025-04-15 00:33:10,4,91.700438957289
2025-04-15 00:33:20,1,36.8124552684678
2025-04-15 00:33:30,2,59.7737090148487
2025-04-15 00:33:40,3,78.6029554733723
2025-04-15 00:33:50,4,91.9985758408262
2025-04-15 00:34:00,1,37.5124372116878
2025-04-15 00:34:10,2,60.3764659326688
2025-04-15 00:34:20,3,79.0668202847584
2025-04-15 00:34:30,4,92.2914827293377
2025-04-15 00:34:40,1,38.2102866234177
2025-04-15 00:34:50,2,60.9757905297861
2025-04-15 00:35:00,3,79.5261902539906
2025-04-15 00:35:10,4,92.5791429714619
2025-04-15 00:35:20,1,38.9059638318593
2025-04-15 00:35:30,2,61.571648735405
2025-04-15 00:35:40,3,79.9810392665054
2025-04-15 00:35:50,4,92.8615402141017
2025-04-15 00:36:00,1,39.599429288701
2025-04-15 00:36:10,2,62.1640066757898
2025-04-15 00:36:20,3,80.4313414647497
2025-04-15 00:36:30,4,93.1386584033545
2025-04-15 00:36:40,1,40.2906435713663
2025-04-15 00:36:50,2,62.7528306761901
2025-04-15 00:37:00,3,80.8770712496504
2025-04-15 00:37:10,4,93.4104817854248
2025-04-15 00:37:20,1,40.9795673852549
2025-04-15 00:37:30,2,63.338087262755
2025-04-15 00:37:40,3,81.31820328207
2025-04-15 00:37:50,4,93.6769949075198
2025-04-15 00:38:00,1,41.6661615659768
2025-04-15 00:38:10,2,63.9197431644367
2025-04-15 00:38:20,3,81.7547124842473
2025-04-15 00:38:30,4,93.9381826187276
2025-04-15 00:38:40,1,42.3503870815782
2025-04-15 00:38:50,2,64.4977653148811
2025-04-15 00:39:00,3,82.1865740412224
2025-04-15 00:39:10,4,94.1940300708791
2025-04-15 00:39:20,1,43.0322050347609
2025-04-15 00:39:30,2,65.0721208543081
2025-04-15 00:39:40,3,82.6137634022479
2025-04-15 00:39:50,4,94.4445227193913
2025-04-15 00:40:00,1,43.7115766650933
2025-04-15 00:40:10,2,65.6427771313796
2025-04-15 00:40:20,3,83.0362562821846
2025-04-15 00:40:30,4,94.689646324095
2025-04-15 00:40:40,1,44.388463351214
2025-04-15 00:40:50,2,66.2097017050553
2025-04-15 00:41:00,3,83.4540286628817
2025-04-15 00:41:10,4,94.9293869500435
2025-04-15 00:41:20,1,45.0628266130273
2025-04-15 00:41:30,2,66.7728623464376
2025-04-15 00:41:40,3,83.8670567945424
2025-04-15 00:41:50,4,95.1637309683054
2025-04-15 00:42:00,1,45.7346281138909
2025-04-15 00:42:10,2,67.332227040603
2025-04-15 00:42:20,3,84.2753171970743
2025-04-15 00:42:30,4,95.3926650567394
2025-04-15 00:42:40,1,46.4038296627948
2025-04-15 00:42:50,2,67.8877639884227
2025-04-15 00:43:00,3,84.6787866614238
2025-04-15 00:43:10,4,95.6161762007508
2025-04-15 00:43:20,1,47.0703932165333
2025-04-15 00:43:30,2,68.43944160837
2025-04-15 00:43:40,3,85.0774422508958
2025-04-15 00:43:50,4,95.8342516940326
2025-04-15 00:44:00,1,47.7342808818666
2025-04-15 00:44:10,2,68.9872285383159
2025-04-15 00:44:20,3,85.4712613024572
2025-04-15 00:44:30,4,96.046879139287
2025-04-15 00:44:40,1,48.395454917676
2025-04-15 00:44:50,2,69.5310936373119
2025-04-15 00:45:00,3,85.8602214280259
2025-04-15 00:45:10,4,96.2540464489301
2025-04-15 00:45:20,1,49.0538777371087
2025-04-15 00:45:30,2,70.0710059873601
2025-04-15 00:45:40,3,86.2443005157432
2025-04-15 00:45:50,4,96.4557418457798
2025-04-15 00:46:00,1,49.7095119097151
2025-04-15 00:46:10,2,70.6069348951712
2025-04-15 00:46:20,3,86.6234767312304
2025-04-15 00:46:30,4,96.6519538637246
2025-04-15 00:46:40,1,50.3623201635761
2025-04-15 00:46:50,2,71.1388498939093
2025-04-15 00:47:00,3,86.997728518831
2025-04-15 00:47:10,4,96.8426713483758
2025-04-15 00:47:20,1,51.0122653874225
2025-04-15 00:47:30,2,71.6667207449237
2025-04-15 00:47:40,3,87.3670346028353
2025-04-15 00:47:50,4,97.0278834577015
2025-04-15 00:48:00,1,51.6593106327444
2025-04-15 00:48:10,2,72.190517439468
2025-04-15 00:48:20,3,87.7313739886901
2025-04-15 00:48:30,4,97.2075796626429
2025-04-15 00:48:40,1,52.3034191158918
2025-04-15 00:48:50,2,72.7102102004063
2025-04-15 00:49:00,3,88.0907259641926
2025-04-15 00:49:10,4,97.3817497477129
2025-04-15 00:49:20,1,52.9445542201657
2025-04-15 00:49:30,2,73.2257694839055
2025-04-15 00:49:40,3,88.4450701006674
2025-04-15 00:49:50,4,97.550383811577
2025-04-15 00:50:00,1,53.5826794978997
2025-04-15 00:50:10,2,73.7371659811154
2025-04-15 00:50:20,3,88.7943862541278
2025-04-15 00:50:30,4,97.7134722676161
2025-04-15 00:50:40,1,54.2177586725318
2025-04-15 00:50:50,2,74.2443706198344
2025-04-15 00:51:00,3,89.1386545664215
2025-04-15 00:51:10,4,97.8710058444712
2025-04-15 00:51:20,1,54.849755640667
2025-04-15 00:51:30,2,74.7473545661627
2025-04-15 00:51:40,3,89.477855466359
2025-04-15 00:51:50,4,98.0229755865708
2025-04-15 00:52:00,1,55.4786344741297
2025-04-15 00:52:10,2,75.2460892261406
2025-04-15 00:52:20,3,89.8119696708263
2025-04-15 00:52:30,4,98.1693728546399
2025-04-15 00:52:40,1,56.1043594220059
2025-04-15 00:52:50,2,75.7405462473753
2025-04-15 00:53:00,3,90.1409781858813
2025-04-15 00:53:10,4,98.3101893261912
2025-04-15 00:53:20,1,56.7268949126757
2025-04-15 00:53:30,2,76.2306975206515
2025-04-15 00:53:40,3,90.4648623078334
2025-04-15 00:53:50,4,98.4454169959981
2025-04-15 00:54:00,1,57.3462055558356
2025-04-15 00:54:10,2,76.71651518153
2025-04-15 00:54:20,3,90.7836036243068
2025-04-15 00:54:30,4,98.5750481765498
2025-04-15 00:54:40,1,57.9622561445103
2025-04-15 00:54:50,2,77.1979716119316
2025-04-15 00:55:00,3,91.0971840152874
2025-04-15 00:55:10,4,98.6990754984885
2025-04-15 00:55:20,1,58.5750116570544
2025-04-15 00:55:30,2,77.6750394417074
2025-04-15 00:55:40,3,91.4055856541526
2025-04-15 00:55:50,4,98.8174919110281
2025-04-15 00:56:00,1,59.184437259143
2025-04-15 00:56:10,2,78.1476915501942
2025-04-15 00:56:20,3,91.708791008685
2025-04-15 00:56:30,4,98.9302906823551
2025-04-15 00:56:40,1,59.7904983057519
2025-04-15 00:56:50,2,78.6159010677568
2025-04-15 00:57:00,3,92.0067828420688
2025-04-15 00:57:10,4,99.0374654000115
2025-04-15 00:57:20,1,60.3931603431277
2025-04-15 00:57:30,2,79.0796413773152
2025-04-15 00:57:40,3,92.2995442138701
2025-04-15 00:57:50,4,99.139009971259
2025-04-15 00:58:00,1,60.9923891107459
2025-04-15 00:58:10,2,79.538886115858
2025-04-15 00:58:20,3,92.5870584809995
2025-04-15 00:58:30,4,99.2349186234257
2025-04-15 00:58:40,1,61.5881505432588
2025-04-15 00:58:50,2,79.9936091759408
2025-04-15 00:59:00,3,92.8693092986584
2025-04-15 00:59:10,4,99.3251859042339
2025-04-15 00:59:20,1,62.1804107724321
2025-04-15 00:59:30,2,80.4437847071706
2025-04-15 00:59:40,3,93.1462806212683
2025-04-15 00:59:50,4,99.4098066821105
2025-04-15 01:00:00,1,62.76913612907
2025-04-15 01:00:10,2,80.8893871176753
2025-04-15 01:00:20,3,93.417956703383
2025-04-15 01:00:30,4,99.4887761464781
2025-04-15 01:00:40,1,63.3542931449297
2025-04-15 01:00:50,2,81.3303910755585
2025-04-15 01:01:00,3,93.6843221005832
2025-04-15 01:01:10,4,99.5620898080294
2025-04-15 01:01:20,1,63.9358485546235
2025-04-15 01:01:30,2,81.7667715103396
2025-04-15 01:01:40,3,93.9453616703553
2025-04-15 01:01:50,4,99.6297434989813
2025-04-15 01:02:00,1,64.5137692975103
2025-04-15 01:02:10,2,82.1985036143792
2025-04-15 01:02:20,3,94.2010605729516
2025-04-15 01:02:30,4,99.6917333733128
2025-04-15 01:02:40,1,65.0880225195749
2025-04-15 01:02:50,2,82.6255628442891
2025-04-15 01:03:00,3,94.4514042722342
2025-04-15 01:03:10,4,99.7480559069831
2025-04-15 01:03:20,1,65.6585755752957
2025-04-15 01:03:30,2,83.0479249223277
2025-04-15 01:03:40,3,94.6963785365011
2025-04-15 01:03:50,4,99.7987078981321
2025-04-15 01:04:00,1,66.2253960295005
2025-04-15 01:04:10,2,83.4655658377803
2025-04-15 01:04:20,3,94.9359694392957
2025-04-15 01:04:30,4,99.8436864672622
2025-04-15 01:04:40,1,66.7884516592106
2025-04-15 01:04:50,2,83.8784618483237
2025-04-15 01:05:00,3,95.1701633601982
2025-04-15 01:05:10,4,99.8829890574027
2025-04-15 01:05:20,1,67.3477104554725
2025-04-15 01:05:30,2,84.2865894813764
2025-04-15 01:05:40,3,95.3989469855997
2025-04-15 01:05:50,4,99.916613434254
2025-04-15 01:06:00,1,67.9031406251774
2025-04-15 01:06:10,2,84.6899255354324
2025-04-15 01:06:20,3,95.6223073094596
2025-04-15 01:06:30,4,99.9445576863158
2025-04-15 01:06:40,1,68.4547105928689
2025-04-15 01:06:50,2,85.0884470813809
2025-04-15 01:07:00,3,95.8402316340446
2025-04-15 01:07:10,4,99.966820224995
2025-04-15 01:07:20,1,69.0023890025377
2025-04-15 01:07:30,2,85.4821314638092
2025-04-15 01:07:40,3,96.0527075706506
2025-04-15 01:07:50,4,99.9833997846963
2025-04-15 01:08:00,1,69.5461447194047
2025-04-15 01:08:10,2,85.8709563022907
2025-04-15 01:08:20,3,96.259723040307
2025-04-15 01:08:30,4,99.994295422894
2025-04-15 01:08:40,1,70.0859468316902
2025-04-15 01:08:50,2,86.2548994926576
2025-04-15 01:09:00,3,96.4612662744633
2025-04-15 01:09:10,4,99.9995065201858
2025-04-15 01:09:20,1,70.6217646523717
2025-04-15 01:09:30,2,86.633939208257
2025-04-15 01:09:40,3,96.6573258156584
2025-04-15 01:09:50,4,99.9990327803279
2025-04-15 01:10:00,1,71.1535677209285
2025-04-15 01:10:10,2,87.0080539011919
2025-04-15 01:10:20,3,96.8478905181717
2025-04-15 01:10:30,4,99.9928742302517
2025-04-15 01:10:40,1,71.681325805073
2025-04-15 01:10:50,2,87.3772223035465
2025-04-15 01:11:00,3,97.0329495486566
2025-04-15 01:11:10,4,99.9810312200625
2025-04-15 01:11:20,1,72.2050089024694
2025-04-15 01:11:30,2,87.7414234285947
2025-04-15 01:11:40,3,97.2124923867569
2025-04-15 01:11:50,4,99.9635044230194
2025-04-15 01:12:00,1,72.7245872424396
2025-04-15 01:12:10,2,88.1006365719933
2025-04-15 01:12:20,3,97.386508825704
2025-04-15 01:12:30,4,99.9402948354973
2025-04-15 01:12:40,1,73.2400312876553
2025-04-15 01:12:50,2,88.4548413129595
2025-04-15 01:13:00,3,97.5549889728981
2025-04-15 01:13:10,4,99.9114037769299
2025-04-15 01:13:20,1,73.7513117358174
2025-04-15 01:13:30,2,88.8040175154312
2025-04-15 01:13:40,3,97.71792325047
2025-04-15 01:13:50,4,99.8768328897349
2025-04-15 01:14:00,1,74.2583995213215
2025-04-15 01:14:10,2,89.1481453292119
2025-04-15 01:14:20,3,97.8753023958254
2025-04-15 01:14:30,4,99.8365841392207
2025-04-15 01:14:40,1,74.7612658169107
2025-04-15 01:14:50,2,89.4872051910993
2025-04-15 01:15:00,3,98.0271174621722
2025-04-15 01:15:10,4,99.7906598134745
2025-04-15 01:15:20,1,75.2598820353138
2025-04-15 01:15:30,2,89.8211778259972
2025-04-15 01:15:40,3,98.1733598190285
2025-04-15 01:15:50,4,99.7390625232324
2025-04-15 01:16:00,1,75.7542198308709
2025-04-15 01:16:10,2,90.1500442480117
2025-04-15 01:16:20,3,98.3140211527134
2025-04-15 01:16:30,4,99.6817952017306
2025-04-15 01:16:40,1,76.2442511011448
2025-04-15 01:16:50,2,90.4737857615298
2025-04-15 01:17:00,3,98.4490934668197
2025-04-15 01:17:10,4,99.6188611045393
2025-04-15 01:17:20,1,76.7299479885182
2025-04-15 01:17:30,2,90.792383962283
2025-04-15 01:17:40,3,98.5785690826685
2025-04-15 01:17:50,4,99.5502638093769
2025-04-15 01:18:00,1,77.2112828817778
2025-04-15 01:18:10,2,91.1058207383929
2025-04-15 01:18:20,3,98.7024406397454
2025-04-15 01:18:30,4,99.4760072159074
2025-04-15 01:18:40,1,77.6882284176838
2025-04-15 01:18:50,2,91.4140782714014
2025-04-15 01:19:00,3,98.8207010961195
2025-04-15 01:19:10,4,99.396095545518
2025-04-15 01:19:20,1,78.1607574825252
2025-04-15 01:19:30,2,91.7171390372833
2025-04-15 01:19:40,3,98.9333437288432
2025-04-15 01:19:50,4,99.3105333410793
2025-04-15 01:20:00,1,78.6288432136619
2025-04-15 01:20:10,2,92.0149858074424
2025-04-15 01:20:20,3,99.0403621343347
2025-04-15 01:20:30,4,99.2193254666874
2025-04-15 01:20:40,1,79.0924590010508
2025-04-15 01:20:50,2,92.3076016496914
2025-04-15 01:21:00,3,99.1417502287419
2025-04-15 01:21:10,4,99.1224771073869
2025-04-15 01:21:20,1,79.5515784887595
2025-04-15 01:21:30,2,92.5949699292142
2025-04-15 01:21:40,3,99.2375022482883
2025-04-15 01:21:50,4,99.0199937688766
2025-04-15 01:22:00,1,80.0061755764639
2025-04-15 01:22:10,2,92.8770743095113
2025-04-15 01:22:20,3,99.3276127496007
2025-04-15 01:22:30,4,98.9118812771962
2025-04-15 01:22:40,1,80.4562244209324
2025-04-15 01:22:50,2,93.1538987533291
2025-04-15 01:23:00,3,99.4120766100184
2025-04-15 01:23:10,4,98.798145778395
2025-04-15 01:23:20,1,80.9016994374947
2025-04-15 01:23:30,2,93.425427523571
2025-04-15 01:23:40,3,99.490889027885
2025-04-15 01:23:50,4,98.6787937381827
2025-04-15 01:24:00,1,81.3425753014968
2025-04-15 01:24:10,2,93.6916451841925
2025-04-15 01:24:20,3,99.5640455228206
2025-04-15 01:24:30,4,98.5538319415622
2025-04-15 01:24:40,1,81.7788269497401
2025-04-15 01:24:50,2,93.9525366010784
2025-04-15 01:25:00,3,99.6315419359773
2025-04-15 01:25:10,4,98.4232674924429
2025-04-15 01:25:20,1,82.2104295819062
2025-04-15 01:25:30,2,94.2080869429033
2025-04-15 01:25:40,3,99.6933744302747
2025-04-15 01:25:50,4,98.2871078132379
2025-04-15 01:26:00,1,82.6373586619676
2025-04-15 01:26:10,2,94.4582816819749
2025-04-15 01:26:20,3,99.7495394906191
2025-04-15 01:26:30,4,98.1453606444414
2025-04-15 01:26:40,1,83.0595899195813
2025-04-15 01:26:50,2,94.7031065950593
2025-04-15 01:27:00,3,99.8000339241024
2025-04-15 01:27:10,4,97.9980340441889
2025-04-15 01:27:20,1,83.4770993514695
2025-04-15 01:27:30,2,94.9425477641904
2025-04-15 01:27:40,3,99.8448548601842
2025-04-15 01:27:50,4,97.8451363877989
2025-04-15 01:28:00,1,83.889863222784
2025-04-15 01:28:10,2,95.1765915774604
2025-04-15 01:28:20,3,99.8839997508546
2025-04-15 01:28:30,4,97.6866763672972
2025-04-15 01:28:40,1,84.2978580684549
2025-04-15 01:28:50,2,95.405224729794
2025-04-15 01:29:00,3,99.9174663707794
2025-04-15 01:29:10,4,97.5226629909223
2025-04-15 01:29:20,1,84.7010606945252
2025-04-15 01:29:30,2,95.6284342237047
2025-04-15 01:29:40,3,99.9452528174264
2025-04-15 01:29:50,4,97.3531055826137
2025-04-15 01:30:00,1,85.0994481794692
2025-04-15 01:30:10,2,95.8462073700337
2025-04-15 01:30:20,3,99.9673575111734
2025-04-15 01:30:30,4,97.1780137814813
2025-04-15 01:30:40,1,85.4929978754953
2025-04-15 01:30:50,2,96.058531788671
2025-04-15 01:31:00,3,99.9837791953986
2025-04-15 01:31:10,4,96.997397541258
2025-04-15 01:31:20,1,85.8816874098339
2025-04-15 01:31:30,2,96.2653954092599
2025-04-15 01:31:40,3,99.9945169365512
2025-04-15 01:31:50,4,96.8112671297338
2025-04-15 01:32:00,1,86.2654946860088
2025-04-15 01:32:10,2,96.4667864718821
2025-04-15 01:32:20,3,99.9995701242052
2025-04-15 01:32:30,4,96.6196331281715
2025-04-15 01:32:40,1,86.6443978850937
2025-04-15 01:32:50,2,96.6626935277274
2025-04-15 01:33:00,3,99.9989384710936
2025-04-15 01:33:10,4,96.4225064307058
2025-04-15 01:33:20,1,87.0183754669526
2025-04-15 01:33:30,2,96.8531054397437
2025-04-15 01:33:40,3,99.9926220131251
2025-04-15 01:33:50,4,96.2198982437238
2025-04-15 01:34:00,1,87.3874061714639
2025-04-15 01:34:10,2,97.0380113832704
2025-04-15 01:34:20,3,99.9806211093818
2025-04-15 01:34:30,4,96.0118200852278
2025-04-15 01:34:40,1,87.7514690197297
2025-04-15 01:34:50,2,97.2174008466538
2025-04-15 01:35:00,3,99.9629364420989
2025-04-15 01:35:10,4,95.7982837841806
2025-04-15 01:35:20,1,88.1105433152676
2025-04-15 01:35:30,2,97.3912636318449
2025-04-15 01:35:40,3,99.9395690166259
2025-04-15 01:35:50,4,95.579301479833
2025-04-15 01:36:00,1,88.4646086451882
2025-04-15 01:36:10,2,97.5595898549786
2025-04-15 01:36:20,3,99.9105201613694
2025-04-15 01:36:30,4,95.354885621034
2025-04-15 01:36:40,1,88.8136448813544
2025-04-15 01:36:50,2,97.7223699469361
2025-04-15 01:37:00,3,99.8757915277177
2025-04-15 01:37:10,4,95.1250489655225
2025-04-15 01:37:20,1,89.157632181527
2025-04-15 01:37:30,2,97.8795946538884
2025-04-15 01:37:40,3,99.8353850899468
2025-04-15 01:37:50,4,94.8898045792027
2025-04-15 01:38:00,1,89.4965509904915
2025-04-15 01:38:10,2,98.0312550378231
2025-04-15 01:38:20,3,99.7893031451082
2025-04-15 01:38:30,4,94.6491658354008
2025-04-15 01:38:40,1,89.8303820411705
2025-04-15 01:38:50,2,98.1773424770516
2025-04-15 01:39:00,3,99.7375483128985
2025-04-15 01:39:10,4,94.403146414105
2025-04-15 01:39:20,1,90.1591063557187
2025-04-15 01:39:30,2,98.3178486667001
2025-04-15 01:39:40,3,99.6801235355099
2025-04-15 01:39:50,4,94.1517603011877
2025-04-15 01:40:00,1,90.482705246602
2025-04-15 01:40:10,2,98.4527656191809
2025-04-15 01:40:20,3,99.6170320774637
2025-04-15 01:40:30,4,93.8950217876107
2025-04-15 01:40:40,1,90.8011603176596
2025-04-15 01:40:50,2,98.5820856646472
2025-04-15 01:41:00,3,99.5482775254244
2025-04-15 01:41:10,4,93.6329454686124
2025-04-15 01:41:20,1,91.11445346515
2025-04-15 01:41:30,2,98.7058014514288
2025-04-15 01:41:40,3,99.4738637879953
2025-04-15 01:41:50,4,93.3655462428781
2025-04-15 01:42:00,1,91.4225668787801
2025-04-15 01:42:10,2,98.82390594645
2025-04-15 01:42:20,3,99.3937950954973
2025-04-15 01:42:30,4,93.0928393116936
2025-04-15 01:42:40,1,91.7254830427176
2025-04-15 01:42:50,2,98.9363924356293
2025-04-15 01:43:00,3,99.3080759997276
2025-04-15 01:43:10,4,92.8148401780801
2025-04-15 01:43:20,1,92.023184736587
2025-04-15 01:43:30,2,99.0432545242616
2025-04-15 01:43:40,3,99.2167113737012
2025-04-15 01:43:50,4,92.5315646459138
2025-04-15 01:44:00,1,92.3156550364483
2025-04-15 01:44:10,2,99.144486137381
2025-04-15 01:44:20,3,99.1197064113739
2025-04-15 01:44:30,4,92.2430288190267
2025-04-15 01:44:40,1,92.602877315759
2025-04-15 01:44:50,2,99.240081520107
2025-04-15 01:45:00,3,99.0170666273471
2025-04-15 01:45:10,4,91.9492491002917
2025-04-15 01:45:20,1,92.8848352463199
2025-04-15 01:45:30,2,99.3300352379708
2025-04-15 01:45:40,3,98.9087978565542
2025-04-15 01:45:50,4,91.6502421906898
2025-04-15 01:46:00,1,93.1615127992026
2025-04-15 01:46:10,2,99.4143421772247
2025-04-15 01:46:20,3,98.7949062539288
2025-04-15 01:46:30,4,91.3460250883608
2025-04-15 01:46:40,1,93.4328942456612
2025-04-15 01:46:50,2,99.4929975451331
2025-04-15 01:47:00,3,98.675398294055
2025-04-15 01:47:10,4,91.0366150876368
2025-04-15 01:47:20,1,93.6989641580263
2025-04-15 01:47:30,2,99.5659968702442
2025-04-15 01:47:40,3,98.5502807707993
2025-04-15 01:47:50,4,90.7220297780593
2025-04-15 01:48:00,1,93.959707410582
2025-04-15 01:48:10,2,99.6333360026448
2025-04-15 01:48:20,3,98.4195607969242
2025-04-15 01:48:30,4,90.4022870433792
2025-04-15 01:48:40,1,94.2151091804259
2025-04-15 01:48:50,2,99.6950111141959
2025-04-15 01:49:00,3,98.283245803684
2025-04-15 01:49:10,4,90.0774050605398
2025-04-15 01:49:20,1,94.4651549483117
2025-04-15 01:49:30,2,99.7510186987507
2025-04-15 01:49:40,3,98.1413435404023
2025-04-15 01:49:50,4,89.747402298644
2025-04-15 01:50:00,1,94.7098304994744
2025-04-15 01:50:10,2,99.8013555723534
2025-04-15 01:50:20,3,97.9938620740315
2025-04-15 01:50:30,4,89.412297517904
2025-04-15 01:50:40,1,94.9491219244389
2025-04-15 01:50:50,2,99.8460188734207
2025-04-15 01:51:00,3,97.8408097886942
2025-04-15 01:51:10,4,89.0721097685748
2025-04-15 01:51:20,1,95.1830156198101
2025-04-15 01:51:30,2,99.885006062904
2025-04-15 01:51:40,3,97.6821953852065
2025-04-15 01:51:50,4,88.7268583898714
2025-04-15 01:52:00,1,95.4114982890468
2025-04-15 01:52:10,2,99.9183149244343
2025-04-15 01:52:20,3,97.5180278805834
2025-04-15 01:52:30,4,88.3765630088693
2025-04-15 01:52:40,1,95.6345569432173
2025-04-15 01:52:50,2,99.9459435644475
2025-04-15 01:53:00,3,97.3483166075262
2025-04-15 01:53:10,4,88.0212435393888
2025-04-15 01:53:20,1,95.8521789017376
2025-04-15 01:53:30,2,99.9678904122929
2025-04-15 01:53:40,3,97.1730712138922
2025-04-15 01:53:50,4,87.6609201808627
2025-04-15 01:54:00,1,96.0643517930928
2025-04-15 01:54:10,2,99.9841542203216
2025-04-15 01:54:20,3,96.9923016621456
2025-04-15 01:54:30,4,87.2956134171882
2025-04-15 01:54:40,1,96.2710635555401
2025-04-15 01:54:50,2,99.9947340639581
2025-04-15 01:55:00,3,96.8060182287918
2025-04-15 01:55:10,4,86.9253440155625
2025-04-15 01:55:20,1,96.4723024377943
2025-04-15 01:55:30,2,99.9996293417526
2025-04-15 01:55:40,3,96.6142315037929
2025-04-15 01:55:50,4,86.5501330253019
2025-04-15 01:56:00,1,96.6680569996963
2025-04-15 01:56:10,2,99.9988397754151
2025-04-15 01:56:20,3,96.4169523899657
2025-04-15 01:56:30,4,86.1700017766454
2025-04-15 01:56:40,1,96.8583161128631
2025-04-15 01:56:50,2,99.9923654098313
2025-04-15 01:57:00,3,96.2141921023619
2025-04-15 01:57:10,4,85.7849718795422
2025-04-15 01:57:20,1,97.0430689613206
2025-04-15 01:57:30,2,99.9802066130603
2025-04-15 01:57:40,3,96.0059621676306
2025-04-15 01:57:50,4,85.3950652224228
2025-04-15 01:58:00,1,97.2223050421184
2025-04-15 01:58:10,2,99.9623640763133
2025-04-15 01:58:20,3,95.7922744233627
2025-04-15 01:58:30,4,85.0003039709551
2025-04-15 01:58:40,1,97.3960141659269
2025-04-15 01:58:50,2,99.9388388139144
2025-04-15 01:59:00,3,95.5731410174187
2025-04-15 01:59:10,4,84.6007105667842
2025-04-15 01:59:20,1,97.5641864576166
2025-04-15 01:59:30,2,99.909632163243
2025-04-15 01:59:40,3,95.3485744072371
2025-04-15 01:59:50,4,84.1963077262565
2025-04-15 02:00:00,1,97.7268123568194
2025-04-15 02:00:10,2,99.874745784658
2025-04-15 02:00:20,3,95.118587359127
2025-04-15 02:00:30,4,83.7871184391282
2025-04-15 02:00:40,1,97.883882618472
2025-04-15 02:00:50,2,99.8341816614028
2025-04-15 02:01:00,3,94.8831929475423
2025-04-15 02:01:10,4,83.3731659672589
2025-04-15 02:01:20,1,98.035388313342
2025-04-15 02:01:30,2,99.7879420994933
2025-04-15 02:01:40,3,94.6424045543377
2025-04-15 02:01:50,4,82.9544738432885
2025-04-15 02:02:00,1,98.1813208285347
2025-04-15 02:02:10,2,99.7360297275861
2025-04-15 02:02:20,3,94.396235868009
2025-04-15 02:02:30,4,82.5310658693
2025-04-15 02:02:40,1,98.3216718679833
2025-04-15 02:02:50,2,99.6784474968297
2025-04-15 02:03:00,3,94.1447008829141
2025-04-15 02:03:10,4,82.1029661154658
2025-04-15 02:03:20,1,98.4564334529205
2025-04-15 02:03:30,2,99.6151986806963
2025-04-15 02:03:40,3,93.8878138984778
2025-04-15 02:03:50,4,81.6701989186799
2025-04-15 02:04:00,1,98.5855979223319
2025-04-15 02:04:10,2,99.5462868747957
2025-04-15 02:04:20,3,93.625589518379
2025-04-15 02:04:30,4,81.2327888811742
2025-04-15 02:04:40,1,98.7091579333913
2025-04-15 02:04:50,2,99.4717159966713
2025-04-15 02:05:00,3,93.3580426497202
2025-04-15 02:05:10,4,80.7907608691196
2025-04-15 02:05:20,1,98.8271064618789
2025-04-15 02:05:30,2,99.391490285577
2025-04-15 02:05:40,3,93.0851885021801
2025-04-15 02:05:50,4,80.3441400112127
2025-04-15 02:06:00,1,98.9394368025796
2025-04-15 02:06:10,2,99.3056143022363
2025-04-15 02:06:20,3,92.8070425871494
2025-04-15 02:06:30,4,79.8929516972475
2025-04-15 02:06:40,1,99.0461425696651
2025-04-15 02:06:50,2,99.214092928583
2025-04-15 02:07:00,3,92.5236207168484
2025-04-15 02:07:10,4,79.4372215766711
2025-04-15 02:07:20,1,99.1472176970564
2025-04-15 02:07:30,2,99.116931367484
2025-04-15 02:07:40,3,92.2349390034282
2025-04-15 02:07:50,4,78.9769755571268
2025-04-15 02:08:00,1,99.2426564387686
2025-04-15 02:08:10,2,99.014135142443
2025-04-15 02:08:20,3,91.9410138580553
2025-04-15 02:08:30,4,78.5122398029804
2025-04-15 02:08:40,1,99.332453369238
2025-04-15 02:08:50,2,98.9057100972868
2025-04-15 02:09:00,3,91.6418619899779
2025-04-15 02:09:10,4,78.043040733833
2025-04-15 02:09:20,1,99.4166033836301
2025-04-15 02:09:30,2,98.7916623958331
2025-04-15 02:09:40,3,91.3375004055764
2025-04-15 02:09:50,4,77.5694050230192
2025-04-15 02:10:00,1,99.49510169813
2025-04-15 02:10:10,2,98.67199852154
2025-04-15 02:10:20,3,91.0279464073968
2025-04-15 02:10:30,4,77.0913595960907
2025-04-15 02:10:40,1,99.5679438502144
2025-04-15 02:10:50,2,98.5467252771374
2025-04-15 02:11:00,3,90.7132175931664
2025-04-15 02:11:10,4,76.6089316292858
2025-04-15 02:11:20,1,99.6351256989051
2025-04-15 02:11:30,2,98.4158497842405
2025-04-15 02:11:40,3,90.3933318547942
2025-04-15 02:11:50,4,76.1221485479839
2025-04-15 02:12:00,1,99.6966434250046
2025-04-15 02:12:10,2,98.2793794829445
2025-04-15 02:12:20,3,90.0683073773532
2025-04-15 02:12:30,4,75.6310380251472
2025-04-15 02:12:40,1,99.752493531313
2025-04-15 02:12:50,2,98.1373221314021
2025-04-15 02:13:00,3,89.7381626380467
2025-04-15 02:13:10,4,75.1356279797468
2025-04-15 02:13:20,1,99.8026728428271
2025-04-15 02:13:30,2,97.9896858053824
2025-04-15 02:13:40,3,89.4029164051583
2025-04-15 02:13:50,4,74.635946575176
2025-04-15 02:14:00,1,99.8471785069208
2025-04-15 02:14:10,2,97.8364788978114
2025-04-15 02:14:20,3,89.0625877369843
2025-04-15 02:14:30,4,74.1320222176491
2025-04-15 02:14:40,1,99.8860079935069
2025-04-15 02:14:50,2,97.6777101182952
2025-04-15 02:15:00,3,88.7171959807508
2025-04-15 02:15:10,4,73.6238835545865
2025-04-15 02:15:20,1,99.9191590951814
2025-04-15 02:15:30,2,97.5133884926251
2025-04-15 02:15:40,3,88.3667607715136
2025-04-15 02:15:50,4,73.1115594729864
2025-04-15 02:16:00,1,99.9466299273491
2025-04-15 02:16:10,2,97.3435233622638
2025-04-15 02:16:20,3,88.0113020310418
2025-04-15 02:16:30,4,72.5950790977821
2025-04-15 02:16:40,1,99.96841892833
2025-04-15 02:16:50,2,97.1681243838152
2025-04-15 02:17:00,3,87.6508399666859
2025-04-15 02:17:10,4,72.0744717901868
2025-04-15 02:17:20,1,99.9845248594489
2025-04-15 02:17:30,2,96.9872015284747
2025-04-15 02:17:40,3,87.2853950702281
2025-04-15 02:17:50,4,71.5497671460242
2025-04-15 02:18:00,1,99.9949468051052
2025-04-15 02:18:10,2,96.8007650814627
2025-04-15 02:18:20,3,86.9149881167184
2025-04-15 02:18:30,4,71.0209949940459
2025-04-15 02:18:40,1,99.9996841728254
2025-04-15 02:18:50,2,96.6088256414399
2025-04-15 02:19:00,3,86.5396401632927
2025-04-15 02:19:10,4,70.4881853942362
2025-04-15 02:19:20,1,99.9987366932966
2025-04-15 02:19:30,2,96.4113941199049
2025-04-15 02:19:40,3,86.1593725479761
2025-04-15 02:19:50,4,69.9513686361023
2025-04-15 02:20:00,1,99.9921044203816
2025-04-15 02:20:10,2,96.2084817405734
2025-04-15 02:20:20,3,85.7742068884701
2025-04-15 02:20:30,4,69.4105752369537
2025-04-15 02:20:40,1,99.9797877311163
2025-04-15 02:20:50,2,96.0001000387407
2025-04-15 02:21:00,3,85.3841650809232
2025-04-15 02:21:10,4,68.8658359401658
2025-04-15 02:21:20,1,99.9617873256878
2025-04-15 02:21:30,2,95.7862608606256
2025-04-15 02:21:40,3,84.9892692986864
2025-04-15 02:21:50,4,68.3171817134336
2025-04-15 02:22:00,1,99.9381042273949
2025-04-15 02:22:10,2,95.5669763626972
2025-04-15 02:22:20,3,84.5895419910526
2025-04-15 02:22:30,4,67.7646437470102
2025-04-15 02:22:40,1,99.9087397825899
2025-04-15 02:22:50,2,95.3422590109837
2025-04-15 02:23:00,3,84.1850058819804
2025-04-15 02:23:10,4,67.2082534519342
2025-04-15 02:23:20,1,99.8736956606017
2025-04-15 02:23:30,2,95.1121215803634
2025-04-15 02:23:40,3,83.7756839688023
2025-04-15 02:23:50,4,66.6480424582439
2025-04-15 02:24:00,1,99.8329738536417
2025-04-15 02:24:10,2,94.8765771538393
2025-04-15 02:24:20,3,83.3615995209174
2025-04-15 02:24:30,4,66.0840426131792
2025-04-15 02:24:40,1,99.7865766766894
2025-04-15 02:24:50,2,94.6356391217943
2025-04-15 02:25:00,3,82.9427760784683
2025-04-15 02:25:10,4,65.5162859793709
2025-04-15 02:25:20,1,99.734506767362
2025-04-15 02:25:30,2,94.3893211812308
2025-04-15 02:25:40,3,82.5192374510032
2025-04-15 02:25:50,4,64.9448048330184
2025-04-15 02:26:00,1,99.6767670857636
2025-04-15 02:26:10,2,94.1376373349918
2025-04-15 02:26:20,3,82.0910077161221
2025-04-15 02:26:30,4,64.3696316620545
2025-04-15 02:26:40,1,99.6133609143173
2025-04-15 02:26:50,2,93.8806018909646
2025-04-15 02:27:00,3,81.6581112181082
2025-04-15 02:27:10,4,63.7907991642987
2025-04-15 02:27:20,1,99.5442918575783
2025-04-15 02:27:30,2,93.6182294612678
2025-04-15 02:27:40,3,81.2205725665439
2025-04-15 02:27:50,4,63.2083402455982
2025-04-15 02:28:00,1,99.4695638420296
2025-04-15 02:28:10,2,93.3505349614202
2025-04-15 02:28:20,3,80.7784166349118
2025-04-15 02:28:30,4,62.6222880179575
2025-04-15 02:28:40,1,99.389181115858
2025-04-15 02:28:50,2,93.0775336094935
2025-04-15 02:29:00,3,80.3316685591805
2025-04-15 02:29:10,4,62.0326757976556
2025-04-15 02:29:20,1,99.3031482487132
2025-04-15 02:29:30,2,92.7992409252464
2025-04-15 02:29:40,3,79.8803537363759
2025-04-15 02:29:50,4,61.4395371033526
2025-04-15 02:30:00,1,99.2114701314478
2025-04-15 02:30:10,2,92.5156727292428
2025-04-15 02:30:20,3,79.4244978231375
2025-04-15 02:30:30,4,60.8429056541836
2025-04-15 02:30:40,1,99.114151975839
2025-04-15 02:30:50,2,92.2268451419526
2025-04-15 02:31:00,3,78.9641267342593
2025-04-15 02:31:10,4,60.2428153678424
2025-04-15 02:31:20,1,99.0111993142929
2025-04-15 02:31:30,2,91.9327745828348
2025-04-15 02:31:40,3,78.4992666412172
2025-04-15 02:31:50,4,59.6393003586527
2025-04-15 02:32:00,1,98.9026179995295
2025-04-15 02:32:10,2,91.6334777694041
2025-04-15 02:32:20,3,78.0299439706809
2025-04-15 02:32:30,4,59.0323949356294
2025-04-15 02:32:40,1,98.7884142042502
2025-04-15 02:32:50,2,91.328971716281
2025-04-15 02:33:00,3,77.5561854030116
2025-04-15 02:33:10,4,58.4221336005277
2025-04-15 02:33:20,1,98.6685944207868
2025-04-15 02:33:30,2,91.0192737342242
2025-04-15 02:33:40,3,77.0780178707452
2025-04-15 02:33:50,4,57.8085510458819
2025-04-15 02:34:00,1,98.5431654607325
2025-04-15 02:34:10,2,90.7044014291465
2025-04-15 02:34:20,3,76.5954685570614
2025-04-15 02:34:30,4,57.191682153033
2025-04-15 02:34:40,1,98.4121344545545
2025-04-15 02:34:50,2,90.384372701114
2025-04-15 02:35:00,3,76.1085648942382
2025-04-15 02:35:10,4,56.5715619901461
2025-04-15 02:35:20,1,98.275508851189
2025-04-15 02:35:30,2,90.0592057433284
2025-04-15 02:35:40,3,75.6173345620925
2025-04-15 02:35:50,4,55.9482258102167
2025-04-15 02:36:00,1,98.1332964176174
2025-04-15 02:36:10,2,89.7289190410931
2025-04-15 02:36:20,3,75.1218054864065
2025-04-15 02:36:30,4,55.3217090490662
2025-04-15 02:36:40,1,97.9855052384247
2025-04-15 02:36:50,2,89.3935313707619
2025-04-15 02:37:00,3,74.6220058373403
2025-04-15 02:37:10,4,54.6920473233281
2025-04-15 02:37:20,1,97.8321437153403
2025-04-15 02:37:30,2,89.0530617986716
2025-04-15 02:37:40,3,74.1179640278301
2025-04-15 02:37:50,4,54.0592764284227
2025-04-15 02:38:00,1,97.6732205667602
2025-04-15 02:38:10,2,88.7075296800586
2025-04-15 02:38:20,3,73.6097087119734
2025-04-15 02:38:30,4,53.4234323365223
2025-04-15 02:38:40,1,97.5087448272509
2025-04-15 02:38:50,2,88.3569546579579
2025-04-15 02:39:00,3,73.0972687833999
2025-04-15 02:39:10,4,52.7845511945067
2025-04-15 02:39:20,1,97.3387258470367
2025-04-15 02:39:30,2,88.0013566620872
2025-04-15 02:39:40,3,72.5806733736286
2025-04-15 02:39:50,4,52.1426693219073
2025-04-15 02:40:00,1,97.1631732914674
2025-04-15 02:40:10,2,87.640755907713
2025-04-15 02:40:20,3,72.0599518504123
2025-04-15 02:40:30,4,51.4978232088435
2025-04-15 02:40:40,1,96.9820971404691
2025-04-15 02:40:50,2,87.2751728945022
2025-04-15 02:41:00,3,71.5351338160676
2025-04-15 02:41:10,4,50.8500495139477
2025-04-15 02:41:20,1,96.7955076879769
2025-04-15 02:41:30,2,86.9046284053563
2025-04-15 02:41:40,3,71.0062491057924
2025-04-15 02:41:50,4,50.1993850622811
2025-04-15 02:42:00,1,96.6034155413497
2025-04-15 02:42:10,2,86.52914350523
2025-04-15 02:42:20,3,70.4733277859696
2025-04-15 02:42:30,4,49.5458668432407
2025-04-15 02:42:40,1,96.4058316207671
2025-04-15 02:42:50,2,86.1487395399338
2025-04-15 02:43:00,3,69.9364001524578
2025-04-15 02:43:10,4,48.8895320084565
2025-04-15 02:43:20,1,96.2027671586086
2025-04-15 02:43:30,2,85.7634381349203
2025-04-15 02:43:40,3,69.3954967288692
2025-04-15 02:43:50,4,48.230417869679
2025-04-15 02:44:00,1,95.9942336988152
2025-04-15 02:44:10,2,85.3732611940551
2025-04-15 02:44:20,3,68.8506482648343
2025-04-15 02:44:30,4,47.5685618966586
2025-04-15 02:44:40,1,95.7802430962329
2025-04-15 02:44:50,2,84.9782308983712
2025-04-15 02:45:00,3,68.3018857342539
2025-04-15 02:45:10,4,46.9040017150152
2025-04-15 02:45:20,1,95.5608075159392
2025-04-15 02:45:30,2,84.5783697048084
2025-04-15 02:45:40,3,67.7492403335381
2025-04-15 02:45:50,4,46.2367751040992
2025-04-15 02:46:00,1,95.3359394325508
2025-04-15 02:46:10,2,84.1737003449367
2025-04-15 02:46:20,3,67.192743479833
2025-04-15 02:46:30,4,45.5669199948441
2025-04-15 02:46:40,1,95.1056516295154
2025-04-15 02:46:50,2,83.7642458236637
2025-04-15 02:47:00,3,66.6324268092346
2025-04-15 02:47:10,4,44.89447446761
2025-04-15 02:47:20,1,94.8699571983839
2025-04-15 02:47:30,2,83.350029417927
2025-04-15 02:47:40,3,66.0683221749903
2025-04-15 02:47:50,4,44.2194767500187
2025-04-15 02:48:00,1,94.6288695380672
2025-04-15 02:48:10,2,82.9310746753708
2025-04-15 02:48:20,3,65.5004616456883
2025-04-15 02:48:30,4,43.5419652147805
2025-04-15 02:48:40,1,94.3824023540737
2025-04-15 02:48:50,2,82.5074054130076
2025-04-15 02:49:00,3,64.928877503434
2025-04-15 02:49:10,4,42.8619783775128
2025-04-15 02:49:20,1,94.1305696577307
2025-04-15 02:49:30,2,82.0790457158638
2025-04-15 02:49:40,3,64.3536022420156
2025-04-15 02:49:50,4,42.179554894551
2025-04-15 02:50:00,1,93.8733857653874
2025-04-15 02:50:10,2,81.6460199356109
2025-04-15 02:50:20,3,63.7746685650562
2025-04-15 02:50:30,4,41.4947335607499
2025-04-15 02:50:40,1,93.6108652976015
2025-04-15 02:50:50,2,81.2083526891806
2025-04-15 02:51:00,3,63.192109384155
2025-04-15 02:51:10,4,40.8075533072794
2025-04-15 02:51:20,1,93.3430231783076
2025-04-15 02:51:30,2,80.7660688573661
2025-04-15 02:51:40,3,62.605957817016
2025-04-15 02:51:50,4,40.1180531994106
2025-04-15 02:52:00,1,93.0698746339693
2025-04-15 02:52:10,2,80.3191935834069
2025-04-15 02:52:20,3,62.0162471855659
2025-04-15 02:52:30,4,39.4262724342951
2025-04-15 02:52:40,1,92.7914351927131
2025-04-15 02:52:50,2,79.86775227156
2025-04-15 02:53:00,3,61.423011014059
2025-04-15 02:53:10,4,38.732250338737
2025-04-15 02:53:20,1,92.5077206834458
2025-04-15 02:53:30,2,79.4117705856555
2025-04-15 02:53:40,3,60.8262830271722
2025-04-15 02:53:50,4,38.036026366957
2025-04-15 02:54:00,1,92.2187472349549
2025-04-15 02:54:10,2,78.9512744476376
2025-04-15 02:54:20,3,60.226097148087
2025-04-15 02:54:30,4,37.3376400983492
2025-04-15 02:54:40,1,91.9245312749915
2025-04-15 02:54:50,2,78.4862900360909
2025-04-15 02:55:00,3,59.6224874965616
2025-04-15 02:55:10,4,36.6371312352317
2025-04-15 02:55:20,1,91.6250895293362
2025-04-15 02:55:30,2,78.0168437847526
2025-04-15 02:55:40,3,59.0154883869911
2025-04-15 02:55:50,4,35.9345396005891
2025-04-15 02:56:00,1,91.3204390208486
2025-04-15 02:56:10,2,77.542962381009
2025-04-15 02:56:20,3,58.4051343264567
2025-04-15 02:56:30,4,35.2299051358087
2025-04-15 02:56:40,1,91.0105970684996
2025-04-15 02:56:50,2,77.0646727643795
2025-04-15 02:57:00,3,57.791460012764
2025-04-15 02:57:10,4,34.5232678984101
2025-04-15 02:57:20,1,90.6955812863864
2025-04-15 02:57:30,2,76.5820021249838
2025-04-15 02:57:40,3,57.1745003324705
2025-04-15 02:57:50,4,33.8146680597675
2025-04-15 02:58:00,1,90.3754095827315
2025-04-15 02:58:10,2,76.0949779019972
2025-04-15 02:58:20,3,56.5542903589023
2025-04-15 02:58:30,4,33.1041459028269
2025-04-15 02:58:40,1,90.0501001588649
2025-04-15 02:58:50,2,75.6036277820903
2025-04-15 02:59:00,3,55.9308653501605
2025-04-15 02:59:10,4,32.3917418198149
2025-04-15 02:59:20,1,89.7196715081888
2025-04-15 02:59:30,2,75.1079796978551
2025-04-15 02:59:40,3,55.3042607471164
2025-04-15 02:59:50,4,31.6774963099435
2025-04-15 03:00:00,1,89.3841424151264
2025-04-15 03:00:10,2,74.6080618262171
2025-04-15 03:00:20,3,54.6745121713971
2025-04-15 03:00:30,4,30.961449977107
2025-04-15 03:00:40,1,89.0435319540545
2025-04-15 03:00:50,2,74.1039025868334
2025-04-15 03:01:00,3,54.0416554233602
2025-04-15 03:01:10,4,30.2436435275742
2025-04-15 03:01:20,1,88.6978594882186
2025-04-15 03:01:30,2,73.5955306404772
2025-04-15 03:01:40,3,53.4057264800589
2025-04-15 03:01:50,4,29.5241177676744
2025-04-15 03:02:00,1,88.3471446686326
2025-04-15 03:02:10,2,73.0829748874083
2025-04-15 03:02:20,3,52.7667614931962
2025-04-15 03:02:30,4,28.8029136014769
2025-04-15 03:02:40,1,87.9914074329611
2025-04-15 03:02:50,2,72.5662644657304
2025-04-15 03:03:00,3,52.1247967870704
2025-04-15 03:03:10,4,28.0800720284665
2025-04-15 03:03:20,1,87.6306680043864
2025-04-15 03:03:30,2,72.0454287497345
2025-04-15 03:03:40,3,51.4798688565098
2025-04-15 03:03:50,4,27.3556341412124
2025-04-15 03:04:00,1,87.2649468904588
2025-04-15 03:04:10,2,71.520497348229
2025-04-15 03:04:20,3,50.8320143647977
2025-04-15 03:04:30,4,26.6296411230317
2025-04-15 03:04:40,1,86.8942648819306
2025-04-15 03:04:50,2,70.9915001028564
2025-04-15 03:05:00,3,50.1812701415889
2025-04-15 03:05:10,4,25.9021342456491
2025-04-15 03:05:20,1,86.5186430515745
2025-04-15 03:05:30,2,70.4584670863971
2025-04-15 03:05:40,3,49.5276731808151
2025-04-15 03:05:50,4,25.1731548668497
2025-04-15 03:06:00,1,86.138102752985
2025-04-15 03:06:10,2,69.9214286010595
2025-04-15 03:06:20,3,48.8712606385826
2025-04-15 03:06:30,4,24.4427444281287
2025-04-15 03:06:40,1,85.7526656193652
2025-04-15 03:06:50,2,69.3804151767576
2025-04-15 03:07:00,3,48.2120698310596
2025-04-15 03:07:10,4,23.710944452335
2025-04-15 03:07:20,1,85.3623535622967
2025-04-15 03:07:30,2,68.8354575693754
2025-04-15 03:07:40,3,47.5501382323549
2025-04-15 03:07:50,4,22.9777965413108
2025-04-15 03:08:00,1,84.9671887704936
2025-04-15 03:08:10,2,68.2865867590182
2025-04-15 03:08:20,3,46.8855034723877
2025-04-15 03:08:30,4,22.2433423735264
2025-04-15 03:08:40,1,84.5671937085419
2025-04-15 03:08:50,2,67.7338339482517
2025-04-15 03:09:00,3,46.2182033347481
2025-04-15 03:09:10,4,21.5076237017113
2025-04-15 03:09:20,1,84.1623911156215
2025-04-15 03:09:30,2,67.1772305603282
2025-04-15 03:09:40,3,45.5482757545495
2025-04-15 03:09:50,4,20.7706823504804
2025-04-15 03:10:00,1,83.7528040042142
2025-04-15 03:10:10,2,66.6168082374
2025-04-15 03:10:20,3,44.8757588162718
2025-04-15 03:10:30,4,20.032560213956
2025-04-15 03:10:40,1,83.3384556587952
2025-04-15 03:10:50,2,66.0525988387206
2025-04-15 03:11:00,3,44.2006907515964
2025-04-15 03:11:10,4,19.2932992533866
2025-04-15 03:11:20,1,82.9193696345093
2025-04-15 03:11:30,2,65.4846344388339
2025-04-15 03:11:40,3,43.5231099372328
2025-04-15 03:11:50,4,18.5529414947615
2025-04-15 03:12:00,1,82.4955697558323
2025-04-15 03:12:10,2,64.9129473257504
2025-04-15 03:12:20,3,42.8430548927369
2025-04-15 03:12:30,4,17.811529026421
2025-04-15 03:12:40,1,82.0670801152158
2025-04-15 03:12:50,2,64.3375699991119
2025-04-15 03:13:00,3,42.1605642783213
2025-04-15 03:13:10,4,17.0691039966648
2025-04-15 03:13:20,1,81.6339250717184
2025-04-15 03:13:30,2,63.7585351683437
2025-04-15 03:13:40,3,41.4756768926575
2025-04-15 03:13:50,4,16.3257086113548
2025-04-15 03:14:00,1,81.1961292496204
2025-04-15 03:14:10,2,63.1758757507956
2025-04-15 03:14:20,3,40.7884316706701
2025-04-15 03:14:30,4,15.5813851315169
2025-04-15 03:14:40,1,80.7537175370242
2025-04-15 03:14:50,2,62.58962486987
2025-04-15 03:15:00,3,40.0988676813238
2025-04-15 03:15:10,4,14.8361758709374
2025-04-15 03:15:20,1,80.3067150844393
2025-04-15 03:15:30,2,61.9998158531392
2025-04-15 03:15:40,3,39.4070241254016
2025-04-15 03:15:50,4,14.0901231937583
2025-04-15 03:16:00,1,79.8551473033525
2025-04-15 03:16:10,2,61.4064822304507
2025-04-15 03:16:20,3,38.7129403332772
2025-04-15 03:16:30,4,13.3432695120686
2025-04-15 03:16:40,1,79.3990398647835
2025-04-15 03:16:50,2,60.8096577320214
2025-04-15 03:17:00,3,38.0166557626785
2025-04-15 03:17:10,4,12.5956572834934
2025-04-15 03:17:20,1,78.9384186978255
2025-04-15 03:17:30,2,60.2093762865193
2025-04-15 03:17:40,3,37.318209996445
2025-04-15 03:17:50,4,11.8473290087802
2025-04-15 03:18:00,1,78.4733099881707
2025-04-15 03:18:10,2,59.6056720191355
2025-04-15 03:18:20,3,36.6176427402768
2025-04-15 03:18:30,4,11.0983272293827
2025-04-15 03:18:40,1,78.0037401766224
2025-04-15 03:18:50,2,58.9985792496438
2025-04-15 03:19:00,3,35.9149938204781
2025-04-15 03:19:10,4,10.3486945250422
2025-04-15 03:19:20,1,77.5297359575916
2025-04-15 03:19:30,2,58.3881324904498
2025-04-15 03:19:40,3,35.210303181693
2025-04-15 03:19:50,4,9.5984735113678
2025-04-15 03:20:00,1,77.0513242775789
2025-04-15 03:20:10,2,57.774366444629
2025-04-15 03:20:20,3,34.5036108846342
2025-04-15 03:20:30,4,8.84770683741265
2025-04-15 03:20:40,1,76.5685323336437
2025-04-15 03:20:50,2,57.1573160039537
2025-04-15 03:21:00,3,33.7949571038064
2025-04-15 03:21:10,4,8.09643718325016
2025-04-15 03:21:20,1,76.081387571857
2025-04-15 03:21:30,2,56.5370162469096
2025-04-15 03:21:40,3,33.0843821252216
2025-04-15 03:21:50,4,7.34470725754756
2025-04-15 03:22:00,1,75.589917685742
2025-04-15 03:22:10,2,55.9135024367019
2025-04-15 03:22:20,3,32.3719263441097
2025-04-15 03:22:30,4,6.59255979513779
2025-04-15 03:22:40,1,75.0941506146991
2025-04-15 03:22:50,2,55.2868100192502
2025-04-15 03:23:00,3,31.6576302626213
2025-04-15 03:23:10,4,5.84003755459021
2025-04-15 03:23:20,1,74.5941145424182
2025-04-15 03:23:30,2,54.6569746211736
2025-04-15 03:23:40,3,30.941534487526
2025-04-15 03:23:50,4,5.08718331577977
2025-04-15 03:24:00,1,74.0898378952759
2025-04-15 03:24:10,2,54.0240320477655
2025-04-15 03:24:20,3,30.223679727903
2025-04-15 03:24:30,4,4.33403987745523
2025-04-15 03:24:40,1,73.5813493407198
2025-04-15 03:24:50,2,53.388018280958
2025-04-15 03:25:00,3,29.5041067928281
2025-04-15 03:25:10,4,3.5806500548058
2025-04-15 03:25:20,1,73.0686777856388
2025-04-15 03:25:30,2,52.7489694772766
2025-04-15 03:25:40,3,28.7828565890526
2025-04-15 03:25:50,4,2.82705667702734
2025-04-15 03:26:00,1,72.5518523747198
2025-04-15 03:26:10,2,52.1069219657841
2025-04-15 03:26:20,3,28.0599701186783
2025-04-15 03:26:30,4,2.07330258488752
2025-04-15 03:26:40,1,72.0309024887907
2025-04-15 03:26:50,2,51.4619122460162
2025-04-15 03:27:00,3,27.3354884768265
2025-04-15 03:27:10,4,1.31943062829054
2025-04-15 03:27:20,1,71.5058577431503
2025-04-15 03:27:30,2,50.8139769859061
2025-04-15 03:27:40,3,26.6094528493022
2025-04-15 03:27:50,4,0.565483663840892
2025-04-15 03:28:00,1,70.9767479858847
2025-04-15 03:28:10,2,50.1631530196998
2025-04-15 03:28:20,3,25.8819045102521
2025-04-15 03:28:30,4,-0.188495447592796
2025-04-15 03:28:40,1,70.4436032961703
2025-04-15 03:28:50,2,49.5094773458625
2025-04-15 03:29:00,3,25.1528848198184
2025-04-15 03:29:10,4,-0.942463843314419
2025-04-15 03:29:20,1,69.9064539825641
2025-04-15 03:29:30,2,48.8529871249752
2025-04-15 03:29:40,3,24.422435221788
2025-04-15 03:29:50,4,-1.69637866123691
2025-04-15 03:30:00,1,69.3653305812805
2025-04-15 03:30:10,2,48.1937196776221
2025-04-15 03:30:20,3,23.6905972412359
2025-04-15 03:30:30,4,-2.45019704231918
2025-04-15 03:30:40,1,68.8202638544554
2025-04-15 03:30:50,2,47.5317124822687
2025-04-15 03:31:00,3,22.9574124821647
2025-04-15 03:31:10,4,-3.20387613300237
2025-04-15 03:31:20,1,68.2712847883977
2025-04-15 03:31:30,2,46.8670031731319
2025-04-15 03:31:40,3,22.2229226251396
2025-04-15 03:31:50,4,-3.95737308764616
2025-04-15 03:32:00,1,67.718424591827
2025-04-15 03:32:10,2,46.1996295380398
2025-04-15 03:32:20,3,21.4871694249191
2025-04-15 03:32:30,4,-4.71064507096427
2025-04-15 03:32:40,1,67.1617146941004
2025-04-15 03:32:50,2,45.5296295162839
2025-04-15 03:33:00,3,20.7501947080808
2025-04-15 03:33:10,4,-5.46364926045989
2025-04-15 03:33:20,1,66.6011867434252
2025-04-15 03:33:30,2,44.8570411964625
2025-04-15 03:33:40,3,20.0120403706439
2025-04-15 03:33:50,4,-6.21634284885987
2025-04-15 03:34:00,1,66.0368726050597
2025-04-15 03:34:10,2,44.1819028143148
2025-04-15 03:34:20,3,19.2727483756874
2025-04-15 03:34:30,4,-6.96868304654835
2025-04-15 03:34:40,1,65.468804359502
2025-04-15 03:34:50,2,43.5042527505478
2025-04-15 03:35:00,3,18.5323607509648
2025-04-15 03:35:10,4,-7.72062708399914
2025-04-15 03:35:20,1,64.8970143006663
2025-04-15 03:35:30,2,42.8241295286542
2025-04-15 03:35:40,3,17.7909195865144
2025-04-15 03:35:50,4,-8.47213221420734
2025-04-15 03:36:00,1,64.3215349340465
2025-04-15 03:36:10,2,42.1415718127223
2025-04-15 03:36:20,3,17.0484670322672
2025-04-15 03:36:30,4,-9.22315571511931
2025-04-15 03:36:40,1,63.742398974869
2025-04-15 03:36:50,2,41.4566184052383
2025-04-15 03:37:00,3,16.3050452956499
2025-04-15 03:37:10,4,-9.97365489206142
2025-04-15 03:37:20,1,63.1596393462323
2025-04-15 03:37:30,2,40.7693082448801
2025-04-15 03:37:40,3,15.5606966391862
2025-04-15 03:37:50,4,-10.723587080167
2025-04-15 03:38:00,1,62.5732891772358
2025-04-15 03:38:10,2,40.0796804043038
2025-04-15 03:38:20,3,14.8154633780938
2025-04-15 03:38:30,4,-11.4729096468021
2025-04-15 03:38:40,1,61.9833818010962
2025-04-15 03:38:50,2,39.3877740879225
2025-04-15 03:39:00,3,14.0693878778792
2025-04-15 03:39:10,4,-12.2215799939889
2025-04-15 03:39:20,1,61.3899507532528
2025-04-15 03:39:30,2,38.6936286296777
2025-04-15 03:39:40,3,13.3225125519287
2025-04-15 03:39:50,4,-12.9695555608274
2025-04-15 03:40:00,1,60.7930297694605
2025-04-15 03:40:10,2,37.997283490803
2025-04-15 03:40:20,3,12.5748798590979
2025-04-15 03:40:30,4,-13.7167938259147
2025-04-15 03:40:40,1,60.1926527838728
2025-04-15 03:40:50,2,37.2987782575809
2025-04-15 03:41:00,3,11.8265323012977
2025-04-15 03:41:10,4,-14.4632523097627
2025-04-15 03:41:20,1,59.588853927112
2025-04-15 03:41:30,2,36.5981526390923
2025-04-15 03:41:40,3,11.0775124210779
2025-04-15 03:41:50,4,-15.2088885772129
2025-04-15 03:42:00,1,58.9816675243292
2025-04-15 03:42:10,2,35.8954464649592
2025-04-15 03:42:20,3,10.327862799209
2025-04-15 03:42:30,4,-15.9536602398486
2025-04-15 03:42:40,1,58.3711280932529
2025-04-15 03:42:50,2,35.1906996830805
2025-04-15 03:43:00,3,9.57762605226169
2025-04-15 03:43:10,4,-16.6975249584047
2025-04-15 03:43:20,1,57.7572703422268
2025-04-15 03:43:30,2,34.4839523573607
2025-04-15 03:43:40,3,8.82684483018358
2025-04-15 03:43:50,4,-17.4404404451745
2025-04-15 03:44:00,1,57.1401291682365
2025-04-15 03:44:10,2,33.7752446654325
2025-04-15 03:44:20,3,8.07556181387517
2025-04-15 03:44:30,4,-18.1823644664141
2025-04-15 03:44:40,1,56.519739654926
2025-04-15 03:44:50,2,33.0646168963729
2025-04-15 03:45:00,3,7.32381971276317
2025-04-15 03:45:10,4,-18.9232548447431
2025-04-15 03:45:20,1,55.8961370706027
2025-04-15 03:45:30,2,32.3521094484128
2025-04-15 03:45:40,3,6.5716612623728
2025-04-15 03:45:50,4,-19.663069461542
2025-04-15 03:46:00,1,55.2693568662332
2025-04-15 03:46:10,2,31.6377628266401
2025-04-15 03:46:20,3,5.81912922189805
2025-04-15 03:46:30,4,-20.4017662593472
2025-04-15 03:46:40,1,54.6394346734269
2025-04-15 03:46:50,2,30.9216176406973
2025-04-15 03:47:00,3,5.06626637177102
2025-04-15 03:47:10,4,-21.1393032442414
2025-04-15 03:47:20,1,54.0064063024116
2025-04-15 03:47:30,2,30.2037146024729
2025-04-15 03:47:40,3,4.31311551122986
2025-04-15 03:47:50,4,-21.8756384882412
2025-04-15 03:48:00,1,53.3703077399967
2025-04-15 03:48:10,2,29.4840945237869
2025-04-15 03:48:20,3,3.55971945588586
2025-04-15 03:48:30,4,-22.6107301316806
2025-04-15 03:48:40,1,52.7311751475282
2025-04-15 03:48:50,2,28.7627983140709
2025-04-15 03:49:00,3,2.80612103528918
2025-04-15 03:49:10,4,-23.3445363855905
2025-04-15 03:49:20,1,52.0890448588324
2025-04-15 03:49:30,2,28.0398669780419
2025-04-15 03:49:40,3,2.0523630904942
2025-04-15 03:49:50,4,-24.0770155340746
2025-04-15 03:50:00,1,51.4439533781506
2025-04-15 03:50:10,2,27.315341613372
2025-04-15 03:50:20,3,1.29848847162399
2025-04-15 03:50:30,4,-24.8081259366805
2025-04-15 03:50:40,1,50.795937378064
2025-04-15 03:50:50,2,26.5892634083515
2025-04-15 03:51:00,3,0.544540035434536
2025-04-15 03:51:10,4,-25.5378260307674
2025-04-15 03:51:20,1,50.1450336974086
2025-04-15 03:51:30,2,25.8616736395477
2025-04-15 03:51:40,3,-0.209439357121912
2025-04-15 03:51:50,4,-26.2660743338685
2025-04-15 03:52:00,1,49.4912793391813
2025-04-15 03:52:10,2,25.1326136694582
2025-04-15 03:52:20,3,-0.96340684333327
2025-04-15 03:52:30,4,-26.9928294460496
2025-04-15 03:52:40,1,48.8347114684361
2025-04-15 03:52:50,2,24.4021249441594
2025-04-15 03:53:00,3,-1.71731956116418
2025-04-15 03:53:10,4,-27.7180500522621
2025-04-15 03:53:20,1,48.1753674101715
2025-04-15 03:53:30,2,23.6702489909508
2025-04-15 03:53:40,3,-2.47113465169292
2025-04-15 03:53:50,4,-28.4416949246921
2025-04-15 03:54:00,1,47.5132846472084
2025-04-15 03:54:10,2,22.9370274159938
2025-04-15 03:54:20,3,-3.22480926154773
2025-04-15 03:54:30,4,-29.163722925104
2025-04-15 03:54:40,1,46.8485008180593
2025-04-15 03:54:50,2,22.2025019019464
2025-04-15 03:55:00,3,-3.97830054534299
2025-04-15 03:55:10,4,-29.8840930071794
2025-04-15 03:55:20,1,46.1810537147889
2025-04-15 03:55:30,2,21.4667142055942
2025-04-15 03:55:40,3,-4.73156566811481
2025-04-15 03:55:50,4,-30.6027642188501
2025-04-15 03:56:00,1,45.5109812808654
2025-04-15 03:56:10,2,20.7297061554758
2025-04-15 03:56:20,3,-5.48456180775639
2025-04-15 03:56:30,4,-31.3196957046264
2025-04-15 03:56:40,1,44.8383216090032
2025-04-15 03:56:50,2,19.9915196495054
2025-04-15 03:57:00,3,-6.23724615745221
2025-04-15 03:57:10,4,-32.0348467079197
2025-04-15 03:57:20,1,44.1631129389982
2025-04-15 03:57:30,2,19.2521966525908
2025-04-15 03:57:40,3,-6.98957592811161
2025-04-15 03:57:50,4,-32.7481765733596
2025-04-15 03:58:00,1,43.4853936555528
2025-04-15 03:58:10,2,18.5117791942477
2025-04-15 03:58:20,3,-7.74150835080117
2025-04-15 03:58:30,4,-33.4596447491047
2025-04-15 03:58:40,1,42.805202286095
2025-04-15 03:58:50,2,17.7703093662108
2025-04-15 03:59:00,3,-8.49300067917627
2025-04-15 03:59:10,4,-34.1692107891483
2025-04-15 03:59:20,1,42.1225774985872
2025-04-15 03:59:30,2,17.0278293200401
2025-04-15 03:59:40,3,-9.24401019191103
2025-04-15 03:59:50,4,-34.8768343556175
2025-04-15 04:00:00,1,41.4375580993284
2025-04-15 04:00:10,2,16.2843812647255
2025-04-15 04:00:20,3,-9.99449419512704
2025-04-15 04:00:30,4,-35.5824752210663
2025-04-15 04:00:40,1,40.7501830307481
2025-04-15 04:00:50,2,15.5400074642869
2025-04-15 04:01:00,3,-10.7444100248202
2025-04-15 04:01:10,4,-36.2860932707628
2025-04-15 04:01:20,1,40.0604913691923
2025-04-15 04:01:30,2,14.7947502353712
2025-04-15 04:01:40,3,-11.4937150492866
2025-04-15 04:01:50,4,-36.9876485049692
2025-04-15 04:02:00,1,39.3685223227024
2025-04-15 04:02:10,2,14.0486519448476
2025-04-15 04:02:20,3,-12.2423666715456
2025-04-15 04:02:30,4,-37.6871010412162
2025-04-15 04:02:40,1,38.6743152287858
2025-04-15 04:02:50,2,13.3017550073979
2025-04-15 04:03:00,3,-12.9903223317617
2025-04-15 04:03:10,4,-38.38441111657
2025-04-15 04:03:20,1,37.9779095521801
2025-04-15 04:03:30,2,12.5541018831064
2025-04-15 04:03:40,3,-13.7375395096636
2025-04-15 04:03:50,4,-39.0795390898927
2025-04-15 04:04:00,1,37.2793448826093
2025-04-15 04:04:10,2,11.8057350750454
2025-04-15 04:04:20,3,-14.4839757269622
2025-04-15 04:04:30,4,-39.772445444096
2025-04-15 04:04:40,1,36.5786609325333
2025-04-15 04:04:50,2,11.056697126859
2025-04-15 04:05:00,3,-15.2295885497645
2025-04-15 04:05:10,4,-40.4630907883876
2025-04-15 04:05:20,1,35.8758975348899
2025-04-15 04:05:30,2,10.307030620345
2025-04-15 04:05:40,3,-15.9743355909869
2025-04-15 04:05:50,4,-41.1514358605109
2025-04-15 04:06:00,1,35.1710946408313
2025-04-15 04:06:10,2,9.55677817303385
2025-04-15 04:06:20,3,-16.7181745127637
2025-04-15 04:06:30,4,-41.8374415289762
2025-04-15 04:06:40,1,34.4642923174517
2025-04-15 04:06:50,2,8.80598243576573
2025-04-15 04:07:00,3,-17.461063028855
2025-04-15 04:07:10,4,-42.521068795286
2025-04-15 04:07:20,1,33.7555307455106
2025-04-15 04:07:30,2,8.05468609026631
2025-04-15 04:07:40,3,-18.20295890705
2025-04-15 04:07:50,4,-43.2022787961517
2025-04-15 04:08:00,1,33.0448502171478
2025-04-15 04:08:10,2,7.30293184672005
2025-04-15 04:08:20,3,-18.9438199715681
2025-04-15 04:08:30,4,-43.8810328057031
2025-04-15 04:08:40,1,32.3322911335936
2025-04-15 04:08:50,2,6.55076244134246
2025-04-15 04:09:00,3,-19.6836041054565
2025-04-15 04:09:10,4,-44.5572922376896
2025-04-15 04:09:20,1,31.6178940028713
2025-04-15 04:09:30,2,5.79822063395028
2025-04-15 04:09:40,3,-20.4222692529843
2025-04-15 04:09:50,4,-45.2310186476741
2025-04-15 04:10:00,1,30.9016994374948
2025-04-15 04:10:10,2,5.04534920553086
2025-04-15 04:10:20,3,-21.1597734220335
2025-04-15 04:10:30,4,-45.9021737352184
2025-04-15 04:10:40,1,30.1837481521596
2025-04-15 04:10:50,2,4.29219095581002
2025-04-15 04:11:00,3,-21.8960746864865
2025-04-15 04:11:10,4,-46.5707193460604
2025-04-15 04:11:20,1,29.4640809614286
2025-04-15 04:11:30,2,3.53878870081912
2025-04-15 04:11:40,3,-22.6311311886086
2025-04-15 04:11:50,4,-47.2366174742833
2025-04-15 04:12:00,1,28.7427387774116
2025-04-15 04:12:10,2,2.78518527046073
2025-04-15 04:12:20,3,-23.3649011414286
2025-04-15 04:12:30,4,-47.8998302644761
2025-04-15 04:12:40,1,28.0197626074394
2025-04-15 04:12:50,2,2.03142350607406
2025-04-15 04:13:00,3,-24.0973428311138
2025-04-15 04:13:10,4,-48.5603200138858
2025-04-15 04:13:20,1,27.2951935517325
2025-04-15 04:13:30,2,1.27754625799932
2025-04-15 04:13:40,3,-24.8284146193416
2025-04-15 04:13:50,4,-49.2180491745602
2025-04-15 04:14:00,1,26.5690728010653
2025-04-15 04:14:10,2,0.523596383141938
2025-04-15 04:14:20,3,-25.558074945666
2025-04-15 04:14:30,4,-49.8729803554834
2025-04-15 04:14:40,1,25.8414416344235
2025-04-15 04:14:50,2,-0.230383257464034
2025-04-15 04:15:00,3,-26.2862823298812
2025-04-15 04:15:10,4,-50.5250763247004
2025-04-15 04:15:20,1,25.1123414166581
2025-04-15 04:15:30,2,-0.984349801092368
2025-04-15 04:15:40,3,-27.0129953743789
2025-04-15 04:15:50,4,-51.1743000114345
2025-04-15 04:16:00,1,24.3818135961338
2025-04-15 04:16:10,2,-1.73826038576142
2025-04-15 04:16:20,3,-27.7381727665023
2025-04-15 04:16:30,4,-51.8206145081941
2025-04-15 04:16:40,1,23.6498997023725
2025-04-15 04:16:50,2,-2.49207215267062
2025-04-15 04:17:00,3,-28.4617732808939
2025-04-15 04:17:10,4,-52.4639830728714
2025-04-15 04:17:20,1,22.9166413436923
2025-04-15 04:17:30,2,-3.24574224863717
2025-04-15 04:17:40,3,-29.18375578184
2025-04-15 04:17:50,4,-53.1043691308306
2025-04-15 04:18:00,1,22.1820802048425
2025-04-15 04:18:10,2,-3.99922782853203
2025-04-15 04:18:20,3,-29.9040792256087
2025-04-15 04:18:30,4,-53.7417362769876
2025-04-15 04:18:40,1,21.4462580446338
2025-04-15 04:18:50,2,-4.7524860577157
2025-04-15 04:19:00,3,-30.622702662783
2025-04-15 04:19:10,4,-54.3760482778792
2025-04-15 04:19:20,1,20.7092166935641
2025-04-15 04:19:30,2,-5.50547411447314
2025-04-15 04:19:40,3,-31.3395852405893
2025-04-15 04:19:50,4,-55.0072690737234
2025-04-15 04:20:00,1,19.9709980514407
2025-04-15 04:20:10,2,-6.25814919244836
2025-04-15 04:20:20,3,-32.0546862052194
2025-04-15 04:20:30,4,-55.6353627804686
2025-04-15 04:20:40,1,19.2316440849983
2025-04-15 04:20:50,2,-7.01046850307777
2025-04-15 04:21:00,3,-32.7679649041473
2025-04-15 04:21:10,4,-56.2602936918343
2025-04-15 04:21:20,1,18.4911968255132
2025-04-15 04:21:30,2,-7.76238927802269
2025-04-15 04:21:40,3,-33.4793807884406
2025-04-15 04:21:50,4,-56.8820262813406
2025-04-15 04:22:00,1,17.7496983664141
2025-04-15 04:22:10,2,-8.51386877160054
2025-04-15 04:22:20,3,-34.188893415065
2025-04-15 04:22:30,4,-57.5005252043278
2025-04-15 04:22:40,1,17.0071908608889
2025-04-15 04:22:50,2,-9.26486426321514
2025-04-15 04:23:00,3,-34.8964624491843
2025-04-15 04:23:10,4,-58.115755299966
2025-04-15 04:23:20,1,16.2637165194884
2025-04-15 04:23:30,2,-10.0153330597851
2025-04-15 04:23:40,3,-35.6020476664526
2025-04-15 04:23:50,4,-58.7276815932533
2025-04-15 04:24:00,1,15.5193176077266
2025-04-15 04:24:10,2,-10.765232498171
2025-04-15 04:24:20,3,-36.3056089553014
2025-04-15 04:24:30,4,-59.336269297005
2025-04-15 04:24:40,1,14.7740364436784
2025-04-15 04:24:50,2,-11.5145199476004
2025-04-15 04:25:00,3,-37.0071063192198
2025-04-15 04:25:10,4,-59.9414838138304
2025-04-15 04:25:20,1,14.0279153955732
2025-04-15 04:25:30,2,-12.2631528120921
2025-04-15 04:25:40,3,-37.7064998790283
2025-04-15 04:25:50,4,-60.5432907381001
2025-04-15 04:26:00,1,13.280996879387
2025-04-15 04:26:10,2,-13.0110885328767
2025-04-15 04:26:20,3,-38.4037498751457
2025-04-15 04:26:30,4,-61.1416558579017
2025-04-15 04:26:40,1,12.5333233564304
2025-04-15 04:26:50,2,-13.7582845908167
2025-04-15 04:27:00,3,-39.0988166698497
2025-04-15 04:27:10,4,-61.7365451569845
2025-04-15 04:27:20,1,11.7849373309356
2025-04-15 04:27:30,2,-14.5046985088234
2025-04-15 04:27:40,3,-39.7916607495299
2025-04-15 04:27:50,4,-62.3279248166939
2025-04-15 04:28:00,1,11.0358813476392
2025-04-15 04:28:10,2,-15.2502878542717
2025-04-15 04:28:20,3,-40.4822427269342
2025-04-15 04:28:30,4,-62.9157612178935
2025-04-15 04:28:40,1,10.2861979893641
2025-04-15 04:28:50,2,-15.9950102414124
2025-04-15 04:29:00,3,-41.1705233434082
2025-04-15 04:29:10,4,-63.5000209428761
2025-04-15 04:29:20,1,9.53592987459885
2025-04-15 04:29:30,2,-16.7388233337816
2025-04-15 04:29:40,3,-41.8564634711266
2025-04-15 04:29:50,4,-64.0806707772639
2025-04-15 04:30:00,1,8.78511965507431
2025-04-15 04:30:10,2,-17.4816848466076
2025-04-15 04:30:20,3,-42.5400241153178
2025-04-15 04:30:30,4,-64.6576777118966
2025-04-15 04:30:40,1,8.03381001333943
2025-04-15 04:30:50,2,-18.2235525492147
2025-04-15 04:31:00,3,-43.2211664164805
2025-04-15 04:31:10,4,-65.2310089447078
2025-04-15 04:31:20,1,7.28204366033455
2025-04-15 04:31:30,2,-18.9643842674243
2025-04-15 04:31:40,3,-43.8998516525931
2025-04-15 04:31:50,4,-65.8006318825896
2025-04-15 04:32:00,1,6.52986333296356
2025-04-15 04:32:10,2,-19.7041378859515
2025-04-15 04:32:20,3,-44.5760412413147
2025-04-15 04:32:30,4,-66.3665141432459
2025-04-15 04:32:40,1,5.77731179166413
2025-04-15 04:32:50,2,-20.4427713508004
2025-04-15 04:33:00,3,-45.2496967421787
2025-04-15 04:33:10,4,-66.9286235570329
2025-04-15 04:33:20,1,5.02443181797697
2025-04-15 04:33:30,2,-21.1802426716542
2025-04-15 04:33:40,3,-45.920779858778
2025-04-15 04:33:50,4,-67.4869281687882
2025-04-15 04:34:00,1,4.27126621211367
2025-04-15 04:34:10,2,-21.9165099242624
2025-04-15 04:34:20,3,-46.589252440942
2025-04-15 04:34:30,4,-68.0413962396472
2025-04-15 04:34:40,1,3.51785779052377
2025-04-15 04:34:50,2,-22.6515312528241
2025-04-15 04:35:00,3,-47.2550764869054
2025-04-15 04:35:10,4,-68.5919962488475
2025-04-15 04:35:20,1,2.76424938346044
2025-04-15 04:35:30,2,-23.3852648723675
2025-04-15 04:35:40,3,-47.9182141454688
2025-04-15 04:35:50,4,-69.1386968955206
2025-04-15 04:36:00,1,2.01048383254577
2025-04-15 04:36:10,2,-24.1176690711255
2025-04-15 04:36:20,3,-48.5786277181501
2025-04-15 04:36:30,4,-69.6814671004719
2025-04-15 04:36:40,1,1.25660398833524
2025-04-15 04:36:50,2,-24.8487022129066
2025-04-15 04:37:00,3,-49.236279661328
2025-04-15 04:37:10,4,-70.2202760079468
2025-04-15 04:37:20,1,0.502652707881876
2025-04-15 04:37:30,2,-25.578322739462
2025-04-15 04:37:40,3,-49.8911325883759
2025-04-15 04:37:50,4,-70.7550929873851
2025-04-15 04:38:00,1,-0.251327147700371
2025-04-15 04:38:10,2,-26.3064891728485
2025-04-15 04:38:20,3,-50.5431492717877
2025-04-15 04:38:30,4,-71.2858876351625
2025-04-15 04:38:40,1,-1.00529271567305
2025-04-15 04:38:50,2,-27.0331601177857
2025-04-15 04:39:00,3,-51.1922926452939
2025-04-15 04:39:10,4,-71.8126297763189
2025-04-15 04:39:20,1,-1.75920113410999
2025-04-15 04:39:30,2,-27.75829426401
2025-04-15 04:39:40,3,-51.8385258059687
2025-04-15 04:39:50,4,-72.3352894662734
2025-04-15 04:40:00,1,-2.51300954433376
2025-04-15 04:40:10,2,-28.4818503886227
2025-04-15 04:40:20,3,-52.4818120163279
2025-04-15 04:40:30,4,-72.8538369925273
2025-04-15 04:40:40,1,-3.26667509335238
2025-04-15 04:40:50,2,-29.2037873584332
2025-04-15 04:41:00,3,-53.1221147064178
2025-04-15 04:41:10,4,-73.3682428763526
2025-04-15 04:41:20,1,-4.02015493629531
2025-04-15 04:41:30,2,-29.9240641322982
2025-04-15 04:41:40,3,-53.7593974758933
2025-04-15 04:41:50,4,-73.8784778744683
2025-04-15 04:42:00,1,-4.77340623884918
2025-04-15 04:42:10,2,-30.6426397634539
2025-04-15 04:42:20,3,-54.3936240960882
2025-04-15 04:42:30,4,-74.3845129807025
2025-04-15 04:42:40,1,-5.52638617969273
2025-04-15 04:42:50,2,-31.3594734018443
2025-04-15 04:43:00,3,-55.024758512074
2025-04-15 04:43:10,4,-74.8863194276415
2025-04-15 04:43:20,1,-6.27905195293133
2025-04-15 04:43:30,2,-32.0745242964432
2025-04-15 04:43:40,3,-55.6527648447098
2025-04-15 04:43:50,4,-75.3838686882653
2025-04-15 04:44:00,1,-7.03136077053037
2025-04-15 04:44:10,2,-32.7877517975713
2025-04-15 04:44:20,3,-56.2776073926823
2025-04-15 04:44:30,4,-75.8771324775691
2025-04-15 04:44:40,1,-7.78326986474767
2025-04-15 04:44:50,2,-33.4991153592065
2025-04-15 04:45:00,3,-56.8992506345348
2025-04-15 04:45:10,4,-76.3660827541712
2025-04-15 04:45:20,1,-8.5347364905647
2025-04-15 04:45:30,2,-34.2085745412891
2025-04-15 04:45:40,3,-57.5176592306869
2025-04-15 04:45:50,4,-76.8506917219077
2025-04-15 04:46:00,1,-9.28571792811678
2025-04-15 04:46:10,2,-34.916089012021
2025-04-15 04:46:20,3,-58.1327980254437
2025-04-15 04:46:30,4,-77.3309318314119
2025-04-15 04:46:40,1,-10.0361714851215
2025-04-15 04:46:50,2,-35.6216185501584
2025-04-15 04:47:00,3,-58.7446320489937
2025-04-15 04:47:10,4,-77.8067757816809
2025-04-15 04:47:20,1,-10.7860544993057
2025-04-15 04:47:30,2,-36.3251230472979
2025-04-15 04:47:40,3,-59.3531265193975
2025-04-15 04:47:50,4,-78.2781965216276
2025-04-15 04:48:00,1,-11.5353243408308
2025-04-15 04:48:10,2,-37.0265625101571
2025-04-15 04:48:20,3,-59.9582468445646
2025-04-15 04:48:30,4,-78.7451672516184
2025-04-15 04:48:40,1,-12.2839384147164
2025-04-15 04:48:50,2,-37.7258970628482
2025-04-15 04:49:00,3,-60.5599586242203
2025-04-15 04:49:10,4,-79.2076614249967
2025-04-15 04:49:20,1,-13.0318541632614
2025-04-15 04:49:30,2,-38.4230869491445
2025-04-15 04:49:40,3,-61.158227651861
2025-04-15 04:49:50,4,-79.6656527495922
2025-04-15 04:50:00,1,-13.7790290684638
2025-04-15 04:50:10,2,-39.1180925347408
2025-04-15 04:50:20,3,-61.7530199166989
2025-04-15 04:50:30,4,-80.1191151892155
2025-04-15 04:50:40,1,-14.5254206544373
2025-04-15 04:50:50,2,-39.8108743095063
2025-04-15 04:51:00,3,-62.3443016055954
2025-04-15 04:51:10,4,-80.5680229651382
2025-04-15 04:51:20,1,-15.2709864898263
2025-04-15 04:51:30,2,-40.501392889731
2025-04-15 04:51:40,3,-62.9320391049837
2025-04-15 04:51:50,4,-81.0123505575582
2025-04-15 04:52:00,1,-16.0156841902182
2025-04-15 04:52:10,2,-41.1896090203644
2025-04-15 04:52:20,3,-63.5161990027792
2025-04-15 04:52:30,4,-81.4520727070509
2025-04-15 04:52:40,1,-16.7594714205524
2025-04-15 04:52:50,2,-41.8754835772472
2025-04-15 04:53:00,3,-64.0967480902789
2025-04-15 04:53:10,4,-81.8871644160049
2025-04-15 04:53:20,1,-17.5023058975276
2025-04-15 04:53:30,2,-42.5589775693354
2025-04-15 04:53:40,3,-64.67365336405
2025-04-15 04:53:50,4,-82.3176009500428
2025-04-15 04:54:00,1,-18.244145392005
2025-04-15 04:54:10,2,-43.2400521409167
2025-04-15 04:54:20,3,-65.2468820278052
2025-04-15 04:54:30,4,-82.7433578394281
2025-04-15 04:54:40,1,-18.9849477314094
2025-04-15 04:54:50,2,-43.9186685738201
2025-04-15 04:55:00,3,-65.8164014942677
2025-04-15 04:55:10,4,-83.1644108804555
2025-04-15 04:55:20,1,-19.7246708021263
2025-04-15 04:55:30,2,-44.5947882896158
2025-04-15 04:55:40,3,-66.3821793870235
2025-04-15 04:55:50,4,-83.5807361368271
2025-04-15 04:56:00,1,-20.4632725518963
2025-04-15 04:56:10,2,-45.2683728518095
2025-04-15 04:56:20,3,-66.944183542362
2025-04-15 04:56:30,4,-83.9923099410132
2025-04-15 04:56:40,1,-21.2007109922055
2025-04-15 04:56:50,2,-45.9393839680268
2025-04-15 04:57:00,3,-67.5023820111046
2025-04-15 04:57:10,4,-84.399108895598
2025-04-15 04:57:20,1,-21.9369442006726
2025-04-15 04:57:30,2,-46.6077834921903
2025-04-15 04:57:40,3,-68.0567430604209
2025-04-15 04:57:50,4,-84.8011098746092
2025-04-15 04:58:00,1,-22.6719303234322
2025-04-15 04:58:10,2,-47.273533426688
2025-04-15 04:58:20,3,-68.6072351756323
2025-04-15 04:58:30,4,-85.198290024833
2025-04-15 04:58:40,1,-23.4056275775138
2025-04-15 04:58:50,2,-47.9365959245334
2025-04-15 04:59:00,3,-69.1538270620042
2025-04-15 04:59:10,4,-85.5906267671133
2025-04-15 04:59:20,1,-24.1379942532177
2025-04-15 04:59:30,2,-48.5969332915174
2025-04-15 04:59:40,3,-69.6964876465246
2025-04-15 04:59:50,4,-85.9780977976351
2025-04-15 05:00:00,1,-24.8689887164855
2025-04-15 05:00:10,2,-49.2545079883508
2025-04-15 05:00:20,3,-70.2351860796708
2025-04-15 05:00:30,4,-86.3606810891927
2025-04-15 05:00:40,1,-25.5985694112673
2025-04-15 05:00:50,2,-49.9092826327985
2025-04-15 05:01:00,3,-70.769891737163
2025-04-15 05:01:10,4,-86.7383548924416
2025-04-15 05:01:20,1,-26.326694861884
2025-04-15 05:01:30,2,-50.5612200018045
2025-04-15 05:01:40,3,-71.3005742217053
2025-04-15 05:01:50,4,-87.1110977371352
2025-04-15 05:02:00,1,-27.0533236753854
2025-04-15 05:02:10,2,-51.2102830336081
2025-04-15 05:02:20,3,-71.8272033647138
2025-04-15 05:02:30,4,-87.4788884333453
2025-04-15 05:02:40,1,-27.7784145439027
2025-04-15 05:02:50,2,-51.8564348298511
2025-04-15 05:03:00,3,-72.3497492280318
2025-04-15 05:03:10,4,-87.8417060726665
2025-04-15 05:03:20,1,-28.5019262469976
2025-04-15 05:03:30,2,-52.4996386576747
2025-04-15 05:03:40,3,-72.868182105631
2025-04-15 05:03:50,4,-88.199530029405
2025-04-15 05:04:00,1,-29.223817654005
2025-04-15 05:04:10,2,-53.1398579518083
2025-04-15 05:04:20,3,-73.3824725253015
2025-04-15 05:04:30,4,-88.5523399617513
2025-04-15 05:04:40,1,-29.9440477263714
2025-04-15 05:04:50,2,-53.777056316648
2025-04-15 05:05:00,3,-73.8925912503259
2025-04-15 05:05:10,4,-88.9001158129364
2025-04-15 05:05:20,1,-30.6625755199882
2025-04-15 05:05:30,2,-54.4111975283259
2025-04-15 05:05:40,3,-74.3985092811424
2025-04-15 05:05:50,4,-89.2428378123718
2025-04-15 05:06:00,1,-31.3793601875188
2025-04-15 05:06:10,2,-55.0422455367686
2025-04-15 05:06:20,3,-74.9001978569929
2025-04-15 05:06:30,4,-89.5804864767739
2025-04-15 05:06:40,1,-32.0943609807209
2025-04-15 05:06:50,2,-55.6701644677477
2025-04-15 05:07:00,3,-75.3976284575582
2025-04-15 05:07:10,4,-89.9130426112712
2025-04-15 05:07:20,1,-32.8075372527635
2025-04-15 05:07:30,2,-56.2949186249182
2025-04-15 05:07:40,3,-75.8907728045791
2025-04-15 05:07:50,4,-90.2404873104957
2025-04-15 05:08:00,1,-33.5188484605367
2025-04-15 05:08:10,2,-56.9164724918486
2025-04-15 05:08:20,3,-76.3796028634642
2025-04-15 05:08:30,4,-90.5628019596578
2025-04-15 05:08:40,1,-34.2282541669571
2025-04-15 05:08:50,2,-57.5347907340392
2025-04-15 05:09:00,3,-76.8640908448836
2025-04-15 05:09:10,4,-90.879968235604
2025-04-15 05:09:20,1,-34.9357140432667
2025-04-15 05:09:30,2,-58.1498382009315
2025-04-15 05:09:40,3,-77.3442092063487
2025-04-15 05:09:50,4,-91.1919681078591
2025-04-15 05:10:00,1,-35.6411878713251
2025-04-15 05:10:10,2,-58.7615799279062
2025-04-15 05:10:20,3,-77.8199306537778
2025-04-15 05:10:30,4,-91.498783839651
2025-04-15 05:10:40,1,-36.3446355458961
2025-04-15 05:10:50,2,-59.3699811382705
2025-04-15 05:11:00,3,-78.2912281430478
2025-04-15 05:11:10,4,-91.8003979889188
2025-04-15 05:11:20,1,-37.0460170769276
2025-04-15 05:11:30,2,-59.9750072452358
2025-04-15 05:11:40,3,-78.7580748815317
2025-04-15 05:11:50,4,-92.0967934093047
2025-04-15 05:12:00,1,-37.7452925918251
2025-04-15 05:12:10,2,-60.5766238538835
2025-04-15 05:12:20,3,-79.2204443296219
2025-04-15 05:12:30,4,-92.3879532511286
2025-04-15 05:12:40,1,-38.442422337718
2025-04-15 05:12:50,2,-61.1747967631204
2025-04-15 05:13:00,3,-79.6783102022383
2025-04-15 05:13:10,4,-92.6738609623461
2025-04-15 05:13:20,1,-39.1373666837203
2025-04-15 05:13:30,2,-61.7694919676227
2025-04-15 05:13:40,3,-80.1316464703234
2025-04-15 05:13:50,4,-92.954500289489
2025-04-15 05:14:00,1,-39.8300861231823
2025-04-15 05:14:10,2,-62.3606756597699
2025-04-15 05:14:20,3,-80.5804273623214
2025-04-15 05:14:30,4,-93.22985527859
2025-04-15 05:14:40,1,-40.5205412759378
2025-04-15 05:14:50,2,-62.9483142315659
2025-04-15 05:15:00,3,-81.0246273656435
2025-04-15 05:15:10,4,-93.499910276089
2025-04-15 05:15:20,1,-41.2086928905421
2025-04-15 05:15:30,2,-63.53237427655
2025-04-15 05:15:40,3,-81.4642212281184
2025-04-15 05:15:50,4,-93.7646499297236
2025-04-15 05:16:00,1,-41.8945018465035
2025-04-15 05:16:10,2,-64.112822591696
2025-04-15 05:16:20,3,-81.8991839594273
2025-04-15 05:16:30,4,-94.0240591894012
2025-04-15 05:16:40,1,-42.5779291565073
2025-04-15 05:16:50,2,-64.6896261792995
2025-04-15 05:17:00,3,-82.3294908325255
2025-04-15 05:17:10,4,-94.278123308055
2025-04-15 05:17:20,1,-43.2589359686321
2025-04-15 05:17:30,2,-65.2627522488541
2025-04-15 05:17:40,3,-82.7551173850472
2025-04-15 05:17:50,4,-94.5268278424825
2025-04-15 05:18:00,1,-43.9374835685587
2025-04-15 05:18:10,2,-65.8321682189154
2025-04-15 05:18:20,3,-83.1760394206966
2025-04-15 05:18:30,4,-94.7701586541661
2025-04-15 05:18:40,1,-44.6135333817706
2025-04-15 05:18:50,2,-66.3978417189529
2025-04-15 05:19:00,3,-83.5922330106235
2025-04-15 05:19:10,4,-95.0081019100772
2025-04-15 05:19:20,1,-45.2870469757473
2025-04-15 05:19:30,2,-66.9597405911907
2025-04-15 05:19:40,3,-84.0036744947831
2025-04-15 05:19:50,4,-95.2406440834623
2025-04-15 05:20:00,1,-45.9579860621488
2025-04-15 05:20:10,2,-67.5178328924353
2025-04-15 05:20:20,3,-84.4103404832818
2025-04-15 05:20:30,4,-95.4677719546124
2025-04-15 05:20:40,1,-46.6263124989925
2025-04-15 05:20:50,2,-68.0720868958918
2025-04-15 05:21:00,3,-84.8122078577064
2025-04-15 05:21:10,4,-95.6894726116142
2025-04-15 05:21:20,1,-47.2919882928213
2025-04-15 05:21:30,2,-68.6224710929671
2025-04-15 05:21:40,3,-85.2092537724381
2025-04-15 05:21:50,4,-95.9057334510842
2025-04-15 05:22:00,1,-47.9549756008636
2025-04-15 05:22:10,2,-69.1689541950614
2025-04-15 05:22:20,3,-85.601455655952
2025-04-15 05:22:30,4,-96.1165421788852
2025-04-15 05:22:40,1,-48.6152367331847
2025-04-15 05:22:50,2,-69.7115051353472
2025-04-15 05:23:00,3,-85.9887912120998
2025-04-15 05:23:10,4,-96.3218868108251
2025-04-15 05:23:20,1,-49.2727341548292
2025-04-15 05:23:30,2,-70.2500930705348
2025-04-15 05:23:40,3,-86.3712384213771
2025-04-15 05:23:50,4,-96.5217556733384
2025-04-15 05:24:00,1,-49.9274304879549
2025-04-15 05:24:10,2,-70.784687382626
2025-04-15 05:24:20,3,-86.7487755421756
2025-04-15 05:24:30,4,-96.7161374041497
2025-04-15 05:24:40,1,-50.5792885139579
2025-04-15 05:24:50,2,-71.3152576806549
2025-04-15 05:25:00,3,-87.1213811120189
2025-04-15 05:25:10,4,-96.9050209529197
2025-04-15 05:25:20,1,-51.228271175588
2025-04-15 05:25:30,2,-71.8417738024152
2025-04-15 05:25:40,3,-87.4890339487827
2025-04-15 05:25:50,4,-97.0883955818731
2025-04-15 05:26:00,1,-51.8743415790558
2025-04-15 05:26:10,2,-72.3642058161751
2025-04-15 05:26:20,3,-87.8517131518987
2025-04-15 05:26:30,4,-97.2662508664096
2025-04-15 05:26:40,1,-52.5174629961296
2025-04-15 05:26:50,2,-72.8825240223787
2025-04-15 05:27:00,3,-88.2093981035432
2025-04-15 05:27:10,4,-97.4385766956958
2025-04-15 05:27:20,1,-53.1575988662238
2025-04-15 05:27:30,2,-73.3966989553349
2025-04-15 05:27:40,3,-88.5620684698087
2025-04-15 05:27:50,4,-97.6053632732408
2025-04-15 05:28:00,1,-53.7947127984771
2025-04-15 05:28:10,2,-73.9067013848917
2025-04-15 05:28:20,3,-88.9097042018603
2025-04-15 05:28:30,4,-97.7666011174524
2025-04-15 05:28:40,1,-54.4287685738213
2025-04-15 05:28:50,2,-74.4125023180985
2025-04-15 05:29:00,3,-89.2522855370753
2025-04-15 05:29:10,4,-97.9222810621766
2025-04-15 05:29:20,1,-55.0597301470402
2025-04-15 05:29:30,2,-74.914073000854
2025-04-15 05:29:40,3,-89.5897930001666
2025-04-15 05:29:50,4,-98.0723942572182
2025-04-15 05:30:00,1,-55.6875616488188
2025-04-15 05:30:10,2,-75.411384919541
2025-04-15 05:30:20,3,-89.9222074042898
2025-04-15 05:30:30,4,-98.2169321688446
2025-04-15 05:30:40,1,-56.3122273877826
2025-04-15 05:30:50,2,-75.9044098026473
2025-04-15 05:31:00,3,-90.2495098521342
2025-04-15 05:31:10,4,-98.3558865802702
2025-04-15 05:31:20,1,-56.9336918525265
2025-04-15 05:31:30,2,-76.393119622373
2025-04-15 05:31:40,3,-90.5716817369967
2025-04-15 05:31:50,4,-98.4892495921241
2025-04-15 05:32:00,1,-57.5519197136331
2025-04-15 05:32:10,2,-76.8774865962233
2025-04-15 05:32:20,3,-90.8887047438399
2025-04-15 05:32:30,4,-98.6170136228989
2025-04-15 05:32:40,1,-58.1668758256821
2025-04-15 05:32:50,2,-77.357483188589
2025-04-15 05:33:00,3,-91.2005608503334
2025-04-15 05:33:10,4,-98.7391714093815
2025-04-15 05:33:20,1,-58.7785252292473
2025-04-15 05:33:30,2,-77.8330821123106
2025-04-15 05:33:40,3,-91.5072323278777
2025-04-15 05:33:50,4,-98.8557160070666
2025-04-15 05:34:00,1,-59.3868331528847
2025-04-15 05:34:10,2,-78.3042563302304
2025-04-15 05:34:20,3,-91.8087017426129
2025-04-15 05:34:30,4,-98.9666407905508
2025-04-15 05:34:40,1,-59.9917650151088
2025-04-15 05:34:50,2,-78.7709790567293
2025-04-15 05:35:00,3,-92.104951956409
2025-04-15 05:35:10,4,-99.0719394539097
2025-04-15 05:35:20,1,-60.5932864263586
2025-04-15 05:35:30,2,-79.2332237592495
2025-04-15 05:35:40,3,-92.3959661278407
2025-04-15 05:35:50,4,-99.1716060110563
2025-04-15 05:36:00,1,-61.1913631909528
2025-04-15 05:36:10,2,-79.6909641598027
2025-04-15 05:36:20,3,-92.6817277131446
2025-04-15 05:36:30,4,-99.2656347960811
2025-04-15 05:36:40,1,-61.7859613090334
2025-04-15 05:36:50,2,-80.144174236464
2025-04-15 05:37:00,3,-92.9622204671599
2025-04-15 05:37:10,4,-99.3540204635743
2025-04-15 05:37:20,1,-62.377046978499
2025-04-15 05:37:30,2,-80.5928282248516
2025-04-15 05:37:40,3,-93.2374284442514
2025-04-15 05:37:50,4,-99.4367579889301
2025-04-15 05:38:00,1,-62.964586596926
2025-04-15 05:38:10,2,-81.036900619591
2025-04-15 05:38:20,3,-93.5073359992168
2025-04-15 05:38:30,4,-99.5138426686316
2025-04-15 05:38:40,1,-63.5485467634791
2025-04-15 05:38:50,2,-81.4763661757652
2025-04-15 05:39:00,3,-93.7719277881754
2025-04-15 05:39:10,4,-99.5852701205186
2025-04-15 05:39:20,1,-64.1288942808099
2025-04-15 05:39:30,2,-81.9111999103496
2025-04-15 05:39:40,3,-94.0311887694405
2025-04-15 05:39:50,4,-99.6510362840368
2025-04-15 05:40:00,1,-64.7055961569444
2025-04-15 05:40:10,2,-82.3413771036326
2025-04-15 05:40:20,3,-94.2851042043749
2025-04-15 05:40:30,4,-99.7111374204684
2025-04-15 05:40:40,1,-65.2786196071584
2025-04-15 05:40:50,2,-82.7668733006206
2025-04-15 05:41:00,3,-94.5336596582285
2025-04-15 05:41:10,4,-99.7655701131449
2025-04-15 05:41:20,1,-65.847932055841
2025-04-15 05:41:30,2,-83.1876643124285
2025-04-15 05:41:40,3,-94.7768410009586
2025-04-15 05:41:50,4,-99.8143312676411
2025-04-15 05:42:00,1,-66.413501138347
2025-04-15 05:42:10,2,-83.6037262176543
2025-04-15 05:42:20,3,-95.0146344080337
2025-04-15 05:42:30,4,-99.857418111951
2025-04-15 05:42:40,1,-66.9752947028365
2025-04-15 05:42:50,2,-84.0150353637396
2025-04-15 05:43:00,3,-95.2470263612192
2025-04-15 05:43:10,4,-99.8948281966456
2025-04-15 05:43:20,1,-67.5332808121024
2025-04-15 05:43:30,2,-84.4215683683138
2025-04-15 05:43:40,3,-95.4740036493459
2025-04-15 05:43:50,4,-99.9265593950121
2025-04-15 05:44:00,1,-68.0874277453868
2025-04-15 05:44:10,2,-84.8233021205238
2025-04-15 05:44:20,3,-95.6955533690607
2025-04-15 05:44:30,4,-99.9526099031745
2025-04-15 05:44:40,1,-68.6377040001834
2025-04-15 05:44:50,2,-85.2202137823471
2025-04-15 05:45:00,3,-95.9116629255609
2025-04-15 05:45:10,4,-99.9729782401967
2025-04-15 05:45:20,1,-69.1840782940289
2025-04-15 05:45:30,2,-85.6122807898907
2025-04-15 05:45:40,3,-96.1223200333094
2025-04-15 05:45:50,4,-99.9876632481661
2025-04-15 05:46:00,1,-69.7265195662811
2025-04-15 05:46:10,2,-85.999480854674
2025-04-15 05:46:20,3,-96.3275127167336
2025-04-15 05:46:30,4,-99.9966640922597
2025-04-15 05:46:40,1,-70.2649969798849
2025-04-15 05:46:50,2,-86.381791964895
2025-04-15 05:47:00,3,-96.5272293109061
2025-04-15 05:47:10,4,-99.9999802607918
2025-04-15 05:47:20,1,-70.7994799231253
2025-04-15 05:47:30,2,-86.7591923866825
2025-04-15 05:47:40,3,-96.7214584622077
2025-04-15 05:47:50,4,-99.9976115652427
2025-04-15 05:48:00,1,-71.3299380113673
2025-04-15 05:48:10,2,-87.1316606653313
2025-04-15 05:48:20,3,-96.9101891289729
2025-04-15 05:48:30,4,-99.9895581402694
2025-04-15 05:48:40,1,-71.8563410887837
2025-04-15 05:48:50,2,-87.4991756265217
2025-04-15 05:49:00,3,-97.0934105821177
2025-04-15 05:49:10,4,-99.9758204436984
2025-04-15 05:49:20,1,-72.378659230069
2025-04-15 05:49:30,2,-87.8617163775237
2025-04-15 05:49:40,3,-97.2711124057496
2025-04-15 05:49:50,4,-99.9563992564991
2025-04-15 05:50:00,1,-72.8968627421412
2025-04-15 05:50:10,2,-88.2192623083842
2025-04-15 05:50:20,3,-97.4432844977593
2025-04-15 05:50:30,4,-99.93129568274
2025-04-15 05:50:40,1,-73.4109221658289
2025-04-15 05:50:50,2,-88.571793093099
2025-04-15 05:51:00,3,-97.6099170703955
2025-04-15 05:51:10,4,-99.9005111495252
2025-04-15 05:51:20,1,-73.9208082775468
2025-04-15 05:51:30,2,-88.9192886907682
2025-04-15 05:51:40,3,-97.7710006508212
2025-04-15 05:51:50,4,-99.8640474069141
2025-04-15 05:52:00,1,-74.426492090957
2025-04-15 05:52:10,2,-89.2617293467356
2025-04-15 05:52:20,3,-97.9265260816518
2025-04-15 05:52:30,4,-99.8219065278212
2025-04-15 05:52:40,1,-74.9279448586161
2025-04-15 05:52:50,2,-89.5990955937113
2025-04-15 05:53:00,3,-98.0764845214763
2025-04-15 05:53:10,4,-99.7740909078987
2025-04-15 05:53:20,1,-75.4251380736104
2025-04-15 05:53:30,2,-89.9313682528791
2025-04-15 05:53:40,3,-98.2208674453595
2025-04-15 05:53:50,4,-99.7206032654002
2025-04-15 05:54:00,1,-75.9180434711757
2025-04-15 05:54:10,2,-90.2585284349861
2025-04-15 05:54:20,3,-98.3596666453268
2025-04-15 05:54:30,4,-99.661446641026
2025-04-15 05:54:40,1,-76.4066330303045
2025-04-15 05:54:50,2,-90.5805575414169
2025-04-15 05:55:00,3,-98.4928742308308
2025-04-15 05:55:10,4,-99.5966243977505
2025-04-15 05:55:20,1,-76.8908789753391
2025-04-15 05:55:30,2,-90.8974372652511
2025-04-15 05:55:40,3,-98.6204826291998
2025-04-15 05:55:50,4,-99.5261402206308
2025-04-15 05:56:00,1,-77.3707537775503
2025-04-15 05:56:10,2,-91.2091495923033
2025-04-15 05:56:20,3,-98.7424845860684
2025-04-15 05:56:30,4,-99.4499981165975
2025-04-15 05:56:40,1,-77.8462301567024
2025-04-15 05:56:50,2,-91.5156768021481
2025-04-15 05:57:00,3,-98.8588731657897
2025-04-15 05:57:10,4,-99.3682024142264
2025-04-15 05:57:20,1,-78.3172810826041
2025-04-15 05:57:30,2,-91.8170014691267
2025-04-15 05:57:40,3,-98.96964175183
2025-04-15 05:57:50,4,-99.280757763493
2025-04-15 05:58:00,1,-78.7838797766452
2025-04-15 05:58:10,2,-92.1131064633379
2025-04-15 05:58:20,3,-99.0747840471444
2025-04-15 05:58:30,4,-99.1876691355078
2025-04-15 05:58:40,1,-79.2459997133191
2025-04-15 05:58:50,2,-92.4039749516121
2025-04-15 05:59:00,3,-99.1742940745351
2025-04-15 05:59:10,4,-99.0889418222339
2025-04-15 05:59:20,1,-79.7036146217301
2025-04-15 05:59:30,2,-92.6895903984676
2025-04-15 05:59:40,3,-99.2681661769912
2025-04-15 05:59:50,4,-98.9845814361858
2025-04-15 06:00:00,1,-80.1566984870876
2025-04-15 06:00:10,2,-92.9699365670513
2025-04-15 06:00:20,3,-99.3563950180103
2025-04-15 06:00:30,4,-98.874593910111
2025-04-15 06:00:40,1,-80.6052255521847
2025-04-15 06:00:50,2,-93.2449975200616
2025-04-15 06:01:00,3,-99.4389755819017
2025-04-15 06:01:10,4,-98.758985496652
2025-04-15 06:01:20,1,-81.0491703188623
2025-04-15 06:01:30,2,-93.5147576206539
2025-04-15 06:01:40,3,-99.5159031740715
2025-04-15 06:01:50,4,-98.6377627679912
2025-04-15 06:02:00,1,-81.4885075494586
2025-04-15 06:02:10,2,-93.7792015333302
2025-04-15 06:02:20,3,-99.58717342129
2025-04-15 06:02:30,4,-98.5109326154774
2025-04-15 06:02:40,1,-81.9232122682446
2025-04-15 06:02:50,2,-94.0383142248104
2025-04-15 06:03:00,3,-99.6527822719395
2025-04-15 06:03:10,4,-98.3785022492338
2025-04-15 06:03:20,1,-82.3532597628427
2025-04-15 06:03:30,2,-94.2920809648874
2025-04-15 06:03:40,3,-99.7127259962455
2025-04-15 06:03:50,4,-98.2404791977481
2025-04-15 06:04:00,1,-82.7786255856328
2025-04-15 06:04:10,2,-94.5404873272641
2025-04-15 06:04:20,3,-99.7670011864879
2025-04-15 06:04:30,4,-98.0968713074449
2025-04-15 06:04:40,1,-83.199285555141
2025-04-15 06:04:50,2,-94.7835191903736
2025-04-15 06:05:00,3,-99.8156047571954
2025-04-15 06:05:10,4,-97.9476867422391
2025-04-15 06:05:20,1,-83.6152157574153
2025-04-15 06:05:30,2,-95.021162738182
2025-04-15 06:05:40,3,-99.8585339453204
2025-04-15 06:05:50,4,-97.7929339830722
2025-04-15 06:06:00,1,-84.0263925473842
2025-04-15 06:06:10,2,-95.2534044609741
2025-04-15 06:06:20,3,-99.8957863103966
2025-04-15 06:06:30,4,-97.6326218274298
2025-04-15 06:06:40,1,-84.4327925502015
2025-04-15 06:06:50,2,-95.4802311561209
2025-04-15 06:07:00,3,-99.9273597346771
2025-04-15 06:07:10,4,-97.466759388842
2025-04-15 06:07:20,1,-84.8343926625749
2025-04-15 06:07:30,2,-95.7016299288305
2025-04-15 06:07:40,3,-99.9532524232554
2025-04-15 06:07:50,4,-97.2953560963648
2025-04-15 06:08:00,1,-85.2311700540792
2025-04-15 06:08:10,2,-95.9175881928813
2025-04-15 06:08:20,3,-99.973462904167
2025-04-15 06:08:30,4,-97.1184216940444
2025-04-15 06:08:40,1,-85.6231021684547
2025-04-15 06:08:50,2,-96.1280936713369
2025-04-15 06:09:00,3,-99.9879900284733
2025-04-15 06:09:10,4,-96.9359662403629
2025-04-15 06:09:20,1,-86.0101667248889
2025-04-15 06:09:30,2,-96.3331343972447
2025-04-15 06:09:40,3,-99.9968329703269
2025-04-15 06:09:50,4,-96.7480001076671
2025-04-15 06:10:00,1,-86.3923417192835
2025-04-15 06:10:10,2,-96.5326987143157
2025-04-15 06:10:20,3,-99.9999912270184
2025-04-15 06:10:30,4,-96.5545339815781
2025-04-15 06:10:40,1,-86.7696054255054
2025-04-15 06:10:50,2,-96.7267752775877
2025-04-15 06:11:00,3,-99.9974646190053
2025-04-15 06:11:10,4,-96.3555788603846
2025-04-15 06:11:20,1,-87.1419363966213
2025-04-15 06:11:30,2,-96.9153530540695
2025-04-15 06:11:40,3,-99.9892532899217
2025-04-15 06:11:50,4,-96.1511460544168
2025-04-15 06:12:00,1,-87.5093134661174
2025-04-15 06:12:10,2,-97.0984213233688
2025-04-15 06:12:20,3,-99.9753577065707
2025-04-15 06:12:30,4,-95.9412471854043
2025-04-15 06:12:40,1,-87.8717157491025
2025-04-15 06:12:50,2,-97.2759696783011
2025-04-15 06:13:00,3,-99.9557786588975
2025-04-15 06:13:10,4,-95.7258941858148
2025-04-15 06:13:20,1,-88.2291226434953
2025-04-15 06:13:30,2,-97.447988025482
2025-04-15 06:13:40,3,-99.9305172599445
2025-04-15 06:13:50,4,-95.5050992981761
2025-04-15 06:14:00,1,-88.5815138311957
2025-04-15 06:14:10,2,-97.6144665859002
2025-04-15 06:14:20,3,-99.8995749457882
2025-04-15 06:14:30,4,-95.2788750743799
2025-04-15 06:14:40,1,-88.9288692792397
2025-04-15 06:14:50,2,-97.775395895474
2025-04-15 06:15:00,3,-99.8629534754574
2025-04-15 06:15:10,4,-95.0472343749685
2025-04-15 06:15:20,1,-89.2711692409382
2025-04-15 06:15:30,2,-97.930766805589
2025-04-15 06:15:40,3,-99.8206549308334
2025-04-15 06:15:50,4,-94.8101903684032
2025-04-15 06:16:00,1,-89.6083942569999
2025-04-15 06:16:10,2,-98.0805704836184
2025-04-15 06:16:20,3,-99.7726817165314
2025-04-15 06:16:30,4,-94.5677565303164
2025-04-15 06:16:40,1,-89.9405251566371
2025-04-15 06:16:50,2,-98.2247984134251
2025-04-15 06:17:00,3,-99.719036559764
2025-04-15 06:17:10,4,-94.3199466427449
2025-04-15 06:17:20,1,-90.2675430586559
2025-04-15 06:17:30,2,-98.3634423958456
2025-04-15 06:17:40,3,-99.659722510186
2025-04-15 06:17:50,4,-94.0667747933469
2025-04-15 06:18:00,1,-90.5894293725294
2025-04-15 06:18:10,2,-98.4964945491565
2025-04-15 06:18:20,3,-99.5947429397213
2025-04-15 06:18:30,4,-93.8082553746007
2025-04-15 06:18:40,1,-90.9061657994545
2025-04-15 06:18:50,2,-98.6239473095223
2025-04-15 06:19:00,3,-99.5241015423707
2025-04-15 06:19:10,4,-93.5444030829867
2025-04-15 06:19:20,1,-91.2177343333924
2025-04-15 06:19:30,2,-98.7457934314251
2025-04-15 06:19:40,3,-99.4478023340026
2025-04-15 06:19:50,4,-93.2752329181522
2025-04-15 06:20:00,1,-91.5241172620917
2025-04-15 06:20:10,2,-98.8620259880774
2025-04-15 06:20:20,3,-99.365849652124
2025-04-15 06:20:30,4,-93.0007601820581
2025-04-15 06:20:40,1,-91.8252971680962
2025-04-15 06:20:50,2,-98.9726383718149
2025-04-15 06:21:00,3,-99.2782481556344
2025-04-15 06:21:10,4,-92.7210004781094
2025-04-15 06:21:20,1,-92.1212569297339
2025-04-15 06:21:30,2,-99.0776242944727
2025-04-15 06:21:40,3,-99.1850028245609
2025-04-15 06:21:50,4,-92.4359697102684
2025-04-15 06:22:00,1,-92.4119797220916
2025-04-15 06:22:10,2,-99.1769777877426
2025-04-15 06:22:20,3,-99.0861189597748
2025-04-15 06:22:30,4,-92.1456840821498
2025-04-15 06:22:40,1,-92.6974490179702
2025-04-15 06:22:50,2,-99.2706932035124
2025-04-15 06:23:00,3,-98.9816021826905
2025-04-15 06:23:10,4,-91.8501600961005
2025-04-15 06:23:20,1,-92.9776485888251
2025-04-15 06:23:30,2,-99.3587652141871
2025-04-15 06:23:40,3,-98.871458434946
2025-04-15 06:23:50,4,-91.5494145522605
2025-04-15 06:24:00,1,-93.2525625056885
2025-04-15 06:24:10,2,-99.4411888129917
2025-04-15 06:24:20,3,-98.7556939780648
2025-04-15 06:24:30,4,-91.2434645476087
2025-04-15 06:24:40,1,-93.5221751400747
2025-04-15 06:24:50,2,-99.5179593142555
2025-04-15 06:25:00,3,-98.6343153931003
2025-04-15 06:25:10,4,-90.9323274749905
2025-04-15 06:25:20,1,-93.7864711648689
2025-04-15 06:25:30,2,-99.5890723536791
2025-04-15 06:25:40,3,-98.5073295802614
2025-04-15 06:25:50,4,-90.616021022129
2025-04-15 06:26:00,1,-94.0454355551983
2025-04-15 06:26:10,2,-99.6545238885821
2025-04-15 06:26:20,3,-98.3747437585203
2025-04-15 06:26:30,4,-90.2945631706197
2025-04-15 06:26:40,1,-94.2990535892864
2025-04-15 06:26:50,2,-99.714310198133
2025-04-15 06:27:00,3,-98.2365654652023
2025-04-15 06:27:10,4,-89.9679721949081
2025-04-15 06:27:20,1,-94.54731084929
2025-04-15 06:27:30,2,-99.7684278835605
2025-04-15 06:27:40,3,-98.0928025555573
2025-04-15 06:27:50,4,-89.636266661251
2025-04-15 06:28:00,1,-94.7901932221182
2025-04-15 06:28:10,2,-99.8168738683473
2025-04-15 06:28:20,3,-97.9434632023126
2025-04-15 06:28:30,4,-89.2994654266608
2025-04-15 06:28:40,1,-95.0276869002358
2025-04-15 06:28:50,2,-99.8596453984045
2025-04-15 06:29:00,3,-97.7885558952094
2025-04-15 06:29:10,4,-88.9575876378338
2025-04-15 06:29:20,1,-95.2597783824471
2025-04-15 06:29:30,2,-99.8967400422281
2025-04-15 06:29:40,3,-97.6280894405191
2025-04-15 06:29:50,4,-88.6106527300613
2025-04-15 06:30:00,1,-95.4864544746643
2025-04-15 06:30:10,2,-99.9281556910377
2025-04-15 06:30:20,3,-97.4620729605436
2025-04-15 06:30:30,4,-88.2586804261253
2025-04-15 06:30:40,1,-95.7077022906571
2025-04-15 06:30:50,2,-99.953890558896
2025-04-15 06:31:00,3,-97.2905158930957
2025-04-15 06:31:10,4,-87.9016907351768
2025-04-15 06:31:20,1,-95.9235092527854
2025-04-15 06:31:30,2,-99.9739431828105
2025-04-15 06:31:40,3,-97.1134279909636
2025-04-15 06:31:50,4,-87.5397039515984
2025-04-15 06:32:00,1,-96.1338630927143
2025-04-15 06:32:10,2,-99.9883124228165
2025-04-15 06:32:20,3,-96.9308193213558
2025-04-15 06:32:30,4,-87.1727406538509
2025-04-15 06:32:40,1,-96.3387518521116
2025-04-15 06:32:50,2,-99.9969974620422
2025-04-15 06:33:00,3,-96.742700265329
2025-04-15 06:33:10,4,-86.8008217033031
2025-04-15 06:33:20,1,-96.5381638833274
2025-04-15 06:33:30,2,-99.9999978067546
2025-04-15 06:33:40,3,-96.549081517198
2025-04-15 06:33:50,4,-86.423968243046
2025-04-15 06:34:00,1,-96.7320878500566
2025-04-15 06:34:10,2,-99.9973132863883
2025-04-15 06:34:20,3,-96.3499740839276
2025-04-15 06:34:30,4,-86.0422016966909
2025-04-15 06:34:40,1,-96.920512727983
2025-04-15 06:34:50,2,-99.9889440535546
2025-04-15 06:35:00,3,-96.1453892845071
2025-04-15 06:35:10,4,-85.6555437671513
2025-04-15 06:35:20,1,-97.1034278054065
2025-04-15 06:35:30,2,-99.9748905840332
2025-04-15 06:35:40,3,-95.9353387493064
2025-04-15 06:35:50,4,-85.2640164354092
2025-04-15 06:36:00,1,-97.2808226838513
2025-04-15 06:36:10,2,-99.9551536767448
2025-04-15 06:36:20,3,-95.7198344194153
2025-04-15 06:36:30,4,-84.8676419592658
2025-04-15 06:36:40,1,-97.4526872786577
2025-04-15 06:36:50,2,-99.929734453706
2025-04-15 06:37:00,3,-95.4988885459646
2025-04-15 06:37:10,4,-84.4664428720757
2025-04-15 06:37:20,1,-97.6190118195553
2025-04-15 06:37:30,2,-99.8986343599654
2025-04-15 06:37:40,3,-95.2725136894293
2025-04-15 06:37:50,4,-84.0604419814662
2025-04-15 06:38:00,1,-97.779786851218
2025-04-15 06:38:10,2,-99.8618551635214
2025-04-15 06:38:20,3,-95.0407227189149
2025-04-15 06:38:30,4,-83.6496623680406
2025-04-15 06:38:40,1,-97.935003233802
2025-04-15 06:38:50,2,-99.8193989552217
2025-04-15 06:39:00,3,-94.8035288114255
2025-04-15 06:39:10,4,-83.2341273840664
2025-04-15 06:39:20,1,-98.0846521434652
2025-04-15 06:39:30,2,-99.7712681486446
2025-04-15 06:39:40,3,-94.5609454511151
2025-04-15 06:39:50,4,-82.813860652147
2025-04-15 06:40:00,1,-98.2287250728689
2025-04-15 06:40:10,2,-99.7174654799614
2025-04-15 06:40:20,3,-94.3129864285208
2025-04-15 06:40:30,4,-82.3888860638799
2025-04-15 06:40:40,1,-98.3672138316611
2025-04-15 06:40:50,2,-99.6579940077815
2025-04-15 06:41:00,3,-94.0596658397786
2025-04-15 06:41:10,4,-81.9592277784974
2025-04-15 06:41:20,1,-98.5001105469426
2025-04-15 06:41:30,2,-99.5928571129778
2025-04-15 06:41:40,3,-93.8009980858228
2025-04-15 06:41:50,4,-81.5249102214941
2025-04-15 06:42:00,1,-98.6274076637143
2025-04-15 06:42:10,2,-99.522058498495
2025-04-15 06:42:20,3,-93.5369978715662
2025-04-15 06:42:30,4,-81.0859580832374
2025-04-15 06:42:40,1,-98.7490979453068
2025-04-15 06:42:50,2,-99.4456021891389
2025-04-15 06:43:00,3,-93.2676802050653
2025-04-15 06:43:10,4,-80.6423963175647
2025-04-15 06:43:20,1,-98.8651744737914
2025-04-15 06:43:30,2,-99.3634925313476
2025-04-15 06:43:40,3,-92.9930603966665
2025-04-15 06:43:50,4,-80.1942501403646
2025-04-15 06:44:00,1,-98.9756306503741
2025-04-15 06:44:10,2,-99.2757341929446
2025-04-15 06:44:20,3,-92.7131540581356
2025-04-15 06:44:30,4,-79.7415450281432
2025-04-15 06:44:40,1,-99.0804601957701
2025-04-15 06:44:50,2,-99.1823321628729
2025-04-15 06:45:00,3,-92.4279771017706
2025-04-15 06:45:10,4,-79.2843067165757
2025-04-15 06:45:20,1,-99.179657150561
2025-04-15 06:45:30,2,-99.0832917509122
2025-04-15 06:45:40,3,-92.1375457394971
2025-04-15 06:45:50,4,-78.822561199044
2025-04-15 06:46:00,1,-99.2732158755337
2025-04-15 06:46:10,2,-98.9786185873763
2025-04-15 06:46:20,3,-91.8418764819467
2025-04-15 06:46:30,4,-78.3563347251582
2025-04-15 06:46:40,1,-99.3611310520008
2025-04-15 06:46:50,2,-98.8683186227936
2025-04-15 06:47:00,3,-91.5409861375179
2025-04-15 06:47:10,4,-77.885653799265
2025-04-15 06:47:20,1,-99.4433976821031
2025-04-15 06:47:30,2,-98.7523981275682
2025-04-15 06:47:40,3,-91.2348918114213
2025-04-15 06:47:50,4,-77.4105451789405
2025-04-15 06:48:00,1,-99.5200110890933
2025-04-15 06:48:10,2,-98.6308636916242
2025-04-15 06:48:20,3,-90.9236109047068
2025-04-15 06:48:30,4,-76.9310358734693
2025-04-15 06:48:40,1,-99.5909669176028
2025-04-15 06:48:50,2,-98.5037222240304
2025-04-15 06:49:00,3,-90.6071611132743
2025-04-15 06:49:10,4,-76.4471531423092
2025-04-15 06:49:20,1,-99.6562611338882
2025-04-15 06:49:30,2,-98.3709809526077
2025-04-15 06:49:40,3,-90.2855604268679
2025-04-15 06:49:50,4,-75.958924493541
2025-04-15 06:50:00,1,-99.7158900260614
2025-04-15 06:50:10,2,-98.2326474235186
2025-04-15 06:50:20,3,-89.958827128053
2025-04-15 06:50:30,4,-75.4663776823054
2025-04-15 06:50:40,1,-99.7698502043002
2025-04-15 06:50:50,2,-98.0887295008378
2025-04-15 06:51:00,3,-89.6269797911773
2025-04-15 06:51:10,4,-74.9695407092247
2025-04-15 06:51:20,1,-99.8181386010413
2025-04-15 06:51:30,2,-97.9392353661051
2025-04-15 06:51:40,3,-89.2900372813147
2025-04-15 06:51:50,4,-74.4684418188111
2025-04-15 06:52:00,1,-99.8607524711543
2025-04-15 06:52:10,2,-97.7841735178606
2025-04-15 06:52:20,3,-88.9480187531925
2025-04-15 06:52:30,4,-73.963109497861
2025-04-15 06:52:40,1,-99.8976893920983
2025-04-15 06:52:50,2,-97.6235527711613
2025-04-15 06:53:00,3,-88.600943650103
2025-04-15 06:53:10,4,-73.4535724738356
2025-04-15 06:53:20,1,-99.9289472640589
2025-04-15 06:53:30,2,-97.4573822570802
2025-04-15 06:53:40,3,-88.2488317027981
2025-04-15 06:53:50,4,-72.9398597132281
2025-04-15 06:54:00,1,-99.9545243100685
2025-04-15 06:54:10,2,-97.285671422187
2025-04-15 06:54:20,3,-87.8917029283674
2025-04-15 06:54:30,4,-72.4220004199163
2025-04-15 06:54:40,1,-99.9744190761062
2025-04-15 06:54:50,2,-97.1084300280112
2025-04-15 06:55:00,3,-87.5295776291001
2025-04-15 06:55:10,4,-71.900024033503
2025-04-15 06:55:20,1,-99.9886304311816
2025-04-15 06:55:30,2,-96.9256681504872
2025-04-15 06:55:40,3,-87.1624763913316
2025-04-15 06:55:50,4,-71.3739602276421
2025-04-15 06:56:00,1,-99.9971575673983
2025-04-15 06:56:10,2,-96.7373961793813
2025-04-15 06:56:20,3,-86.7904200842722
2025-04-15 06:56:30,4,-70.843838908352
2025-04-15 06:56:40,1,-100
2025-04-15 06:56:50,2,-96.5436248177013
2025-04-15 06:57:00,3,-86.4134298588216
2025-04-15 06:57:10,4,-70.309690212315
2025-04-15 06:57:20,1,-99.9971575673983
2025-04-15 06:57:30,2,-96.344365081088
2025-04-15 06:57:40,3,-86.0315271463658
2025-04-15 06:57:50,4,-69.7715445051646
2025-04-15 06:58:00,1,-99.9886304311816
2025-04-15 06:58:10,2,-96.1396282971887
2025-04-15 06:58:20,3,-85.6447336575593
2025-04-15 06:58:30,4,-69.2294323797586
2025-04-15 06:58:40,1,-99.9744190761062
2025-04-15 06:58:50,2,-95.9294261050136
2025-04-15 06:59:00,3,-85.2530713810906
2025-04-15 06:59:10,4,-68.6833846544408
2025-04-15 06:59:20,1,-99.9545243100685
2025-04-15 06:59:30,2,-95.7137704542741
2025-04-15 06:59:40,3,-84.8565625824321
2025-04-15 06:59:50,4,-68.1334323712883
2025-04-15 07:00:00,1,-99.9289472640589
2025-04-15 07:00:10,2,-95.4926736047032
2025-04-15 07:00:20,3,-84.4552298025745
2025-04-15 07:00:30,4,-67.579606794347
2025-04-15 07:00:40,1,-99.8976893920983
2025-04-15 07:00:50,2,-95.2661481253586
2025-04-15 07:01:00,3,-84.0490958567454
2025-04-15 07:01:10,4,-67.0219394078543
2025-04-15 07:01:20,1,-99.8607524711543
2025-04-15 07:01:30,2,-95.0342068939087
2025-04-15 07:01:40,3,-83.6381838331122
2025-04-15 07:01:50,4,-66.4604619144497
2025-04-15 07:02:00,1,-99.8181386010413
2025-04-15 07:02:10,2,-94.7968630958997
2025-04-15 07:02:20,3,-83.2225170914695
2025-04-15 07:02:30,4,-65.8952062333717
2025-04-15 07:02:40,1,-99.7698502043002
2025-04-15 07:02:50,2,-94.5541302240067
2025-04-15 07:03:00,3,-82.8021192619113
2025-04-15 07:03:10,4,-65.3262044986438
2025-04-15 07:03:20,1,-99.7158900260614
2025-04-15 07:03:30,2,-94.3060220772661
2025-04-15 07:03:40,3,-82.3770142434874
2025-04-15 07:03:50,4,-64.7534890572476
2025-04-15 07:04:00,1,-99.6562611338882
2025-04-15 07:04:10,2,-94.0525527602918
2025-04-15 07:04:20,3,-81.9472262028452
2025-04-15 07:04:30,4,-64.1770924672841
2025-04-15 07:04:40,1,-99.5909669176028
2025-04-15 07:04:50,2,-93.7937366824727
2025-04-15 07:05:00,3,-81.5127795728554
2025-04-15 07:05:10,4,-63.5970474961223
2025-04-15 07:05:20,1,-99.5200110890933
2025-04-15 07:05:30,2,-93.5295885571539
2025-04-15 07:05:40,3,-81.0736990512234
2025-04-15 07:05:50,4,-63.0133871185369
2025-04-15 07:06:00,1,-99.4433976821031
2025-04-15 07:06:10,2,-93.2601234008003
2025-04-15 07:06:20,3,-80.6300095990848
2025-04-15 07:06:30,4,-62.4261445148338
2025-04-15 07:06:40,1,-99.3611310520008
2025-04-15 07:06:50,2,-92.9853565321429
2025-04-15 07:07:00,3,-80.1817364395871
2025-04-15 07:07:10,4,-61.8353530689633
2025-04-15 07:07:20,1,-99.2732158755337
2025-04-15 07:07:30,2,-92.7053035713077
2025-04-15 07:07:40,3,-79.728905056455
2025-04-15 07:07:50,4,-61.2410463666228
2025-04-15 07:08:00,1,-99.179657150561
2025-04-15 07:08:10,2,-92.4199804389281
2025-04-15 07:08:20,3,-79.2715411925423
2025-04-15 07:08:30,4,-60.6432581933473
2025-04-15 07:08:40,1,-99.0804601957701
2025-04-15 07:08:50,2,-92.1294033552395
2025-04-15 07:09:00,3,-78.8096708483682
2025-04-15 07:09:10,4,-60.0420225325884
2025-04-15 07:09:20,1,-98.9756306503741
2025-04-15 07:09:30,2,-91.8335888391574
2025-04-15 07:09:40,3,-78.343320280639
2025-04-15 07:09:50,4,-59.4373735637832
2025-04-15 07:10:00,1,-98.8651744737914
2025-04-15 07:10:10,2,-91.5325537073384
2025-04-15 07:10:20,3,-77.8725160007561
2025-04-15 07:10:30,4,-58.8293456604104
2025-04-15 07:10:40,1,-98.7490979453068
2025-04-15 07:10:50,2,-91.2263150732239
2025-04-15 07:11:00,3,-77.3972847733079
2025-04-15 07:11:10,4,-58.2179733880368
2025-04-15 07:11:20,1,-98.6274076637143
2025-04-15 07:11:30,2,-90.9148903460674
2025-04-15 07:11:40,3,-76.9176536145494
2025-04-15 07:11:50,4,-57.6032915023519
2025-04-15 07:12:00,1,-98.5001105469426
2025-04-15 07:12:10,2,-90.5982972299449
2025-04-15 07:12:20,3,-76.4336497908652
2025-04-15 07:12:30,4,-56.9853349471924
2025-04-15 07:12:40,1,-98.3672138316611
2025-04-15 07:12:50,2,-90.2765537227483
2025-04-15 07:13:00,3,-75.9453008172203
2025-04-15 07:13:10,4,-56.3641388525554
2025-04-15 07:13:20,1,-98.2287250728689
2025-04-15 07:13:30,2,-89.9496781151623
2025-04-15 07:13:40,3,-75.4526344555956
2025-04-15 07:13:50,4,-55.7397385326016
2025-04-15 07:14:00,1,-98.0846521434652
2025-04-15 07:14:10,2,-89.6176889896245
2025-04-15 07:14:20,3,-74.9556787134097
2025-04-15 07:14:30,4,-55.1121694836475
2025-04-15 07:14:40,1,-97.935003233802
2025-04-15 07:14:50,2,-89.2806052192693
2025-04-15 07:15:00,3,-74.4544618419267
2025-04-15 07:15:10,4,-54.4814673821475
2025-04-15 07:15:20,1,-97.779786851218
2025-04-15 07:15:30,2,-88.9384459668545
2025-04-15 07:15:40,3,-73.94901233465
2025-04-15 07:15:50,4,-53.8476680826661
2025-04-15 07:16:00,1,-97.6190118195553
2025-04-15 07:16:10,2,-88.5912306836725
2025-04-15 07:16:20,3,-73.4393589257029
2025-04-15 07:16:30,4,-53.2108076158388
2025-04-15 07:16:40,1,-97.4526872786577
2025-04-15 07:16:50,2,-88.2389791084441
2025-04-15 07:17:00,3,-72.9255305881946
2025-04-15 07:17:10,4,-52.5709221863251
2025-04-15 07:17:20,1,-97.2808226838513
2025-04-15 07:17:30,2,-87.8817112661965
2025-04-15 07:17:40,3,-72.4075565325734
2025-04-15 07:17:50,4,-51.9280481707489
2025-04-15 07:18:00,1,-97.1034278054065
2025-04-15 07:18:10,2,-87.519447467125
2025-04-15 07:18:20,3,-71.8854662049663
2025-04-15 07:18:30,4,-51.2822221156313
2025-04-15 07:18:40,1,-96.9205127279831
2025-04-15 07:18:50,2,-87.1522083054383
2025-04-15 07:19:00,3,-71.3592892855046
2025-04-15 07:19:10,4,-50.6334807353133
2025-04-15 07:19:20,1,-96.7320878500566
2025-04-15 07:19:30,2,-86.7800146581875
2025-04-15 07:19:40,3,-70.8290556866369
2025-04-15 07:19:50,4,-49.9818609098676
2025-04-15 07:20:00,1,-96.5381638833274
2025-04-15 07:20:10,2,-86.4028876840799
2025-04-15 07:20:20,3,-70.2947955514286
2025-04-15 07:20:30,4,-49.327399683003
2025-04-15 07:20:40,1,-96.3387518521116
2025-04-15 07:20:50,2,-86.0208488222757
2025-04-15 07:21:00,3,-69.7565392518481
2025-04-15 07:21:10,4,-48.6701342599581
2025-04-15 07:21:20,1,-96.1338630927143
2025-04-15 07:21:30,2,-85.633919791169
2025-04-15 07:21:40,3,-69.2143173870407
2025-04-15 07:21:50,4,-48.0101020053861
2025-04-15 07:22:00,1,-95.9235092527854
2025-04-15 07:22:10,2,-85.2421225871538
2025-04-15 07:22:20,3,-68.6681607815883
2025-04-15 07:22:30,4,-47.3473404412312
2025-04-15 07:22:40,1,-95.7077022906571
2025-04-15 07:22:50,2,-84.8454794833731
2025-04-15 07:23:00,3,-68.1181004837578
2025-04-15 07:23:10,4,-46.6818872445948
2025-04-15 07:23:20,1,-95.4864544746643
2025-04-15 07:23:30,2,-84.4440130284525
2025-04-15 07:23:40,3,-67.5641677637357
2025-04-15 07:23:50,4,-46.0137802455941
2025-04-15 07:24:00,1,-95.2597783824471
2025-04-15 07:24:10,2,-84.0377460452189
2025-04-15 07:24:20,3,-67.0063941118503
2025-04-15 07:24:30,4,-45.3430574252115
2025-04-15 07:24:40,1,-95.0276869002357
2025-04-15 07:24:50,2,-83.6267016294026
2025-04-15 07:25:00,3,-66.4448112367821
2025-04-15 07:25:10,4,-44.6697569131351
2025-04-15 07:25:20,1,-94.7901932221182
2025-04-15 07:25:30,2,-83.2109031483246
2025-04-15 07:25:40,3,-65.8794510637604
2025-04-15 07:25:50,4,-43.9939169855915
2025-04-15 07:26:00,1,-94.5473108492899
2025-04-15 07:26:10,2,-82.7903742395681
2025-04-15 07:26:20,3,-65.310345732749
2025-04-15 07:26:30,4,-43.3155760631696
2025-04-15 07:26:40,1,-94.2990535892864
2025-04-15 07:26:50,2,-82.3651388096347
2025-04-15 07:27:00,3,-64.7375275966188
2025-04-15 07:27:10,4,-42.6347727086364
2025-04-15 07:27:20,1,-94.0454355551983
2025-04-15 07:27:30,2,-81.9352210325854
2025-04-15 07:27:40,3,-64.1610292193087
2025-04-15 07:27:50,4,-41.951545624745
2025-04-15 07:28:00,1,-93.7864711648689
2025-04-15 07:28:10,2,-81.5006453486662
2025-04-15 07:28:20,3,-63.5808833739744
2025-04-15 07:28:30,4,-41.265933652034
2025-04-15 07:28:40,1,-93.5221751400747
2025-04-15 07:28:50,2,-81.0614364629191
2025-04-15 07:29:00,3,-62.9971230411251
2025-04-15 07:29:10,4,-40.57797576662
2025-04-15 07:29:20,1,-93.2525625056885
2025-04-15 07:29:30,2,-80.6176193437771
2025-04-15 07:29:40,3,-62.4097814067489
2025-04-15 07:29:50,4,-39.8877110779814
2025-04-15 07:30:00,1,-92.9776485888251
2025-04-15 07:30:10,2,-80.1692192216451
2025-04-15 07:30:20,3,-61.8188918604259
2025-04-15 07:30:30,4,-39.1951788267353
2025-04-15 07:30:40,1,-92.6974490179702
2025-04-15 07:30:50,2,-79.7162615874659
2025-04-15 07:31:00,3,-61.2244879934305
2025-04-15 07:31:10,4,-38.5004183824066
2025-04-15 07:31:20,1,-92.4119797220916
2025-04-15 07:31:30,2,-79.2587721912701
2025-04-15 07:31:40,3,-60.6266035968212
2025-04-15 07:31:50,4,-37.8034692411901
2025-04-15 07:32:00,1,-92.1212569297339
2025-04-15 07:32:10,2,-78.7967770407134
2025-04-15 07:32:20,3,-60.02527265952
2025-04-15 07:32:30,4,-37.1043710237051
2025-04-15 07:32:40,1,-91.8252971680962
2025-04-15 07:32:50,2,-78.3303023995973
2025-04-15 07:33:00,3,-59.4205293663801
2025-04-15 07:33:10,4,-36.4031634727428
2025-04-15 07:33:20,1,-91.5241172620918
2025-04-15 07:33:30,2,-77.8593747863764
2025-04-15 07:33:40,3,-58.8124080962426
2025-04-15 07:33:50,4,-35.6998864510073
2025-04-15 07:34:00,1,-91.2177343333924
2025-04-15 07:34:10,2,-77.3840209726506
2025-04-15 07:34:20,3,-58.2009434199818
2025-04-15 07:34:30,4,-34.9945799388493
2025-04-15 07:34:40,1,-90.9061657994545
2025-04-15 07:34:50,2,-76.9042679816436
2025-04-15 07:35:00,3,-57.5861700985406
2025-04-15 07:35:10,4,-34.2872840319932
2025-04-15 07:35:20,1,-90.5894293725294
2025-04-15 07:35:30,2,-76.4201430866661
2025-04-15 07:35:40,3,-56.9681230809535
2025-04-15 07:35:50,4,-33.5780389392581
2025-04-15 07:36:00,1,-90.2675430586559
2025-04-15 07:36:10,2,-75.931673809566
2025-04-15 07:36:20,3,-56.3468375023603
2025-04-15 07:36:30,4,-32.8668849802713
2025-04-15 07:36:40,1,-89.9405251566371
2025-04-15 07:36:50,2,-75.438887919163
2025-04-15 07:37:00,3,-55.7223486820087
2025-04-15 07:37:10,4,-32.1538625831767
2025-04-15 07:37:20,1,-89.6083942569999
2025-04-15 07:37:30,2,-74.9418134296708
2025-04-15 07:37:40,3,-55.0946921212464
2025-04-15 07:37:50,4,-31.4390122823367
2025-04-15 07:38:00,1,-89.2711692409382
2025-04-15 07:38:10,2,-74.4404785991043
2025-04-15 07:38:20,3,-54.4639035015027
2025-04-15 07:38:30,4,-30.7223747160271
2025-04-15 07:38:40,1,-88.9288692792397
2025-04-15 07:38:50,2,-73.9349119276725
2025-04-15 07:39:00,3,-53.8300186822605
2025-04-15 07:39:10,4,-30.0039906241276
2025-04-15 07:39:20,1,-88.5815138311958
2025-04-15 07:39:30,2,-73.4251421561595
2025-04-15 07:39:40,3,-53.1930736990171
2025-04-15 07:39:50,4,-29.2839008458055
2025-04-15 07:40:00,1,-88.2291226434953
2025-04-15 07:40:10,2,-72.9111982642894
2025-04-15 07:40:20,3,-52.5531047612364
2025-04-15 07:40:30,4,-28.562146317194
2025-04-15 07:40:40,1,-87.8717157491025
2025-04-15 07:40:50,2,-72.3931094690798
2025-04-15 07:41:00,3,-51.9101482502899
2025-04-15 07:41:10,4,-27.8387680690652
2025-04-15 07:41:20,1,-87.5093134661174
2025-04-15 07:41:30,2,-71.8709052231804
2025-04-15 07:41:40,3,-51.2642407173885
2025-04-15 07:41:50,4,-27.1138072244974
2025-04-15 07:42:00,1,-87.1419363966213
2025-04-15 07:42:10,2,-71.3446152131985
2025-04-15 07:42:20,3,-50.6154188815047
2025-04-15 07:42:30,4,-26.3873049965373
2025-04-15 07:42:40,1,-86.7696054255054
2025-04-15 07:42:50,2,-70.8142693580118
2025-04-15 07:43:00,3,-49.9637196272854
2025-04-15 07:43:10,4,-25.6593026858573
2025-04-15 07:43:20,1,-86.3923417192835
2025-04-15 07:43:30,2,-70.2798978070674
2025-04-15 07:43:40,3,-49.3091800029546
2025-04-15 07:43:50,4,-24.9298416784076
2025-04-15 07:44:00,1,-86.0101667248889
2025-04-15 07:44:10,2,-69.7415309386676
2025-04-15 07:44:20,3,-48.6518372182078
2025-04-15 07:44:30,4,-24.198963443063
2025-04-15 07:44:40,1,-85.6231021684546
2025-04-15 07:44:50,2,-69.1991993582431
2025-04-15 07:45:00,3,-47.991728642096
2025-04-15 07:45:10,4,-23.466709529266
2025-04-15 07:45:20,1,-85.2311700540792
2025-04-15 07:45:30,2,-68.6529338966132
2025-04-15 07:45:40,3,-47.3288918009022
2025-04-15 07:45:50,4,-22.7331215646647
2025-04-15 07:46:00,1,-84.8343926625748
2025-04-15 07:46:10,2,-68.1027656082331
2025-04-15 07:46:20,3,-46.6633643760073
2025-04-15 07:46:30,4,-21.9982412527458
2025-04-15 07:46:40,1,-84.4327925502015
2025-04-15 07:46:50,2,-67.5487257694284
2025-04-15 07:47:00,3,-45.9951842017482
2025-04-15 07:47:10,4,-21.2621103704646
2025-04-15 07:47:20,1,-84.0263925473842
2025-04-15 07:47:30,2,-66.9908458766171
2025-04-15 07:47:40,3,-45.3243892632672
2025-04-15 07:47:50,4,-20.5247707658694
2025-04-15 07:48:00,1,-83.6152157574153
2025-04-15 07:48:10,2,-66.429157644519
2025-04-15 07:48:20,3,-44.6510176943523
2025-04-15 07:48:30,4,-19.7862643557229
2025-04-15 07:48:40,1,-83.1992855551411
2025-04-15 07:48:50,2,-65.8636930043532
2025-04-15 07:49:00,3,-43.9751077752696
2025-04-15 07:49:10,4,-19.046633123119
2025-04-15 07:49:20,1,-82.7786255856328
2025-04-15 07:49:30,2,-65.294484102022
2025-04-15 07:49:40,3,-43.2966979305867
2025-04-15 07:49:50,4,-18.3059191150962
2025-04-15 07:50:00,1,-82.3532597628427
2025-04-15 07:50:10,2,-64.7215632962844
2025-04-15 07:50:20,3,-42.6158267269889
2025-04-15 07:50:30,4,-17.5641644402475
2025-04-15 07:50:40,1,-81.9232122682445
2025-04-15 07:50:50,2,-64.1449631569158
2025-04-15 07:51:00,3,-41.9325328710865
2025-04-15 07:51:10,4,-16.8214112663263
2025-04-15 07:51:20,1,-81.4885075494586
2025-04-15 07:51:30,2,-63.564716462857
2025-04-15 07:51:40,3,-41.2468552072139
2025-04-15 07:51:50,4,-16.0777018178493
2025-04-15 07:52:00,1,-81.0491703188622
2025-04-15 07:52:10,2,-62.9808562003504
2025-04-15 07:52:20,3,-40.5588327152221
2025-04-15 07:52:30,4,-15.333078373696
2025-04-15 07:52:40,1,-80.6052255521847
2025-04-15 07:52:50,2,-62.3934155610647
2025-04-15 07:53:00,3,-39.8685045082624
2025-04-15 07:53:10,4,-14.5875832647058
2025-04-15 07:53:20,1,-80.1566984870877
2025-04-15 07:53:30,2,-61.8024279402086
2025-04-15 07:53:40,3,-39.1759098305628
2025-04-15 07:53:50,4,-13.8412588712705
2025-04-15 07:54:00,1,-79.7036146217301
2025-04-15 07:54:10,2,-61.2079269346317
2025-04-15 07:54:20,3,-38.4810880551971
2025-04-15 07:54:30,4,-13.0941476209259
2025-04-15 07:54:40,1,-79.2459997133191
2025-04-15 07:54:50,2,-60.6099463409148
2025-04-15 07:55:00,3,-37.7840786818467
2025-04-15 07:55:10,4,-12.3462919859395
2025-04-15 07:55:20,1,-78.7838797766452
2025-04-15 07:55:30,2,-60.0085201534485
2025-04-15 07:55:40,3,-37.0849213345548
2025-04-15 07:55:50,4,-11.5977344808961
2025-04-15 07:56:00,1,-78.317281082604
2025-04-15 07:56:10,2,-59.403682562501
2025-04-15 07:56:20,3,-36.3836557594743
2025-04-15 07:56:30,4,-10.8485176602809
2025-04-15 07:56:40,1,-77.8462301567023
2025-04-15 07:56:50,2,-58.7954679522739
2025-04-15 07:57:00,3,-35.6803218226078
2025-04-15 07:57:10,4,-10.09868411606
2025-04-15 07:57:20,1,-77.3707537775503
2025-04-15 07:57:30,2,-58.183910898948
2025-04-15 07:57:40,3,-34.9749595075415
2025-04-15 07:57:50,4,-9.34827647525982
2025-04-15 07:58:00,1,-76.8908789753391
2025-04-15 07:58:10,2,-57.5690461687173
2025-04-15 07:58:20,3,-34.2676089131723
2025-04-15 07:58:30,4,-8.59733739754321
2025-04-15 07:58:40,1,-76.4066330303045
2025-04-15 07:58:50,2,-56.9509087158132
2025-04-15 07:59:00,3,-33.558310251428
2025-04-15 07:59:10,4,-7.84590957278447
2025-04-15 07:59:20,1,-75.9180434711757
2025-04-15 07:59:30,2,-56.3295336805164
2025-04-15 07:59:40,3,-32.8471038449813
2025-04-15 07:59:50,4,-7.09403571864254
2025-04-15 08:00:00,1,-75.4251380736104
2025-04-15 08:00:10,2,-55.7049563871602
2025-04-15 08:00:20,3,-32.1340301249577
2025-04-15 08:00:30,4,-6.34175857813252
2025-04-15 08:00:40,1,-74.9279448586161
2025-04-15 08:00:50,2,-55.0772123421217
2025-04-15 08:01:00,3,-31.4191296286371
2025-04-15 08:01:10,4,-5.58912091719581
2025-04-15 08:01:20,1,-74.426492090957
2025-04-15 08:01:30,2,-54.4463372318038
2025-04-15 08:01:40,3,-30.7024429971491
2025-04-15 08:01:50,4,-4.8361655222689
2025-04-15 08:02:00,1,-73.9208082775468
2025-04-15 08:02:10,2,-53.8123669206061
2025-04-15 08:02:20,3,-29.9840109731626
2025-04-15 08:02:30,4,-4.08293519785104
2025-04-15 08:02:40,1,-73.4109221658289
2025-04-15 08:02:50,2,-53.1753374488861
2025-04-15 08:03:00,3,-29.2638743985696
2025-04-15 08:03:10,4,-3.32947276407074
2025-04-15 08:03:20,1,-72.8968627421412
2025-04-15 08:03:30,2,-52.5352850309108
2025-04-15 08:03:40,3,-28.5420742121638
2025-04-15 08:03:50,4,-2.57582105425191
2025-04-15 08:04:00,1,-72.378659230069
2025-04-15 08:04:10,2,-51.8922460527972
2025-04-15 08:04:20,3,-27.8186514473128
2025-04-15 08:04:30,4,-1.82202291247827
2025-04-15 08:04:40,1,-71.8563410887837
2025-04-15 08:04:50,2,-51.2462570704445
2025-04-15 08:05:00,3,-27.0936472296256
2025-04-15 08:05:10,4,-1.06812119115808
2025-04-15 08:05:20,1,-71.3299380113673
2025-04-15 08:05:30,2,-50.5973548074555
2025-04-15 08:05:40,3,-26.3671027746146
2025-04-15 08:05:50,4,-0.314158748587961
2025-04-15 08:06:00,1,-70.7994799231252
2025-04-15 08:06:10,2,-49.9455761530492
2025-04-15 08:06:20,3,-25.6390593853529
2025-04-15 08:06:30,4,0.439821553483539
2025-04-15 08:06:40,1,-70.2649969798849
2025-04-15 08:06:50,2,-49.2909581599636
2025-04-15 08:07:00,3,-24.9095584501257
2025-04-15 08:07:10,4,1.19377685229259
2025-04-15 08:07:20,1,-69.7265195662811
2025-04-15 08:07:30,2,-48.6335380423491
2025-04-15 08:07:40,3,-24.1786414400779
2025-04-15 08:07:50,4,1.94766428649676
2025-04-15 08:08:00,1,-69.1840782940289
2025-04-15 08:08:10,2,-47.9733531736532
2025-04-15 08:08:20,3,-23.4463499068562
2025-04-15 08:08:30,4,2.70144099861171
2025-04-15 08:08:40,1,-68.6377040001834
2025-04-15 08:08:50,2,-47.3104410844958
2025-04-15 08:09:00,3,-22.7127254802472
2025-04-15 08:09:10,4,3.45506413744725
2025-04-15 08:09:20,1,-68.0874277453868
2025-04-15 08:09:30,2,-46.6448394605357
2025-04-15 08:09:40,3,-21.9778098658106
2025-04-15 08:09:50,4,4.20849086054389
2025-04-15 08:10:00,1,-67.5332808121025
2025-04-15 08:10:10,2,-45.9765861403279
2025-04-15 08:10:20,3,-21.2416448425084
2025-04-15 08:10:30,4,4.96167833660801
2025-04-15 08:10:40,1,-66.9752947028364
2025-04-15 08:10:50,2,-45.3057191131729
2025-04-15 08:11:00,3,-20.5042722603299
2025-04-15 08:11:10,4,5.71458374794687
2025-04-15 08:11:20,1,-66.413501138347
2025-04-15 08:11:30,2,-44.6322765169569
2025-04-15 08:11:40,3,-19.7657340379126
2025-04-15 08:11:50,4,6.46716429290272
2025-04-15 08:12:00,1,-65.847932055841
2025-04-15 08:12:10,2,-43.9562966359836
2025-04-15 08:12:20,3,-19.0260721601587
2025-04-15 08:12:30,4,7.21937718828603
2025-04-15 08:12:40,1,-65.2786196071584
2025-04-15 08:12:50,2,-43.2778178987982
2025-04-15 08:13:00,3,-18.285328675849
2025-04-15 08:13:10,4,7.97117967180766
2025-04-15 08:13:20,1,-64.7055961569444
2025-04-15 08:13:30,2,-42.5968788760022
2025-04-15 08:13:40,3,-17.5435456952521
2025-04-15 08:13:50,4,8.72252900450992
2025-04-15 08:14:00,1,-64.1288942808099
2025-04-15 08:14:10,2,-41.9135182780613
2025-04-15 08:14:20,3,-16.8007653877305
2025-04-15 08:14:30,4,9.47338247319586
2025-04-15 08:14:40,1,-63.5485467634791
2025-04-15 08:14:50,2,-41.2277749531043
2025-04-15 08:15:00,3,-16.0570299793434
2025-04-15 08:15:10,4,10.223697392858
2025-04-15 08:15:20,1,-62.964586596926
2025-04-15 08:15:30,2,-40.5396878847148
2025-04-15 08:15:40,3,-15.3123817504464
2025-04-15 08:15:50,4,10.9734311091045
2025-04-15 08:16:00,1,-62.377046978499
2025-04-15 08:16:10,2,-39.8492961897153
2025-04-15 08:16:20,3,-14.5668630332874
2025-04-15 08:16:30,4,11.7225410005843
2025-04-15 08:16:40,1,-61.7859613090334
2025-04-15 08:16:50,2,-39.1566391159428
2025-04-15 08:17:00,3,-13.8205162096006
2025-04-15 08:17:10,4,12.4709844814098
2025-04-15 08:17:20,1,-61.1913631909528
2025-04-15 08:17:30,2,-38.4617560400184
2025-04-15 08:17:40,3,-13.0733837081969
2025-04-15 08:17:50,4,13.218719003578
2025-04-15 08:18:00,1,-60.5932864263586
2025-04-15 08:18:10,2,-37.7646864651082
2025-04-15 08:18:20,3,-12.3255080025518
2025-04-15 08:18:30,4,13.9657020593893
2025-04-15 08:18:40,1,-59.9917650151088
2025-04-15 08:18:50,2,-37.0654700186779
2025-04-15 08:19:00,3,-11.5769316083912
2025-04-15 08:19:10,4,14.7118911838638
2025-04-15 08:19:20,1,-59.3868331528847
2025-04-15 08:19:30,2,-36.3641464502402
2025-04-15 08:19:40,3,-10.827697081274
2025-04-15 08:19:50,4,15.4572439571555
2025-04-15 08:20:00,1,-58.7785252292473
2025-04-15 08:20:10,2,-35.6607556290944
2025-04-15 08:20:20,3,-10.077847014173
2025-04-15 08:20:30,4,16.2017180069642
2025-04-15 08:20:40,1,-58.1668758256821
2025-04-15 08:20:50,2,-34.9553375420605
2025-04-15 08:21:00,3,-9.32742403505379
2025-04-15 08:21:10,4,16.9452710109435
2025-04-15 08:21:20,1,-57.5519197136331
2025-04-15 08:21:30,2,-34.247932291206
2025-04-15 08:21:40,3,-8.57647080445133
2025-04-15 08:21:50,4,17.6878606991074
2025-04-15 08:22:00,1,-56.9336918525264
2025-04-15 08:22:10,2,-33.5385800915657
2025-04-15 08:22:20,3,-7.82503001304442
2025-04-15 08:22:30,4,18.4294448562333
2025-04-15 08:22:40,1,-56.3122273877826
2025-04-15 08:22:50,2,-32.8273212688562
2025-04-15 08:23:00,3,-7.07314437922914
2025-04-15 08:23:10,4,19.1699813242614
2025-04-15 08:23:20,1,-55.6875616488188
2025-04-15 08:23:30,2,-32.1141962571826
2025-04-15 08:23:40,3,-6.32085664669027
2025-04-15 08:23:50,4,19.9094280046917
2025-04-15 08:24:00,1,-55.0597301470402
2025-04-15 08:24:10,2,-31.3992455967405
2025-04-15 08:24:20,3,-5.56820958197133
2025-04-15 08:24:30,4,20.6477428609771
2025-04-15 08:24:40,1,-54.4287685738213
2025-04-15 08:24:50,2,-30.6825099315114
2025-04-15 08:25:00,3,-4.81524597204341
2025-04-15 08:25:10,4,21.3848839209133
2025-04-15 08:25:20,1,-53.7947127984771
2025-04-15 08:25:30,2,-29.9640300069518
2025-04-15 08:25:40,3,-4.06200862187276
2025-04-15 08:25:50,4,22.1208092790247
2025-04-15 08:26:00,1,-53.1575988662238
2025-04-15 08:26:10,2,-29.2438466676767
2025-04-15 08:26:20,3,-3.30854035198732
2025-04-15 08:26:30,4,22.8554770989467
2025-04-15 08:26:40,1,-52.5174629961295
2025-04-15 08:26:50,2,-28.5220008551382
2025-04-15 08:27:00,3,-2.55488399604276
2025-04-15 08:27:10,4,23.588845615804
2025-04-15 08:27:20,1,-51.8743415790557
2025-04-15 08:27:30,2,-27.7985336052979
2025-04-15 08:27:40,3,-1.80108239838693
2025-04-15 08:27:50,4,24.320873138585
2025-04-15 08:28:00,1,-51.228271175588
2025-04-15 08:28:10,2,-27.0734860462935
2025-04-15 08:28:20,3,-1.04717841162454
2025-04-15 08:28:30,4,25.0515180525118
2025-04-15 08:28:40,1,-50.5792885139579
2025-04-15 08:28:50,2,-26.3468993961015
2025-04-15 08:29:00,3,-0.29321489418101
2025-04-15 08:29:10,4,25.780738821406
2025-04-15 08:29:20,1,-49.9274304879549
2025-04-15 08:29:30,2,-25.6188149601936
2025-04-15 08:29:40,3,0.460765292134009
2025-04-15 08:29:50,4,26.5084939900497
2025-04-15 08:30:00,1,-49.2727341548292
2025-04-15 08:30:10,2,-24.8892741291885
2025-04-15 08:30:20,3,1.21471928456327
2025-04-15 08:30:30,4,27.2347421865426
2025-04-15 08:30:40,1,-48.6152367331847
2025-04-15 08:30:50,2,-24.1583183764991
2025-04-15 08:31:00,3,1.9686042218386
2025-04-15 08:31:10,4,27.9594421246536
2025-04-15 08:31:20,1,-47.9549756008636
2025-04-15 08:31:30,2,-23.4259892559745
2025-04-15 08:31:40,3,2.72237724661762
2025-04-15 08:31:50,4,28.6825526061683
2025-04-15 08:32:00,1,-47.2919882928212
2025-04-15 08:32:10,2,-22.6923283995382
2025-04-15 08:32:20,3,3.47599550791975
2025-04-15 08:32:30,4,29.4040325232304
2025-04-15 08:32:40,1,-46.6263124989924
2025-04-15 08:32:50,2,-21.9573775148208
2025-04-15 08:33:00,3,4.22941616356278
2025-04-15 08:33:10,4,30.1238408606792
2025-04-15 08:33:20,1,-45.9579860621488
2025-04-15 08:33:30,2,-21.2211783827895
2025-04-15 08:33:40,3,4.98259638259801
2025-04-15 08:33:50,4,30.8419366983809
2025-04-15 08:34:00,1,-45.2870469757473
2025-04-15 08:34:10,2,-20.4837728553725
2025-04-15 08:34:20,3,5.73549334774527
2025-04-15 08:34:30,4,31.5582792135554
2025-04-15 08:34:40,1,-44.6135333817706
2025-04-15 08:34:50,2,-19.7452028530802
2025-04-15 08:35:00,3,6.48806425782696
2025-04-15 08:35:10,4,32.2728276830959
2025-04-15 08:35:20,1,-43.9374835685587
2025-04-15 08:35:30,2,-19.0055103626215
2025-04-15 08:35:40,3,7.24026633020128
2025-04-15 08:35:50,4,32.9855414858853
2025-04-15 08:36:00,1,-43.2589359686321
2025-04-15 08:36:10,2,-18.2647374345176
2025-04-15 08:36:20,3,7.99205680319436
2025-04-15 08:36:30,4,33.6963801051046
2025-04-15 08:36:40,1,-42.5779291565072
2025-04-15 08:36:50,2,-17.5229261807106
2025-04-15 08:37:00,3,8.74339293853129
2025-04-15 08:37:10,4,34.4053031305366
2025-04-15 08:37:20,1,-41.8945018465035
2025-04-15 08:37:30,2,-16.7801187721707
2025-04-15 08:37:40,3,9.49423202376537
2025-04-15 08:37:50,4,35.1122702608627
2025-04-15 08:38:00,1,-41.2086928905421
2025-04-15 08:38:10,2,-16.0363574364975
2025-04-15 08:38:20,3,10.2445313747068
2025-04-15 08:38:30,4,35.8172413059546
2025-04-15 08:38:40,1,-40.5205412759378
2025-04-15 08:38:50,2,-15.2916844555206
2025-04-15 08:39:00,3,10.9942483378489
2025-04-15 08:39:10,4,36.5201761891588
2025-04-15 08:39:20,1,-39.8300861231823
2025-04-15 08:39:30,2,-14.5461421628949
2025-04-15 08:39:40,3,11.7433402927928
2025-04-15 08:39:50,4,37.2210349495745
2025-04-15 08:40:00,1,-39.1373666837202
2025-04-15 08:40:10,2,-13.7997729416951
2025-04-15 08:40:20,3,12.4917646546707
2025-04-15 08:40:30,4,37.919777744326
2025-04-15 08:40:40,1,-38.4424223377181
2025-04-15 08:40:50,2,-13.0526192220052
2025-04-15 08:41:00,3,13.2394788765664
2025-04-15 08:41:10,4,38.6163648508274
2025-04-15 08:41:20,1,-37.7452925918251
2025-04-15 08:41:30,2,-12.3047234785069
2025-04-15 08:41:40,3,13.9864404519344
2025-04-15 08:41:50,4,39.3107566690405
2025-04-15 08:42:00,1,-37.0460170769275
2025-04-15 08:42:10,2,-11.5561282280653
2025-04-15 08:42:20,3,14.732606917016
2025-04-15 08:42:30,4,40.0029137237265
2025-04-15 08:42:40,1,-36.344635545896
2025-04-15 08:42:50,2,-10.8068760273112
2025-04-15 08:43:00,3,15.4779358532534
2025-04-15 08:43:10,4,40.6927966666898
2025-04-15 08:43:20,1,-35.641187871325
2025-04-15 08:43:30,2,-10.0570094702222
2025-04-15 08:43:40,3,16.2223848897012
2025-04-15 08:43:50,4,41.3803662790152
2025-04-15 08:44:00,1,-34.9357140432667
2025-04-15 08:44:10,2,-9.30657118570134
2025-04-15 08:44:20,3,16.9659117054353
2025-04-15 08:44:30,4,42.065583473297
2025-04-15 08:44:40,1,-34.2282541669571
2025-04-15 08:44:50,2,-8.55560383515342
2025-04-15 08:45:00,3,17.7084740319584
2025-04-15 08:45:10,4,42.7484092958613
2025-04-15 08:45:20,1,-33.5188484605367
2025-04-15 08:45:30,2,-7.80415011006023
2025-04-15 08:45:40,3,18.4500296556031
2025-04-15 08:45:50,4,43.4288049289805
2025-04-15 08:46:00,1,-32.8075372527635
2025-04-15 08:46:10,2,-7.052252729553
2025-04-15 08:46:20,3,19.190536419932
2025-04-15 08:46:30,4,44.10673169308
2025-04-15 08:46:40,1,-32.094360980721
2025-04-15 08:46:50,2,-6.2999544379843
2025-04-15 08:47:00,3,19.9299522281337
2025-04-15 08:47:10,4,44.7821510489371
2025-04-15 08:47:20,1,-31.3793601875187
2025-04-15 08:47:30,2,-5.54729800249793
2025-04-15 08:47:40,3,20.668235045416
2025-04-15 08:47:50,4,45.4550245998719
2025-04-15 08:48:00,1,-30.6625755199882
2025-04-15 08:48:10,2,-4.79432621059768
2025-04-15 08:48:20,3,21.4053429013961
2025-04-15 08:48:30,4,46.1253140939301
2025-04-15 08:48:40,1,-29.9440477263714
2025-04-15 08:48:50,2,-4.04108186771494
2025-04-15 08:49:00,3,22.1412338924858
2025-04-15 08:49:10,4,46.7929814260573
2025-04-15 08:49:20,1,-29.223817654005
2025-04-15 08:49:30,2,-3.28760779477527
2025-04-15 08:49:40,3,22.8758661842745
2025-04-15 08:49:50,4,47.4579886402659
2025-04-15 08:50:00,1,-28.5019262469976
2025-04-15 08:50:10,2,-2.53394682576395
2025-04-15 08:50:20,3,23.6091980139064
2025-04-15 08:50:30,4,48.120297931792
2025-04-15 08:50:40,1,-27.7784145439027
2025-04-15 08:50:50,2,-1.78014180529136
2025-04-15 08:51:00,3,24.3411876924557
2025-04-15 08:51:10,4,48.7798716492451
2025-04-15 08:51:20,1,-27.0533236753854
2025-04-15 08:51:30,2,-1.0262355861567
2025-04-15 08:51:40,3,25.0717936072957
2025-04-15 08:51:50,4,49.4366722967486
2025-04-15 08:52:00,1,-26.3266948618841
2025-04-15 08:52:10,2,-0.272271026912303
2025-04-15 08:52:20,3,25.8009742244651
2025-04-15 08:52:30,4,50.090662536071
2025-04-15 08:52:40,1,-25.5985694112672
2025-04-15 08:52:50,2,0.481709010572963
2025-04-15 08:53:00,3,26.5286880910286
2025-04-15 08:53:10,4,50.7418051887487
2025-04-15 08:53:20,1,-24.8689887164855
2025-04-15 08:53:30,2,1.23566166355031
2025-04-15 08:53:40,3,27.254893837434
2025-04-15 08:53:50,4,51.3900632381996
2025-04-15 08:54:00,1,-24.1379942532177
2025-04-15 08:54:10,2,1.9895440708277
2025-04-15 08:54:20,3,27.9795501798633
2025-04-15 08:54:30,4,52.0353998318275
2025-04-15 08:54:40,1,-23.4056275775138
2025-04-15 08:54:50,2,2.7433133752066
2025-04-15 08:55:00,3,28.7026159225804
2025-04-15 08:55:10,4,52.677778283117
2025-04-15 08:55:20,1,-22.6719303234322
2025-04-15 08:55:30,2,3.49692672591793
2025-04-15 08:55:40,3,29.4240499602724
2025-04-15 08:55:50,4,53.3171620737189
2025-04-15 08:56:00,1,-21.9369442006726
2025-04-15 08:56:10,2,4.25034128105862
2025-04-15 08:56:20,3,30.1438112803868
2025-04-15 08:56:30,4,53.9535148555266
2025-04-15 08:56:40,1,-21.2007109922055
2025-04-15 08:56:50,2,5.0035142100268
2025-04-15 08:57:00,3,30.8618589654628
2025-04-15 08:57:10,4,54.5868004527422
2025-04-15 08:57:20,1,-20.4632725518962
2025-04-15 08:57:30,2,5.7564026959567
2025-04-15 08:57:40,3,31.5781521954574
2025-04-15 08:57:50,4,55.2169828639333
2025-04-15 08:58:00,1,-19.7246708021262
2025-04-15 08:58:10,2,6.50896393815277
2025-04-15 08:58:20,3,32.2926502500658
2025-04-15 08:58:30,4,55.8440262640791
2025-04-15 08:58:40,1,-18.9849477314094
2025-04-15 08:58:50,2,7.26115515452283
2025-04-15 08:59:00,3,33.0053125110369
2025-04-15 08:59:10,4,56.4678950066077
2025-04-15 08:59:20,1,-18.244145392005
2025-04-15 08:59:30,2,8.01293358401013
2025-04-15 08:59:40,3,33.7160984644818
2025-04-15 08:59:50,4,57.0885536254219
2025-04-15 09:00:00,1,-17.5023058975276
2025-04-15 09:00:10,2,8.76425648902444
2025-04-15 09:00:20,3,34.4249677031772
2025-04-15 09:00:30,4,57.7059668369161
2025-04-15 09:00:40,1,-16.7594714205524
2025-04-15 09:00:50,2,9.51508115787117
2025-04-15 09:01:00,3,35.1318799288623
2025-04-15 09:01:10,4,58.3200995419811
2025-04-15 09:01:20,1,-16.0156841902182
2025-04-15 09:01:30,2,10.2653649071801
2025-04-15 09:01:40,3,35.83679495453
2025-04-15 09:01:50,4,58.9309168280007
2025-04-15 09:02:00,1,-15.2709864898263
2025-04-15 09:02:10,2,11.0150650843314
2025-04-15 09:02:20,3,36.5396727067114
2025-04-15 09:02:30,4,59.5383839708355
2025-04-15 09:02:40,1,-14.5254206544372
2025-04-15 09:02:50,2,11.7641390698806
2025-04-15 09:03:00,3,37.2404732277536
2025-04-15 09:03:10,4,60.1424664367972
2025-04-15 09:03:20,1,-13.7790290684638
2025-04-15 09:03:30,2,12.5125442799813
2025-04-15 09:03:40,3,37.9391566780917
2025-04-15 09:03:50,4,60.7431298846121
2025-04-15 09:04:00,1,-13.0318541632614
2025-04-15 09:04:10,2,13.2602381688062
2025-04-15 09:04:20,3,38.6356833385134
2025-04-15 09:04:30,4,61.3403401673726
2025-04-15 09:04:40,1,-12.2839384147164
2025-04-15 09:04:50,2,14.0071782309655
2025-04-15 09:05:00,3,39.3300136124168
2025-04-15 09:05:10,4,61.9340633344794
2025-04-15 09:05:20,1,-11.5353243408308
2025-04-15 09:05:30,2,14.7533220039237
2025-04-15 09:05:40,3,40.0221080280618
2025-04-15 09:05:50,4,62.5242656335705
2025-04-15 09:06:00,1,-10.7860544993057
2025-04-15 09:06:10,2,15.4986270704129
2025-04-15 09:06:20,3,40.7119272408139
2025-04-15 09:06:30,4,63.110913512441
2025-04-15 09:06:40,1,-10.0361714851215
2025-04-15 09:06:50,2,16.2430510608447
2025-04-15 09:07:00,3,41.3994320353807
2025-04-15 09:07:10,4,63.6939736209496
2025-04-15 09:07:20,1,-9.28571792811682
2025-04-15 09:07:30,2,16.9865516557188
2025-04-15 09:07:40,3,42.0845833280412
2025-04-15 09:07:50,4,64.2734128129152
2025-04-15 09:08:00,1,-8.53473649056465
2025-04-15 09:08:10,2,17.7290865880286
2025-04-15 09:08:20,3,42.7673421688683
2025-04-15 09:08:30,4,64.8491981480008
2025-04-15 09:08:40,1,-7.78326986474762
2025-04-15 09:08:50,2,18.470613645664
2025-04-15 09:09:00,3,43.4476697439418
2025-04-15 09:09:10,4,65.4212968935861
2025-04-15 09:09:20,1,-7.03136077053036
2025-04-15 09:09:30,2,19.2110906738115
2025-04-15 09:09:40,3,44.1255273775564
2025-04-15 09:09:50,4,65.9896765266287
2025-04-15 09:10:00,1,-6.27905195293133
2025-04-15 09:10:10,2,19.95047557735
2025-04-15 09:10:20,3,44.8008765344193
2025-04-15 09:10:30,4,66.5543047355127
2025-04-15 09:10:40,1,-5.52638617969272
2025-04-15 09:10:50,2,20.6887263232446
2025-04-15 09:11:00,3,45.4736788218413
2025-04-15 09:11:10,4,67.1151494218853
2025-04-15 09:11:20,1,-4.77340623884918
2025-04-15 09:11:30,2,21.4258009429353
2025-04-15 09:11:40,3,46.1438959919192
2025-04-15 09:11:50,4,67.6721787024822
2025-04-15 09:12:00,1,-4.02015493629534
2025-04-15 09:12:10,2,22.1616575347237
2025-04-15 09:12:20,3,46.8114899437103
2025-04-15 09:12:30,4,68.2253609109396
2025-04-15 09:12:40,1,-3.26667509335241
2025-04-15 09:12:50,2,22.8962542661544
2025-04-15 09:13:00,3,47.4764227253985
2025-04-15 09:13:10,4,68.7746645995948
2025-04-15 09:13:20,1,-2.51300954433371
2025-04-15 09:13:30,2,23.6295493763934
2025-04-15 09:13:40,3,48.1386565364513
2025-04-15 09:13:50,4,69.3200585412733
2025-04-15 09:14:00,1,-1.75920113410994
2025-04-15 09:14:10,2,24.3615011786022
2025-04-15 09:14:20,3,48.7981537297693
2025-04-15 09:14:30,4,69.8615117310649
2025-04-15 09:14:40,1,-1.00529271567304
2025-04-15 09:14:50,2,25.0920680623075
2025-04-15 09:15:00,3,49.454876813826
2025-04-15 09:15:10,4,70.3989933880855
2025-04-15 09:15:20,1,-0.251327147700364
2025-04-15 09:15:30,2,25.8212084957667
2025-04-15 09:15:40,3,50.1087884547993
2025-04-15 09:15:50,4,70.9324729572274
2025-04-15 09:16:00,1,0.502652707881884
2025-04-15 09:16:10,2,26.548881028329
2025-04-15 09:16:20,3,50.7598514786939
2025-04-15 09:16:30,4,71.4619201108962
2025-04-15 09:16:40,1,1.25660398833525
2025-04-15 09:16:50,2,27.2750442927919
2025-04-15 09:17:00,3,51.4080288734545
2025-04-15 09:17:10,4,71.987304750735
2025-04-15 09:17:20,1,2.01048383254573
2025-04-15 09:17:30,2,27.9996570077525
2025-04-15 09:17:40,3,52.0532837910698
2025-04-15 09:17:50,4,72.5085970093351
2025-04-15 09:18:00,1,2.7642493834604
2025-04-15 09:18:10,2,28.7226779799548
2025-04-15 09:18:20,3,52.6955795496678
2025-04-15 09:18:30,4,73.0257672519344
2025-04-15 09:18:40,1,3.51785779052382
2025-04-15 09:18:50,2,29.4440661066311
2025-04-15 09:19:00,3,53.3348796356002
2025-04-15 09:19:10,4,73.5387860781016
2025-04-15 09:19:20,1,4.27126621211372
2025-04-15 09:19:30,2,30.1637803778389
2025-04-15 09:19:40,3,53.9711477055188
2025-04-15 09:19:50,4,74.047624323408
2025-04-15 09:20:00,1,5.02443181797697
2025-04-15 09:20:10,2,30.8817798787919
2025-04-15 09:20:20,3,54.6043475884417
2025-04-15 09:20:30,4,74.5522530610854
2025-04-15 09:20:40,1,5.77731179166414
2025-04-15 09:20:50,2,31.5980237921865
2025-04-15 09:21:00,3,55.234443287809
2025-04-15 09:21:10,4,75.0526436036701
2025-04-15 09:21:20,1,6.52986333296357
2025-04-15 09:21:30,2,32.3124714005215
2025-04-15 09:21:40,3,55.8613989835295
2025-04-15 09:21:50,4,75.5487675046344
2025-04-15 09:22:00,1,7.28204366033455
2025-04-15 09:22:10,2,33.0250820884135
2025-04-15 09:22:20,3,56.485179034017
2025-04-15 09:22:30,4,76.0405965600031
2025-04-15 09:22:40,1,8.03381001333939
2025-04-15 09:22:50,2,33.7358153449054
2025-04-15 09:23:00,3,57.1057479782166
2025-04-15 09:23:10,4,76.5281028099576
2025-04-15 09:23:20,1,8.78511965507437
2025-04-15 09:23:30,2,34.4446307657697
2025-04-15 09:23:40,3,57.7230705376202
2025-04-15 09:23:50,4,77.0112585404245
2025-04-15 09:24:00,1,9.5359298745989
2025-04-15 09:24:10,2,35.1514880558051
2025-04-15 09:24:20,3,58.3371116182725
2025-04-15 09:24:30,4,77.490036284652
2025-04-15 09:24:40,1,10.2861979893642
2025-04-15 09:24:50,2,35.8563470311276
2025-04-15 09:25:00,3,58.9478363127657
2025-04-15 09:25:10,4,77.9644088247707
2025-04-15 09:25:20,1,11.0358813476392
2025-04-15 09:25:30,2,36.5591676214545
2025-04-15 09:25:40,3,59.5552099022242
2025-04-15 09:25:50,4,78.434349193341
2025-04-15 09:26:00,1,11.7849373309356
2025-04-15 09:26:10,2,37.2599098723827
2025-04-15 09:26:20,3,60.1591978582781
2025-04-15 09:26:30,4,78.8998306748865
2025-04-15 09:26:40,1,12.5333233564304
2025-04-15 09:26:50,2,37.9585339476597
2025-04-15 09:27:00,3,60.7597658450264
2025-04-15 09:27:10,4,79.3608268074124
2025-04-15 09:27:20,1,13.2809968793869
2025-04-15 09:27:30,2,38.6550001314486
2025-04-15 09:27:40,3,61.3568797209884
2025-04-15 09:27:50,4,79.81731138391
2025-04-15 09:28:00,1,14.0279153955732
2025-04-15 09:28:10,2,39.3492688305856
2025-04-15 09:28:20,3,61.9505055410453
2025-04-15 09:28:30,4,80.2692584538465
2025-04-15 09:28:40,1,14.7740364436784
2025-04-15 09:28:50,2,40.041300576831
2025-04-15 09:29:00,3,62.5406095583694
2025-04-15 09:29:10,4,80.71664232464
2025-04-15 09:29:20,1,15.5193176077266
2025-04-15 09:29:30,2,40.731056029113
2025-04-15 09:29:40,3,63.1271582263426
2025-04-15 09:29:50,4,81.1594375631207
2025-04-15 09:30:00,1,16.2637165194884
2025-04-15 09:30:10,2,41.4184959757638
2025-04-15 09:30:20,3,63.710118200464
2025-04-15 09:30:30,4,81.5976189969761
2025-04-15 09:30:40,1,17.0071908608889
2025-04-15 09:30:50,2,42.103581336749
2025-04-15 09:31:00,3,64.2894563402447
2025-04-15 09:31:10,4,82.0311617161823
2025-04-15 09:31:20,1,17.7496983664141
2025-04-15 09:31:30,2,42.7862731658896
2025-04-15 09:31:40,3,64.8651397110924
2025-04-15 09:31:50,4,82.4600410744201
2025-04-15 09:32:00,1,18.4911968255132
2025-04-15 09:32:10,2,43.466532653075
2025-04-15 09:32:20,3,65.4371355861836
2025-04-15 09:32:30,4,82.8842326904762
2025-04-15 09:32:40,1,19.2316440849983
2025-04-15 09:32:50,2,44.1443211264705
2025-04-15 09:33:00,3,66.0054114483237
2025-04-15 09:33:10,4,83.3037124496289
2025-04-15 09:33:20,1,19.9709980514407
2025-04-15 09:33:30,2,44.8196000547151
2025-04-15 09:33:40,3,66.5699349917961
2025-04-15 09:33:50,4,83.7184565050195
2025-04-15 09:34:00,1,20.7092166935642
2025-04-15 09:34:10,2,45.4923310491117
2025-04-15 09:34:20,3,67.1306741241982
2025-04-15 09:34:30,4,84.1284412790073
2025-04-15 09:34:40,1,21.4462580446339
2025-04-15 09:34:50,2,46.1624758658104
2025-04-15 09:35:00,3,67.6875969682661
2025-04-15 09:35:10,4,84.5336434645107
2025-04-15 09:35:20,1,22.1820802048426
2025-04-15 09:35:30,2,46.8299964079815
2025-04-15 09:35:40,3,68.240671863687
2025-04-15 09:35:50,4,84.9340400263316
2025-04-15 09:36:00,1,22.9166413436923
2025-04-15 09:36:10,2,47.4948547279821
2025-04-15 09:36:20,3,68.7898673688985
2025-04-15 09:36:30,4,85.3296082024653
2025-04-15 09:36:40,1,23.6498997023725
2025-04-15 09:36:50,2,48.1570130295129
2025-04-15 09:37:00,3,69.3351522628765
2025-04-15 09:37:10,4,85.720325505394
2025-04-15 09:37:20,1,24.3818135961338
2025-04-15 09:37:30,2,48.8164336697669
2025-04-15 09:37:40,3,69.8764955469098
2025-04-15 09:37:50,4,86.1061697233658
2025-04-15 09:38:00,1,25.1123414166581
2025-04-15 09:38:10,2,49.4730791615697
2025-04-15 09:38:20,3,70.4138664463623
2025-04-15 09:38:30,4,86.4871189216569
2025-04-15 09:38:40,1,25.8414416344234
2025-04-15 09:38:50,2,50.1269121755101
2025-04-15 09:39:00,3,70.9472344124229
2025-04-15 09:39:10,4,86.8631514438191
2025-04-15 09:39:20,1,26.5690728010653
2025-04-15 09:39:30,2,50.7778955420628
2025-04-15 09:39:40,3,71.4765691238416
2025-04-15 09:39:50,4,87.2342459129103
2025-04-15 09:40:00,1,27.2951935517326
2025-04-15 09:40:10,2,51.4259922537007
2025-04-15 09:40:20,3,72.0018404886536
2025-04-15 09:40:30,4,87.6003812327101
2025-04-15 09:40:40,1,28.0197626074394
2025-04-15 09:40:50,2,52.0711654669995
2025-04-15 09:41:00,3,72.5230186458897
2025-04-15 09:41:10,4,87.9615365889191
2025-04-15 09:41:20,1,28.7427387774116
2025-04-15 09:41:30,2,52.7133785047318
2025-04-15 09:41:40,3,73.0400739672745
2025-04-15 09:41:50,4,88.3176914503423
2025-04-15 09:42:00,1,29.4640809614287
2025-04-15 09:42:10,2,53.3525948579518
2025-04-15 09:42:20,3,73.5529770589097
2025-04-15 09:42:30,4,88.6688255700557
2025-04-15 09:42:40,1,30.1837481521596
2025-04-15 09:42:50,2,53.9887781880716
2025-04-15 09:43:00,3,74.061698762946
2025-04-15 09:43:10,4,89.0149189865579
2025-04-15 09:43:20,1,30.9016994374947
2025-04-15 09:43:30,2,54.6218923289264
2025-04-15 09:43:40,3,74.5662101592403
2025-04-15 09:43:50,4,89.3559520249049
2025-04-15 09:44:00,1,31.6178940028713
2025-04-15 09:44:10,2,55.2519012888308
2025-04-15 09:44:20,3,75.0664825669998
2025-04-15 09:44:30,4,89.691905297828
2025-04-15 09:44:40,1,32.3322911335937
2025-04-15 09:44:50,2,55.8787692526246
2025-04-15 09:45:00,3,75.5624875464124
2025-04-15 09:45:10,4,90.0227597068366
2025-04-15 09:45:20,1,33.0448502171479
2025-04-15 09:45:30,2,56.5024605837091
2025-04-15 09:45:40,3,76.0541969002636
2025-04-15 09:45:50,4,90.3484964433035
2025-04-15 09:46:00,1,33.7555307455106
2025-04-15 09:46:10,2,57.1229398260728
2025-04-15 09:46:20,3,76.5415826755395
2025-04-15 09:46:30,4,90.6690969895342
2025-04-15 09:46:40,1,34.4642923174517
2025-04-15 09:46:50,2,57.7401717063072
2025-04-15 09:47:00,3,77.0246171650157
2025-04-15 09:47:10,4,90.98454311982
2025-04-15 09:47:20,1,35.1710946408313
2025-04-15 09:47:30,2,58.3541211356118
2025-04-15 09:47:40,3,77.5032729088327
2025-04-15 09:47:50,4,91.2948169014734
2025-04-15 09:48:00,1,35.8758975348899
2025-04-15 09:48:10,2,58.9647532117892
2025-04-15 09:48:20,3,77.9775226960565
2025-04-15 09:48:30,4,91.5999006958483
2025-04-15 09:48:40,1,36.5786609325332
2025-04-15 09:48:50,2,59.572033221229
2025-04-15 09:49:00,3,78.4473395662261
2025-04-15 09:49:10,4,91.8997771593421
2025-04-15 09:49:20,1,37.2793448826094
2025-04-15 09:49:30,2,60.1759266408812
2025-04-15 09:49:40,3,78.9126968108858
2025-04-15 09:49:50,4,92.1944292443822
2025-04-15 09:50:00,1,37.9779095521801
2025-04-15 09:50:10,2,60.776399140219
2025-04-15 09:50:20,3,79.3735679751034
2025-04-15 09:50:30,4,92.4838402003948
2025-04-15 09:50:40,1,38.6743152287858
2025-04-15 09:50:50,2,61.3734165831902
2025-04-15 09:51:00,3,79.8299268589744
2025-04-15 09:51:10,4,92.7679935747569
2025-04-15 09:51:20,1,39.3685223227024
2025-04-15 09:51:30,2,61.9669450301579
2025-04-15 09:51:40,3,80.2817475191115
2025-04-15 09:51:50,4,93.0468732137325
2025-04-15 09:52:00,1,40.0604913691923
2025-04-15 09:52:10,2,62.55695073983
2025-04-15 09:52:20,3,80.7290042701192
2025-04-15 09:52:30,4,93.3204632633899
2025-04-15 09:52:40,1,40.7501830307481
2025-04-15 09:52:50,2,63.1434001711772
2025-04-15 09:53:00,3,81.1716716860541
2025-04-15 09:53:10,4,93.5887481705035
2025-04-15 09:53:20,1,41.4375580993284
2025-04-15 09:53:30,2,63.7262599853397
2025-04-15 09:53:40,3,81.6097246018702
2025-04-15 09:53:50,4,93.8517126834381
2025-04-15 09:54:00,1,42.1225774985872
2025-04-15 09:54:10,2,64.3054970475229
2025-04-15 09:54:20,3,82.0431381148499
2025-04-15 09:54:30,4,94.1093418530155
2025-04-15 09:54:40,1,42.8052022860951
2025-04-15 09:54:50,2,64.8810784288806
2025-04-15 09:55:00,3,82.4718875860192
2025-04-15 09:55:10,4,94.3616210333648
2025-04-15 09:55:20,1,43.4853936555529
2025-04-15 09:55:30,2,65.4529714083871
2025-04-15 09:55:40,3,82.8959486415484
2025-04-15 09:55:50,4,94.6085358827545
2025-04-15 09:56:00,1,44.1631129389982
2025-04-15 09:56:10,2,66.0211434746974
2025-04-15 09:56:20,3,83.3152971741382
2025-04-15 09:56:30,4,94.8500723644084
2025-04-15 09:56:40,1,44.8383216090032
2025-04-15 09:56:50,2,66.5855623279954
2025-04-15 09:57:00,3,83.7299093443899
2025-04-15 09:57:10,4,95.0862167473031
2025-04-15 09:57:20,1,45.5109812808654
2025-04-15 09:57:30,2,67.1461958818301
2025-04-15 09:57:40,3,84.1397615821604
2025-04-15 09:57:50,4,95.3169556069486
2025-04-15 09:58:00,1,46.1810537147889
2025-04-15 09:58:10,2,67.7030122649397
2025-04-15 09:58:20,3,84.5448305879026
2025-04-15 09:58:30,4,95.5422758261519
2025-04-15 09:58:40,1,46.8485008180593
2025-04-15 09:58:50,2,68.2559798230634
2025-04-15 09:59:00,3,84.9450933339893
2025-04-15 09:59:10,4,95.7621645957622
2025-04-15 09:59:20,1,47.5132846472084
2025-04-15 09:59:30,2,68.8050671207409
2025-04-15 09:59:40,3,85.3405270660231
2025-04-15 09:59:50,4,95.9766094153994
2025-04-15 10:00:00,1,48.1753674101716
2025-04-15 10:00:10,2,69.3502429430995
2025-04-15 10:00:20,3,85.7311093041293
2025-04-15 10:00:30,4,96.1855980941645
2025-04-15 10:00:40,1,48.8347114684362
2025-04-15 10:00:50,2,69.8914762976285
2025-04-15 10:01:00,3,86.1168178442341
2025-04-15 10:01:10,4,96.3891187513328
2025-04-15 10:01:20,1,49.4912793391813
2025-04-15 10:01:30,2,70.4287364159413
2025-04-15 10:01:40,3,86.4976307593271
2025-04-15 10:01:50,4,96.5871598170294
2025-04-15 10:02:00,1,50.1450336974086
2025-04-15 10:02:10,2,70.9619927555244
2025-04-15 10:02:20,3,86.8735264007072
2025-04-15 10:02:30,4,96.7797100328866
2025-04-15 10:02:40,1,50.795937378064
2025-04-15 10:02:50,2,71.4912150014737
2025-04-15 10:03:00,3,87.244483399214
2025-04-15 10:03:10,4,96.9667584526841
2025-04-15 10:03:20,1,51.4439533781506
2025-04-15 10:03:30,2,72.0163730682179
2025-04-15 10:03:40,3,87.6104806664422
2025-04-15 10:03:50,4,97.1482944429715
2025-04-15 10:04:00,1,52.0890448588324
2025-04-15 10:04:10,2,72.5374371012287
2025-04-15 10:04:20,3,87.9714973959404
2025-04-15 10:04:30,4,97.3243076836724
2025-04-15 10:04:40,1,52.7311751475282
2025-04-15 10:04:50,2,73.0543774787184
2025-04-15 10:05:00,3,88.3275130643942
2025-04-15 10:05:10,4,97.4947881686713
2025-04-15 10:05:20,1,53.3703077399968
2025-04-15 10:05:30,2,73.5671648133232
2025-04-15 10:05:40,3,88.6785074327928
2025-04-15 10:05:50,4,97.6597262063825
2025-04-15 10:06:00,1,54.0064063024116
2025-04-15 10:06:10,2,74.0757699537743
2025-04-15 10:06:20,3,89.0244605475794
2025-04-15 10:06:30,4,97.8191124203008
2025-04-15 10:06:40,1,54.6394346734269
2025-04-15 10:06:50,2,74.5801639865553
2025-04-15 10:07:00,3,89.3653527417858
2025-04-15 10:07:10,4,97.9729377495348
2025-04-15 10:07:20,1,55.2693568662332
2025-04-15 10:07:30,2,75.0803182375451
2025-04-15 10:07:40,3,89.7011646361503
2025-04-15 10:07:50,4,98.121193449322
2025-04-15 10:08:00,1,55.8961370706028
2025-04-15 10:08:10,2,75.5762042736488
2025-04-15 10:08:20,3,90.0318771402194
2025-04-15 10:08:30,4,98.2638710915256
2025-04-15 10:08:40,1,56.519739654926
2025-04-15 10:08:50,2,76.0677939044137
2025-04-15 10:09:00,3,90.3574714534329
2025-04-15 10:09:10,4,98.400962565114
2025-04-15 10:09:20,1,57.1401291682365
2025-04-15 10:09:30,2,76.5550591836319
2025-04-15 10:09:40,3,90.6779290661931
2025-04-15 10:09:50,4,98.5324600766217
2025-04-15 10:10:00,1,57.7572703422268
2025-04-15 10:10:10,2,77.0379724109291
2025-04-15 10:10:20,3,90.9932317609166
2025-04-15 10:10:30,4,98.6583561505924
2025-04-15 10:10:40,1,58.3711280932529
2025-04-15 10:10:50,2,77.5165061333393
2025-04-15 10:11:00,3,91.3033616130703
2025-04-15 10:11:10,4,98.7786436300041
2025-04-15 10:11:20,1,58.9816675243292
2025-04-15 10:11:30,2,77.9906331468654
2025-04-15 10:11:40,3,91.6083009921901
2025-04-15 10:11:50,4,98.8933156766756
2025-04-15 10:12:00,1,59.588853927112
2025-04-15 10:12:10,2,78.4603264980259
2025-04-15 10:12:20,3,91.9080325628833
2025-04-15 10:12:30,4,99.0023657716557
2025-04-15 10:12:40,1,60.1926527838728
2025-04-15 10:12:50,2,78.9255594853868
2025-04-15 10:13:00,3,92.2025392858143
2025-04-15 10:13:10,4,99.1057877155936
2025-04-15 10:13:20,1,60.7930297694605
2025-04-15 10:13:30,2,79.3863056610799
2025-04-15 10:13:40,3,92.4918044186727
2025-04-15 10:13:50,4,99.203575629091
2025-04-15 10:14:00,1,61.3899507532528
2025-04-15 10:14:10,2,79.8425388323062
2025-04-15 10:14:20,3,92.7758115171257
2025-04-15 10:14:30,4,99.295723953037
2025-04-15 10:14:40,1,61.9833818010962
2025-04-15 10:14:50,2,80.2942330628249
2025-04-15 10:15:00,3,93.0545444357526
2025-04-15 10:15:10,4,99.3822274489234
2025-04-15 10:15:20,1,62.5732891772358
2025-04-15 10:15:30,2,80.7413626744279
2025-04-15 10:15:40,3,93.3279873289627
2025-04-15 10:15:50,4,99.4630811991432
2025-04-15 10:16:00,1,63.1596393462323
2025-04-15 10:16:10,2,81.1839022483994
2025-04-15 10:16:20,3,93.5961246518961
2025-04-15 10:16:30,4,99.5382806072697
2025-04-15 10:16:40,1,63.742398974869
2025-04-15 10:16:50,2,81.6218266269613
2025-04-15 10:17:00,3,93.8589411613073
2025-04-15 10:17:10,4,99.6078213983179
2025-04-15 10:17:20,1,64.3215349340465
2025-04-15 10:17:30,2,82.0551109147028
2025-04-15 10:17:40,3,94.1164219164323
2025-04-15 10:17:50,4,99.6716996189876
2025-04-15 10:18:00,1,64.8970143006663
2025-04-15 10:18:10,2,82.4837304799963
2025-04-15 10:18:20,3,94.3685522798369
2025-04-15 10:18:30,4,99.7299116378879
2025-04-15 10:18:40,1,65.4688043595021
2025-04-15 10:18:50,2,82.9076609563973
2025-04-15 10:19:00,3,94.6153179182501
2025-04-15 10:19:10,4,99.7824541457442
2025-04-15 10:19:20,1,66.0368726050597
2025-04-15 10:19:30,2,83.3268782440296
2025-04-15 10:19:40,3,94.8567048033778
2025-04-15 10:19:50,4,99.8293241555856
2025-04-15 10:20:00,1,66.6011867434251
2025-04-15 10:20:10,2,83.7413585109555
2025-04-15 10:20:20,3,95.0926992127011
2025-04-15 10:20:30,4,99.8705190029152
2025-04-15 10:20:40,1,67.1617146941004
2025-04-15 10:20:50,2,84.1510781945306
2025-04-15 10:21:00,3,95.3232877302559
2025-04-15 10:21:10,4,99.9060363458617
2025-04-15 10:21:20,1,67.718424591827
2025-04-15 10:21:30,2,84.5560140027431
2025-04-15 10:21:40,3,95.5484572473957
2025-04-15 10:21:50,4,99.9358741653117
2025-04-15 10:22:00,1,68.2712847883977
2025-04-15 10:22:10,2,84.9561429155381
2025-04-15 10:22:20,3,95.768194963537
2025-04-15 10:22:30,4,99.9600307650256
2025-04-15 10:22:40,1,68.8202638544555
2025-04-15 10:22:50,2,85.3514421861264
2025-04-15 10:23:00,3,95.9824883868869
2025-04-15 10:23:10,4,99.9785047717333
2025-04-15 10:23:20,1,69.3653305812805
2025-04-15 10:23:30,2,85.7418893422773
2025-04-15 10:23:40,3,96.1913253351532
2025-04-15 10:23:50,4,99.9912951352123
2025-04-15 10:24:00,1,69.9064539825641
2025-04-15 10:24:10,2,86.1274621875962
2025-04-15 10:24:20,3,96.3946939362368
2025-04-15 10:24:30,4,99.9984011283477
2025-04-15 10:24:40,1,70.4436032961703
2025-04-15 10:24:50,2,86.5081388027865
2025-04-15 10:25:00,3,96.5925826289068
2025-04-15 10:25:10,4,99.9998223471734
2025-04-15 10:25:20,1,70.9767479858847
2025-04-15 10:25:30,2,86.883897546896
2025-04-15 10:25:40,3,96.784980163458
2025-04-15 10:25:50,4,99.995558710895
2025-04-15 10:26:00,1,71.5058577431503
2025-04-15 10:26:10,2,87.2547170585465
2025-04-15 10:26:20,3,96.9718756023496
2025-04-15 10:26:30,4,99.9856104618945
2025-04-15 10:26:40,1,72.0309024887907
2025-04-15 10:26:50,2,87.6205762571485
2025-04-15 10:27:00,3,97.1532583208281
2025-04-15 10:27:10,4,99.9699781657164
2025-04-15 10:27:20,1,72.5518523747198
2025-04-15 10:27:30,2,87.9814543440999
2025-04-15 10:27:40,3,97.3291180075303
2025-04-15 10:27:50,4,99.9486627110357
2025-04-15 10:28:00,1,73.0686777856388
2025-04-15 10:28:10,2,88.3373308039678
2025-04-15 10:28:20,3,97.4994446650701
2025-04-15 10:28:30,4,99.9216653096073
2025-04-15 10:28:40,1,73.5813493407198
2025-04-15 10:28:50,2,88.6881854056553
2025-04-15 10:29:00,3,97.6642286106066
2025-04-15 10:29:10,4,99.888987496197
2025-04-15 10:29:20,1,74.0898378952759
2025-04-15 10:29:30,2,89.033998203551
2025-04-15 10:29:40,3,97.8234604763946
2025-04-15 10:29:50,4,99.8506311284945
2025-04-15 10:30:00,1,74.5941145424182
2025-04-15 10:30:10,2,89.3747495386637
2025-04-15 10:30:20,3,97.9771312103173
2025-04-15 10:30:30,4,99.8065983870076
2025-04-15 10:30:40,1,75.0941506146991
2025-04-15 10:30:50,2,89.7104200397392
2025-04-15 10:31:00,3,98.1252320764004
2025-04-15 10:31:10,4,99.7568917749383
2025-04-15 10:31:20,1,75.589917685742
2025-04-15 10:31:30,2,90.040990624362
2025-04-15 10:31:40,3,98.2677546553095
2025-04-15 10:31:50,4,99.7015141180404
2025-04-15 10:32:00,1,76.081387571857
2025-04-15 10:32:10,2,90.3664425000401
2025-04-15 10:32:20,3,98.404690844828
2025-04-15 10:32:30,4,99.6404685644592
2025-04-15 10:32:40,1,76.5685323336437
2025-04-15 10:32:50,2,90.6867571652728
2025-04-15 10:33:00,3,98.5360328603182
2025-04-15 10:33:10,4,99.5737585845521
2025-04-15 10:33:20,1,77.0513242775789
2025-04-15 10:33:30,2,91.0019164106034
2025-04-15 10:33:40,3,98.6617732351634
2025-04-15 10:33:50,4,99.5013879706914
2025-04-15 10:34:00,1,77.5297359575916
2025-04-15 10:34:10,2,91.3119023196536
2025-04-15 10:34:20,3,98.7819048211929
2025-04-15 10:34:30,4,99.4233608370491
2025-04-15 10:34:40,1,78.0037401766225
2025-04-15 10:34:50,2,91.6166972701421
2025-04-15 10:35:00,3,98.896420789088
2025-04-15 10:35:10,4,99.3396816193625
2025-04-15 10:35:20,1,78.4733099881707
2025-04-15 10:35:30,2,91.9162839348871
2025-04-15 10:35:40,3,99.0053146287703
2025-04-15 10:35:50,4,99.2503550746824
2025-04-15 10:36:00,1,78.9384186978255
2025-04-15 10:36:10,2,92.2106452827903
2025-04-15 10:36:20,3,99.1085801497716
2025-04-15 10:36:30,4,99.1553862811023
2025-04-15 10:36:40,1,79.3990398647836
2025-04-15 10:36:50,2,92.4997645798061
2025-04-15 10:37:00,3,99.2062114815865
2025-04-15 10:37:10,4,99.0547806374702
2025-04-15 10:37:20,1,79.8551473033525
2025-04-15 10:37:30,2,92.783625389892
2025-04-15 10:37:40,3,99.2982030740051
2025-04-15 10:37:50,4,98.9485438630814
2025-04-15 10:38:00,1,80.3067150844393
2025-04-15 10:38:10,2,93.0622115759436
2025-04-15 10:38:20,3,99.3845496974297
2025-04-15 10:38:30,4,98.8366819973532
2025-04-15 10:38:40,1,80.7537175370242
2025-04-15 10:38:50,2,93.3355073007119
2025-04-15 10:39:00,3,99.4652464431709
2025-04-15 10:39:10,4,98.7192013994819
2025-04-15 10:39:20,1,81.1961292496204
2025-04-15 10:39:30,2,93.6034970277032
2025-04-15 10:39:40,3,99.5402887237275
2025-04-15 10:39:50,4,98.5961087480812
2025-04-15 10:40:00,1,81.6339250717184
2025-04-15 10:40:10,2,93.8661655220627
2025-04-15 10:40:20,3,99.6096722730472
2025-04-15 10:40:30,4,98.4674110408023
2025-04-15 10:40:40,1,82.0670801152158
2025-04-15 10:40:50,2,94.1234978514408
2025-04-15 10:41:00,3,99.6733931467685
2025-04-15 10:41:10,4,98.3331155939365
2025-04-15 10:41:20,1,82.4955697558323
2025-04-15 10:41:30,2,94.3754793868412
2025-04-15 10:41:40,3,99.7314477224458
2025-04-15 10:41:50,4,98.1932300419989
2025-04-15 10:42:00,1,82.9193696345094
2025-04-15 10:42:10,2,94.6220958034534
2025-04-15 10:42:20,3,99.7838326997547
2025-04-15 10:42:30,4,98.0477623372944
2025-04-15 10:42:40,1,83.3384556587952
2025-04-15 10:42:50,2,94.8633330814666
2025-04-15 10:43:00,3,99.8305451006797
2025-04-15 10:43:10,4,97.8967207494662
2025-04-15 10:43:20,1,83.7528040042142
2025-04-15 10:43:30,2,95.0991775068666
2025-04-15 10:43:40,3,99.871582269684
2025-04-15 10:43:50,4,97.7401138650247
2025-04-15 10:44:00,1,84.1623911156215
2025-04-15 10:44:10,2,95.3296156722158
2025-04-15 10:44:20,3,99.9069418738598
2025-04-15 10:44:30,4,97.5779505868605
2025-04-15 10:44:40,1,84.5671937085419
2025-04-15 10:44:50,2,95.554634477415
2025-04-15 10:45:00,3,99.9366219030611
2025-04-15 10:45:10,4,97.410240133737
2025-04-15 10:45:20,1,84.9671887704936
2025-04-15 10:45:30,2,95.7742211304487
2025-04-15 10:45:40,3,99.9606206700184
2025-04-15 10:45:50,4,97.2369920397677
2025-04-15 10:46:00,1,85.3623535622967
2025-04-15 10:46:10,2,95.9883631481114
2025-04-15 10:46:20,3,99.9789368104341
2025-04-15 10:46:30,4,97.058216153873
2025-04-15 10:46:40,1,85.7526656193653
2025-04-15 10:46:50,2,96.1970483567182
2025-04-15 10:47:00,3,99.9915692830604
2025-04-15 10:47:10,4,96.8739226392212
2025-04-15 10:47:20,1,86.138102752985
2025-04-15 10:47:30,2,96.4002648927963
2025-04-15 10:47:40,3,99.9985173697581
2025-04-15 10:47:50,4,96.68412197265
2025-04-15 10:48:00,1,86.5186430515745
2025-04-15 10:48:10,2,96.5980012037595
2025-04-15 10:48:20,3,99.9997806755379
2025-04-15 10:48:30,4,96.4888249440716
2025-04-15 10:48:40,1,86.8942648819306
2025-04-15 10:48:50,2,96.790246048565
2025-04-15 10:49:00,3,99.9953591285826
2025-04-15 10:49:10,4,96.2880426558587
2025-04-15 10:49:20,1,87.2649468904588
2025-04-15 10:49:30,2,96.9769884983527
2025-04-15 10:49:40,3,99.9852529802513
2025-04-15 10:49:50,4,96.0817865222139
2025-04-15 10:50:00,1,87.6306680043864
2025-04-15 10:50:10,2,97.1582179370659
2025-04-15 10:50:20,3,99.9694628050646
2025-04-15 10:50:30,4,95.8700682685203
2025-04-15 10:50:40,1,87.991407432961
2025-04-15 10:50:50,2,97.3339240620553
2025-04-15 10:51:00,3,99.947989500673
2025-04-15 10:51:10,4,95.6528999306752
2025-04-15 10:51:20,1,88.3471446686326
2025-04-15 10:51:30,2,97.5040968846646
2025-04-15 10:51:40,3,99.9208342878047
2025-04-15 10:51:50,4,95.4302938544058
2025-04-15 10:52:00,1,88.6978594882187
2025-04-15 10:52:10,2,97.6687267307982
2025-04-15 10:52:20,3,99.887998710197
2025-04-15 10:52:30,4,95.2022626945677
2025-04-15 10:52:40,1,89.0435319540545
2025-04-15 10:52:50,2,97.8278042414713
2025-04-15 10:53:00,3,99.8494846345082
2025-04-15 10:53:10,4,94.9688194144247
2025-04-15 10:53:20,1,89.3841424151264
2025-04-15 10:53:30,2,97.9813203733418
2025-04-15 10:53:40,3,99.8052942502117
2025-04-15 10:53:50,4,94.7299772849128
2025-04-15 10:54:00,1,89.7196715081888
2025-04-15 10:54:10,2,98.1292663992245
2025-04-15 10:54:20,3,99.7554300694712
2025-04-15 10:54:30,4,94.4857498838849
2025-04-15 10:54:40,1,90.0501001588649
2025-04-15 10:54:50,2,98.2716339085874
2025-04-15 10:55:00,3,99.6998949269982
2025-04-15 10:55:10,4,94.2361510953397
2025-04-15 10:55:20,1,90.3754095827315
2025-04-15 10:55:30,2,98.4084148080293
2025-04-15 10:55:40,3,99.6386919798906
2025-04-15 10:55:50,4,93.981195108632
2025-04-15 10:56:00,1,90.6955812863863
2025-04-15 10:56:10,2,98.5396013217406
2025-04-15 10:56:20,3,99.5718247074535
2025-04-15 10:56:30,4,93.7208964176656
2025-04-15 10:56:40,1,91.0105970684995
2025-04-15 10:56:50,2,98.6651859919448
2025-04-15 10:57:00,3,99.4992969110012
2025-04-15 10:57:10,4,93.4552698200706
2025-04-15 10:57:20,1,91.3204390208486
2025-04-15 10:57:30,2,98.7851616793226
2025-04-15 10:57:40,3,99.4211127136412
2025-04-15 10:57:50,4,93.1843304163608
2025-04-15 10:58:00,1,91.6250895293362
2025-04-15 10:58:10,2,98.899521563418
2025-04-15 10:58:20,3,99.3372765600396
2025-04-15 10:58:30,4,92.9080936090761
2025-04-15 10:58:40,1,91.9245312749915
2025-04-15 10:58:50,2,99.0082591430257
2025-04-15 10:59:00,3,99.2477932161689
2025-04-15 10:59:10,4,92.6265751019067
2025-04-15 10:59:20,1,92.2187472349549
2025-04-15 10:59:30,2,99.1113682365609
2025-04-15 10:59:40,3,99.1526677690365
2025-04-15 10:59:50,4,92.3397908988001
2025-04-15 11:00:00,1,92.5077206834458
2025-04-15 11:00:10,2,99.2088429824105
2025-04-15 11:00:20,3,99.0519056263959
2025-04-15 11:00:30,4,92.0477573030519
2025-04-15 11:00:40,1,92.7914351927131
2025-04-15 11:00:50,2,99.3006778392668
2025-04-15 11:01:00,3,98.9455125164389
2025-04-15 11:01:10,4,91.7504909163783
2025-04-15 11:01:20,1,93.0698746339693
2025-04-15 11:01:30,2,99.3868675864418
2025-04-15 11:01:40,3,98.8334944874706
2025-04-15 11:01:50,4,91.4480086379725
2025-04-15 11:02:00,1,93.3430231783077
2025-04-15 11:02:10,2,99.4674073241646
2025-04-15 11:02:20,3,98.7158579075648
2025-04-15 11:02:30,4,91.1403276635445
2025-04-15 11:02:40,1,93.6108652976015
2025-04-15 11:02:50,2,99.5422924738597
2025-04-15 11:03:00,3,98.5926094642026
2025-04-15 11:03:10,4,90.8274654843429
2025-04-15 11:03:20,1,93.8733857653874
2025-04-15 11:03:30,2,99.6115187784073
2025-04-15 11:03:40,3,98.4637561638919
2025-04-15 11:03:50,4,90.5094398861608
2025-04-15 11:04:00,1,94.1305696577307
2025-04-15 11:04:10,2,99.6750823023852
2025-04-15 11:04:20,3,98.3293053317689
2025-04-15 11:04:30,4,90.1862689483248
2025-04-15 11:04:40,1,94.3824023540737
2025-04-15 11:04:50,2,99.7329794322929
2025-04-15 11:05:00,3,98.1892646111825
2025-04-15 11:05:10,4,89.8579710426671
2025-04-15 11:05:20,1,94.6288695380672
2025-04-15 11:05:30,2,99.7852068767565
2025-04-15 11:05:40,3,98.0436419632587
2025-04-15 11:05:50,4,89.5245648324812
2025-04-15 11:06:00,1,94.8699571983839
2025-04-15 11:06:10,2,99.8317616667162
2025-04-15 11:06:20,3,97.8924456664487
2025-04-15 11:06:30,4,89.1860692714605
2025-04-15 11:06:40,1,95.1056516295154
2025-04-15 11:06:50,2,99.872641155595
2025-04-15 11:07:00,3,97.7356843160583
2025-04-15 11:07:10,4,88.8425036026216
2025-04-15 11:07:20,1,95.3359394325509
2025-04-15 11:07:30,2,99.907843019449
2025-04-15 11:07:40,3,97.5733668237589
2025-04-15 11:07:50,4,88.4938873572094
2025-04-15 11:08:00,1,95.5608075159392
2025-04-15 11:08:10,2,99.9373652570997
2025-04-15 11:08:20,3,97.4055024170811
2025-04-15 11:08:30,4,88.1402403535879
2025-04-15 11:08:40,1,95.7802430962329
2025-04-15 11:08:50,2,99.9612061902477
2025-04-15 11:09:00,3,97.2321006388902
2025-04-15 11:09:10,4,87.7815826961121
2025-04-15 11:09:20,1,95.9942336988152
2025-04-15 11:09:30,2,99.979364463568
2025-04-15 11:09:40,3,97.0531713468435
2025-04-15 11:09:50,4,87.4179347739868
2025-04-15 11:10:00,1,96.2027671586086
2025-04-15 11:10:10,2,99.9918390447874
2025-04-15 11:10:20,3,96.8687247128301
2025-04-15 11:10:30,4,87.0493172601059
2025-04-15 11:10:40,1,96.4058316207671
2025-04-15 11:10:50,2,99.9986292247427
2025-04-15 11:11:00,3,96.6787712223926
2025-04-15 11:11:10,4,86.6757511098783
2025-04-15 11:11:20,1,96.6034155413497
2025-04-15 11:11:30,2,99.9997346174213
2025-04-15 11:11:40,3,96.4833216741307
2025-04-15 11:11:50,4,86.297257560036
2025-04-15 11:12:00,1,96.7955076879769
2025-04-15 11:12:10,2,99.9951551599831
2025-04-15 11:12:20,3,96.2823871790878
2025-04-15 11:12:30,4,85.9138581274272
2025-04-15 11:12:40,1,96.9820971404691
2025-04-15 11:12:50,2,99.9848911127641
2025-04-15 11:13:00,3,96.0759791601192
2025-04-15 11:13:10,4,85.5255746077929
2025-04-15 11:13:20,1,97.1631732914674
2025-04-15 11:13:30,2,99.9689430592616
2025-04-15 11:13:40,3,95.8641093512426
2025-04-15 11:13:50,4,85.1324290745276
2025-04-15 11:14:00,1,97.3387258470367
2025-04-15 11:14:10,2,99.9473119061009
2025-04-15 11:14:20,3,95.6467897969708
2025-04-15 11:14:30,4,84.734443877425
2025-04-15 11:14:40,1,97.5087448272509
2025-04-15 11:14:50,2,99.9199988829839
2025-04-15 11:15:00,3,95.4240328516277
2025-04-15 11:15:10,4,84.3316416414071
2025-04-15 11:15:20,1,97.6732205667602
2025-04-15 11:15:30,2,99.8870055426191
2025-04-15 11:15:40,3,95.1958511786453
2025-04-15 11:15:50,4,83.9240452652382
2025-04-15 11:16:00,1,97.8321437153403
2025-04-15 11:16:10,2,99.8483337606335
2025-04-15 11:16:20,3,94.9622577498441
2025-04-15 11:16:30,4,83.5116779202225
2025-04-15 11:16:40,1,97.9855052384247
2025-04-15 11:16:50,2,99.8039857354658
2025-04-15 11:17:00,3,94.7232658446958
2025-04-15 11:17:10,4,83.0945630488882
2025-04-15 11:17:20,1,98.1332964176173
2025-04-15 11:17:30,2,99.7539639882414
2025-04-15 11:17:40,3,94.4788890495679
2025-04-15 11:17:50,4,82.672724363653
2025-04-15 11:18:00,1,98.275508851189
2025-04-15 11:18:10,2,99.6982713626292
2025-04-15 11:18:20,3,94.2291412569519
2025-04-15 11:18:30,4,82.2461858454779
2025-04-15 11:18:40,1,98.4121344545545
2025-04-15 11:18:50,2,99.6369110246798
2025-04-15 11:19:00,3,93.9740366646731
2025-04-15 11:19:10,4,81.8149717425023
2025-04-15 11:19:20,1,98.5431654607325
2025-04-15 11:19:30,2,99.5698864626459
2025-04-15 11:19:40,3,93.7135897750837
2025-04-15 11:19:50,4,81.3791065686672
2025-04-15 11:20:00,1,98.6685944207868
2025-04-15 11:20:10,2,99.4972014867834
2025-04-15 11:20:20,3,93.4478153942383
2025-04-15 11:20:30,4,80.9386151023197
2025-04-15 11:20:40,1,98.7884142042502
2025-04-15 11:20:50,2,99.4188602291352
2025-04-15 11:21:00,3,93.1767286310522
2025-04-15 11:21:10,4,80.4935223848062
2025-04-15 11:21:20,1,98.9026179995295
2025-04-15 11:21:30,2,99.3348671432962
2025-04-15 11:21:40,3,92.9003448964425
2025-04-15 11:21:50,4,80.0438537190477
2025-04-15 11:22:00,1,99.0111993142929
2025-04-15 11:22:10,2,99.2452270041602
2025-04-15 11:22:20,3,92.6186799024519
2025-04-15 11:22:30,4,79.5896346681016
2025-04-15 11:22:40,1,99.114151975839
2025-04-15 11:22:50,2,99.1499449076481
2025-04-15 11:23:00,3,92.3317496613556
2025-04-15 11:23:10,4,79.1308910537087
2025-04-15 11:23:20,1,99.2114701314478
2025-04-15 11:23:30,2,99.0490262704187
2025-04-15 11:23:40,3,92.0395704847512
2025-04-15 11:23:50,4,78.6676489548252
2025-04-15 11:24:00,1,99.3031482487132
2025-04-15 11:24:10,2,98.9424768295606
2025-04-15 11:24:20,3,91.7421589826309
2025-04-15 11:24:30,4,78.1999347061399
2025-04-15 11:24:40,1,99.389181115858
2025-04-15 11:24:50,2,98.8303026422658
2025-04-15 11:25:00,3,91.4395320624377
2025-04-15 11:25:10,4,77.7277748965774
2025-04-15 11:25:20,1,99.4695638420296
2025-04-15 11:25:30,2,98.7125100854857
2025-04-15 11:25:40,3,91.1317069281042
2025-04-15 11:25:50,4,77.2511963677865
2025-04-15 11:26:00,1,99.5442918575783
2025-04-15 11:26:10,2,98.5891058555683
2025-04-15 11:26:20,3,90.8187010790742
2025-04-15 11:26:30,4,76.7702262126139
2025-04-15 11:26:40,1,99.6133609143173
2025-04-15 11:26:50,2,98.4600969678777
2025-04-15 11:27:00,3,90.5005323093084
2025-04-15 11:27:10,4,76.2848917735649
2025-04-15 11:27:20,1,99.6767670857636
2025-04-15 11:27:30,2,98.3254907563955
2025-04-15 11:27:40,3,90.1772187062725
2025-04-15 11:27:50,4,75.7952206412479
2025-04-15 11:28:00,1,99.734506767362
2025-04-15 11:28:10,2,98.185294873303
2025-04-15 11:28:20,3,89.8487786499089
2025-04-15 11:28:30,4,75.301240652807
2025-04-15 11:28:40,1,99.7865766766894
2025-04-15 11:28:50,2,98.0395172885475
2025-04-15 11:29:00,3,89.5152308115921
2025-04-15 11:29:10,4,74.8029798903382
2025-04-15 11:29:20,1,99.8329738536417
2025-04-15 11:29:30,2,97.8881662893881
2025-04-15 11:29:40,3,89.1765941530672
2025-04-15 11:29:50,4,74.3004666792948
2025-04-15 11:30:00,1,99.8736956606017
2025-04-15 11:30:10,2,97.731250479925
2025-04-15 11:30:20,3,88.8328879253717
2025-04-15 11:30:30,4,73.7937295868749
2025-04-15 11:30:40,1,99.9087397825899
2025-04-15 11:30:50,2,97.5687787806105
2025-04-15 11:31:00,3,88.4841316677414
2025-04-15 11:31:10,4,73.2827974203995
2025-04-15 11:31:20,1,99.9381042273949
2025-04-15 11:31:30,2,97.4007604277417
2025-04-15 11:31:40,3,88.1303452064993
2025-04-15 11:31:50,4,72.7676992256736
2025-04-15 11:32:00,1,99.9617873256878
2025-04-15 11:32:10,2,97.2272049729355
2025-04-15 11:32:20,3,87.7715486539289
2025-04-15 11:32:30,4,72.248464285335
2025-04-15 11:32:40,1,99.9797877311163
2025-04-15 11:32:50,2,97.0481222825856
2025-04-15 11:33:00,3,87.4077624071306
2025-04-15 11:33:10,4,71.7251221171902
2025-04-15 11:33:20,1,99.9921044203816
2025-04-15 11:33:30,2,96.8635225373014
2025-04-15 11:33:40,3,87.039007146862
2025-04-15 11:33:50,4,71.1977024725361
2025-04-15 11:34:00,1,99.9987366932966
2025-04-15 11:34:10,2,96.6734162313297
2025-04-15 11:34:20,3,86.6653038363629
2025-04-15 11:34:30,4,70.6662353344685
2025-04-15 11:34:40,1,99.9996841728254
2025-04-15 11:34:50,2,96.4778141719577
2025-04-15 11:35:00,3,86.2866737201625
2025-04-15 11:35:10,4,70.1307509161779
2025-04-15 11:35:20,1,99.9949468051052
2025-04-15 11:35:30,2,96.2767274788989
2025-04-15 11:35:40,3,85.9031383228726
2025-04-15 11:35:50,4,69.5912796592315
2025-04-15 11:36:00,1,99.9845248594489
2025-04-15 11:36:10,2,96.0701675836606
2025-04-15 11:36:20,3,85.5147194479635
2025-04-15 11:36:30,4,69.047852231843
2025-04-15 11:36:40,1,99.96841892833
2025-04-15 11:36:50,2,95.8581462288944
2025-04-15 11:37:00,3,85.1214391765248
2025-04-15 11:37:10,4,68.5004995271295
2025-04-15 11:37:20,1,99.9466299273491
2025-04-15 11:37:30,2,95.6406754677287
2025-04-15 11:37:40,3,84.7233198660097
2025-04-15 11:37:50,4,67.949252661354
2025-04-15 11:38:00,1,99.9191590951814
2025-04-15 11:38:10,2,95.4177676630831
2025-04-15 11:38:20,3,84.3203841489643
2025-04-15 11:38:30,4,67.3941429721582
2025-04-15 11:38:40,1,99.8860079935069
2025-04-15 11:38:50,2,95.1894354869656
2025-04-15 11:39:00,3,83.9126549317411
2025-04-15 11:39:10,4,66.8352020167792
2025-04-15 11:39:20,1,99.8471785069208
2025-04-15 11:39:30,2,94.9556919197529
2025-04-15 11:39:40,3,83.5001553931964
2025-04-15 11:39:50,4,66.2724615702574
2025-04-15 11:40:00,1,99.8026728428271
2025-04-15 11:40:10,2,94.7165502494515
2025-04-15 11:40:20,3,83.0829089833729
2025-04-15 11:40:30,4,65.7059536236281
2025-04-15 11:40:40,1,99.752493531313
2025-04-15 11:40:50,2,94.4720240709431
2025-04-15 11:41:00,3,82.6609394221667
2025-04-15 11:41:10,4,65.1357103821048
2025-04-15 11:41:20,1,99.6966434250046
2025-04-15 11:41:30,2,94.2221272852114
2025-04-15 11:41:40,3,82.2342706979785
2025-04-15 11:41:50,4,64.561764263247
2025-04-15 11:42:00,1,99.6351256989051
2025-04-15 11:42:10,2,93.9668740985517
2025-04-15 11:42:20,3,81.80292706635
2025-04-15 11:42:30,4,63.9841478951178
2025-04-15 11:42:40,1,99.5679438502144
2025-04-15 11:42:50,2,93.7062790217637
2025-04-15 11:43:00,3,81.3669330485854
2025-04-15 11:43:10,4,63.4028941144293
2025-04-15 11:43:20,1,99.49510169813
2025-04-15 11:43:30,2,93.4403568693261
2025-04-15 11:43:40,3,80.9263134303567
2025-04-15 11:43:50,4,62.8180359646753
2025-04-15 11:44:00,1,99.4166033836301
2025-04-15 11:44:10,2,93.1691227585549
2025-04-15 11:44:20,3,80.4810932602955
2025-04-15 11:44:30,4,62.2296066942533
2025-04-15 11:44:40,1,99.332453369238
2025-04-15 11:44:50,2,92.8925921087437
2025-04-15 11:45:00,3,80.0312978485683
2025-04-15 11:45:10,4,61.6376397545741
2025-04-15 11:45:20,1,99.2426564387686
2025-04-15 11:45:30,2,92.6107806402871
2025-04-15 11:45:40,3,79.5769527654378
2025-04-15 11:45:50,4,61.0421687981603
2025-04-15 11:46:00,1,99.1472176970564
2025-04-15 11:46:10,2,92.3237043737873
2025-04-15 11:46:20,3,79.1180838398096
2025-04-15 11:46:30,4,60.4432276767329
2025-04-15 11:46:40,1,99.0461425696651
2025-04-15 11:46:50,2,92.0313796291431
2025-04-15 11:47:00,3,78.6547171577636
2025-04-15 11:47:10,4,59.8408504392878
2025-04-15 11:47:20,1,98.9394368025796
2025-04-15 11:47:30,2,91.7338230246222
2025-04-15 11:47:40,3,78.186879061071
2025-04-15 11:47:50,4,59.2350713301584
2025-04-15 11:48:00,1,98.8271064618789
2025-04-15 11:48:10,2,91.4310514759163
2025-04-15 11:48:20,3,77.7145961456971
2025-04-15 11:48:30,4,58.625924787071
2025-04-15 11:48:40,1,98.7091579333913
2025-04-15 11:48:50,2,91.1230821951799
2025-04-15 11:49:00,3,77.2378952602889
2025-04-15 11:49:10,4,58.0134454391849
2025-04-15 11:49:20,1,98.5855979223319
2025-04-15 11:49:30,2,90.8099326900516
2025-04-15 11:49:40,3,76.7568035046492
2025-04-15 11:49:50,4,57.397668105126
2025-04-15 11:50:00,1,98.4564334529205
2025-04-15 11:50:10,2,90.4916207626585
2025-04-15 11:50:20,3,76.2713482281958
2025-04-15 11:50:30,4,56.7786277910051
2025-04-15 11:50:40,1,98.3216718679833
2025-04-15 11:50:50,2,90.1681645086047
2025-04-15 11:51:00,3,75.7815570284068
2025-04-15 11:51:10,4,56.1563596884303
2025-04-15 11:51:20,1,98.1813208285346
2025-04-15 11:51:30,2,89.8395823159422
2025-04-15 11:51:40,3,75.2874577492518
2025-04-15 11:51:50,4,55.5308991725038
2025-04-15 11:52:00,1,98.035388313342
2025-04-15 11:52:10,2,89.5058928641257
2025-04-15 11:52:20,3,74.7890784796085
2025-04-15 11:52:30,4,54.9022817998133
2025-04-15 11:52:40,1,97.883882618472
2025-04-15 11:52:50,2,89.1671151229508
2025-04-15 11:53:00,3,74.2864475516669
2025-04-15 11:53:10,4,54.2705433064086
2025-04-15 11:53:20,1,97.7268123568193
2025-04-15 11:53:30,2,88.8232683514753
2025-04-15 11:53:40,3,73.7795935393175
2025-04-15 11:53:50,4,53.6357196057718
2025-04-15 11:54:00,1,97.5641864576166
2025-04-15 11:54:10,2,88.4743720969249
2025-04-15 11:54:20,3,73.2685452565278
2025-04-15 11:54:30,4,52.9978467867749
2025-04-15 11:54:40,1,97.3960141659269
2025-04-15 11:54:50,2,88.1204461935811
2025-04-15 11:55:00,3,72.7533317557038
2025-04-15 11:55:10,4,52.3569611116271
2025-04-15 11:55:20,1,97.2223050421184
2025-04-15 11:55:30,2,87.7615107616546
2025-04-15 11:55:40,3,72.2339823260384
2025-04-15 11:55:50,4,51.7130990138157
2025-04-15 11:56:00,1,97.0430689613206
2025-04-15 11:56:10,2,87.3975862061408
2025-04-15 11:56:20,3,71.7105264918468
2025-04-15 11:56:30,4,51.0662970960327
2025-04-15 11:56:40,1,96.8583161128631
2025-04-15 11:56:50,2,87.0286932156602
2025-04-15 11:57:00,3,71.1829940108873
2025-04-15 11:57:10,4,50.4165921280957
2025-04-15 11:57:20,1,96.6680569996963
2025-04-15 11:57:30,2,86.6548527612819
2025-04-15 11:57:40,3,70.6514148726707
2025-04-15 11:57:50,4,49.7640210448557
2025-04-15 11:58:00,1,96.4723024377943
2025-04-15 11:58:10,2,86.276086095332
2025-04-15 11:58:20,3,70.1158192967542
2025-04-15 11:58:30,4,49.1086209440998
2025-04-15 11:58:40,1,96.2710635555401
2025-04-15 11:58:50,2,85.8924147501847
2025-04-15 11:59:00,3,69.5762377310245
2025-04-15 11:59:10,4,48.4504290844397
2025-04-15 11:59:20,1,96.0643517930928
2025-04-15 11:59:30,2,85.5038605370389
2025-04-15 11:59:40,3,69.0327008499661
2025-04-15 11:59:50,4,47.789482883196
2025-04-15 12:00:00,1,95.8521789017376
2025-04-15 12:00:10,2,85.1104455446779
2025-04-15 12:00:20,3,68.4852395529182
2025-04-15 12:00:30,4,47.1258199142687
2025-04-15 12:00:40,1,95.6345569432173
2025-04-15 12:00:50,2,84.7121921382137
2025-04-15 12:01:00,3,67.9338849623174
2025-04-15 12:01:10,4,46.4594779060035
2025-04-15 12:01:20,1,95.4114982890469
2025-04-15 12:01:30,2,84.3091229578155
2025-04-15 12:01:40,3,67.3786684219291
2025-04-15 12:01:50,4,45.7904947390449
2025-04-15 12:02:00,1,95.1830156198101
2025-04-15 12:02:10,2,83.9012609174231
2025-04-15 12:02:20,3,66.8196214950652
2025-04-15 12:02:30,4,45.1189084441846
2025-04-15 12:02:40,1,94.9491219244389
2025-04-15 12:02:50,2,83.4886292034435
2025-04-15 12:03:00,3,66.2567759627898
2025-04-15 12:03:10,4,44.4447572001978
2025-04-15 12:03:20,1,94.7098304994744
2025-04-15 12:03:30,2,83.0712512734335
2025-04-15 12:03:40,3,65.6901638221128
2025-04-15 12:03:50,4,43.7680793316745
2025-04-15 12:04:00,1,94.4651549483117
2025-04-15 12:04:10,2,82.6491508547658
2025-04-15 12:04:20,3,65.1198172841706
2025-04-15 12:04:30,4,43.0889133068387
2025-04-15 12:04:40,1,94.2151091804259
2025-04-15 12:04:50,2,82.2223519432803
2025-04-15 12:05:00,3,64.5457687723951
2025-04-15 12:05:10,4,42.4072977353638
2025-04-15 12:05:20,1,93.959707410582
2025-04-15 12:05:30,2,81.7908788019197
2025-04-15 12:05:40,3,63.9680509206704
2025-04-15 12:05:50,4,41.7232713661765
2025-04-15 12:06:00,1,93.6989641580263
2025-04-15 12:06:10,2,81.3547559593506
2025-04-15 12:06:20,3,63.3866965714776
2025-04-15 12:06:30,4,41.0368730852534
2025-04-15 12:06:40,1,93.4328942456612
2025-04-15 12:06:50,2,80.9140082085686
2025-04-15 12:07:00,3,62.8017387740277
2025-04-15 12:07:10,4,40.3481419134119
2025-04-15 12:07:20,1,93.1615127992026
2025-04-15 12:07:30,2,80.4686606054892
2025-04-15 12:07:40,3,62.2132107823832
2025-04-15 12:07:50,4,39.6571170040903
2025-04-15 12:08:00,1,92.8848352463199
2025-04-15 12:08:10,2,80.0187384675235
2025-04-15 12:08:20,3,61.621146053567
2025-04-15 12:08:30,4,38.9638376411237
2025-04-15 12:08:40,1,92.602877315759
2025-04-15 12:08:50,2,79.5642673721384
2025-04-15 12:09:00,3,61.0255782456609
2025-04-15 12:09:10,4,38.2683432365089
2025-04-15 12:09:20,1,92.3156550364483
2025-04-15 12:09:30,2,79.105273155403
2025-04-15 12:09:40,3,60.4265412158919
2025-04-15 12:09:50,4,37.5706733281658
2025-04-15 12:10:00,1,92.0231847365871
2025-04-15 12:10:10,2,78.64178191052
2025-04-15 12:10:20,3,59.8240690187077
2025-04-15 12:10:30,4,36.8708675776876
2025-04-15 12:10:40,1,91.7254830427177
2025-04-15 12:10:50,2,78.1738199863418
2025-04-15 12:11:00,3,59.2181959038406
2025-04-15 12:11:10,4,36.1689657680887
2025-04-15 12:11:20,1,91.4225668787801
2025-04-15 12:11:30,2,77.7014139858731
2025-04-15 12:11:40,3,58.6089563143605
2025-04-15 12:11:50,4,35.46500780154
2025-04-15 12:12:00,1,91.11445346515
2025-04-15 12:12:10,2,77.2245907647581
2025-04-15 12:12:20,3,57.9963848847167
2025-04-15 12:12:30,4,34.7590336971038
2025-04-15 12:12:40,1,90.8011603176595
2025-04-15 12:12:50,2,76.7433774297543
2025-04-15 12:13:00,3,57.3805164387694
2025-04-15 12:13:10,4,34.0510835884556
2025-04-15 12:13:20,1,90.4827052466019
2025-04-15 12:13:30,2,76.257801337191
2025-04-15 12:13:40,3,56.7613859878096
2025-04-15 12:13:50,4,33.3411977216054
2025-04-15 12:14:00,1,90.1591063557186
2025-04-15 12:14:10,2,75.7678900914147
2025-04-15 12:14:20,3,56.1390287285687
2025-04-15 12:14:30,4,32.6294164526072
2025-04-15 12:14:40,1,89.8303820411704
2025-04-15 12:14:50,2,75.2736715432191
2025-04-15 12:15:00,3,55.5134800412182
2025-04-15 12:15:10,4,31.9157802452669
2025-04-15 12:15:20,1,89.4965509904915
2025-04-15 12:15:30,2,74.7751737882627
2025-04-15 12:15:40,3,54.8847754873575
2025-04-15 12:15:50,4,31.2003296688415
2025-04-15 12:16:00,1,89.157632181527
2025-04-15 12:16:10,2,74.2724251654708
2025-04-15 12:16:20,3,54.2529508079932
2025-04-15 12:16:30,4,30.483105395731
2025-04-15 12:16:40,1,88.8136448813544
2025-04-15 12:16:50,2,73.7654542554249
2025-04-15 12:17:00,3,53.6180419215066
2025-04-15 12:17:10,4,29.7641481991693
2025-04-15 12:17:20,1,88.4646086451882
2025-04-15 12:17:30,2,73.2542898787379
2025-04-15 12:17:40,3,52.9800849216119
2025-04-15 12:17:50,4,29.0434989509032
2025-04-15 12:18:00,1,88.1105433152676
2025-04-15 12:18:10,2,72.7389610944156
2025-04-15 12:18:20,3,52.339116075305
2025-04-15 12:18:30,4,28.3211986188718
2025-04-15 12:18:40,1,87.7514690197297
2025-04-15 12:18:50,2,72.2194971982047
2025-04-15 12:19:00,3,51.6951718208004
2025-04-15 12:19:10,4,27.5972882648745
2025-04-15 12:19:20,1,87.3874061714639
2025-04-15 12:19:30,2,71.6959277209276
2025-04-15 12:19:40,3,51.0482887654612
2025-04-15 12:19:50,4,26.8718090422399
2025-04-15 12:20:00,1,87.0183754669526
2025-04-15 12:20:10,2,71.168282426803
2025-04-15 12:20:20,3,50.398503683717
2025-04-15 12:20:30,4,26.1448021934832
2025-04-15 12:20:40,1,86.6443978850937
2025-04-15 12:20:50,2,70.636591311755
2025-04-15 12:21:00,3,49.7458535149739
2025-04-15 12:21:10,4,25.4163090479644
2025-04-15 12:21:20,1,86.2654946860088
2025-04-15 12:21:30,2,70.1008846017066
2025-04-15 12:21:40,3,49.0903753615141
2025-04-15 12:21:50,4,24.6863710195362
2025-04-15 12:22:00,1,85.8816874098339
2025-04-15 12:22:10,2,69.5611927508622
2025-04-15 12:22:20,3,48.4321064863872
2025-04-15 12:22:30,4,23.9550296041923
2025-04-15 12:22:40,1,85.4929978754953
2025-04-15 12:22:50,2,69.0175464399761
2025-04-15 12:23:00,3,47.7710843112914
2025-04-15 12:23:10,4,23.2223263777056
2025-04-15 12:23:20,1,85.0994481794691
2025-04-15 12:23:30,2,68.4699765746081
2025-04-15 12:23:40,3,47.1073464144462
2025-04-15 12:23:50,4,22.4883029932676
2025-04-15 12:24:00,1,84.7010606945252
2025-04-15 12:24:10,2,67.9185142833671
2025-04-15 12:24:20,3,46.4409305284565
2025-04-15 12:24:30,4,21.7530011791176
2025-04-15 12:24:40,1,84.2978580684548
2025-04-15 12:24:50,2,67.3631909161409
2025-04-15 12:25:00,3,45.7718745381671
2025-04-15 12:25:10,4,21.0164627361728
2025-04-15 12:25:20,1,83.889863222784
2025-04-15 12:25:30,2,66.8040380423144
2025-04-15 12:25:40,3,45.1002164785091
2025-04-15 12:25:50,4,20.2787295356513
2025-04-15 12:26:00,1,83.4770993514695
2025-04-15 12:26:10,2,66.2410874489748
2025-04-15 12:26:20,3,44.4259945323378
2025-04-15 12:26:30,4,19.5398435166903
2025-04-15 12:26:40,1,83.0595899195812
2025-04-15 12:26:50,2,65.6743711391044
2025-04-15 12:27:00,3,43.7492470282621
2025-04-15 12:27:10,4,18.7998466839649
2025-04-15 12:27:20,1,82.6373586619675
2025-04-15 12:27:30,2,65.1039213297615
2025-04-15 12:27:40,3,43.0700124384651
2025-04-15 12:27:50,4,18.0587811052966
2025-04-15 12:28:00,1,82.2104295819062
2025-04-15 12:28:10,2,64.529770450249
2025-04-15 12:28:20,3,42.3883293765181
2025-04-15 12:28:30,4,17.3166889092655
2025-04-15 12:28:40,1,81.7788269497401
2025-04-15 12:28:50,2,63.9519511402702
2025-04-15 12:29:00,3,41.7042365951841
2025-04-15 12:29:10,4,16.5736122828119
2025-04-15 12:29:20,1,81.3425753014969
2025-04-15 12:29:30,2,63.3704962480742
2025-04-15 12:29:40,3,41.0177729842155
2025-04-15 12:29:50,4,15.8295934688409
2025-04-15 12:30:00,1,80.9016994374948
2025-04-15 12:30:10,2,62.7854388285876
2025-04-15 12:30:20,3,40.3289775681434
2025-04-15 12:30:30,4,15.0846747638187
2025-04-15 12:30:40,1,80.4562244209324
2025-04-15 12:30:50,2,62.1968121415364
2025-04-15 12:31:00,3,39.6378895040585
2025-04-15 12:31:10,4,14.3388985153702
2025-04-15 12:31:20,1,80.0061755764639
2025-04-15 12:31:30,2,61.6046496495541
2025-04-15 12:31:40,3,38.9445480793859
2025-04-15 12:31:50,4,13.592307119869
2025-04-15 12:32:00,1,79.5515784887595
2025-04-15 12:32:10,2,61.0089850162802
2025-04-15 12:32:20,3,38.2489927096509
2025-04-15 12:32:30,4,12.8449430200304
2025-04-15 12:32:40,1,79.0924590010509
2025-04-15 12:32:50,2,60.4098521044461
2025-04-15 12:33:00,3,37.5512629362386
2025-04-15 12:33:10,4,12.0968487024953
2025-04-15 12:33:20,1,78.6288432136618
2025-04-15 12:33:30,2,59.8072849739503
2025-04-15 12:33:40,3,36.8513984241463
2025-04-15 12:33:50,4,11.348066695418
2025-04-15 12:34:00,1,78.1607574825252
2025-04-15 12:34:10,2,59.201317879922
2025-04-15 12:34:20,3,36.149438959728
2025-04-15 12:34:30,4,10.5986395660454
2025-04-15 12:34:40,1,77.6882284176837
2025-04-15 12:34:50,2,58.5919852707735
2025-04-15 12:35:00,3,35.4454244484331
2025-04-15 12:35:10,4,9.84860991830052
2025-04-15 12:35:20,1,77.2112828817778
2025-04-15 12:35:30,2,57.9793217862423
2025-04-15 12:35:40,3,34.7393949125374
2025-04-15 12:35:50,4,9.09802039035699
2025-04-15 12:36:00,1,76.7299479885182
2025-04-15 12:36:10,2,57.3633622554218
2025-04-15 12:36:20,3,34.0313904888685
2025-04-15 12:36:30,4,8.3469136522181
2025-04-15 12:36:40,1,76.2442511011448
2025-04-15 12:36:50,2,56.7441416947809
2025-04-15 12:37:00,3,33.3214514265235
2025-04-15 12:37:10,4,7.59533240328979
2025-04-15 12:37:20,1,75.7542198308709
2025-04-15 12:37:30,2,56.1216953061738
2025-04-15 12:37:40,3,32.609618084581
2025-04-15 12:37:50,4,6.84331936995224
2025-04-15 12:38:00,1,75.2598820353138
2025-04-15 12:38:10,2,55.4960584748387
2025-04-15 12:38:20,3,31.895930929807
2025-04-15 12:38:30,4,6.09091730313343
2025-04-15 12:38:40,1,74.7612658169107
2025-04-15 12:38:50,2,54.8672667673861
2025-04-15 12:39:00,3,31.1804305343543
2025-04-15 12:39:10,4,5.33816897587593
2025-04-15 12:39:20,1,74.2583995213216
2025-04-15 12:39:30,2,54.235355929777
2025-04-15 12:39:40,3,30.463157573456
2025-04-15 12:39:50,4,4.58511718090817
2025-04-15 12:40:00,1,73.7513117358174
2025-04-15 12:40:10,2,53.6003618852907
2025-04-15 12:40:20,3,29.7441528231129
2025-04-15 12:40:30,4,3.83180472820891
2025-04-15 12:40:40,1,73.2400312876553
2025-04-15 12:40:50,2,52.9623207324825
2025-04-15 12:41:00,3,29.0234571577758
2025-04-15 12:41:10,4,3.07827444257635
2025-04-15 12:41:20,1,72.7245872424396
2025-04-15 12:41:30,2,52.3212687431322
2025-04-15 12:41:40,3,28.301111548022
2025-04-15 12:41:50,4,2.32456916119077
2025-04-15 12:42:00,1,72.2050089024694
2025-04-15 12:42:10,2,51.6772423601811
2025-04-15 12:42:20,3,27.5771570582257
2025-04-15 12:42:30,4,1.57073173118218
2025-04-15 12:42:40,1,71.681325805073
2025-04-15 12:42:50,2,51.030278195661
2025-04-15 12:43:00,3,26.8516348442236
2025-04-15 12:43:10,4,0.816805007191614
2025-04-15 12:43:20,1,71.1535677209285
2025-04-15 12:43:30,2,50.3804130286126
2025-04-15 12:43:40,3,26.1245861509757
2025-04-15 12:43:50,4,0.0628318489377651
2025-04-15 12:44:00,1,70.6217646523717
2025-04-15 12:44:10,2,49.7276838029946
2025-04-15 12:44:20,3,25.3960523102202
2025-04-15 12:44:30,4,-0.691144881222356
2025-04-15 12:44:40,1,70.0859468316901
2025-04-15 12:44:50,2,49.0721276255836
2025-04-15 12:45:00,3,24.6660747381239
2025-04-15 12:45:10,4,-1.44508232072726
2025-04-15 12:45:20,1,69.5461447194047
2025-04-15 12:45:30,2,48.4137817638646
2025-04-15 12:45:40,3,23.9346949329278
2025-04-15 12:45:50,4,-2.19893760925052
2025-04-15 12:46:00,1,69.0023890025377
2025-04-15 12:46:10,2,47.7526836439125
2025-04-15 12:46:20,3,23.2019544725878
2025-04-15 12:46:30,4,-2.95266789113477
2025-04-15 12:46:40,1,68.4547105928688
2025-04-15 12:46:50,2,47.0888708482643
2025-04-15 12:47:00,3,22.4678950124115
2025-04-15 12:47:10,4,-3.70623031782916
2025-04-15 12:47:20,1,67.9031406251774
2025-04-15 12:47:30,2,46.4223811137824
2025-04-15 12:47:40,3,21.7325582826898
2025-04-15 12:47:50,4,-4.45958205032621
2025-04-15 12:48:00,1,67.3477104554725
2025-04-15 12:48:10,2,45.7532523295101
2025-04-15 12:48:20,3,20.9959860863242
2025-04-15 12:48:30,4,-5.2126802615947
2025-04-15 12:48:40,1,66.7884516592106
2025-04-15 12:48:50,2,45.0815225345166
2025-04-15 12:49:00,3,20.2582202964517
2025-04-15 12:49:10,4,-5.96548213901719
2025-04-15 12:49:20,1,66.2253960295005
2025-04-15 12:49:30,2,44.4072299157354
2025-04-15 12:49:40,3,19.5193028540627
2025-04-15 12:49:50,4,-6.717944886821
2025-04-15 12:50:00,1,65.6585755752957
2025-04-15 12:50:10,2,43.730412805793
2025-04-15 12:50:20,3,18.7792757656178
2025-04-15 12:50:30,4,-7.4700257285139
2025-04-15 12:50:40,1,65.0880225195749
2025-04-15 12:50:50,2,43.0511096808296
2025-04-15 12:51:00,3,18.0381811006594
2025-04-15 12:51:10,4,-8.22168190931312
2025-04-15 12:51:20,1,64.5137692975103
2025-04-15 12:51:30,2,42.3693591583122
2025-04-15 12:51:40,3,17.2960609894204
2025-04-15 12:51:50,4,-8.97287069857869
2025-04-15 12:52:00,1,63.9358485546235
2025-04-15 12:52:10,2,41.6851999948392
2025-04-15 12:52:20,3,16.5529576204286
2025-04-15 12:52:30,4,-9.72354939223982
2025-04-15 12:52:40,1,63.3542931449297
2025-04-15 12:52:50,2,40.9986710839367
2025-04-15 12:53:00,3,15.8089132381089
2025-04-15 12:53:10,4,-10.4736753152254
2025-04-15 12:53:20,1,62.7691361290701
2025-04-15 12:53:30,2,40.3098114538479
2025-04-15 12:53:40,3,15.0639701403814
2025-04-15 12:53:50,4,-11.2232058238871
2025-04-15 12:54:00,1,62.180410772432
2025-04-15 12:54:10,2,39.6186602653142
2025-04-15 12:54:20,3,14.3181706762572
2025-04-15 12:54:30,4,-11.9720983084265
2025-04-15 12:54:40,1,61.5881505432588
2025-04-15 12:54:50,2,38.925256809349
2025-04-15 12:55:00,3,13.5715572434305
2025-04-15 12:55:10,4,-12.7203101953147
2025-04-15 12:55:20,1,60.9923891107459
2025-04-15 12:55:30,2,38.2296405050041
2025-04-15 12:55:40,3,12.8241722858685
2025-04-15 12:55:50,4,-13.4677989497153
2025-04-15 12:56:00,1,60.3931603431276
2025-04-15 12:56:10,2,37.5318508971288
2025-04-15 12:56:20,3,12.0760582913986
2025-04-15 12:56:30,4,-14.2145220778996
2025-04-15 12:56:40,1,59.7904983057518
2025-04-15 12:56:50,2,36.8319276541216
2025-04-15 12:57:00,3,11.3272577892929
2025-04-15 12:57:10,4,-14.9604371296642
2025-04-15 12:57:20,1,59.1844372591429
2025-04-15 12:57:30,2,36.1299105656755
2025-04-15 12:57:40,3,10.5778133478507
2025-04-15 12:57:50,4,-15.7055017007445
2025-04-15 12:58:00,1,58.5750116570544
2025-04-15 12:58:10,2,35.4258395405156
2025-04-15 12:58:20,3,9.82776757197812
2025-04-15 12:58:30,4,-16.4496734352232
2025-04-15 12:58:40,1,57.9622561445103
2025-04-15 12:58:50,2,34.7197546041306
2025-04-15 12:59:00,3,9.07716310076644
2025-04-15 12:59:10,4,-17.1929100279411
2025-04-15 12:59:20,1,57.3462055558356
2025-04-15 12:59:30,2,34.0116958964975
2025-04-15 12:59:40,3,8.32604260506836
2025-04-15 12:59:50,4,-17.935169226899
2025-04-15 13:00:00,1,56.7268949126757
2025-04-15 13:00:10,2,33.3017036697992
2025-04-15 13:00:20,3,7.5744487850714
2025-04-15 13:00:30,4,-18.6764088356627
2025-04-15 13:00:40,1,56.1043594220059
2025-04-15 13:00:50,2,32.5898182861369
2025-04-15 13:01:00,3,6.82242436787111
2025-04-15 13:01:10,4,-19.4165867157588
2025-04-15 13:01:20,1,55.4786344741298
2025-04-15 13:01:30,2,31.8760802152347
2025-04-15 13:01:40,3,6.0700121050419
2025-04-15 13:01:50,4,-20.1556607890735
2025-04-15 13:02:00,1,54.8497556406671
2025-04-15 13:02:10,2,31.1605300321404
2025-04-15 13:02:20,3,5.3172547702067
2025-04-15 13:02:30,4,-20.8935890402411
2025-04-15 13:02:40,1,54.2177586725318
2025-04-15 13:02:50,2,30.4432084149171
2025-04-15 13:03:00,3,4.56419515660528
2025-04-15 13:03:10,4,-21.6303295190359
2025-04-15 13:03:20,1,53.5826794978997
2025-04-15 13:03:30,2,29.7241561423318
2025-04-15 13:03:40,3,3.81087607466159
2025-04-15 13:03:50,4,-22.3658403427542
2025-04-15 13:04:00,1,52.9445542201656
2025-04-15 13:04:10,2,29.003414091537
2025-04-15 13:04:20,3,3.05734034954998
2025-04-15 13:04:30,4,-23.1000796985977
2025-04-15 13:04:40,1,52.3034191158917
2025-04-15 13:04:50,2,28.2810232357467
2025-04-15 13:05:00,3,2.30363081876069
2025-04-15 13:05:10,4,-23.8330058460481
2025-04-15 13:05:20,1,51.6593106327443
2025-04-15 13:05:30,2,27.5570246419073
2025-04-15 13:05:40,3,1.54979032966458
2025-04-15 13:05:50,4,-24.5645771192426
2025-04-15 13:06:00,1,51.0122653874224
2025-04-15 13:06:10,2,26.8314594683629
2025-04-15 13:06:20,3,0.795861737077282
2025-04-15 13:06:30,4,-25.2947519293401
2025-04-15 13:06:40,1,50.362320163576
2025-04-15 13:06:50,2,26.1043689625156
2025-04-15 13:07:00,3,0.0418879008230298
2025-04-15 13:07:10,4,-26.0234887668866
2025-04-15 13:07:20,1,49.709511909715
2025-04-15 13:07:30,2,25.3757944584806
2025-04-15 13:07:40,3,-0.712088316701921
2025-04-15 13:07:50,4,-26.7507462041757
2025-04-15 13:08:00,1,49.0538777371087
2025-04-15 13:08:10,2,24.6457773747364
2025-04-15 13:08:20,3,-1.46602405296594
2025-04-15 13:08:30,4,-27.4764828976019
2025-04-15 13:08:40,1,48.395454917676
2025-04-15 13:08:50,2,23.91435921177
2025-04-15 13:09:00,3,-2.2198764477387
2025-04-15 13:09:10,4,-28.2006575900131
2025-04-15 13:09:20,1,47.7342808818666
2025-04-15 13:09:30,2,23.1815815497182
2025-04-15 13:09:40,3,-2.97360264552789
2025-04-15 13:09:50,4,-28.9232291130534
2025-04-15 13:10:00,1,47.0703932165333
2025-04-15 13:10:10,2,22.4474860460033
2025-04-15 13:10:20,3,-3.72715979801483
2025-04-15 13:10:30,4,-29.6441563895066
2025-04-15 13:10:40,1,46.4038296627948
2025-04-15 13:10:50,2,21.7121144329651
2025-04-15 13:11:00,3,-4.48050506649133
2025-04-15 13:11:10,4,-30.3633984356279
2025-04-15 13:11:20,1,45.7346281138909
2025-04-15 13:11:30,2,20.9755085154886
2025-04-15 13:11:40,3,-5.23359562429438
2025-04-15 13:11:50,4,-31.0809143634774
2025-04-15 13:12:00,1,45.0628266130274
2025-04-15 13:12:10,2,20.2377101686271
2025-04-15 13:12:20,3,-5.98638865924088
2025-04-15 13:12:30,4,-31.796663383241
2025-04-15 13:12:40,1,44.388463351214
2025-04-15 13:12:50,2,19.4987613352224
2025-04-15 13:13:00,3,-6.73884137606156
2025-04-15 13:13:10,4,-32.5106048055524
2025-04-15 13:13:20,1,43.7115766650933
2025-04-15 13:13:30,2,18.7587040235195
2025-04-15 13:13:40,3,-7.49091099883374
2025-04-15 13:13:50,4,-33.2226980438035
2025-04-15 13:14:00,1,43.0322050347609
2025-04-15 13:14:10,2,18.0175803047789
2025-04-15 13:14:20,3,-8.24255477341313
2025-04-15 13:14:30,4,-33.9329026164541
2025-04-15 13:14:40,1,42.3503870815781
2025-04-15 13:14:50,2,17.2754323108851
2025-04-15 13:15:00,3,-8.99372996986433
2025-04-15 13:15:10,4,-34.6411781493311
2025-04-15 13:15:20,1,41.6661615659767
2025-04-15 13:15:30,2,16.5323022319511
2025-04-15 13:15:40,3,-9.74439388488998
2025-04-15 13:15:50,4,-35.3474843779257
2025-04-15 13:16:00,1,40.9795673852549
2025-04-15 13:16:10,2,15.7882323139202
2025-04-15 13:16:20,3,-10.4945038442584
2025-04-15 13:16:30,4,-36.0517811496804
2025-04-15 13:16:40,1,40.2906435713662
2025-04-15 13:16:50,2,15.0432648561643
2025-04-15 13:17:00,3,-11.2440172052295
2025-04-15 13:17:10,4,-36.7540284262735
2025-04-15 13:17:20,1,39.5994292887009
2025-04-15 13:17:30,2,14.2974422090791
2025-04-15 13:17:40,3,-11.992891358979
2025-04-15 13:17:50,4,-37.4541862858939
2025-04-15 13:18:00,1,38.9059638318593
2025-04-15 13:18:10,2,13.5508067716767
2025-04-15 13:18:20,3,-12.7410837330208
2025-04-15 13:18:30,4,-38.1522149255104
2025-04-15 13:18:40,1,38.2102866234177
2025-04-15 13:18:50,2,12.8034009891754
2025-04-15 13:19:00,3,-13.4885517936269
2025-04-15 13:19:10,4,-38.8480746631367
2025-04-15 13:19:20,1,37.5124372116878
2025-04-15 13:19:30,2,12.0552673505865
2025-04-15 13:19:40,3,-14.2352530482458
2025-04-15 13:19:50,4,-39.541725940084
2025-04-15 13:20:00,1,36.8124552684678
2025-04-15 13:20:10,2,11.3064483862987
2025-04-15 13:20:20,3,-14.9811450479174
2025-04-15 13:20:30,4,-40.2331293232128
2025-04-15 13:20:40,1,36.1103805867878
2025-04-15 13:20:50,2,10.5569866656609
2025-04-15 13:21:00,3,-15.7261853896871
2025-04-15 13:21:10,4,-40.9222455071721
2025-04-15 13:21:20,1,35.4062530786469
2025-04-15 13:21:30,2,9.8069247945616
2025-04-15 13:21:40,3,-16.4703317190157
2025-04-15 13:21:50,4,-41.6090353166364
2025-04-15 13:22:00,1,34.700112772745
2025-04-15 13:22:10,2,9.05630541300695
2025-04-15 13:22:20,3,-17.2135417321876
2025-04-15 13:22:30,4,-42.2934597085302
2025-04-15 13:22:40,1,33.9919998122065
2025-04-15 13:22:50,2,8.30517119269734
2025-04-15 13:23:00,3,-17.9557731787153
2025-04-15 13:23:10,4,-42.9754797742501
2025-04-15 13:23:20,1,33.2819544522987
2025-04-15 13:23:30,2,7.55356483460051
2025-04-15 13:23:40,3,-18.6969838637415
2025-04-15 13:23:50,4,-43.655056741874
2025-04-15 13:24:00,1,32.5700170581433
2025-04-15 13:24:10,2,6.80152906652479
2025-04-15 13:24:20,3,-19.4371316504379
2025-04-15 13:24:30,4,-44.3321519783679
2025-04-15 13:24:40,1,31.8562281024212
2025-04-15 13:24:50,2,6.04910664068986
2025-04-15 13:25:00,3,-20.1761744624006
2025-04-15 13:25:10,4,-45.0067269917797
2025-04-15 13:25:20,1,31.1406281630727
2025-04-15 13:25:30,2,5.29634033129639
2025-04-15 13:25:40,3,-20.914070286042
2025-04-15 13:25:50,4,-45.67874343343
2025-04-15 13:26:00,1,30.4232579209897
2025-04-15 13:26:10,2,4.54327293209438
2025-04-15 13:26:20,3,-21.650777172979
2025-04-15 13:26:30,4,-46.3481631000891
2025-04-15 13:26:40,1,29.7041581577034
2025-04-15 13:26:50,2,3.78994725395035
2025-04-15 13:27:00,3,-22.3862532424182
2025-04-15 13:27:10,4,-47.014947936152
2025-04-15 13:27:20,1,28.9833697530661
2025-04-15 13:27:30,2,3.03640612241366
2025-04-15 13:27:40,3,-23.1204566835365
2025-04-15 13:27:50,4,-47.6790600357993
2025-04-15 13:28:00,1,28.2609336829268
2025-04-15 13:28:10,2,2.28269237528188
2025-04-15 13:28:20,3,-23.853345757858
2025-04-15 13:28:30,4,-48.340461645153
2025-04-15 13:28:40,1,27.5368910168025
2025-04-15 13:28:50,2,1.52884886016556
2025-04-15 13:29:00,3,-24.5848788016266
2025-04-15 13:29:10,4,-48.9991151644238
2025-04-15 13:29:20,1,26.8112829155426
2025-04-15 13:29:30,2,0.774918432052372
2025-04-15 13:29:40,3,-25.3150142281749
2025-04-15 13:29:50,4,-49.6549831500463
2025-04-15 13:30:00,1,26.0841506289897
2025-04-15 13:30:10,2,0.0209439508708855
2025-04-15 13:30:20,3,-26.0437105302883
2025-04-15 13:30:30,4,-50.3080283168103
2025-04-15 13:30:40,1,25.3555354936341
2025-04-15 13:30:50,2,-0.733031720945976
2025-04-15 13:31:00,3,-26.7709262825639
2025-04-15 13:31:10,4,-50.9582135399776
2025-04-15 13:31:20,1,24.625478930264
2025-04-15 13:31:30,2,-1.4869657208976
2025-04-15 13:31:40,3,-27.4966201437666
2025-04-15 13:31:50,4,-51.6055018573954
2025-04-15 13:32:00,1,23.8940224416111
2025-04-15 13:32:10,2,-2.24081518885238
2025-04-15 13:32:20,3,-28.2207508591787
2025-04-15 13:32:30,4,-52.2498564715948
2025-04-15 13:32:40,1,23.1612076099907
2025-04-15 13:32:50,2,-2.99453726948438
2025-04-15 13:33:00,3,-28.943277262945
2025-04-15 13:33:10,4,-52.8912407518851
2025-04-15 13:33:20,1,22.4270760949382
2025-04-15 13:33:30,2,-3.74808911470898
2025-04-15 13:33:40,3,-29.6641582804135
2025-04-15 13:33:50,4,-53.529618236434
2025-04-15 13:34:00,1,21.6916696308406
2025-04-15 13:34:10,2,-4.50142788611969
2025-04-15 13:34:20,3,-30.38335293047
2025-04-15 13:34:30,4,-54.1649526343425
2025-04-15 13:34:40,1,20.9550300245641
2025-04-15 13:34:50,2,-5.25451075742286
2025-04-15 13:35:00,3,-31.1008203278681
2025-04-15 13:35:10,4,-54.7972078277059
2025-04-15 13:35:20,1,20.2171991530773
2025-04-15 13:35:30,2,-6.00729491687236
2025-04-15 13:35:40,3,-31.8165196855535
2025-04-15 13:35:50,4,-55.4263478736694
2025-04-15 13:36:00,1,19.4782189610708
2025-04-15 13:36:10,2,-6.75973756970347
2025-04-15 13:36:20,3,-32.5304103169823
2025-04-15 13:36:30,4,-56.0523370064689
2025-04-15 13:36:40,1,18.7381314585724
2025-04-15 13:36:50,2,-7.51179594056564
2025-04-15 13:37:00,3,-33.2424516384344
2025-04-15 13:37:10,4,-56.6751396394664
2025-04-15 13:37:20,1,17.9969787185589
2025-04-15 13:37:30,2,-8.26342727595423
2025-04-15 13:37:40,3,-33.9526031713206
2025-04-15 13:37:50,4,-57.2947203671716
2025-04-15 13:38:00,1,17.2548028745646
2025-04-15 13:38:10,2,-9.014588846641
2025-04-15 13:38:20,3,-34.6608245444835
2025-04-15 13:38:30,4,-57.9110439672549
2025-04-15 13:38:40,1,16.5116461182858
2025-04-15 13:38:50,2,-9.7652379501032
2025-04-15 13:39:00,3,-35.3670754964926
2025-04-15 13:39:10,4,-58.5240754025511
2025-04-15 13:39:20,1,15.7675506971822
2025-04-15 13:39:30,2,-10.5153319129511
2025-04-15 13:39:40,3,-36.0713158779334
2025-04-15 13:39:50,4,-59.1337798230489
2025-04-15 13:40:00,1,15.0225589120757
2025-04-15 13:40:10,2,-11.2648280933541
2025-04-15 13:40:20,3,-36.7735056536895
2025-04-15 13:40:30,4,-59.7401225678743
2025-04-15 13:40:40,1,14.2767131147449
2025-04-15 13:40:50,2,-12.0136838834646
2025-04-15 13:41:00,3,-37.4736049052186
2025-04-15 13:41:10,4,-60.3430691672591
2025-04-15 13:41:20,1,13.530055705518
2025-04-15 13:41:30,2,-12.7618567118404
2025-04-15 13:41:40,3,-38.1715738328219
2025-04-15 13:41:50,4,-60.9425853445024
2025-04-15 13:42:00,1,12.7826291308624
2025-04-15 13:42:10,2,-13.5093040458646
2025-04-15 13:42:20,3,-38.8673727579067
2025-04-15 13:42:30,4,-61.5386370179171
2025-04-15 13:42:40,1,12.0344758809712
2025-04-15 13:42:50,2,-14.2559833941639
2025-04-15 13:43:00,3,-39.5609621252422
2025-04-15 13:43:10,4,-62.1311903027696
2025-04-15 13:43:20,1,11.2856384873482
2025-04-15 13:43:30,2,-15.001852309024
2025-04-15 13:43:40,3,-40.2523025052077
2025-04-15 13:43:50,4,-62.7202115132038
2025-04-15 13:44:00,1,10.5361595203899
2025-04-15 13:44:10,2,-15.7468683888022
2025-04-15 13:44:20,3,-40.9413545960345
2025-04-15 13:44:30,4,-63.3056671641585
2025-04-15 13:44:40,1,9.78608158696522
2025-04-15 13:44:50,2,-16.4909892803387
2025-04-15 13:45:00,3,-41.6280792260401
2025-04-15 13:45:10,4,-63.8875239732686
2025-04-15 13:45:20,1,9.03544732799364
2025-04-15 13:45:30,2,-17.2341726813639
2025-04-15 13:45:40,3,-42.3124373558549
2025-04-15 13:45:50,4,-64.4657488627592
2025-04-15 13:46:00,1,8.28429941602075
2025-04-15 13:46:10,2,-17.9763763429032
2025-04-15 13:46:20,3,-42.9943900806417
2025-04-15 13:46:30,4,-65.0403089613243
2025-04-15 13:46:40,1,7.5326805527932
2025-04-15 13:46:50,2,-18.717558071679
2025-04-15 13:47:00,3,-43.6738986323074
2025-04-15 13:47:10,4,-65.6111716059974
2025-04-15 13:47:20,1,6.78063346683001
2025-04-15 13:47:30,2,-19.457675732509
2025-04-15 13:47:40,3,-44.3509243817068
2025-04-15 13:47:50,4,-66.178304344006
2025-04-15 13:48:00,1,6.0282009109943
2025-04-15 13:48:10,2,-20.1966872507019
2025-04-15 13:48:20,3,-45.0254288408387
2025-04-15 13:48:30,4,-66.741674934619
2025-04-15 13:48:40,1,5.2754256600626
2025-04-15 13:48:50,2,-20.9345506144491
2025-04-15 13:49:00,3,-45.6973736650336
2025-04-15 13:49:10,4,-67.3012513509775
2025-04-15 13:49:20,1,4.52235050829323
2025-04-15 13:49:30,2,-21.6712238772129
2025-04-15 13:49:40,3,-46.3667206551342
2025-04-15 13:49:50,4,-67.8570017819162
2025-04-15 13:50:00,1,3.76901826699343
2025-04-15 13:50:10,2,-22.4066651601113
2025-04-15 13:50:20,3,-47.0334317596664
2025-04-15 13:50:30,4,-68.4088946337727
2025-04-15 13:50:40,1,3.01547176208567
2025-04-15 13:50:50,2,-23.1408326542988
2025-04-15 13:51:00,3,-47.6974690770026
2025-04-15 13:51:10,4,-68.956898532182
2025-04-15 13:51:20,1,2.26175383167298
2025-04-15 13:51:30,2,-23.873684623343
2025-04-15 13:51:40,3,-48.3587948575162
2025-04-15 13:51:50,4,-69.5009823238615
2025-04-15 13:52:00,1,1.50790732360373
2025-04-15 13:52:10,2,-24.6051794055972
2025-04-15 13:52:20,3,-49.0173715057281
2025-04-15 13:52:30,4,-70.0411150783806
2025-04-15 13:52:40,1,0.753975093035735
2025-04-15 13:52:50,2,-25.3352754165692
2025-04-15 13:53:00,3,-49.6731615824437
2025-04-15 13:53:10,4,-70.5772660899208
2025-04-15 13:53:20,1,3.67394039744206e-14
2025-04-15 13:53:30,2,-26.063931151285
2025-04-15 13:53:40,3,-50.326127806881
2025-04-15 13:53:50,4,-71.1094048790192
2025-04-15 13:54:00,1,-0.753975093035661
2025-04-15 13:54:10,2,-26.791105186648
2025-04-15 13:54:20,3,-50.9762330587905
2025-04-15 13:54:30,4,-71.6375011943036
2025-04-15 13:54:40,1,-1.50790732360365
2025-04-15 13:54:50,2,-27.5167561837946
2025-04-15 13:55:00,3,-51.6234403805647
2025-04-15 13:55:10,4,-72.1615250142097
2025-04-15 13:55:20,1,-2.2617538316729
2025-04-15 13:55:30,2,-28.2408428904438
2025-04-15 13:55:40,3,-52.26771297934
2025-04-15 13:55:50,4,-72.6814465486903
2025-04-15 13:56:00,1,-3.01547176208577
2025-04-15 13:56:10,2,-28.9633241432424
2025-04-15 13:56:20,3,-52.9090142290875
2025-04-15 13:56:30,4,-73.1972362409065
2025-04-15 13:56:40,1,-3.76901826699354
2025-04-15 13:56:50,2,-29.684158870105
2025-04-15 13:57:00,3,-53.5473076726956
2025-04-15 13:57:10,4,-73.70886476891
2025-04-15 13:57:20,1,-4.52235050829333
2025-04-15 13:57:30,2,-30.403306092549
2025-04-15 13:57:40,3,-54.1825570240424
2025-04-15 13:57:50,4,-74.2163030473082
2025-04-15 13:58:00,1,-5.27542566006271
2025-04-15 13:58:10,2,-31.1207249280244
2025-04-15 13:58:20,3,-54.8147261700587
2025-04-15 13:58:30,4,-74.7195222289194
2025-04-15 13:58:40,1,-6.0282009109944
2025-04-15 13:58:50,2,-31.8363745922372
2025-04-15 13:59:00,3,-55.4437791727806
2025-04-15 13:59:10,4,-75.2184937064113
2025-04-15 13:59:20,1,-6.78063346683011
2025-04-15 13:59:30,2,-32.5502144014688
2025-04-15 13:59:40,3,-56.0696802713928
2025-04-15 13:59:50,4,-75.7131891139276
2025-04-15 14:00:00,1,-7.5326805527933
2025-04-15 14:00:10,2,-33.2622037748883
2025-04-15 14:00:20,3,-56.6923938842616
2025-04-15 14:00:30,4,-76.2035803287019
2025-04-15 14:00:40,1,-8.28429941602085
2025-04-15 14:00:50,2,-33.9723022368595
2025-04-15 14:01:00,3,-57.3118846109575
2025-04-15 14:01:10,4,-76.6896394726541
2025-04-15 14:01:20,1,-9.03544732799356
2025-04-15 14:01:30,2,-34.680469419242
2025-04-15 14:01:40,3,-57.9281172342679
2025-04-15 14:01:50,4,-77.1713389139776
2025-04-15 14:02:00,1,-9.78608158696515
2025-04-15 14:02:10,2,-35.3866650636861
2025-04-15 14:02:20,3,-58.5410567221985
2025-04-15 14:02:30,4,-77.6486512687078
2025-04-15 14:02:40,1,-10.5361595203898
2025-04-15 14:02:50,2,-36.0908490239214
2025-04-15 14:03:00,3,-59.1506682299658
2025-04-15 14:03:10,4,-78.1215494022814
2025-04-15 14:03:20,1,-11.2856384873481
2025-04-15 14:03:30,2,-36.7929812680389
2025-04-15 14:03:40,3,-59.7569171019773
2025-04-15 14:03:50,4,-78.5900064310765
2025-04-15 14:04:00,1,-12.0344758809711
2025-04-15 14:04:10,2,-37.4930218807672
2025-04-15 14:04:20,3,-60.3597688738018
2025-04-15 14:04:30,4,-79.0539957239427
2025-04-15 14:04:40,1,-12.7826291308623
2025-04-15 14:04:50,2,-38.1909310657407
2025-04-15 14:05:00,3,-60.9591892741288
2025-04-15 14:05:10,4,-79.513490903714
2025-04-15 14:05:20,1,-13.530055705518
2025-04-15 14:05:30,2,-38.8866691477632
2025-04-15 14:05:40,3,-61.5551442267164
2025-04-15 14:05:50,4,-79.9684658487091
2025-04-15 14:06:00,1,-14.2767131147448
2025-04-15 14:06:10,2,-39.5801965750625
2025-04-15 14:06:20,3,-62.147599852329
2025-04-15 14:06:30,4,-80.4188946942152
2025-04-15 14:06:40,1,-15.0225589120758
2025-04-15 14:06:50,2,-40.2714739215393
2025-04-15 14:07:00,3,-62.7365224706628
2025-04-15 14:07:10,4,-80.8647518339601
2025-04-15 14:07:20,1,-15.7675506971823
2025-04-15 14:07:30,2,-40.9604618890082
2025-04-15 14:07:40,3,-63.3218786022609
2025-04-15 14:07:50,4,-81.306011921566
2025-04-15 14:08:00,1,-16.5116461182859
2025-04-15 14:08:10,2,-41.647121309432
2025-04-15 14:08:20,3,-63.9036349704161
2025-04-15 14:08:30,4,-81.742649871992
2025-04-15 14:08:40,1,-17.2548028745647
2025-04-15 14:08:50,2,-42.3314131471483
2025-04-15 14:09:00,3,-64.4817585030632
2025-04-15 14:09:10,4,-82.1746408629591
2025-04-15 14:09:20,1,-17.996978718559
2025-04-15 14:09:30,2,-43.0132985010885
2025-04-15 14:09:40,3,-65.0562163346586
2025-04-15 14:09:50,4,-82.6019603363616
2025-04-15 14:10:00,1,-18.7381314585725
2025-04-15 14:10:10,2,-43.6927386069893
2025-04-15 14:10:20,3,-65.626975808049
2025-04-15 14:10:30,4,-83.0245839996638
2025-04-15 14:10:40,1,-19.4782189610709
2025-04-15 14:10:50,2,-44.3696948395967
2025-04-15 14:11:00,3,-66.1940044763276
2025-04-15 14:11:10,4,-83.4424878272797
2025-04-15 14:11:20,1,-20.2171991530774
2025-04-15 14:11:30,2,-45.0441287148613
2025-04-15 14:11:40,3,-66.7572701046791
2025-04-15 14:11:50,4,-83.8556480619404
2025-04-15 14:12:00,1,-20.9550300245641
2025-04-15 14:12:10,2,-45.7160018921263
2025-04-15 14:12:20,3,-67.3167406722115
2025-04-15 14:12:30,4,-84.2640412160432
2025-04-15 14:12:40,1,-21.6916696308405
2025-04-15 14:12:50,2,-46.3852761763075
2025-04-15 14:13:00,3,-67.8723843737774
2025-04-15 14:13:10,4,-84.6676440729881
2025-04-15 14:13:20,1,-22.4270760949381
2025-04-15 14:13:30,2,-47.0519135200637
2025-04-15 14:13:40,3,-68.4241696217813
2025-04-15 14:13:50,4,-85.0664336884963
2025-04-15 14:14:00,1,-23.1612076099906
2025-04-15 14:14:10,2,-47.7158760259609
2025-04-15 14:14:20,3,-68.9720650479756
2025-04-15 14:14:30,4,-85.4603873919162
2025-04-15 14:14:40,1,-23.894022441611
2025-04-15 14:14:50,2,-48.3771259486252
2025-04-15 14:15:00,3,-69.516039505244
2025-04-15 14:15:10,4,-85.8494827875104
2025-04-15 14:15:20,1,-24.6254789302639
2025-04-15 14:15:30,2,-49.0356256968901
2025-04-15 14:15:40,3,-70.0560620693717
2025-04-15 14:15:50,4,-86.2336977557304
2025-04-15 14:16:00,1,-25.355535493634
2025-04-15 14:16:10,2,-49.6913378359324
2025-04-15 14:16:20,3,-70.592102040804
2025-04-15 14:16:30,4,-86.613010454473
2025-04-15 14:16:40,1,-26.0841506289898
2025-04-15 14:16:50,2,-50.344225089401
2025-04-15 14:17:00,3,-71.124128946391
2025-04-15 14:17:10,4,-86.9873993203227
2025-04-15 14:17:20,1,-26.8112829155427
2025-04-15 14:17:30,2,-50.9942503415355
2025-04-15 14:17:40,3,-71.6521125411202
2025-04-15 14:17:50,4,-87.356843069777
2025-04-15 14:18:00,1,-27.5368910168026
2025-04-15 14:18:10,2,-51.6413766392767
2025-04-15 14:18:20,3,-72.1760228098362
2025-04-15 14:18:30,4,-87.721320700457
2025-04-15 14:18:40,1,-28.2609336829269
2025-04-15 14:18:50,2,-52.2855671943667
2025-04-15 14:19:00,3,-72.6958299689462
2025-04-15 14:19:10,4,-88.0808114923003
2025-04-15 14:19:20,1,-28.9833697530662
2025-04-15 14:19:30,2,-52.9267853854409
2025-04-15 14:19:40,3,-73.2115044681139
2025-04-15 14:19:50,4,-88.4352950087404
2025-04-15 14:20:00,1,-29.7041581577035
2025-04-15 14:20:10,2,-53.5649947601094
2025-04-15 14:20:20,3,-73.7230169919393
2025-04-15 14:20:30,4,-88.784751097867
2025-04-15 14:20:40,1,-30.4232579209898
2025-04-15 14:20:50,2,-54.2001590370296
2025-04-15 14:21:00,3,-74.2303384616248
2025-04-15 14:21:10,4,-89.1291598935723
2025-04-15 14:21:20,1,-31.1406281630728
2025-04-15 14:21:30,2,-54.8322421079685
2025-04-15 14:21:40,3,-74.7334400366287
2025-04-15 14:21:50,4,-89.4685018166809
2025-04-15 14:22:00,1,-31.8562281024213
2025-04-15 14:22:10,2,-55.4612080398555
2025-04-15 14:22:20,3,-75.2322931163047
2025-04-15 14:22:30,4,-89.8027575760615
2025-04-15 14:22:40,1,-32.5700170581432
2025-04-15 14:22:50,2,-56.0870210768253
2025-04-15 14:23:00,3,-75.7268693415276
2025-04-15 14:23:10,4,-90.1319081697252
2025-04-15 14:23:20,1,-33.2819544522986
2025-04-15 14:23:30,2,-56.7096456422503
2025-04-15 14:23:40,3,-76.2171405963056
2025-04-15 14:23:50,4,-90.455934885904
2025-04-15 14:24:00,1,-33.9919998122064
2025-04-15 14:24:10,2,-57.3290463407632
2025-04-15 14:24:20,3,-76.7030790093788
2025-04-15 14:24:30,4,-90.7748193041162
2025-04-15 14:24:40,1,-34.7001127727449
2025-04-15 14:24:50,2,-57.9451879602693
2025-04-15 14:25:00,3,-77.1846569558035
2025-04-15 14:25:10,4,-91.0885432962122
2025-04-15 14:25:20,1,-35.4062530786469
2025-04-15 14:25:30,2,-58.5580354739479
2025-04-15 14:25:40,3,-77.6618470585225
2025-04-15 14:25:50,4,-91.3970890274062
2025-04-15 14:26:00,1,-36.1103805867877
2025-04-15 14:26:10,2,-59.1675540422441
2025-04-15 14:26:20,3,-78.1346221899218
2025-04-15 14:26:30,4,-91.7004389572889
2025-04-15 14:26:40,1,-36.8124552684677
2025-04-15 14:26:50,2,-59.7737090148487
2025-04-15 14:27:00,3,-78.6029554733723
2025-04-15 14:27:10,4,-91.9985758408262
2025-04-15 14:27:20,1,-37.5124372116878
2025-04-15 14:27:30,2,-60.3764659326688
2025-04-15 14:27:40,3,-79.0668202847583
2025-04-15 14:27:50,4,-92.2914827293377
2025-04-15 14:28:00,1,-38.2102866234178
2025-04-15 14:28:10,2,-60.9757905297861
2025-04-15 14:28:20,3,-79.5261902539905
2025-04-15 14:28:30,4,-92.579142971462
2025-04-15 14:28:40,1,-38.9059638318594
2025-04-15 14:28:50,2,-61.571648735405
2025-04-15 14:29:00,3,-79.9810392665054
2025-04-15 14:29:10,4,-92.8615402141017
2025-04-15 14:29:20,1,-39.599429288701
2025-04-15 14:29:30,2,-62.1640066757898
2025-04-15 14:29:40,3,-80.4313414647496
2025-04-15 14:29:50,4,-93.1386584033545
2025-04-15 14:30:00,1,-40.2906435713663
2025-04-15 14:30:10,2,-62.75283067619
2025-04-15 14:30:20,3,-80.8770712496503
2025-04-15 14:30:30,4,-93.4104817854249
2025-04-15 14:30:40,1,-40.979567385255
2025-04-15 14:30:50,2,-63.338087262755
2025-04-15 14:31:00,3,-81.31820328207
2025-04-15 14:31:10,4,-93.6769949075198
2025-04-15 14:31:20,1,-41.6661615659768
2025-04-15 14:31:30,2,-63.9197431644366
2025-04-15 14:31:40,3,-81.7547124842472
2025-04-15 14:31:50,4,-93.9381826187277
2025-04-15 14:32:00,1,-42.3503870815782
2025-04-15 14:32:10,2,-64.497765314881
2025-04-15 14:32:20,3,-82.1865740412224
2025-04-15 14:32:30,4,-94.1940300708791
2025-04-15 14:32:40,1,-43.0322050347609
2025-04-15 14:32:50,2,-65.0721208543081
2025-04-15 14:33:00,3,-82.6137634022479
2025-04-15 14:33:10,4,-94.4445227193913
2025-04-15 14:33:20,1,-43.7115766650933
2025-04-15 14:33:30,2,-65.6427771313795
2025-04-15 14:33:40,3,-83.0362562821846
2025-04-15 14:33:50,4,-94.6896463240949
2025-04-15 14:34:00,1,-44.388463351214
2025-04-15 14:34:10,2,-66.2097017050553
2025-04-15 14:34:20,3,-83.4540286628817
2025-04-15 14:34:30,4,-94.9293869500435
2025-04-15 14:34:40,1,-45.0628266130273
2025-04-15 14:34:50,2,-66.7728623464376
2025-04-15 14:35:00,3,-83.8670567945424
2025-04-15 14:35:10,4,-95.1637309683054
2025-04-15 14:35:20,1,-45.7346281138908
2025-04-15 14:35:30,2,-67.332227040603
2025-04-15 14:35:40,3,-84.2753171970743
2025-04-15 14:35:50,4,-95.3926650567394
2025-04-15 14:36:00,1,-46.4038296627948
2025-04-15 14:36:10,2,-67.8877639884227
2025-04-15 14:36:20,3,-84.6787866614238
2025-04-15 14:36:30,4,-95.6161762007508
2025-04-15 14:36:40,1,-47.0703932165332
2025-04-15 14:36:50,2,-68.43944160837
2025-04-15 14:37:00,3,-85.0774422508957
2025-04-15 14:37:10,4,-95.8342516940327
2025-04-15 14:37:20,1,-47.7342808818665
2025-04-15 14:37:30,2,-68.9872285383159
2025-04-15 14:37:40,3,-85.4712613024572
2025-04-15 14:37:50,4,-96.0468791392869
2025-04-15 14:38:00,1,-48.3954549176761
2025-04-15 14:38:10,2,-69.5310936373119
2025-04-15 14:38:20,3,-85.8602214280259
2025-04-15 14:38:30,4,-96.2540464489301
2025-04-15 14:38:40,1,-49.0538777371088
2025-04-15 14:38:50,2,-70.0710059873601
2025-04-15 14:39:00,3,-86.2443005157431
2025-04-15 14:39:10,4,-96.4557418457798
2025-04-15 14:39:20,1,-49.7095119097151
2025-04-15 14:39:30,2,-70.6069348951712
2025-04-15 14:39:40,3,-86.6234767312304
2025-04-15 14:39:50,4,-96.6519538637246
2025-04-15 14:40:00,1,-50.3623201635761
2025-04-15 14:40:10,2,-71.1388498939093
2025-04-15 14:40:20,3,-86.997728518831
2025-04-15 14:40:30,4,-96.8426713483759
2025-04-15 14:40:40,1,-51.0122653874225
2025-04-15 14:40:50,2,-71.6667207449237
2025-04-15 14:41:00,3,-87.3670346028352
2025-04-15 14:41:10,4,-97.0278834577015
2025-04-15 14:41:20,1,-51.6593106327444
2025-04-15 14:41:30,2,-72.190517439468
2025-04-15 14:41:40,3,-87.7313739886901
2025-04-15 14:41:50,4,-97.2075796626429
2025-04-15 14:42:00,1,-52.3034191158918
2025-04-15 14:42:10,2,-72.7102102004062
2025-04-15 14:42:20,3,-88.0907259641926
2025-04-15 14:42:30,4,-97.3817497477129
2025-04-15 14:42:40,1,-52.9445542201657
2025-04-15 14:42:50,2,-73.2257694839055
2025-04-15 14:43:00,3,-88.4450701006674
2025-04-15 14:43:10,4,-97.5503838115771
2025-04-15 14:43:20,1,-53.5826794978997
2025-04-15 14:43:30,2,-73.7371659811153
2025-04-15 14:43:40,3,-88.7943862541278
2025-04-15 14:43:50,4,-97.7134722676161
2025-04-15 14:44:00,1,-54.2177586725318
2025-04-15 14:44:10,2,-74.2443706198344
2025-04-15 14:44:20,3,-89.1386545664216
2025-04-15 14:44:30,4,-97.8710058444712
2025-04-15 14:44:40,1,-54.849755640667
2025-04-15 14:44:50,2,-74.7473545661626
2025-04-15 14:45:00,3,-89.477855466359
2025-04-15 14:45:10,4,-98.0229755865708
2025-04-15 14:45:20,1,-55.4786344741297
2025-04-15 14:45:30,2,-75.2460892261407
2025-04-15 14:45:40,3,-89.8119696708263
2025-04-15 14:45:50,4,-98.1693728546399
2025-04-15 14:46:00,1,-56.1043594220058
2025-04-15 14:46:10,2,-75.7405462473753
2025-04-15 14:46:20,3,-90.1409781858813
2025-04-15 14:46:30,4,-98.3101893261912
2025-04-15 14:46:40,1,-56.7268949126756
2025-04-15 14:46:50,2,-76.2306975206515
2025-04-15 14:47:00,3,-90.4648623078334
2025-04-15 14:47:10,4,-98.4454169959981
2025-04-15 14:47:20,1,-57.3462055558355
2025-04-15 14:47:30,2,-76.71651518153
2025-04-15 14:47:40,3,-90.7836036243068
2025-04-15 14:47:50,4,-98.5750481765498
2025-04-15 14:48:00,1,-57.9622561445104
2025-04-15 14:48:10,2,-77.1979716119316
2025-04-15 14:48:20,3,-91.0971840152874
2025-04-15 14:48:30,4,-98.6990754984885
2025-04-15 14:48:40,1,-58.5750116570545
2025-04-15 14:48:50,2,-77.6750394417074
2025-04-15 14:49:00,3,-91.4055856541526
2025-04-15 14:49:10,4,-98.817491911028
2025-04-15 14:49:20,1,-59.184437259143
2025-04-15 14:49:30,2,-78.1476915501942
2025-04-15 14:49:40,3,-91.7087910086849
2025-04-15 14:49:50,4,-98.9302906823551
2025-04-15 14:50:00,1,-59.7904983057519
2025-04-15 14:50:10,2,-78.6159010677568
2025-04-15 14:50:20,3,-92.0067828420688
2025-04-15 14:50:30,4,-99.0374654000115
2025-04-15 14:50:40,1,-60.3931603431277
2025-04-15 14:50:50,2,-79.0796413773152
2025-04-15 14:51:00,3,-92.2995442138701
2025-04-15 14:51:10,4,-99.139009971259
2025-04-15 14:51:20,1,-60.9923891107459
2025-04-15 14:51:30,2,-79.538886115858
2025-04-15 14:51:40,3,-92.5870584809994
2025-04-15 14:51:50,4,-99.2349186234257
2025-04-15 14:52:00,1,-61.5881505432589
2025-04-15 14:52:10,2,-79.9936091759408
2025-04-15 14:52:20,3,-92.8693092986583
2025-04-15 14:52:30,4,-99.3251859042339
2025-04-15 14:52:40,1,-62.1804107724321
2025-04-15 14:52:50,2,-80.4437847071706
2025-04-15 14:53:00,3,-93.1462806212683
2025-04-15 14:53:10,4,-99.4098066821105
2025-04-15 14:53:20,1,-62.76913612907
2025-04-15 14:53:30,2,-80.8893871176753
2025-04-15 14:53:40,3,-93.417956703383
2025-04-15 14:53:50,4,-99.4887761464781
2025-04-15 14:54:00,1,-63.3542931449297
2025-04-15 14:54:10,2,-81.3303910755585
2025-04-15 14:54:20,3,-93.6843221005832
2025-04-15 14:54:30,4,-99.5620898080294
2025-04-15 14:54:40,1,-63.9358485546235
2025-04-15 14:54:50,2,-81.7667715103396
2025-04-15 14:55:00,3,-93.9453616703553
2025-04-15 14:55:10,4,-99.6297434989813
2025-04-15 14:55:20,1,-64.5137692975103
2025-04-15 14:55:30,2,-82.1985036143792
2025-04-15 14:55:40,3,-94.2010605729516
2025-04-15 14:55:50,4,-99.6917333733128
2025-04-15 14:56:00,1,-65.0880225195748
2025-04-15 14:56:10,2,-82.6255628442891
2025-04-15 14:56:20,3,-94.4514042722342
2025-04-15 14:56:30,4,-99.7480559069831
2025-04-15 14:56:40,1,-65.6585755752956
2025-04-15 14:56:50,2,-83.0479249223278
2025-04-15 14:57:00,3,-94.6963785365011
2025-04-15 14:57:10,4,-99.7987078981321
2025-04-15 14:57:20,1,-66.2253960295004
2025-04-15 14:57:30,2,-83.4655658377803
2025-04-15 14:57:40,3,-94.9359694392957
2025-04-15 14:57:50,4,-99.8436864672622
2025-04-15 14:58:00,1,-66.7884516592106
2025-04-15 14:58:10,2,-83.8784618483237
2025-04-15 14:58:20,3,-95.1701633601981
2025-04-15 14:58:30,4,-99.8829890574027
2025-04-15 14:58:40,1,-67.3477104554726
2025-04-15 14:58:50,2,-84.2865894813764
2025-04-15 14:59:00,3,-95.3989469855997
2025-04-15 14:59:10,4,-99.916613434254
2025-04-15 14:59:20,1,-67.9031406251775
2025-04-15 14:59:30,2,-84.6899255354324
2025-04-15 14:59:40,3,-95.6223073094596
2025-04-15 14:59:50,4,-99.9445576863158
2025-04-15 15:00:00,1,-68.4547105928689
2025-04-15 15:00:10,2,-85.0884470813809
2025-04-15 15:00:20,3,-95.8402316340446
2025-04-15 15:00:30,4,-99.966820224995
2025-04-15 15:00:40,1,-69.0023890025378
2025-04-15 15:00:50,2,-85.4821314638092
2025-04-15 15:01:00,3,-96.0527075706506
2025-04-15 15:01:10,4,-99.9833997846963
2025-04-15 15:01:20,1,-69.5461447194047
2025-04-15 15:01:30,2,-85.8709563022907
2025-04-15 15:01:40,3,-96.2597230403069
2025-04-15 15:01:50,4,-99.994295422894
2025-04-15 15:02:00,1,-70.0859468316902
2025-04-15 15:02:10,2,-86.2548994926576
2025-04-15 15:02:20,3,-96.4612662744633
2025-04-15 15:02:30,4,-99.9995065201858
2025-04-15 15:02:40,1,-70.6217646523717
2025-04-15 15:02:50,2,-86.6339392082569
2025-04-15 15:03:00,3,-96.6573258156584
2025-04-15 15:03:10,4,-99.9990327803279
2025-04-15 15:03:20,1,-71.1535677209285
2025-04-15 15:03:30,2,-87.0080539011919
2025-04-15 15:03:40,3,-96.8478905181717
2025-04-15 15:03:50,4,-99.9928742302517
2025-04-15 15:04:00,1,-71.681325805073
2025-04-15 15:04:10,2,-87.3772223035465
2025-04-15 15:04:20,3,-97.0329495486566
2025-04-15 15:04:30,4,-99.9810312200625
2025-04-15 15:04:40,1,-72.2050089024694
2025-04-15 15:04:50,2,-87.7414234285946
2025-04-15 15:05:00,3,-97.2124923867569
2025-04-15 15:05:10,4,-99.9635044230194
2025-04-15 15:05:20,1,-72.7245872424396
2025-04-15 15:05:30,2,-88.1006365719933
2025-04-15 15:05:40,3,-97.386508825704
2025-04-15 15:05:50,4,-99.9402948354973
2025-04-15 15:06:00,1,-73.2400312876553
2025-04-15 15:06:10,2,-88.4548413129596
2025-04-15 15:06:20,3,-97.5549889728981
2025-04-15 15:06:30,4,-99.9114037769299
2025-04-15 15:06:40,1,-73.7513117358174
2025-04-15 15:06:50,2,-88.8040175154312
2025-04-15 15:07:00,3,-97.7179232504699
2025-04-15 15:07:10,4,-99.8768328897349
2025-04-15 15:07:20,1,-74.2583995213215
2025-04-15 15:07:30,2,-89.1481453292119
2025-04-15 15:07:40,3,-97.8753023958254
2025-04-15 15:07:50,4,-99.8365841392207
2025-04-15 15:08:00,1,-74.7612658169107
2025-04-15 15:08:10,2,-89.4872051910993
2025-04-15 15:08:20,3,-98.0271174621722
2025-04-15 15:08:30,4,-99.7906598134745
2025-04-15 15:08:40,1,-75.2598820353139
2025-04-15 15:08:50,2,-89.8211778259973
2025-04-15 15:09:00,3,-98.1733598190285
2025-04-15 15:09:10,4,-99.7390625232324
2025-04-15 15:09:20,1,-75.754219830871
2025-04-15 15:09:30,2,-90.1500442480117
2025-04-15 15:09:40,3,-98.3140211527134
2025-04-15 15:09:50,4,-99.6817952017306
2025-04-15 15:10:00,1,-76.2442511011448
2025-04-15 15:10:10,2,-90.4737857615298
2025-04-15 15:10:20,3,-98.4490934668197
2025-04-15 15:10:30,4,-99.6188611045393
2025-04-15 15:10:40,1,-76.7299479885182
2025-04-15 15:10:50,2,-90.792383962283
2025-04-15 15:11:00,3,-98.5785690826684
2025-04-15 15:11:10,4,-99.5502638093769
2025-04-15 15:11:20,1,-77.2112828817778
2025-04-15 15:11:30,2,-91.1058207383929
2025-04-15 15:11:40,3,-98.7024406397454
2025-04-15 15:11:50,4,-99.4760072159074
2025-04-15 15:12:00,1,-77.6882284176838
2025-04-15 15:12:10,2,-91.4140782714014
2025-04-15 15:12:20,3,-98.8207010961195
2025-04-15 15:12:30,4,-99.396095545518
2025-04-15 15:12:40,1,-78.1607574825253
2025-04-15 15:12:50,2,-91.7171390372832
2025-04-15 15:13:00,3,-98.9333437288432
2025-04-15 15:13:10,4,-99.3105333410793
2025-04-15 15:13:20,1,-78.6288432136619
2025-04-15 15:13:30,2,-92.0149858074424
2025-04-15 15:13:40,3,-99.0403621343347
2025-04-15 15:13:50,4,-99.2193254666874
2025-04-15 15:14:00,1,-79.0924590010508
2025-04-15 15:14:10,2,-92.3076016496914
2025-04-15 15:14:20,3,-99.1417502287419
2025-04-15 15:14:30,4,-99.1224771073869
2025-04-15 15:14:40,1,-79.5515784887595
2025-04-15 15:14:50,2,-92.5949699292141
2025-04-15 15:15:00,3,-99.2375022482883
2025-04-15 15:15:10,4,-99.0199937688767
2025-04-15 15:15:20,1,-80.0061755764639
2025-04-15 15:15:30,2,-92.8770743095113
2025-04-15 15:15:40,3,-99.3276127496007
2025-04-15 15:15:50,4,-98.9118812771962
2025-04-15 15:16:00,1,-80.4562244209323
2025-04-15 15:16:10,2,-93.153898753329
2025-04-15 15:16:20,3,-99.4120766100184
2025-04-15 15:16:30,4,-98.798145778395
2025-04-15 15:16:40,1,-80.9016994374947
2025-04-15 15:16:50,2,-93.425427523571
2025-04-15 15:17:00,3,-99.490889027885
2025-04-15 15:17:10,4,-98.6787937381827
2025-04-15 15:17:20,1,-81.3425753014968
2025-04-15 15:17:30,2,-93.6916451841925
2025-04-15 15:17:40,3,-99.5640455228206
2025-04-15 15:17:50,4,-98.5538319415622
2025-04-15 15:18:00,1,-81.77882694974
2025-04-15 15:18:10,2,-93.9525366010784
2025-04-15 15:18:20,3,-99.6315419359772
2025-04-15 15:18:30,4,-98.4232674924429
2025-04-15 15:18:40,1,-82.2104295819062
2025-04-15 15:18:50,2,-94.2080869429033
2025-04-15 15:19:00,3,-99.6933744302747
2025-04-15 15:19:10,4,-98.287107813238
2025-04-15 15:19:20,1,-82.6373586619676
2025-04-15 15:19:30,2,-94.4582816819749
2025-04-15 15:19:40,3,-99.7495394906191
2025-04-15 15:19:50,4,-98.1453606444414
2025-04-15 15:20:00,1,-83.0595899195813
2025-04-15 15:20:10,2,-94.7031065950593
2025-04-15 15:20:20,3,-99.8000339241024
2025-04-15 15:20:30,4,-97.9980340441889
2025-04-15 15:20:40,1,-83.4770993514696
2025-04-15 15:20:50,2,-94.9425477641904
2025-04-15 15:21:00,3,-99.8448548601842
2025-04-15 15:21:10,4,-97.8451363877989
2025-04-15 15:21:20,1,-83.889863222784
2025-04-15 15:21:30,2,-95.1765915774604
2025-04-15 15:21:40,3,-99.8839997508546
2025-04-15 15:21:50,4,-97.6866763672972
2025-04-15 15:22:00,1,-84.2978580684549
2025-04-15 15:22:10,2,-95.405224729794
2025-04-15 15:22:20,3,-99.9174663707794
2025-04-15 15:22:30,4,-97.5226629909223
2025-04-15 15:22:40,1,-84.7010606945252
2025-04-15 15:22:50,2,-95.6284342237047
2025-04-15 15:23:00,3,-99.9452528174264
2025-04-15 15:23:10,4,-97.3531055826136
2025-04-15 15:23:20,1,-85.0994481794692
2025-04-15 15:23:30,2,-95.8462073700336
2025-04-15 15:23:40,3,-99.9673575111734
2025-04-15 15:23:50,4,-97.1780137814813
2025-04-15 15:24:00,1,-85.4929978754953
2025-04-15 15:24:10,2,-96.058531788671
2025-04-15 15:24:20,3,-99.9837791953986
2025-04-15 15:24:30,4,-96.997397541258
2025-04-15 15:24:40,1,-85.8816874098339
2025-04-15 15:24:50,2,-96.2653954092599
2025-04-15 15:25:00,3,-99.9945169365512
2025-04-15 15:25:10,4,-96.8112671297338
2025-04-15 15:25:20,1,-86.2654946860088
2025-04-15 15:25:30,2,-96.4667864718821
2025-04-15 15:25:40,3,-99.9995701242052
2025-04-15 15:25:50,4,-96.6196331281714
2025-04-15 15:26:00,1,-86.6443978850937
2025-04-15 15:26:10,2,-96.6626935277274
2025-04-15 15:26:20,3,-99.9989384710936
2025-04-15 15:26:30,4,-96.4225064307058
2025-04-15 15:26:40,1,-87.0183754669525
2025-04-15 15:26:50,2,-96.8531054397437
2025-04-15 15:27:00,3,-99.9926220131251
2025-04-15 15:27:10,4,-96.2198982437238
2025-04-15 15:27:20,1,-87.3874061714639
2025-04-15 15:27:30,2,-97.0380113832704
2025-04-15 15:27:40,3,-99.9806211093818
2025-04-15 15:27:50,4,-96.0118200852278
2025-04-15 15:28:00,1,-87.7514690197297
2025-04-15 15:28:10,2,-97.2174008466538
2025-04-15 15:28:20,3,-99.9629364420989
2025-04-15 15:28:30,4,-95.7982837841805
2025-04-15 15:28:40,1,-88.1105433152676
2025-04-15 15:28:50,2,-97.3912636318449
2025-04-15 15:29:00,3,-99.9395690166259
2025-04-15 15:29:10,4,-95.579301479833
2025-04-15 15:29:20,1,-88.4646086451882
2025-04-15 15:29:30,2,-97.5595898549786
2025-04-15 15:29:40,3,-99.9105201613694
2025-04-15 15:29:50,4,-95.354885621034
2025-04-15 15:30:00,1,-88.8136448813545
2025-04-15 15:30:10,2,-97.7223699469361
2025-04-15 15:30:20,3,-99.8757915277177
2025-04-15 15:30:30,4,-95.1250489655226
2025-04-15 15:30:40,1,-89.157632181527
2025-04-15 15:30:50,2,-97.8795946538884
2025-04-15 15:31:00,3,-99.8353850899468
2025-04-15 15:31:10,4,-94.8898045792027
2025-04-15 15:31:20,1,-89.4965509904915
2025-04-15 15:31:30,2,-98.0312550378231
2025-04-15 15:31:40,3,-99.7893031451082
2025-04-15 15:31:50,4,-94.6491658354009
2025-04-15 15:32:00,1,-89.8303820411705
2025-04-15 15:32:10,2,-98.1773424770516
2025-04-15 15:32:20,3,-99.7375483128985
2025-04-15 15:32:30,4,-94.403146414105
2025-04-15 15:32:40,1,-90.1591063557187
2025-04-15 15:32:50,2,-98.3178486667
2025-04-15 15:33:00,3,-99.6801235355099
2025-04-15 15:33:10,4,-94.1517603011877
2025-04-15 15:33:20,1,-90.482705246602
2025-04-15 15:33:30,2,-98.4527656191809
2025-04-15 15:33:40,3,-99.6170320774638
2025-04-15 15:33:50,4,-93.8950217876107
2025-04-15 15:34:00,1,-90.8011603176596
2025-04-15 15:34:10,2,-98.5820856646472
2025-04-15 15:34:20,3,-99.5482775254244
2025-04-15 15:34:30,4,-93.6329454686123
2025-04-15 15:34:40,1,-91.11445346515
2025-04-15 15:34:50,2,-98.7058014514288
2025-04-15 15:35:00,3,-99.4738637879953
2025-04-15 15:35:10,4,-93.3655462428782
2025-04-15 15:35:20,1,-91.4225668787801
2025-04-15 15:35:30,2,-98.82390594645
2025-04-15 15:35:40,3,-99.3937950954973
2025-04-15 15:35:50,4,-93.0928393116935
2025-04-15 15:36:00,1,-91.7254830427176
2025-04-15 15:36:10,2,-98.9363924356293
2025-04-15 15:36:20,3,-99.3080759997276
2025-04-15 15:36:30,4,-92.8148401780801
2025-04-15 15:36:40,1,-92.023184736587
2025-04-15 15:36:50,2,-99.0432545242615
2025-04-15 15:37:00,3,-99.2167113737012
2025-04-15 15:37:10,4,-92.5315646459137
2025-04-15 15:37:20,1,-92.3156550364482
2025-04-15 15:37:30,2,-99.1444861373811
2025-04-15 15:37:40,3,-99.1197064113739
2025-04-15 15:37:50,4,-92.2430288190267
2025-04-15 15:38:00,1,-92.602877315759
2025-04-15 15:38:10,2,-99.240081520107
2025-04-15 15:38:20,3,-99.0170666273471
2025-04-15 15:38:30,4,-91.9492491002917
2025-04-15 15:38:40,1,-92.8848352463199
2025-04-15 15:38:50,2,-99.3300352379708
2025-04-15 15:39:00,3,-98.9087978565542
2025-04-15 15:39:10,4,-91.6502421906899
2025-04-15 15:39:20,1,-93.1615127992026
2025-04-15 15:39:30,2,-99.4143421772248
2025-04-15 15:39:40,3,-98.7949062539288
2025-04-15 15:39:50,4,-91.3460250883607
2025-04-15 15:40:00,1,-93.4328942456612
2025-04-15 15:40:10,2,-99.4929975451331
2025-04-15 15:40:20,3,-98.675398294055
2025-04-15 15:40:30,4,-91.0366150876368
2025-04-15 15:40:40,1,-93.6989641580263
2025-04-15 15:40:50,2,-99.5659968702442
2025-04-15 15:41:00,3,-98.5502807707993
2025-04-15 15:41:10,4,-90.7220297780593
2025-04-15 15:41:20,1,-93.9597074105821
2025-04-15 15:41:30,2,-99.6333360026448
2025-04-15 15:41:40,3,-98.4195607969242
2025-04-15 15:41:50,4,-90.4022870433792
2025-04-15 15:42:00,1,-94.215109180426
2025-04-15 15:42:10,2,-99.6950111141959
2025-04-15 15:42:20,3,-98.283245803684
2025-04-15 15:42:30,4,-90.0774050605398
2025-04-15 15:42:40,1,-94.4651549483117
2025-04-15 15:42:50,2,-99.7510186987507
2025-04-15 15:43:00,3,-98.1413435404023
2025-04-15 15:43:10,4,-89.7474022986439
2025-04-15 15:43:20,1,-94.7098304994744
2025-04-15 15:43:30,2,-99.8013555723534
2025-04-15 15:43:40,3,-97.9938620740315
2025-04-15 15:43:50,4,-89.412297517904
2025-04-15 15:44:00,1,-94.9491219244389
2025-04-15 15:44:10,2,-99.8460188734207
2025-04-15 15:44:20,3,-97.8408097886942
2025-04-15 15:44:30,4,-89.0721097685747
2025-04-15 15:44:40,1,-95.1830156198101
2025-04-15 15:44:50,2,-99.885006062904
2025-04-15 15:45:00,3,-97.6821953852065
2025-04-15 15:45:10,4,-88.7268583898714
2025-04-15 15:45:20,1,-95.4114982890468
2025-04-15 15:45:30,2,-99.9183149244343
2025-04-15 15:45:40,3,-97.5180278805834
2025-04-15 15:45:50,4,-88.3765630088693
2025-04-15 15:46:00,1,-95.6345569432173
2025-04-15 15:46:10,2,-99.9459435644475
2025-04-15 15:46:20,3,-97.3483166075262
2025-04-15 15:46:30,4,-88.0212435393888
2025-04-15 15:46:40,1,-95.8521789017376
2025-04-15 15:46:50,2,-99.9678904122929
2025-04-15 15:47:00,3,-97.1730712138922
2025-04-15 15:47:10,4,-87.6609201808627
2025-04-15 15:47:20,1,-96.0643517930928
2025-04-15 15:47:30,2,-99.9841542203216
2025-04-15 15:47:40,3,-96.9923016621456
2025-04-15 15:47:50,4,-87.2956134171883
2025-04-15 15:48:00,1,-96.2710635555401
2025-04-15 15:48:10,2,-99.9947340639581
2025-04-15 15:48:20,3,-96.8060182287918
2025-04-15 15:48:30,4,-86.9253440155625
2025-04-15 15:48:40,1,-96.4723024377943
2025-04-15 15:48:50,2,-99.9996293417526
2025-04-15 15:49:00,3,-96.6142315037929
2025-04-15 15:49:10,4,-86.550133025302
2025-04-15 15:49:20,1,-96.6680569996963
2025-04-15 15:49:30,2,-99.9988397754151
2025-04-15 15:49:40,3,-96.4169523899657
2025-04-15 15:49:50,4,-86.1700017766454
2025-04-15 15:50:00,1,-96.8583161128631
2025-04-15 15:50:10,2,-99.9923654098313
2025-04-15 15:50:20,3,-96.2141921023619
2025-04-15 15:50:30,4,-85.7849718795422
2025-04-15 15:50:40,1,-97.0430689613206
2025-04-15 15:50:50,2,-99.9802066130603
2025-04-15 15:51:00,3,-96.0059621676306
2025-04-15 15:51:10,4,-85.3950652224227
2025-04-15 15:51:20,1,-97.2223050421184
2025-04-15 15:51:30,2,-99.9623640763133
2025-04-15 15:51:40,3,-95.7922744233628
2025-04-15 15:51:50,4,-85.0003039709552
2025-04-15 15:52:00,1,-97.3960141659269
2025-04-15 15:52:10,2,-99.9388388139144
2025-04-15 15:52:20,3,-95.5731410174187
2025-04-15 15:52:30,4,-84.6007105667842
2025-04-15 15:52:40,1,-97.5641864576166
2025-04-15 15:52:50,2,-99.909632163243
2025-04-15 15:53:00,3,-95.3485744072371
2025-04-15 15:53:10,4,-84.1963077262564
2025-04-15 15:53:20,1,-97.7268123568194
2025-04-15 15:53:30,2,-99.874745784658
2025-04-15 15:53:40,3,-95.1185873591271
2025-04-15 15:53:50,4,-83.7871184391282
2025-04-15 15:54:00,1,-97.883882618472
2025-04-15 15:54:10,2,-99.8341816614028
2025-04-15 15:54:20,3,-94.8831929475423
2025-04-15 15:54:30,4,-83.3731659672588
2025-04-15 15:54:40,1,-98.035388313342
2025-04-15 15:54:50,2,-99.7879420994933
2025-04-15 15:55:00,3,-94.6424045543378
2025-04-15 15:55:10,4,-82.9544738432886
2025-04-15 15:55:20,1,-98.1813208285347
2025-04-15 15:55:30,2,-99.7360297275861
2025-04-15 15:55:40,3,-94.396235868009
2025-04-15 15:55:50,4,-82.5310658692999
2025-04-15 15:56:00,1,-98.3216718679833
2025-04-15 15:56:10,2,-99.6784474968297
2025-04-15 15:56:20,3,-94.1447008829141
2025-04-15 15:56:30,4,-82.1029661154658
2025-04-15 15:56:40,1,-98.4564334529205
2025-04-15 15:56:50,2,-99.6151986806963
2025-04-15 15:57:00,3,-93.8878138984778
2025-04-15 15:57:10,4,-81.6701989186799
2025-04-15 15:57:20,1,-98.5855979223319
2025-04-15 15:57:30,2,-99.5462868747957
2025-04-15 15:57:40,3,-93.625589518379
2025-04-15 15:57:50,4,-81.2327888811742
2025-04-15 15:58:00,1,-98.7091579333913
2025-04-15 15:58:10,2,-99.4717159966713
2025-04-15 15:58:20,3,-93.3580426497202
2025-04-15 15:58:30,4,-80.7907608691195
2025-04-15 15:58:40,1,-98.8271064618789
2025-04-15 15:58:50,2,-99.391490285577
2025-04-15 15:59:00,3,-93.0851885021802
2025-04-15 15:59:10,4,-80.3441400112128
2025-04-15 15:59:20,1,-98.9394368025796
2025-04-15 15:59:30,2,-99.3056143022363
2025-04-15 15:59:40,3,-92.8070425871495
2025-04-15 15:59:50,4,-79.8929516972474
2025-04-15 16:00:00,1,-99.0461425696651
2025-04-15 16:00:10,2,-99.214092928583
2025-04-15 16:00:20,3,-92.5236207168484
2025-04-15 16:00:30,4,-79.4372215766712
2025-04-15 16:00:40,1,-99.1472176970564
2025-04-15 16:00:50,2,-99.116931367484
2025-04-15 16:01:00,3,-92.2349390034283
2025-04-15 16:01:10,4,-78.9769755571268
2025-04-15 16:01:20,1,-99.2426564387686
2025-04-15 16:01:30,2,-99.014135142443
2025-04-15 16:01:40,3,-91.9410138580553
2025-04-15 16:01:50,4,-78.5122398029805
2025-04-15 16:02:00,1,-99.332453369238
2025-04-15 16:02:10,2,-98.9057100972868
2025-04-15 16:02:20,3,-91.6418619899779
2025-04-15 16:02:30,4,-78.043040733833
2025-04-15 16:02:40,1,-99.4166033836301
2025-04-15 16:02:50,2,-98.7916623958331
2025-04-15 16:03:00,3,-91.3375004055765
2025-04-15 16:03:10,4,-77.5694050230191
2025-04-15 16:03:20,1,-99.49510169813
2025-04-15 16:03:30,2,-98.67199852154
2025-04-15 16:03:40,3,-91.0279464073968
2025-04-15 16:03:50,4,-77.0913595960907
2025-04-15 16:04:00,1,-99.5679438502144
2025-04-15 16:04:10,2,-98.5467252771374
2025-04-15 16:04:20,3,-90.7132175931664
2025-04-15 16:04:30,4,-76.6089316292857
2025-04-15 16:04:40,1,-99.6351256989051
2025-04-15 16:04:50,2,-98.4158497842405
2025-04-15 16:05:00,3,-90.3933318547942
2025-04-15 16:05:10,4,-76.122148547984
2025-04-15 16:05:20,1,-99.6966434250046
2025-04-15 16:05:30,2,-98.2793794829445
2025-04-15 16:05:40,3,-90.0683073773531
2025-04-15 16:05:50,4,-75.6310380251471
2025-04-15 16:06:00,1,-99.752493531313
2025-04-15 16:06:10,2,-98.1373221314022
2025-04-15 16:06:20,3,-89.7381626380467
2025-04-15 16:06:30,4,-75.1356279797468
2025-04-15 16:06:40,1,-99.8026728428271
2025-04-15 16:06:50,2,-97.9896858053824
2025-04-15 16:07:00,3,-89.4029164051583
2025-04-15 16:07:10,4,-74.6359465751759
2025-04-15 16:07:20,1,-99.8471785069208
2025-04-15 16:07:30,2,-97.8364788978114
2025-04-15 16:07:40,3,-89.0625877369843
2025-04-15 16:07:50,4,-74.1320222176491
2025-04-15 16:08:00,1,-99.8860079935069
2025-04-15 16:08:10,2,-97.6777101182953
2025-04-15 16:08:20,3,-88.7171959807508
2025-04-15 16:08:30,4,-73.6238835545865
2025-04-15 16:08:40,1,-99.9191590951814
2025-04-15 16:08:50,2,-97.5133884926251
2025-04-15 16:09:00,3,-88.3667607715136
2025-04-15 16:09:10,4,-73.1115594729865
2025-04-15 16:09:20,1,-99.9466299273491
2025-04-15 16:09:30,2,-97.3435233622638
2025-04-15 16:09:40,3,-88.0113020310419
2025-04-15 16:09:50,4,-72.5950790977821
2025-04-15 16:10:00,1,-99.96841892833
2025-04-15 16:10:10,2,-97.1681243838152
2025-04-15 16:10:20,3,-87.6508399666859
2025-04-15 16:10:30,4,-72.0744717901869
2025-04-15 16:10:40,1,-99.9845248594489
2025-04-15 16:10:50,2,-96.9872015284747
2025-04-15 16:11:00,3,-87.2853950702282
2025-04-15 16:11:10,4,-71.5497671460242
2025-04-15 16:11:20,1,-99.9949468051052
2025-04-15 16:11:30,2,-96.8007650814627
2025-04-15 16:11:40,3,-86.9149881167184
2025-04-15 16:11:50,4,-71.020994994046
2025-04-15 16:12:00,1,-99.9996841728254
2025-04-15 16:12:10,2,-96.6088256414399
2025-04-15 16:12:20,3,-86.5396401632927
2025-04-15 16:12:30,4,-70.4881853942361
2025-04-15 16:12:40,1,-99.9987366932966
2025-04-15 16:12:50,2,-96.4113941199049
2025-04-15 16:13:00,3,-86.1593725479761
2025-04-15 16:13:10,4,-69.9513686361025
2025-04-15 16:13:20,1,-99.9921044203816
2025-04-15 16:13:30,2,-96.2084817405734
2025-04-15 16:13:40,3,-85.7742068884702
2025-04-15 16:13:50,4,-69.4105752369537
2025-04-15 16:14:00,1,-99.9797877311163
2025-04-15 16:14:10,2,-96.0001000387407
2025-04-15 16:14:20,3,-85.3841650809233
2025-04-15 16:14:30,4,-68.8658359401657
2025-04-15 16:14:40,1,-99.9617873256878
2025-04-15 16:14:50,2,-95.7862608606256
2025-04-15 16:15:00,3,-84.9892692986865
2025-04-15 16:15:10,4,-68.3171817134337
2025-04-15 16:15:20,1,-99.9381042273949
2025-04-15 16:15:30,2,-95.5669763626973
2025-04-15 16:15:40,3,-84.5895419910527
2025-04-15 16:15:50,4,-67.7646437470101
2025-04-15 16:16:00,1,-99.9087397825899
2025-04-15 16:16:10,2,-95.3422590109837
2025-04-15 16:16:20,3,-84.1850058819804
2025-04-15 16:16:30,4,-67.2082534519343
2025-04-15 16:16:40,1,-99.8736956606017
2025-04-15 16:16:50,2,-95.1121215803635
2025-04-15 16:17:00,3,-83.7756839688023
2025-04-15 16:17:10,4,-66.6480424582438
2025-04-15 16:17:20,1,-99.8329738536417
2025-04-15 16:17:30,2,-94.8765771538393
2025-04-15 16:17:40,3,-83.3615995209174
2025-04-15 16:17:50,4,-66.0840426131792
2025-04-15 16:18:00,1,-99.7865766766894
2025-04-15 16:18:10,2,-94.6356391217943
2025-04-15 16:18:20,3,-82.9427760784683
2025-04-15 16:18:30,4,-65.5162859793708
2025-04-15 16:18:40,1,-99.734506767362
2025-04-15 16:18:50,2,-94.3893211812308
2025-04-15 16:19:00,3,-82.5192374510032
2025-04-15 16:19:10,4,-64.9448048330184
2025-04-15 16:19:20,1,-99.6767670857636
2025-04-15 16:19:30,2,-94.1376373349918
2025-04-15 16:19:40,3,-82.0910077161221
2025-04-15 16:19:50,4,-64.3696316620544
2025-04-15 16:20:00,1,-99.6133609143173
2025-04-15 16:20:10,2,-93.8806018909646
2025-04-15 16:20:20,3,-81.6581112181082
2025-04-15 16:20:30,4,-63.7907991642988
2025-04-15 16:20:40,1,-99.5442918575783
2025-04-15 16:20:50,2,-93.6182294612678
2025-04-15 16:21:00,3,-81.2205725665439
2025-04-15 16:21:10,4,-63.2083402455982
2025-04-15 16:21:20,1,-99.4695638420296
2025-04-15 16:21:30,2,-93.3505349614202
2025-04-15 16:21:40,3,-80.7784166349118
2025-04-15 16:21:50,4,-62.6222880179576
2025-04-15 16:22:00,1,-99.389181115858
2025-04-15 16:22:10,2,-93.0775336094935
2025-04-15 16:22:20,3,-80.3316685591805
2025-04-15 16:22:30,4,-62.0326757976556
2025-04-15 16:22:40,1,-99.3031482487132
2025-04-15 16:22:50,2,-92.7992409252464
2025-04-15 16:23:00,3,-79.880353736376
2025-04-15 16:23:10,4,-61.4395371033527
2025-04-15 16:23:20,1,-99.2114701314478
2025-04-15 16:23:30,2,-92.5156727292428
2025-04-15 16:23:40,3,-79.4244978231375
2025-04-15 16:23:50,4,-60.8429056541836
2025-04-15 16:24:00,1,-99.114151975839
2025-04-15 16:24:10,2,-92.2268451419526
2025-04-15 16:24:20,3,-78.9641267342594
2025-04-15 16:24:30,4,-60.2428153678422
2025-04-15 16:24:40,1,-99.0111993142929
2025-04-15 16:24:50,2,-91.9327745828348
2025-04-15 16:25:00,3,-78.4992666412173
2025-04-15 16:25:10,4,-59.6393003586528
2025-04-15 16:25:20,1,-98.9026179995295
2025-04-15 16:25:30,2,-91.6334777694041
2025-04-15 16:25:40,3,-78.029943970681
2025-04-15 16:25:50,4,-59.0323949356293
2025-04-15 16:26:00,1,-98.7884142042502
2025-04-15 16:26:10,2,-91.328971716281
2025-04-15 16:26:20,3,-77.5561854030117
2025-04-15 16:26:30,4,-58.4221336005278
2025-04-15 16:26:40,1,-98.6685944207868
2025-04-15 16:26:50,2,-91.0192737342242
2025-04-15 16:27:00,3,-77.0780178707452
2025-04-15 16:27:10,4,-57.8085510458817
2025-04-15 16:27:20,1,-98.5431654607325
2025-04-15 16:27:30,2,-90.7044014291465
2025-04-15 16:27:40,3,-76.5954685570614
2025-04-15 16:27:50,4,-57.191682153033
2025-04-15 16:28:00,1,-98.4121344545545
2025-04-15 16:28:10,2,-90.384372701114
2025-04-15 16:28:20,3,-76.1085648942382
2025-04-15 16:28:30,4,-56.5715619901461
2025-04-15 16:28:40,1,-98.275508851189
2025-04-15 16:28:50,2,-90.0592057433285
2025-04-15 16:29:00,3,-75.6173345620925
2025-04-15 16:29:10,4,-55.9482258102168
2025-04-15 16:29:20,1,-98.1332964176174
2025-04-15 16:29:30,2,-89.7289190410931
2025-04-15 16:29:40,3,-75.1218054864065
2025-04-15 16:29:50,4,-55.3217090490662
2025-04-15 16:30:00,1,-97.9855052384247
2025-04-15 16:30:10,2,-89.3935313707618
2025-04-15 16:30:20,3,-74.6220058373403
2025-04-15 16:30:30,4,-54.6920473233282
2025-04-15 16:30:40,1,-97.8321437153404
2025-04-15 16:30:50,2,-89.0530617986716
2025-04-15 16:31:00,3,-74.1179640278301
2025-04-15 16:31:10,4,-54.0592764284226
2025-04-15 16:31:20,1,-97.6732205667602
2025-04-15 16:31:30,2,-88.7075296800585
2025-04-15 16:31:40,3,-73.6097087119735
2025-04-15 16:31:50,4,-53.4234323365225
2025-04-15 16:32:00,1,-97.5087448272509
2025-04-15 16:32:10,2,-88.3569546579579
2025-04-15 16:32:20,3,-73.0972687833999
2025-04-15 16:32:30,4,-52.7845511945066
2025-04-15 16:32:40,1,-97.3387258470367
2025-04-15 16:32:50,2,-88.0013566620872
2025-04-15 16:33:00,3,-72.5806733736286
2025-04-15 16:33:10,4,-52.1426693219074
2025-04-15 16:33:20,1,-97.1631732914674
2025-04-15 16:33:30,2,-87.640755907713
2025-04-15 16:33:40,3,-72.0599518504123
2025-04-15 16:33:50,4,-51.4978232088435
2025-04-15 16:34:00,1,-96.9820971404691
2025-04-15 16:34:10,2,-87.2751728945022
2025-04-15 16:34:20,3,-71.5351338160677
2025-04-15 16:34:30,4,-50.8500495139475
2025-04-15 16:34:40,1,-96.7955076879769
2025-04-15 16:34:50,2,-86.9046284053563
2025-04-15 16:35:00,3,-71.0062491057925
2025-04-15 16:35:10,4,-50.1993850622811
2025-04-15 16:35:20,1,-96.6034155413497
2025-04-15 16:35:30,2,-86.5291435052301
2025-04-15 16:35:40,3,-70.4733277859697
2025-04-15 16:35:50,4,-49.5458668432406
2025-04-15 16:36:00,1,-96.4058316207671
2025-04-15 16:36:10,2,-86.1487395399339
2025-04-15 16:36:20,3,-69.9364001524579
2025-04-15 16:36:30,4,-48.8895320084565
2025-04-15 16:36:40,1,-96.2027671586086
2025-04-15 16:36:50,2,-85.7634381349204
2025-04-15 16:37:00,3,-69.3954967288692
2025-04-15 16:37:10,4,-48.2304178696789
2025-04-15 16:37:20,1,-95.9942336988152
2025-04-15 16:37:30,2,-85.3732611940551
2025-04-15 16:37:40,3,-68.8506482648343
2025-04-15 16:37:50,4,-47.5685618966586
2025-04-15 16:38:00,1,-95.7802430962329
2025-04-15 16:38:10,2,-84.9782308983712
2025-04-15 16:38:20,3,-68.3018857342539
2025-04-15 16:38:30,4,-46.904001715015
2025-04-15 16:38:40,1,-95.5608075159392
2025-04-15 16:38:50,2,-84.5783697048085
2025-04-15 16:39:00,3,-67.7492403335381
2025-04-15 16:39:10,4,-46.2367751040993
2025-04-15 16:39:20,1,-95.3359394325509
2025-04-15 16:39:30,2,-84.1737003449367
2025-04-15 16:39:40,3,-67.192743479833
2025-04-15 16:39:50,4,-45.5669199948441
2025-04-15 16:40:00,1,-95.1056516295154
2025-04-15 16:40:10,2,-83.7642458236637
2025-04-15 16:40:20,3,-66.6324268092346
2025-04-15 16:40:30,4,-44.8944744676101
2025-04-15 16:40:40,1,-94.8699571983839
2025-04-15 16:40:50,2,-83.3500294179269
2025-04-15 16:41:00,3,-66.0683221749904
2025-04-15 16:41:10,4,-44.2194767500186
2025-04-15 16:41:20,1,-94.6288695380672
2025-04-15 16:41:30,2,-82.9310746753708
2025-04-15 16:41:40,3,-65.5004616456883
2025-04-15 16:41:50,4,-43.5419652147806
2025-04-15 16:42:00,1,-94.3824023540737
2025-04-15 16:42:10,2,-82.5074054130076
2025-04-15 16:42:20,3,-64.9288775034341
2025-04-15 16:42:30,4,-42.8619783775128
2025-04-15 16:42:40,1,-94.1305696577307
2025-04-15 16:42:50,2,-82.0790457158638
2025-04-15 16:43:00,3,-64.3536022420157
2025-04-15 16:43:10,4,-42.1795548945511
2025-04-15 16:43:20,1,-93.8733857653874
2025-04-15 16:43:30,2,-81.6460199356109
2025-04-15 16:43:40,3,-63.7746685650563
2025-04-15 16:43:50,4,-41.4947335607499
2025-04-15 16:44:00,1,-93.6108652976015
2025-04-15 16:44:10,2,-81.2083526891806
2025-04-15 16:44:20,3,-63.192109384155
2025-04-15 16:44:30,4,-40.8075533072795
2025-04-15 16:44:40,1,-93.3430231783076
2025-04-15 16:44:50,2,-80.7660688573661
2025-04-15 16:45:00,3,-62.6059578170161
2025-04-15 16:45:10,4,-40.1180531994106
2025-04-15 16:45:20,1,-93.0698746339693
2025-04-15 16:45:30,2,-80.3191935834069
2025-04-15 16:45:40,3,-62.016247185566
2025-04-15 16:45:50,4,-39.426272434295
2025-04-15 16:46:00,1,-92.7914351927131
2025-04-15 16:46:10,2,-79.8677522715601
2025-04-15 16:46:20,3,-61.4230110140591
2025-04-15 16:46:30,4,-38.7322503387371
2025-04-15 16:46:40,1,-92.5077206834458
2025-04-15 16:46:50,2,-79.4117705856556
2025-04-15 16:47:00,3,-60.8262830271723
2025-04-15 16:47:10,4,-38.0360263669568
2025-04-15 16:47:20,1,-92.2187472349549
2025-04-15 16:47:30,2,-78.9512744476376
2025-04-15 16:47:40,3,-60.2260971480869
2025-04-15 16:47:50,4,-37.3376400983492
2025-04-15 16:48:00,1,-91.9245312749915
2025-04-15 16:48:10,2,-78.486290036091
2025-04-15 16:48:20,3,-59.6224874965616
2025-04-15 16:48:30,4,-36.6371312352316
2025-04-15 16:48:40,1,-91.6250895293362
2025-04-15 16:48:50,2,-78.0168437847526
2025-04-15 16:49:00,3,-59.0154883869911
2025-04-15 16:49:10,4,-35.9345396005891
2025-04-15 16:49:20,1,-91.3204390208486
2025-04-15 16:49:30,2,-77.5429623810091
2025-04-15 16:49:40,3,-58.4051343264567
2025-04-15 16:49:50,4,-35.2299051358086
2025-04-15 16:50:00,1,-91.0105970684996
2025-04-15 16:50:10,2,-77.0646727643794
2025-04-15 16:50:20,3,-57.791460012764
2025-04-15 16:50:30,4,-34.5232678984101
2025-04-15 16:50:40,1,-90.6955812863864
2025-04-15 16:50:50,2,-76.5820021249837
2025-04-15 16:51:00,3,-57.1745003324705
2025-04-15 16:51:10,4,-33.8146680597675
2025-04-15 16:51:20,1,-90.3754095827316
2025-04-15 16:51:30,2,-76.0949779019972
2025-04-15 16:51:40,3,-56.5542903589023
2025-04-15 16:51:50,4,-33.104145902827
2025-04-15 16:52:00,1,-90.050100158865
2025-04-15 16:52:10,2,-75.6036277820903
2025-04-15 16:52:20,3,-55.9308653501605
2025-04-15 16:52:30,4,-32.3917418198149
2025-04-15 16:52:40,1,-89.7196715081887
2025-04-15 16:52:50,2,-75.1079796978551
2025-04-15 16:53:00,3,-55.3042607471164
2025-04-15 16:53:10,4,-31.6774963099436
2025-04-15 16:53:20,1,-89.3841424151263
2025-04-15 16:53:30,2,-74.6080618262171
2025-04-15 16:53:40,3,-54.6745121713971
2025-04-15 16:53:50,4,-30.9614499771069
2025-04-15 16:54:00,1,-89.0435319540544
2025-04-15 16:54:10,2,-74.1039025868334
2025-04-15 16:54:20,3,-54.0416554233603
2025-04-15 16:54:30,4,-30.2436435275744
2025-04-15 16:54:40,1,-88.6978594882186
2025-04-15 16:54:50,2,-73.5955306404772
2025-04-15 16:55:00,3,-53.4057264800589
2025-04-15 16:55:10,4,-29.5241177676744
2025-04-15 16:55:20,1,-88.3471446686326
2025-04-15 16:55:30,2,-73.0829748874083
2025-04-15 16:55:40,3,-52.7667614931963
2025-04-15 16:55:50,4,-28.8029136014768
2025-04-15 16:56:00,1,-87.991407432961
2025-04-15 16:56:10,2,-72.5662644657305
2025-04-15 16:56:20,3,-52.1247967870705
2025-04-15 16:56:30,4,-28.0800720284666
2025-04-15 16:56:40,1,-87.6306680043864
2025-04-15 16:56:50,2,-72.0454287497346
2025-04-15 16:57:00,3,-51.4798688565099
2025-04-15 16:57:10,4,-27.3556341412122
2025-04-15 16:57:20,1,-87.2649468904588
2025-04-15 16:57:30,2,-71.520497348229
2025-04-15 16:57:40,3,-50.8320143647977
2025-04-15 16:57:50,4,-26.6296411230317
2025-04-15 16:58:00,1,-86.8942648819306
2025-04-15 16:58:10,2,-70.9915001028564
2025-04-15 16:58:20,3,-50.1812701415888
2025-04-15 16:58:30,4,-25.9021342456489
2025-04-15 16:58:40,1,-86.5186430515745
2025-04-15 16:58:50,2,-70.4584670863971
2025-04-15 16:59:00,3,-49.5276731808151
2025-04-15 16:59:10,4,-25.1731548668498
2025-04-15 16:59:20,1,-86.138102752985
2025-04-15 16:59:30,2,-69.9214286010595
2025-04-15 16:59:40,3,-48.8712606385826
2025-04-15 16:59:50,4,-24.4427444281287
2025-04-15 17:00:00,1,-85.7526656193652
2025-04-15 17:00:10,2,-69.3804151767576
2025-04-15 17:00:20,3,-48.2120698310596
2025-04-15 17:00:30,4,-23.7109444523351
2025-04-15 17:00:40,1,-85.3623535622967
2025-04-15 17:00:50,2,-68.8354575693754
2025-04-15 17:01:00,3,-47.5501382323549
2025-04-15 17:01:10,4,-22.9777965413107
2025-04-15 17:01:20,1,-84.9671887704937
2025-04-15 17:01:30,2,-68.2865867590182
2025-04-15 17:01:40,3,-46.8855034723877
2025-04-15 17:01:50,4,-22.2433423735265
2025-04-15 17:02:00,1,-84.5671937085419
2025-04-15 17:02:10,2,-67.7338339482517
2025-04-15 17:02:20,3,-46.2182033347481
2025-04-15 17:02:30,4,-21.5076237017113
2025-04-15 17:02:40,1,-84.1623911156215
2025-04-15 17:02:50,2,-67.1772305603282
2025-04-15 17:03:00,3,-45.5482757545496
2025-04-15 17:03:10,4,-20.7706823504805
2025-04-15 17:03:20,1,-83.7528040042141
2025-04-15 17:03:30,2,-66.6168082374
2025-04-15 17:03:40,3,-44.8757588162719
2025-04-15 17:03:50,4,-20.032560213956
2025-04-15 17:04:00,1,-83.3384556587951
2025-04-15 17:04:10,2,-66.0525988387206
2025-04-15 17:04:20,3,-44.2006907515964
2025-04-15 17:04:30,4,-19.2932992533868
2025-04-15 17:04:40,1,-82.9193696345093
2025-04-15 17:04:50,2,-65.4846344388339
2025-04-15 17:05:00,3,-43.5231099372328
2025-04-15 17:05:10,4,-18.5529414947614
2025-04-15 17:05:20,1,-82.4955697558322
2025-04-15 17:05:30,2,-64.9129473257504
2025-04-15 17:05:40,3,-42.8430548927369
2025-04-15 17:05:50,4,-17.8115290264208
2025-04-15 17:06:00,1,-82.0670801152158
2025-04-15 17:06:10,2,-64.3375699991119
2025-04-15 17:06:20,3,-42.1605642783214
2025-04-15 17:06:30,4,-17.0691039966648
2025-04-15 17:06:40,1,-81.6339250717184
2025-04-15 17:06:50,2,-63.7585351683438
2025-04-15 17:07:00,3,-41.4756768926576
2025-04-15 17:07:10,4,-16.3257086113547
2025-04-15 17:07:20,1,-81.1961292496204
2025-04-15 17:07:30,2,-63.1758757507957
2025-04-15 17:07:40,3,-40.7884316706703
2025-04-15 17:07:50,4,-15.5813851315169
2025-04-15 17:08:00,1,-80.7537175370242
2025-04-15 17:08:10,2,-62.58962486987
2025-04-15 17:08:20,3,-40.0988676813237
2025-04-15 17:08:30,4,-14.8361758709373
2025-04-15 17:08:40,1,-80.3067150844393
2025-04-15 17:08:50,2,-61.9998158531392
2025-04-15 17:09:00,3,-39.4070241254015
2025-04-15 17:09:10,4,-14.0901231937583
2025-04-15 17:09:20,1,-79.8551473033525
2025-04-15 17:09:30,2,-61.4064822304508
2025-04-15 17:09:40,3,-38.7129403332771
2025-04-15 17:09:50,4,-13.3432695120685
2025-04-15 17:10:00,1,-79.3990398647835
2025-04-15 17:10:10,2,-60.8096577320215
2025-04-15 17:10:20,3,-38.0166557626785
2025-04-15 17:10:30,4,-12.5956572834935
2025-04-15 17:10:40,1,-78.9384186978255
2025-04-15 17:10:50,2,-60.2093762865192
2025-04-15 17:11:00,3,-37.318209996445
2025-04-15 17:11:10,4,-11.8473290087801
2025-04-15 17:11:20,1,-78.4733099881707
2025-04-15 17:11:30,2,-59.6056720191354
2025-04-15 17:11:40,3,-36.6176427402768
2025-04-15 17:11:50,4,-11.0983272293827
2025-04-15 17:12:00,1,-78.0037401766225
2025-04-15 17:12:10,2,-58.9985792496438
2025-04-15 17:12:20,3,-35.9149938204782
2025-04-15 17:12:30,4,-10.3486945250422
2025-04-15 17:12:40,1,-77.5297359575916
2025-04-15 17:12:50,2,-58.3881324904498
2025-04-15 17:13:00,3,-35.210303181693
2025-04-15 17:13:10,4,-9.59847351136792
2025-04-15 17:13:20,1,-77.0513242775789
2025-04-15 17:13:30,2,-57.774366444629
2025-04-15 17:13:40,3,-34.5036108846343
2025-04-15 17:13:50,4,-8.8477068374126
2025-04-15 17:14:00,1,-76.5685323336436
2025-04-15 17:14:10,2,-57.1573160039537
2025-04-15 17:14:20,3,-33.7949571038064
2025-04-15 17:14:30,4,-8.09643718325033
2025-04-15 17:14:40,1,-76.0813875718569
2025-04-15 17:14:50,2,-56.5370162469096
2025-04-15 17:15:00,3,-33.0843821252217
2025-04-15 17:15:10,4,-7.34470725754755
2025-04-15 17:15:20,1,-75.5899176857419
2025-04-15 17:15:30,2,-55.9135024367019
2025-04-15 17:15:40,3,-32.3719263441098
2025-04-15 17:15:50,4,-6.5925597951376
2025-04-15 17:16:00,1,-75.0941506146991
2025-04-15 17:16:10,2,-55.2868100192502
2025-04-15 17:16:20,3,-31.6576302626214
2025-04-15 17:16:30,4,-5.8400375545902
2025-04-15 17:16:40,1,-74.5941145424182
2025-04-15 17:16:50,2,-54.6569746211736
2025-04-15 17:17:00,3,-30.941534487526
2025-04-15 17:17:10,4,-5.08718331577963
2025-04-15 17:17:20,1,-74.0898378952758
2025-04-15 17:17:30,2,-54.0240320477655
2025-04-15 17:17:40,3,-30.2236797279032
2025-04-15 17:17:50,4,-4.33403987745527
2025-04-15 17:18:00,1,-73.5813493407198
2025-04-15 17:18:10,2,-53.3880182809581
2025-04-15 17:18:20,3,-29.5041067928281
2025-04-15 17:18:30,4,-3.58065005480566
2025-04-15 17:18:40,1,-73.0686777856388
2025-04-15 17:18:50,2,-52.7489694772766
2025-04-15 17:19:00,3,-28.7828565890525
2025-04-15 17:19:10,4,-2.82705667702738
2025-04-15 17:19:20,1,-72.5518523747198
2025-04-15 17:19:30,2,-52.1069219657842
2025-04-15 17:19:40,3,-28.0599701186782
2025-04-15 17:19:50,4,-2.07330258488743
2025-04-15 17:20:00,1,-72.0309024887907
2025-04-15 17:20:10,2,-51.4619122460163
2025-04-15 17:20:20,3,-27.3354884768265
2025-04-15 17:20:30,4,-1.31943062829062
2025-04-15 17:20:40,1,-71.5058577431503
2025-04-15 17:20:50,2,-50.8139769859062
2025-04-15 17:21:00,3,-26.6094528493022
2025-04-15 17:21:10,4,-0.565483663840795
2025-04-15 17:21:20,1,-70.9767479858847
2025-04-15 17:21:30,2,-50.1631530196997
2025-04-15 17:21:40,3,-25.8819045102521
2025-04-15 17:21:50,4,0.188495447592715
2025-04-15 17:22:00,1,-70.4436032961703
2025-04-15 17:22:10,2,-49.5094773458625
2025-04-15 17:22:20,3,-25.1528848198185
2025-04-15 17:22:30,4,0.942463843314471
2025-04-15 17:22:40,1,-69.9064539825641
2025-04-15 17:22:50,2,-48.8529871249752
2025-04-15 17:23:00,3,-24.4224352217881
2025-04-15 17:23:10,4,1.69637866123679
2025-04-15 17:23:20,1,-69.3653305812805
2025-04-15 17:23:30,2,-48.1937196776221
2025-04-15 17:23:40,3,-23.6905972412359
2025-04-15 17:23:50,4,2.45019704231923
2025-04-15 17:24:00,1,-68.8202638544554
2025-04-15 17:24:10,2,-47.5317124822687
2025-04-15 17:24:20,3,-22.9574124821647
2025-04-15 17:24:30,4,3.20387613300224
2025-04-15 17:24:40,1,-68.2712847883976
2025-04-15 17:24:50,2,-46.8670031731319
2025-04-15 17:25:00,3,-22.2229226251397
2025-04-15 17:25:10,4,3.95737308764616
2025-04-15 17:25:20,1,-67.7184245918269
2025-04-15 17:25:30,2,-46.1996295380398
2025-04-15 17:25:40,3,-21.4871694249192
2025-04-15 17:25:50,4,4.7106450709641
2025-04-15 17:26:00,1,-67.1617146941004
2025-04-15 17:26:10,2,-45.529629516284
2025-04-15 17:26:20,3,-20.7501947080809
2025-04-15 17:26:30,4,5.4636492604599
2025-04-15 17:26:40,1,-66.6011867434251
2025-04-15 17:26:50,2,-44.8570411964625
2025-04-15 17:27:00,3,-20.0120403706439
2025-04-15 17:27:10,4,6.21634284886005
2025-04-15 17:27:20,1,-66.0368726050597
2025-04-15 17:27:30,2,-44.1819028143149
2025-04-15 17:27:40,3,-19.2727483756875
2025-04-15 17:27:50,4,6.96868304654831
2025-04-15 17:28:00,1,-65.468804359502
2025-04-15 17:28:10,2,-43.5042527505479
2025-04-15 17:28:20,3,-18.5323607509649
2025-04-15 17:28:30,4,7.72062708399927
2025-04-15 17:28:40,1,-64.8970143006663
2025-04-15 17:28:50,2,-42.8241295286543
2025-04-15 17:29:00,3,-17.7909195865144
2025-04-15 17:29:10,4,8.4721322142073
2025-04-15 17:29:20,1,-64.3215349340465
2025-04-15 17:29:30,2,-42.1415718127224
2025-04-15 17:29:40,3,-17.0484670322671
2025-04-15 17:29:50,4,9.22315571511945
2025-04-15 17:30:00,1,-63.742398974869
2025-04-15 17:30:10,2,-41.4566184052384
2025-04-15 17:30:20,3,-16.3050452956499
2025-04-15 17:30:30,4,9.97365489206134
2025-04-15 17:30:40,1,-63.1596393462323
2025-04-15 17:30:50,2,-40.7693082448802
2025-04-15 17:31:00,3,-15.5606966391862
2025-04-15 17:31:10,4,10.7235870801671
2025-04-15 17:31:20,1,-62.5732891772358
2025-04-15 17:31:30,2,-40.0796804043037
2025-04-15 17:31:40,3,-14.8154633780938
2025-04-15 17:31:50,4,11.4729096468021
2025-04-15 17:32:00,1,-61.9833818010963
2025-04-15 17:32:10,2,-39.3877740879224
2025-04-15 17:32:20,3,-14.0693878778791
2025-04-15 17:32:30,4,12.221579993989
2025-04-15 17:32:40,1,-61.3899507532528
2025-04-15 17:32:50,2,-38.6936286296777
2025-04-15 17:33:00,3,-13.3225125519287
2025-04-15 17:33:10,4,12.9695555608272
2025-04-15 17:33:20,1,-60.7930297694606
2025-04-15 17:33:30,2,-37.997283490803
2025-04-15 17:33:40,3,-12.5748798590979
2025-04-15 17:33:50,4,13.7167938259147
2025-04-15 17:34:00,1,-60.1926527838728
2025-04-15 17:34:10,2,-37.2987782575809
2025-04-15 17:34:20,3,-11.8265323012977
2025-04-15 17:34:30,4,14.4632523097626
2025-04-15 17:34:40,1,-59.588853927112
2025-04-15 17:34:50,2,-36.5981526390923
2025-04-15 17:35:00,3,-11.0775124210779
2025-04-15 17:35:10,4,15.208888577213
2025-04-15 17:35:20,1,-58.9816675243291
2025-04-15 17:35:30,2,-35.8954464649593
2025-04-15 17:35:40,3,-10.3278627992091
2025-04-15 17:35:50,4,15.9536602398485
2025-04-15 17:36:00,1,-58.3711280932528
2025-04-15 17:36:10,2,-35.1906996830805
2025-04-15 17:36:20,3,-9.57762605226177
2025-04-15 17:36:30,4,16.6975249584047
2025-04-15 17:36:40,1,-57.7572703422267
2025-04-15 17:36:50,2,-34.4839523573607
2025-04-15 17:37:00,3,-8.82684483018366
2025-04-15 17:37:10,4,17.4404404451747
2025-04-15 17:37:20,1,-57.1401291682365
2025-04-15 17:37:30,2,-33.7752446654325
2025-04-15 17:37:40,3,-8.07556181387525
2025-04-15 17:37:50,4,18.1823644664141
2025-04-15 17:38:00,1,-56.519739654926
2025-04-15 17:38:10,2,-33.064616896373
2025-04-15 17:38:20,3,-7.32381971276329
2025-04-15 17:38:30,4,18.9232548447432
2025-04-15 17:38:40,1,-55.8961370706027
2025-04-15 17:38:50,2,-32.3521094484129
2025-04-15 17:39:00,3,-6.57166126237293
2025-04-15 17:39:10,4,19.663069461542
2025-04-15 17:39:20,1,-55.2693568662331
2025-04-15 17:39:30,2,-31.6377628266402
2025-04-15 17:39:40,3,-5.819129221898
2025-04-15 17:39:50,4,20.4017662593473
2025-04-15 17:40:00,1,-54.6394346734269
2025-04-15 17:40:10,2,-30.9216176406974
2025-04-15 17:40:20,3,-5.06626637177096
2025-04-15 17:40:30,4,21.1393032442413
2025-04-15 17:40:40,1,-54.0064063024116
2025-04-15 17:40:50,2,-30.203714602473
2025-04-15 17:41:00,3,-4.31311551122985
2025-04-15 17:41:10,4,21.8756384882413
2025-04-15 17:41:20,1,-53.3703077399968
2025-04-15 17:41:30,2,-29.484094523787
2025-04-15 17:41:40,3,-3.55971945588585
2025-04-15 17:41:50,4,22.6107301316806
2025-04-15 17:42:00,1,-52.7311751475283
2025-04-15 17:42:10,2,-28.7627983140708
2025-04-15 17:42:20,3,-2.80612103528917
2025-04-15 17:42:30,4,23.3445363855906
2025-04-15 17:42:40,1,-52.0890448588325
2025-04-15 17:42:50,2,-28.0398669780418
2025-04-15 17:43:00,3,-2.05236309049419
2025-04-15 17:43:10,4,24.0770155340745
2025-04-15 17:43:20,1,-51.4439533781507
2025-04-15 17:43:30,2,-27.315341613372
2025-04-15 17:43:40,3,-1.29848847162403
2025-04-15 17:43:50,4,24.8081259366805
2025-04-15 17:44:00,1,-50.7959373780641
2025-04-15 17:44:10,2,-26.5892634083515
2025-04-15 17:44:20,3,-0.544540035434573
2025-04-15 17:44:30,4,25.5378260307673
2025-04-15 17:44:40,1,-50.1450336974085
2025-04-15 17:44:50,2,-25.8616736395477
2025-04-15 17:45:00,3,0.209439357121875
2025-04-15 17:45:10,4,26.2660743338686
2025-04-15 17:45:20,1,-49.4912793391813
2025-04-15 17:45:30,2,-25.1326136694582
2025-04-15 17:45:40,3,0.963406843333189
2025-04-15 17:45:50,4,26.9928294460495
2025-04-15 17:46:00,1,-48.8347114684361
2025-04-15 17:46:10,2,-24.4021249441594
2025-04-15 17:46:20,3,1.7173195611641
2025-04-15 17:46:30,4,27.7180500522621
2025-04-15 17:46:40,1,-48.1753674101715
2025-04-15 17:46:50,2,-23.6702489909508
2025-04-15 17:47:00,3,2.47113465169284
2025-04-15 17:47:10,4,28.4416949246923
2025-04-15 17:47:20,1,-47.5132846472083
2025-04-15 17:47:30,2,-22.9370274159938
2025-04-15 17:47:40,3,3.22480926154764
2025-04-15 17:47:50,4,29.1637229251041
2025-04-15 17:48:00,1,-46.8485008180593
2025-04-15 17:48:10,2,-22.2025019019465
2025-04-15 17:48:20,3,3.97830054534286
2025-04-15 17:48:30,4,29.8840930071796
2025-04-15 17:48:40,1,-46.1810537147889
2025-04-15 17:48:50,2,-21.4667142055943
2025-04-15 17:49:00,3,4.73156566811469
2025-04-15 17:49:10,4,30.60276421885
2025-04-15 17:49:20,1,-45.5109812808654
2025-04-15 17:49:30,2,-20.7297061554758
2025-04-15 17:49:40,3,5.48456180775645
2025-04-15 17:49:50,4,31.3196957046265
2025-04-15 17:50:00,1,-44.8383216090032
2025-04-15 17:50:10,2,-19.9915196495054
2025-04-15 17:50:20,3,6.23724615745226
2025-04-15 17:50:30,4,32.0348467079197
2025-04-15 17:50:40,1,-44.1631129389981
2025-04-15 17:50:50,2,-19.2521966525908
2025-04-15 17:51:00,3,6.98957592811162
2025-04-15 17:51:10,4,32.7481765733597
2025-04-15 17:51:20,1,-43.4853936555528
2025-04-15 17:51:30,2,-18.5117791942478
2025-04-15 17:51:40,3,7.74150835080117
2025-04-15 17:51:50,4,33.4596447491047
2025-04-15 17:52:00,1,-42.8052022860951
2025-04-15 17:52:10,2,-17.7703093662107
2025-04-15 17:52:20,3,8.49300067917627
2025-04-15 17:52:30,4,34.1692107891484
2025-04-15 17:52:40,1,-42.1225774985873
2025-04-15 17:52:50,2,-17.0278293200401
2025-04-15 17:53:00,3,9.24401019191104
2025-04-15 17:53:10,4,34.8768343556174
2025-04-15 17:53:20,1,-41.4375580993285
2025-04-15 17:53:30,2,-16.2843812647255
2025-04-15 17:53:40,3,9.994494195127
2025-04-15 17:53:50,4,35.5824752210664
2025-04-15 17:54:00,1,-40.7501830307481
2025-04-15 17:54:10,2,-15.5400074642868
2025-04-15 17:54:20,3,10.7444100248202
2025-04-15 17:54:30,4,36.2860932707627
2025-04-15 17:54:40,1,-40.0604913691922
2025-04-15 17:54:50,2,-14.7947502353712
2025-04-15 17:55:00,3,11.4937150492866
2025-04-15 17:55:10,4,36.9876485049693
2025-04-15 17:55:20,1,-39.3685223227023
2025-04-15 17:55:30,2,-14.0486519448476
2025-04-15 17:55:40,3,12.2423666715456
2025-04-15 17:55:50,4,37.6871010412161
2025-04-15 17:56:00,1,-38.6743152287857
2025-04-15 17:56:10,2,-13.3017550073979
2025-04-15 17:56:20,3,12.9903223317616
2025-04-15 17:56:30,4,38.38441111657
2025-04-15 17:56:40,1,-37.9779095521801
2025-04-15 17:56:50,2,-12.5541018831064
2025-04-15 17:57:00,3,13.7375395096635
2025-04-15 17:57:10,4,39.0795390898925
2025-04-15 17:57:20,1,-37.2793448826093
2025-04-15 17:57:30,2,-11.8057350750454
2025-04-15 17:57:40,3,14.4839757269621
2025-04-15 17:57:50,4,39.772445444096
2025-04-15 17:58:00,1,-36.5786609325332
2025-04-15 17:58:10,2,-11.0566971268591
2025-04-15 17:58:20,3,15.2295885497645
2025-04-15 17:58:30,4,40.4630907883878
2025-04-15 17:58:40,1,-35.8758975348899
2025-04-15 17:58:50,2,-10.3070306203451
2025-04-15 17:59:00,3,15.9743355909868
2025-04-15 17:59:10,4,41.1514358605109
2025-04-15 17:59:20,1,-35.1710946408313
2025-04-15 17:59:30,2,-9.55677817303393
2025-04-15 17:59:40,3,16.7181745127636
2025-04-15 17:59:50,4,41.8374415289763
2025-04-15 18:00:00,1,-34.4642923174517
2025-04-15 18:00:10,2,-8.80598243576581
2025-04-15 18:00:20,3,17.461063028855
2025-04-15 18:00:30,4,42.5210687952859
2025-04-15 18:00:40,1,-33.7555307455106
2025-04-15 18:00:50,2,-8.05468609026639
2025-04-15 18:01:00,3,18.20295890705
2025-04-15 18:01:10,4,43.2022787961518
2025-04-15 18:01:20,1,-33.0448502171479
2025-04-15 18:01:30,2,-7.30293184672018
2025-04-15 18:01:40,3,18.9438199715681
2025-04-15 18:01:50,4,43.8810328057031
2025-04-15 18:02:00,1,-32.3322911335937
2025-04-15 18:02:10,2,-6.55076244134258
2025-04-15 18:02:20,3,19.6836041054565
2025-04-15 18:02:30,4,44.5572922376897
2025-04-15 18:02:40,1,-31.6178940028713
2025-04-15 18:02:50,2,-5.79822063395022
2025-04-15 18:03:00,3,20.4222692529843
2025-04-15 18:03:10,4,45.2310186476741
2025-04-15 18:03:20,1,-30.9016994374948
2025-04-15 18:03:30,2,-5.04534920553081
2025-04-15 18:03:40,3,21.1597734220335
2025-04-15 18:03:50,4,45.9021737352185
2025-04-15 18:04:00,1,-30.1837481521597
2025-04-15 18:04:10,2,-4.29219095581001
2025-04-15 18:04:20,3,21.8960746864864
2025-04-15 18:04:30,4,46.5707193460603
2025-04-15 18:04:40,1,-29.4640809614287
2025-04-15 18:04:50,2,-3.53878870081911
2025-04-15 18:05:00,3,22.6311311886085
2025-04-15 18:05:10,4,47.2366174742833
2025-04-15 18:05:20,1,-28.7427387774115
2025-04-15 18:05:30,2,-2.78518527046073
2025-04-15 18:05:40,3,23.3649011414286
2025-04-15 18:05:50,4,47.899830264476
2025-04-15 18:06:00,1,-28.0197626074393
2025-04-15 18:06:10,2,-2.03142350607406
2025-04-15 18:06:20,3,24.0973428311138
2025-04-15 18:06:30,4,48.5603200138858
2025-04-15 18:06:40,1,-27.2951935517325
2025-04-15 18:06:50,2,-1.27754625799935
2025-04-15 18:07:00,3,24.8284146193415
2025-04-15 18:07:10,4,49.2180491745601
2025-04-15 18:07:20,1,-26.5690728010652
2025-04-15 18:07:30,2,-0.523596383141974
2025-04-15 18:07:40,3,25.5580749456659
2025-04-15 18:07:50,4,49.8729803554834
2025-04-15 18:08:00,1,-25.8414416344234
2025-04-15 18:08:10,2,0.230383257463997
2025-04-15 18:08:20,3,26.2862823298811
2025-04-15 18:08:30,4,50.5250763247006
2025-04-15 18:08:40,1,-25.1123414166581
2025-04-15 18:08:50,2,0.984349801092331
2025-04-15 18:09:00,3,27.0129953743788
2025-04-15 18:09:10,4,51.1743000114345
2025-04-15 18:09:20,1,-24.3818135961338
2025-04-15 18:09:30,2,1.73826038576134
2025-04-15 18:09:40,3,27.7381727665021
2025-04-15 18:09:50,4,51.8206145081942
2025-04-15 18:10:00,1,-23.6498997023725
2025-04-15 18:10:10,2,2.49207215267054
2025-04-15 18:10:20,3,28.4617732808939
2025-04-15 18:10:30,4,52.4639830728713
2025-04-15 18:10:40,1,-22.9166413436923
2025-04-15 18:10:50,2,3.24574224863709
2025-04-15 18:11:00,3,29.1837557818401
2025-04-15 18:11:10,4,53.1043691308307
2025-04-15 18:11:20,1,-22.1820802048425
2025-04-15 18:11:30,2,3.99922782853195
2025-04-15 18:11:40,3,29.9040792256087
2025-04-15 18:11:50,4,53.7417362769875
2025-04-15 18:12:00,1,-21.4462580446339
2025-04-15 18:12:10,2,4.75248605771558
2025-04-15 18:12:20,3,30.622702662783
2025-04-15 18:12:30,4,54.3760482778793
2025-04-15 18:12:40,1,-20.7092166935642
2025-04-15 18:12:50,2,5.50547411447319
2025-04-15 18:13:00,3,31.3395852405893
2025-04-15 18:13:10,4,55.0072690737233
2025-04-15 18:13:20,1,-19.9709980514407
2025-04-15 18:13:30,2,6.25814919244842
2025-04-15 18:13:40,3,32.0546862052194
2025-04-15 18:13:50,4,55.6353627804687
2025-04-15 18:14:00,1,-19.2316440849983
2025-04-15 18:14:10,2,7.01046850307782
2025-04-15 18:14:20,3,32.7679649041473
2025-04-15 18:14:30,4,56.2602936918342
2025-04-15 18:14:40,1,-18.4911968255133
2025-04-15 18:14:50,2,7.76238927802269
2025-04-15 18:15:00,3,33.4793807884405
2025-04-15 18:15:10,4,56.8820262813407
2025-04-15 18:15:20,1,-17.7496983664142
2025-04-15 18:15:30,2,8.51386877160055
2025-04-15 18:15:40,3,34.188893415065
2025-04-15 18:15:50,4,57.5005252043277
2025-04-15 18:16:00,1,-17.0071908608888
2025-04-15 18:16:10,2,9.26486426321515
2025-04-15 18:16:20,3,34.8964624491843
2025-04-15 18:16:30,4,58.115755299966
2025-04-15 18:16:40,1,-16.2637165194883
2025-04-15 18:16:50,2,10.0153330597851
2025-04-15 18:17:00,3,35.6020476664525
2025-04-15 18:17:10,4,58.7276815932532
2025-04-15 18:17:20,1,-15.5193176077265
2025-04-15 18:17:30,2,10.7652324981709
2025-04-15 18:17:40,3,36.3056089553013
2025-04-15 18:17:50,4,59.336269297005
2025-04-15 18:18:00,1,-14.7740364436783
2025-04-15 18:18:10,2,11.5145199476004
2025-04-15 18:18:20,3,37.0071063192197
2025-04-15 18:18:30,4,59.9414838138306
2025-04-15 18:18:40,1,-14.0279153955732
2025-04-15 18:18:50,2,12.263152812092
2025-04-15 18:19:00,3,37.7064998790282
2025-04-15 18:19:10,4,60.5432907381001
2025-04-15 18:19:20,1,-13.2809968793869
2025-04-15 18:19:30,2,13.0110885328766
2025-04-15 18:19:40,3,38.4037498751456
2025-04-15 18:19:50,4,61.1416558579018
2025-04-15 18:20:00,1,-12.5333233564304
2025-04-15 18:20:10,2,13.7582845908166
2025-04-15 18:20:20,3,39.0988166698496
2025-04-15 18:20:30,4,61.7365451569845
2025-04-15 18:20:40,1,-11.7849373309356
2025-04-15 18:20:50,2,14.5046985088233
2025-04-15 18:21:00,3,39.7916607495299
2025-04-15 18:21:10,4,62.3279248166941
2025-04-15 18:21:20,1,-11.0358813476392
2025-04-15 18:21:30,2,15.2502878542716
2025-04-15 18:21:40,3,40.4822427269343
2025-04-15 18:21:50,4,62.9157612178934
2025-04-15 18:22:00,1,-10.2861979893642
2025-04-15 18:22:10,2,15.9950102414123
2025-04-15 18:22:20,3,41.1705233434083
2025-04-15 18:22:30,4,63.5000209428761
2025-04-15 18:22:40,1,-9.53592987459889
2025-04-15 18:22:50,2,16.7388233337814
2025-04-15 18:23:00,3,41.8564634711266
2025-04-15 18:23:10,4,64.0806707772638
2025-04-15 18:23:20,1,-8.78511965507435
2025-04-15 18:23:30,2,17.4816848466076
2025-04-15 18:23:40,3,42.5400241153178
2025-04-15 18:23:50,4,64.6576777118967
2025-04-15 18:24:00,1,-8.03381001333947
2025-04-15 18:24:10,2,18.2235525492148
2025-04-15 18:24:20,3,43.2211664164805
2025-04-15 18:24:30,4,65.2310089447077
2025-04-15 18:24:40,1,-7.28204366033463
2025-04-15 18:24:50,2,18.9643842674243
2025-04-15 18:25:00,3,43.899851652593
2025-04-15 18:25:10,4,65.8006318825896
2025-04-15 18:25:20,1,-6.52986333296364
2025-04-15 18:25:30,2,19.7041378859515
2025-04-15 18:25:40,3,44.5760412413146
2025-04-15 18:25:50,4,66.3665141432458
2025-04-15 18:26:00,1,-5.77731179166404
2025-04-15 18:26:10,2,20.4427713508004
2025-04-15 18:26:20,3,45.2496967421787
2025-04-15 18:26:30,4,66.9286235570329
2025-04-15 18:26:40,1,-5.02443181797687
2025-04-15 18:26:50,2,21.1802426716542
2025-04-15 18:27:00,3,45.920779858778
2025-04-15 18:27:10,4,67.4869281687881
2025-04-15 18:27:20,1,-4.27126621211361
2025-04-15 18:27:30,2,21.9165099242624
2025-04-15 18:27:40,3,46.5892524409419
2025-04-15 18:27:50,4,68.0413962396472
2025-04-15 18:28:00,1,-3.51785779052372
2025-04-15 18:28:10,2,22.651531252824
2025-04-15 18:28:20,3,47.2550764869053
2025-04-15 18:28:30,4,68.5919962488476
2025-04-15 18:28:40,1,-2.76424938346039
2025-04-15 18:28:50,2,23.3852648723675
2025-04-15 18:29:00,3,47.9182141454687
2025-04-15 18:29:10,4,69.1386968955206
2025-04-15 18:29:20,1,-2.01048383254572
2025-04-15 18:29:30,2,24.1176690711254
2025-04-15 18:29:40,3,48.57862771815
2025-04-15 18:29:50,4,69.681467100472
2025-04-15 18:30:00,1,-1.25660398833523
2025-04-15 18:30:10,2,24.8487022129065
2025-04-15 18:30:20,3,49.2362796613278
2025-04-15 18:30:30,4,70.2202760079468
2025-04-15 18:30:40,1,-0.502652707881868
2025-04-15 18:30:50,2,25.578322739462
2025-04-15 18:31:00,3,49.8911325883759
2025-04-15 18:31:10,4,70.7550929873852
2025-04-15 18:31:20,1,0.251327147700379
2025-04-15 18:31:30,2,26.3064891728484
2025-04-15 18:31:40,3,50.5431492717878
2025-04-15 18:31:50,4,71.2858876351625
2025-04-15 18:32:00,1,1.00529271567306
2025-04-15 18:32:10,2,27.0331601177856
2025-04-15 18:32:20,3,51.1922926452939
2025-04-15 18:32:30,4,71.812629776319
2025-04-15 18:32:40,1,1.75920113410996
2025-04-15 18:32:50,2,27.7582942640099
2025-04-15 18:33:00,3,51.8385258059687
2025-04-15 18:33:10,4,72.3352894662734
2025-04-15 18:33:20,1,2.51300954433372
2025-04-15 18:33:30,2,28.4818503886225
2025-04-15 18:33:40,3,52.4818120163279
2025-04-15 18:33:50,4,72.8538369925273
2025-04-15 18:34:00,1,3.26667509335234
2025-04-15 18:34:10,2,29.2037873584333
2025-04-15 18:34:20,3,53.1221147064178
2025-04-15 18:34:30,4,73.3682428763526
2025-04-15 18:34:40,1,4.02015493629527
2025-04-15 18:34:50,2,29.9240641322983
2025-04-15 18:35:00,3,53.7593974758933
2025-04-15 18:35:10,4,73.8784778744683
2025-04-15 18:35:20,1,4.7734062388491
2025-04-15 18:35:30,2,30.6426397634539
2025-04-15 18:35:40,3,54.3936240960882
2025-04-15 18:35:50,4,74.3845129807024
2025-04-15 18:36:00,1,5.52638617969265
2025-04-15 18:36:10,2,31.3594734018443
2025-04-15 18:36:20,3,55.0247585120739
2025-04-15 18:36:30,4,74.8863194276416
2025-04-15 18:36:40,1,6.27905195293143
2025-04-15 18:36:50,2,32.0745242964432
2025-04-15 18:37:00,3,55.6527648447098
2025-04-15 18:37:10,4,75.3838686882652
2025-04-15 18:37:20,1,7.03136077053046
2025-04-15 18:37:30,2,32.7877517975713
2025-04-15 18:37:40,3,56.2776073926822
2025-04-15 18:37:50,4,75.877132477569
2025-04-15 18:38:00,1,7.78326986474772
2025-04-15 18:38:10,2,33.4991153592064
2025-04-15 18:38:20,3,56.8992506345347
2025-04-15 18:38:30,4,76.3660827541711
2025-04-15 18:38:40,1,8.53473649056475
2025-04-15 18:38:50,2,34.2085745412891
2025-04-15 18:39:00,3,57.5176592306869
2025-04-15 18:39:10,4,76.8506917219077
2025-04-15 18:39:20,1,9.28571792811683
2025-04-15 18:39:30,2,34.916089012021
2025-04-15 18:39:40,3,58.1327980254436
2025-04-15 18:39:50,4,77.330931831412
2025-04-15 18:40:00,1,10.0361714851215
2025-04-15 18:40:10,2,35.6216185501583
2025-04-15 18:40:20,3,58.7446320489936
2025-04-15 18:40:30,4,77.8067757816808
2025-04-15 18:40:40,1,10.7860544993057
2025-04-15 18:40:50,2,36.3251230472978
2025-04-15 18:41:00,3,59.3531265193974
2025-04-15 18:41:10,4,78.2781965216277
2025-04-15 18:41:20,1,11.5353243408308
2025-04-15 18:41:30,2,37.026562510157
2025-04-15 18:41:40,3,59.9582468445647
2025-04-15 18:41:50,4,78.7451672516183
2025-04-15 18:42:00,1,12.2839384147164
2025-04-15 18:42:10,2,37.7258970628481
2025-04-15 18:42:20,3,60.5599586242204
2025-04-15 18:42:30,4,79.2076614249968
2025-04-15 18:42:40,1,13.0318541632614
2025-04-15 18:42:50,2,38.4230869491444
2025-04-15 18:43:00,3,61.158227651861
2025-04-15 18:43:10,4,79.6656527495922
2025-04-15 18:43:20,1,13.7790290684638
2025-04-15 18:43:30,2,39.1180925347407
2025-04-15 18:43:40,3,61.7530199166989
2025-04-15 18:43:50,4,80.1191151892156
2025-04-15 18:44:00,1,14.5254206544372
2025-04-15 18:44:10,2,39.8108743095063
2025-04-15 18:44:20,3,62.3443016055955
2025-04-15 18:44:30,4,80.5680229651382
2025-04-15 18:44:40,1,15.2709864898263
2025-04-15 18:44:50,2,40.501392889731
2025-04-15 18:45:00,3,62.9320391049837
2025-04-15 18:45:10,4,81.0123505575583
2025-04-15 18:45:20,1,16.0156841902181
2025-04-15 18:45:30,2,41.1896090203644
2025-04-15 18:45:40,3,63.5161990027791
2025-04-15 18:45:50,4,81.4520727070509
2025-04-15 18:46:00,1,16.7594714205524
2025-04-15 18:46:10,2,41.8754835772472
2025-04-15 18:46:20,3,64.0967480902789
2025-04-15 18:46:30,4,81.8871644160049
2025-04-15 18:46:40,1,17.5023058975277
2025-04-15 18:46:50,2,42.5589775693354
2025-04-15 18:47:00,3,64.6736533640499
2025-04-15 18:47:10,4,82.3176009500428
2025-04-15 18:47:20,1,18.2441453920051
2025-04-15 18:47:30,2,43.2400521409168
2025-04-15 18:47:40,3,65.2468820278051
2025-04-15 18:47:50,4,82.7433578394281
2025-04-15 18:48:00,1,18.9849477314095
2025-04-15 18:48:10,2,43.91866857382
2025-04-15 18:48:20,3,65.8164014942676
2025-04-15 18:48:30,4,83.1644108804554
2025-04-15 18:48:40,1,19.7246708021264
2025-04-15 18:48:50,2,44.5947882896158
2025-04-15 18:49:00,3,66.3821793870234
2025-04-15 18:49:10,4,83.580736136827
2025-04-15 18:49:20,1,20.4632725518963
2025-04-15 18:49:30,2,45.2683728518095
2025-04-15 18:49:40,3,66.9441835423619
2025-04-15 18:49:50,4,83.9923099410133
2025-04-15 18:50:00,1,21.2007109922055
2025-04-15 18:50:10,2,45.9393839680268
2025-04-15 18:50:20,3,67.5023820111046
2025-04-15 18:50:30,4,84.399108895598
2025-04-15 18:50:40,1,21.9369442006726
2025-04-15 18:50:50,2,46.6077834921903
2025-04-15 18:51:00,3,68.0567430604208
2025-04-15 18:51:10,4,84.8011098746093
2025-04-15 18:51:20,1,22.6719303234322
2025-04-15 18:51:30,2,47.2735334266879
2025-04-15 18:51:40,3,68.6072351756322
2025-04-15 18:51:50,4,85.198290024833
2025-04-15 18:52:00,1,23.4056275775138
2025-04-15 18:52:10,2,47.9365959245333
2025-04-15 18:52:20,3,69.1538270620042
2025-04-15 18:52:30,4,85.5906267671134
2025-04-15 18:52:40,1,24.1379942532177
2025-04-15 18:52:50,2,48.5969332915173
2025-04-15 18:53:00,3,69.6964876465246
2025-04-15 18:53:10,4,85.9780977976351
2025-04-15 18:53:20,1,24.8689887164855
2025-04-15 18:53:30,2,49.2545079883507
2025-04-15 18:53:40,3,70.2351860796708
2025-04-15 18:53:50,4,86.3606810891928
2025-04-15 18:54:00,1,25.5985694112672
2025-04-15 18:54:10,2,49.9092826327984
2025-04-15 18:54:20,3,70.769891737163
2025-04-15 18:54:30,4,86.7383548924416
2025-04-15 18:54:40,1,26.326694861884
2025-04-15 18:54:50,2,50.5612200018045
2025-04-15 18:55:00,3,71.3005742217053
2025-04-15 18:55:10,4,87.1110977371353
2025-04-15 18:55:20,1,27.0533236753853
2025-04-15 18:55:30,2,51.2102830336082
2025-04-15 18:55:40,3,71.8272033647139
2025-04-15 18:55:50,4,87.4788884333452
2025-04-15 18:56:00,1,27.7784145439027
2025-04-15 18:56:10,2,51.8564348298511
2025-04-15 18:56:20,3,72.3497492280318
2025-04-15 18:56:30,4,87.8417060726665
2025-04-15 18:56:40,1,28.5019262469975
2025-04-15 18:56:50,2,52.4996386576747
2025-04-15 18:57:00,3,72.868182105631
2025-04-15 18:57:10,4,88.1995300294049
2025-04-15 18:57:20,1,29.2238176540051
2025-04-15 18:57:30,2,53.1398579518083
2025-04-15 18:57:40,3,73.3824725253014
2025-04-15 18:57:50,4,88.5523399617514
2025-04-15 18:58:00,1,29.9440477263715
2025-04-15 18:58:10,2,53.777056316648
2025-04-15 18:58:20,3,73.8925912503258
2025-04-15 18:58:30,4,88.9001158129363
2025-04-15 18:58:40,1,30.6625755199883
2025-04-15 18:58:50,2,54.4111975283258
2025-04-15 18:59:00,3,74.3985092811423
2025-04-15 18:59:10,4,89.2428378123718
2025-04-15 18:59:20,1,31.3793601875188
2025-04-15 18:59:30,2,55.0422455367686
2025-04-15 18:59:40,3,74.9001978569929
2025-04-15 18:59:50,4,89.5804864767739
2025-04-15 19:00:00,1,32.094360980721
2025-04-15 19:00:10,2,55.6701644677476
2025-04-15 19:00:20,3,75.3976284575581
2025-04-15 19:00:30,4,89.9130426112712
2025-04-15 19:00:40,1,32.8075372527635
2025-04-15 19:00:50,2,56.2949186249182
2025-04-15 19:01:00,3,75.890772804579
2025-04-15 19:01:10,4,90.2404873104958
2025-04-15 19:01:20,1,33.5188484605367
2025-04-15 19:01:30,2,56.9164724918485
2025-04-15 19:01:40,3,76.3796028634641
2025-04-15 19:01:50,4,90.5628019596578
2025-04-15 19:02:00,1,34.2282541669571
2025-04-15 19:02:10,2,57.5347907340391
2025-04-15 19:02:20,3,76.8640908448837
2025-04-15 19:02:30,4,90.8799682356041
2025-04-15 19:02:40,1,34.9357140432667
2025-04-15 19:02:50,2,58.1498382009315
2025-04-15 19:03:00,3,77.3442092063488
2025-04-15 19:03:10,4,91.1919681078591
2025-04-15 19:03:20,1,35.6411878713251
2025-04-15 19:03:30,2,58.7615799279061
2025-04-15 19:03:40,3,77.8199306537778
2025-04-15 19:03:50,4,91.498783839651
2025-04-15 19:04:00,1,36.344635545896
2025-04-15 19:04:10,2,59.3699811382704
2025-04-15 19:04:20,3,78.2912281430478
2025-04-15 19:04:30,4,91.8003979889188
2025-04-15 19:04:40,1,37.0460170769276
2025-04-15 19:04:50,2,59.9750072452359
2025-04-15 19:05:00,3,78.7580748815317
2025-04-15 19:05:10,4,92.0967934093048
2025-04-15 19:05:20,1,37.745292591825
2025-04-15 19:05:30,2,60.5766238538836
2025-04-15 19:05:40,3,79.2204443296219
2025-04-15 19:05:50,4,92.3879532511286
2025-04-15 19:06:00,1,38.442422337718
2025-04-15 19:06:10,2,61.1747967631204
2025-04-15 19:06:20,3,79.6783102022383
2025-04-15 19:06:30,4,92.6738609623461
2025-04-15 19:06:40,1,39.1373666837202
2025-04-15 19:06:50,2,61.7694919676227
2025-04-15 19:07:00,3,80.1316464703234
2025-04-15 19:07:10,4,92.954500289489
2025-04-15 19:07:20,1,39.8300861231824
2025-04-15 19:07:30,2,62.3606756597699
2025-04-15 19:07:40,3,80.5804273623214
2025-04-15 19:07:50,4,93.22985527859
2025-04-15 19:08:00,1,40.5205412759379
2025-04-15 19:08:10,2,62.9483142315659
2025-04-15 19:08:20,3,81.0246273656435
2025-04-15 19:08:30,4,93.499910276089
2025-04-15 19:08:40,1,41.2086928905422
2025-04-15 19:08:50,2,63.53237427655
2025-04-15 19:09:00,3,81.4642212281183
2025-04-15 19:09:10,4,93.7646499297236
2025-04-15 19:09:20,1,41.8945018465036
2025-04-15 19:09:30,2,64.1128225916959
2025-04-15 19:09:40,3,81.8991839594273
2025-04-15 19:09:50,4,94.0240591894011
2025-04-15 19:10:00,1,42.5779291565073
2025-04-15 19:10:10,2,64.6896261792995
2025-04-15 19:10:20,3,82.3294908325254
2025-04-15 19:10:30,4,94.278123308055
2025-04-15 19:10:40,1,43.2589359686321
2025-04-15 19:10:50,2,65.2627522488541
2025-04-15 19:11:00,3,82.7551173850471
2025-04-15 19:11:10,4,94.5268278424826
2025-04-15 19:11:20,1,43.9374835685587
2025-04-15 19:11:30,2,65.8321682189153
2025-04-15 19:11:40,3,83.1760394206966
2025-04-15 19:11:50,4,94.7701586541661
2025-04-15 19:12:00,1,44.6135333817706
2025-04-15 19:12:10,2,66.3978417189528
2025-04-15 19:12:20,3,83.5922330106234
2025-04-15 19:12:30,4,95.0081019100772
2025-04-15 19:12:40,1,45.2870469757473
2025-04-15 19:12:50,2,66.9597405911906
2025-04-15 19:13:00,3,84.0036744947831
2025-04-15 19:13:10,4,95.2406440834623
2025-04-15 19:13:20,1,45.9579860621488
2025-04-15 19:13:30,2,67.5178328924353
2025-04-15 19:13:40,3,84.4103404832819
2025-04-15 19:13:50,4,95.4677719546125
2025-04-15 19:14:00,1,46.6263124989924
2025-04-15 19:14:10,2,68.0720868958917
2025-04-15 19:14:20,3,84.8122078577063
2025-04-15 19:14:30,4,95.6894726116142
2025-04-15 19:14:40,1,47.2919882928212
2025-04-15 19:14:50,2,68.622471092967
2025-04-15 19:15:00,3,85.2092537724381
2025-04-15 19:15:10,4,95.9057334510843
2025-04-15 19:15:20,1,47.9549756008635
2025-04-15 19:15:30,2,69.1689541950615
2025-04-15 19:15:40,3,85.601455655952
2025-04-15 19:15:50,4,96.1165421788852
2025-04-15 19:16:00,1,48.6152367331846
2025-04-15 19:16:10,2,69.7115051353473
2025-04-15 19:16:20,3,85.9887912120998
2025-04-15 19:16:30,4,96.3218868108251
2025-04-15 19:16:40,1,49.2727341548291
2025-04-15 19:16:50,2,70.2500930705348
2025-04-15 19:17:00,3,86.3712384213771
2025-04-15 19:17:10,4,96.5217556733384
2025-04-15 19:17:20,1,49.9274304879548
2025-04-15 19:17:30,2,70.7846873826261
2025-04-15 19:17:40,3,86.7487755421756
2025-04-15 19:17:50,4,96.7161374041497
2025-04-15 19:18:00,1,50.579288513958
2025-04-15 19:18:10,2,71.3152576806549
2025-04-15 19:18:20,3,87.1213811120189
2025-04-15 19:18:30,4,96.9050209529196
2025-04-15 19:18:40,1,51.2282711755881
2025-04-15 19:18:50,2,71.8417738024152
2025-04-15 19:19:00,3,87.4890339487827
2025-04-15 19:19:10,4,97.0883955818731
2025-04-15 19:19:20,1,51.8743415790558
2025-04-15 19:19:30,2,72.364205816175
2025-04-15 19:19:40,3,87.8517131518987
2025-04-15 19:19:50,4,97.2662508664095
2025-04-15 19:20:00,1,52.5174629961296
2025-04-15 19:20:10,2,72.8825240223787
2025-04-15 19:20:20,3,88.2093981035431
2025-04-15 19:20:30,4,97.4385766956958
2025-04-15 19:20:40,1,53.1575988662239
2025-04-15 19:20:50,2,73.3966989553349
2025-04-15 19:21:00,3,88.5620684698086
2025-04-15 19:21:10,4,97.6053632732409
2025-04-15 19:21:20,1,53.7947127984772
2025-04-15 19:21:30,2,73.9067013848917
2025-04-15 19:21:40,3,88.9097042018603
2025-04-15 19:21:50,4,97.7666011174524
2025-04-15 19:22:00,1,54.4287685738213
2025-04-15 19:22:10,2,74.4125023180984
2025-04-15 19:22:20,3,89.2522855370753
2025-04-15 19:22:30,4,97.9222810621766
2025-04-15 19:22:40,1,55.0597301470402
2025-04-15 19:22:50,2,74.914073000854
2025-04-15 19:23:00,3,89.5897930001666
2025-04-15 19:23:10,4,98.0723942572182
2025-04-15 19:23:20,1,55.6875616488188
2025-04-15 19:23:30,2,75.411384919541
2025-04-15 19:23:40,3,89.9222074042898
2025-04-15 19:23:50,4,98.2169321688446
2025-04-15 19:24:00,1,56.3122273877826
2025-04-15 19:24:10,2,75.9044098026473
2025-04-15 19:24:20,3,90.2495098521341
2025-04-15 19:24:30,4,98.3558865802702
2025-04-15 19:24:40,1,56.9336918525264
2025-04-15 19:24:50,2,76.3931196223729
2025-04-15 19:25:00,3,90.5716817369966
2025-04-15 19:25:10,4,98.4892495921242
2025-04-15 19:25:20,1,57.5519197136331
2025-04-15 19:25:30,2,76.8774865962234
2025-04-15 19:25:40,3,90.8887047438399
2025-04-15 19:25:50,4,98.6170136228989
2025-04-15 19:26:00,1,58.166875825682
2025-04-15 19:26:10,2,77.357483188589
2025-04-15 19:26:20,3,91.2005608503334
2025-04-15 19:26:30,4,98.7391714093816
2025-04-15 19:26:40,1,58.7785252292473
2025-04-15 19:26:50,2,77.8330821123106
2025-04-15 19:27:00,3,91.5072323278777
2025-04-15 19:27:10,4,98.8557160070666
2025-04-15 19:27:20,1,59.3868331528847
2025-04-15 19:27:30,2,78.3042563302304
2025-04-15 19:27:40,3,91.8087017426129
2025-04-15 19:27:50,4,98.9666407905508
2025-04-15 19:28:00,1,59.9917650151087
2025-04-15 19:28:10,2,78.7709790567294
2025-04-15 19:28:20,3,92.1049519564089
2025-04-15 19:28:30,4,99.0719394539097
2025-04-15 19:28:40,1,60.5932864263587
2025-04-15 19:28:50,2,79.2332237592495
2025-04-15 19:29:00,3,92.3959661278406
2025-04-15 19:29:10,4,99.1716060110563
2025-04-15 19:29:20,1,61.1913631909529
2025-04-15 19:29:30,2,79.6909641598026
2025-04-15 19:29:40,3,92.6817277131446
2025-04-15 19:29:50,4,99.265634796081
2025-04-15 19:30:00,1,61.7859613090335
2025-04-15 19:30:10,2,80.144174236464
2025-04-15 19:30:20,3,92.9622204671598
2025-04-15 19:30:30,4,99.3540204635743
2025-04-15 19:30:40,1,62.3770469784991
2025-04-15 19:30:50,2,80.5928282248516
2025-04-15 19:31:00,3,93.2374284442514
2025-04-15 19:31:10,4,99.4367579889301
2025-04-15 19:31:20,1,62.964586596926
2025-04-15 19:31:30,2,81.036900619591
2025-04-15 19:31:40,3,93.5073359992168
2025-04-15 19:31:50,4,99.5138426686316
2025-04-15 19:32:00,1,63.5485467634791
2025-04-15 19:32:10,2,81.4763661757651
2025-04-15 19:32:20,3,93.7719277881753
2025-04-15 19:32:30,4,99.5852701205186
2025-04-15 19:32:40,1,64.1288942808099
2025-04-15 19:32:50,2,81.9111999103495
2025-04-15 19:33:00,3,94.0311887694405
2025-04-15 19:33:10,4,99.6510362840368
2025-04-15 19:33:20,1,64.7055961569444
2025-04-15 19:33:30,2,82.3413771036326
2025-04-15 19:33:40,3,94.285104204375
2025-04-15 19:33:50,4,99.7111374204684
2025-04-15 19:34:00,1,65.2786196071584
2025-04-15 19:34:10,2,82.7668733006206
2025-04-15 19:34:20,3,94.5336596582285
2025-04-15 19:34:30,4,99.7655701131449
2025-04-15 19:34:40,1,65.847932055841
2025-04-15 19:34:50,2,83.1876643124284
2025-04-15 19:35:00,3,94.7768410009586
2025-04-15 19:35:10,4,99.8143312676411
2025-04-15 19:35:20,1,66.413501138347
2025-04-15 19:35:30,2,83.6037262176542
2025-04-15 19:35:40,3,95.0146344080337
2025-04-15 19:35:50,4,99.857418111951
2025-04-15 19:36:00,1,66.9752947028364
2025-04-15 19:36:10,2,84.0150353637396
2025-04-15 19:36:20,3,95.2470263612192
2025-04-15 19:36:30,4,99.8948281966456
2025-04-15 19:36:40,1,67.5332808121024
2025-04-15 19:36:50,2,84.4215683683139
2025-04-15 19:37:00,3,95.4740036493459
2025-04-15 19:37:10,4,99.9265593950121
2025-04-15 19:37:20,1,68.0874277453868
2025-04-15 19:37:30,2,84.8233021205238
2025-04-15 19:37:40,3,95.6955533690607
2025-04-15 19:37:50,4,99.9526099031745
2025-04-15 19:38:00,1,68.6377040001834
2025-04-15 19:38:10,2,85.2202137823471
2025-04-15 19:38:20,3,95.9116629255609
2025-04-15 19:38:30,4,99.9729782401967
2025-04-15 19:38:40,1,69.1840782940289
2025-04-15 19:38:50,2,85.6122807898908
2025-04-15 19:39:00,3,96.1223200333094
2025-04-15 19:39:10,4,99.9876632481661
2025-04-15 19:39:20,1,69.7265195662811
2025-04-15 19:39:30,2,85.999480854674
2025-04-15 19:39:40,3,96.3275127167336
2025-04-15 19:39:50,4,99.9966640922597
2025-04-15 19:40:00,1,70.264996979885
2025-04-15 19:40:10,2,86.381791964895
2025-04-15 19:40:20,3,96.5272293109061
2025-04-15 19:40:30,4,99.9999802607918
2025-04-15 19:40:40,1,70.7994799231253
2025-04-15 19:40:50,2,86.7591923866825
2025-04-15 19:41:00,3,96.7214584622076
2025-04-15 19:41:10,4,99.9976115652427
2025-04-15 19:41:20,1,71.3299380113673
2025-04-15 19:41:30,2,87.1316606653312
2025-04-15 19:41:40,3,96.9101891289728
2025-04-15 19:41:50,4,99.9895581402694
2025-04-15 19:42:00,1,71.8563410887837
2025-04-15 19:42:10,2,87.4991756265217
2025-04-15 19:42:20,3,97.0934105821177
2025-04-15 19:42:30,4,99.9758204436984
2025-04-15 19:42:40,1,72.378659230069
2025-04-15 19:42:50,2,87.8617163775236
2025-04-15 19:43:00,3,97.2711124057495
2025-04-15 19:43:10,4,99.9563992564991
2025-04-15 19:43:20,1,72.8968627421412
2025-04-15 19:43:30,2,88.2192623083841
2025-04-15 19:43:40,3,97.4432844977593
2025-04-15 19:43:50,4,99.93129568274
2025-04-15 19:44:00,1,73.4109221658289
2025-04-15 19:44:10,2,88.571793093099
2025-04-15 19:44:20,3,97.6099170703956
2025-04-15 19:44:30,4,99.9005111495252
2025-04-15 19:44:40,1,73.9208082775469
2025-04-15 19:44:50,2,88.9192886907682
2025-04-15 19:45:00,3,97.7710006508212
2025-04-15 19:45:10,4,99.8640474069141
2025-04-15 19:45:20,1,74.426492090957
2025-04-15 19:45:30,2,89.2617293467355
2025-04-15 19:45:40,3,97.9265260816518
2025-04-15 19:45:50,4,99.8219065278212
2025-04-15 19:46:00,1,74.9279448586161
2025-04-15 19:46:10,2,89.5990955937113
2025-04-15 19:46:20,3,98.0764845214763
2025-04-15 19:46:30,4,99.7740909078987
2025-04-15 19:46:40,1,75.4251380736104
2025-04-15 19:46:50,2,89.9313682528791
2025-04-15 19:47:00,3,98.2208674453595
2025-04-15 19:47:10,4,99.7206032654002
2025-04-15 19:47:20,1,75.9180434711756
2025-04-15 19:47:30,2,90.2585284349861
2025-04-15 19:47:40,3,98.3596666453268
2025-04-15 19:47:50,4,99.661446641026
2025-04-15 19:48:00,1,76.4066330303045
2025-04-15 19:48:10,2,90.580557541417
2025-04-15 19:48:20,3,98.4928742308308
2025-04-15 19:48:30,4,99.5966243977505
2025-04-15 19:48:40,1,76.8908789753391
2025-04-15 19:48:50,2,90.8974372652511
2025-04-15 19:49:00,3,98.6204826291998
2025-04-15 19:49:10,4,99.5261402206308
2025-04-15 19:49:20,1,77.3707537775504
2025-04-15 19:49:30,2,91.2091495923034
2025-04-15 19:49:40,3,98.7424845860684
2025-04-15 19:49:50,4,99.4499981165975
2025-04-15 19:50:00,1,77.8462301567024
2025-04-15 19:50:10,2,91.5156768021481
2025-04-15 19:50:20,3,98.8588731657897
2025-04-15 19:50:30,4,99.3682024142264
2025-04-15 19:50:40,1,78.3172810826041
2025-04-15 19:50:50,2,91.8170014691267
2025-04-15 19:51:00,3,98.96964175183
2025-04-15 19:51:10,4,99.280757763493
2025-04-15 19:51:20,1,78.7838797766452
2025-04-15 19:51:30,2,92.1131064633379
2025-04-15 19:51:40,3,99.0747840471443
2025-04-15 19:51:50,4,99.1876691355078
2025-04-15 19:52:00,1,79.2459997133191
2025-04-15 19:52:10,2,92.403974951612
2025-04-15 19:52:20,3,99.1742940745351
2025-04-15 19:52:30,4,99.0889418222338
2025-04-15 19:52:40,1,79.7036146217301
2025-04-15 19:52:50,2,92.6895903984676
2025-04-15 19:53:00,3,99.2681661769912
2025-04-15 19:53:10,4,98.9845814361859
2025-04-15 19:53:20,1,80.1566984870877
2025-04-15 19:53:30,2,92.9699365670513
2025-04-15 19:53:40,3,99.3563950180103
2025-04-15 19:53:50,4,98.874593910111
2025-04-15 19:54:00,1,80.6052255521847
2025-04-15 19:54:10,2,93.2449975200616
2025-04-15 19:54:20,3,99.4389755819017
2025-04-15 19:54:30,4,98.758985496652
2025-04-15 19:54:40,1,81.0491703188622
2025-04-15 19:54:50,2,93.5147576206539
2025-04-15 19:55:00,3,99.5159031740715
2025-04-15 19:55:10,4,98.6377627679912
2025-04-15 19:55:20,1,81.4885075494586
2025-04-15 19:55:30,2,93.7792015333301
2025-04-15 19:55:40,3,99.58717342129
2025-04-15 19:55:50,4,98.5109326154774
2025-04-15 19:56:00,1,81.9232122682446
2025-04-15 19:56:10,2,94.0383142248104
2025-04-15 19:56:20,3,99.6527822719395
2025-04-15 19:56:30,4,98.3785022492338
2025-04-15 19:56:40,1,82.3532597628427
2025-04-15 19:56:50,2,94.2920809648875
2025-04-15 19:57:00,3,99.7127259962455
2025-04-15 19:57:10,4,98.2404791977482
2025-04-15 19:57:20,1,82.7786255856328
2025-04-15 19:57:30,2,94.5404873272641
2025-04-15 19:57:40,3,99.7670011864879
2025-04-15 19:57:50,4,98.0968713074449
2025-04-15 19:58:00,1,83.199285555141
2025-04-15 19:58:10,2,94.7835191903736
2025-04-15 19:58:20,3,99.8156047571954
2025-04-15 19:58:30,4,97.9476867422392
2025-04-15 19:58:40,1,83.6152157574153
2025-04-15 19:58:50,2,95.021162738182
2025-04-15 19:59:00,3,99.8585339453204
2025-04-15 19:59:10,4,97.7929339830722
2025-04-15 19:59:20,1,84.0263925473843
2025-04-15 19:59:30,2,95.2534044609741
2025-04-15 19:59:40,3,99.8957863103966
2025-04-15 19:59:50,4,97.6326218274299
2025-04-15 20:00:00,1,84.4327925502016
2025-04-15 20:00:10,2,95.4802311561209
2025-04-15 20:00:20,3,99.9273597346771
2025-04-15 20:00:30,4,97.466759388842
2025-04-15 20:00:40,1,84.8343926625749
2025-04-15 20:00:50,2,95.7016299288305
2025-04-15 20:01:00,3,99.9532524232554
2025-04-15 20:01:10,4,97.2953560963649
2025-04-15 20:01:20,1,85.2311700540792
2025-04-15 20:01:30,2,95.9175881928813
2025-04-15 20:01:40,3,99.973462904167
2025-04-15 20:01:50,4,97.1184216940444
2025-04-15 20:02:00,1,85.6231021684547
2025-04-15 20:02:10,2,96.1280936713369
2025-04-15 20:02:20,3,99.9879900284733
2025-04-15 20:02:30,4,96.9359662403629
2025-04-15 20:02:40,1,86.0101667248889
2025-04-15 20:02:50,2,96.3331343972446
2025-04-15 20:03:00,3,99.9968329703269
2025-04-15 20:03:10,4,96.7480001076671
2025-04-15 20:03:20,1,86.3923417192836
2025-04-15 20:03:30,2,96.5326987143157
2025-04-15 20:03:40,3,99.9999912270184
2025-04-15 20:03:50,4,96.5545339815781
2025-04-15 20:04:00,1,86.7696054255054
2025-04-15 20:04:10,2,96.7267752775877
2025-04-15 20:04:20,3,99.9974646190053
2025-04-15 20:04:30,4,96.3555788603846
2025-04-15 20:04:40,1,87.1419363966213
2025-04-15 20:04:50,2,96.9153530540695
2025-04-15 20:05:00,3,99.9892532899217
2025-04-15 20:05:10,4,96.1511460544167
2025-04-15 20:05:20,1,87.5093134661174
2025-04-15 20:05:30,2,97.0984213233687
2025-04-15 20:05:40,3,99.9753577065707
2025-04-15 20:05:50,4,95.9412471854043
2025-04-15 20:06:00,1,87.8717157491025
2025-04-15 20:06:10,2,97.2759696783011
2025-04-15 20:06:20,3,99.9557786588975
2025-04-15 20:06:30,4,95.7258941858148
2025-04-15 20:06:40,1,88.2291226434953
2025-04-15 20:06:50,2,97.447988025482
2025-04-15 20:07:00,3,99.9305172599445
2025-04-15 20:07:10,4,95.5050992981761
2025-04-15 20:07:20,1,88.5815138311957
2025-04-15 20:07:30,2,97.6144665859002
2025-04-15 20:07:40,3,99.8995749457882
2025-04-15 20:07:50,4,95.2788750743799
2025-04-15 20:08:00,1,88.9288692792397
2025-04-15 20:08:10,2,97.775395895474
2025-04-15 20:08:20,3,99.8629534754574
2025-04-15 20:08:30,4,95.0472343749685
2025-04-15 20:08:40,1,89.2711692409382
2025-04-15 20:08:50,2,97.930766805589
2025-04-15 20:09:00,3,99.8206549308334
2025-04-15 20:09:10,4,94.8101903684032
2025-04-15 20:09:20,1,89.6083942569999
2025-04-15 20:09:30,2,98.0805704836184
2025-04-15 20:09:40,3,99.7726817165314
2025-04-15 20:09:50,4,94.5677565303164
2025-04-15 20:10:00,1,89.9405251566371
2025-04-15 20:10:10,2,98.2247984134251
2025-04-15 20:10:20,3,99.719036559764
2025-04-15 20:10:30,4,94.3199466427449
2025-04-15 20:10:40,1,90.2675430586559
2025-04-15 20:10:50,2,98.3634423958456
2025-04-15 20:11:00,3,99.6597225101861
2025-04-15 20:11:10,4,94.066774793347
2025-04-15 20:11:20,1,90.5894293725295
2025-04-15 20:11:30,2,98.4964945491565
2025-04-15 20:11:40,3,99.5947429397213
2025-04-15 20:11:50,4,93.8082553746007
2025-04-15 20:12:00,1,90.9061657994546
2025-04-15 20:12:10,2,98.6239473095223
2025-04-15 20:12:20,3,99.5241015423707
2025-04-15 20:12:30,4,93.5444030829867
2025-04-15 20:12:40,1,91.2177343333924
2025-04-15 20:12:50,2,98.7457934314251
2025-04-15 20:13:00,3,99.4478023340026
2025-04-15 20:13:10,4,93.2752329181522
2025-04-15 20:13:20,1,91.5241172620918
2025-04-15 20:13:30,2,98.8620259880774
2025-04-15 20:13:40,3,99.365849652124
2025-04-15 20:13:50,4,93.000760182058
2025-04-15 20:14:00,1,91.8252971680962
2025-04-15 20:14:10,2,98.9726383718149
2025-04-15 20:14:20,3,99.2782481556344
2025-04-15 20:14:30,4,92.7210004781095
2025-04-15 20:14:40,1,92.1212569297339
2025-04-15 20:14:50,2,99.0776242944727
2025-04-15 20:15:00,3,99.1850028245609
2025-04-15 20:15:10,4,92.4359697102683
2025-04-15 20:15:20,1,92.4119797220916
2025-04-15 20:15:30,2,99.1769777877426
2025-04-15 20:15:40,3,99.0861189597748
2025-04-15 20:15:50,4,92.1456840821499
2025-04-15 20:16:00,1,92.6974490179702
2025-04-15 20:16:10,2,99.2706932035124
2025-04-15 20:16:20,3,98.9816021826905
2025-04-15 20:16:30,4,91.8501600961004
2025-04-15 20:16:40,1,92.9776485888251
2025-04-15 20:16:50,2,99.3587652141871
2025-04-15 20:17:00,3,98.871458434946
2025-04-15 20:17:10,4,91.5494145522605
2025-04-15 20:17:20,1,93.2525625056885
2025-04-15 20:17:30,2,99.4411888129917
2025-04-15 20:17:40,3,98.7556939780648
2025-04-15 20:17:50,4,91.2434645476087
2025-04-15 20:18:00,1,93.5221751400747
2025-04-15 20:18:10,2,99.5179593142555
2025-04-15 20:18:20,3,98.6343153931003
2025-04-15 20:18:30,4,90.9323274749905
2025-04-15 20:18:40,1,93.7864711648689
2025-04-15 20:18:50,2,99.5890723536792
2025-04-15 20:19:00,3,98.5073295802614
2025-04-15 20:19:10,4,90.616021022129
2025-04-15 20:19:20,1,94.0454355551983
2025-04-15 20:19:30,2,99.6545238885821
2025-04-15 20:19:40,3,98.3747437585203
2025-04-15 20:19:50,4,90.2945631706197
2025-04-15 20:20:00,1,94.2990535892865
2025-04-15 20:20:10,2,99.714310198133
2025-04-15 20:20:20,3,98.2365654652024
2025-04-15 20:20:30,4,89.9679721949081
2025-04-15 20:20:40,1,94.54731084929
2025-04-15 20:20:50,2,99.7684278835605
2025-04-15 20:21:00,3,98.0928025555573
2025-04-15 20:21:10,4,89.6362666612511
2025-04-15 20:21:20,1,94.7901932221182
2025-04-15 20:21:30,2,99.8168738683473
2025-04-15 20:21:40,3,97.9434632023127
2025-04-15 20:21:50,4,89.2994654266608
2025-04-15 20:22:00,1,95.0276869002358
2025-04-15 20:22:10,2,99.8596453984045
2025-04-15 20:22:20,3,97.7885558952094
2025-04-15 20:22:30,4,88.9575876378339
2025-04-15 20:22:40,1,95.2597783824471
2025-04-15 20:22:50,2,99.8967400422281
2025-04-15 20:23:00,3,97.6280894405192
2025-04-15 20:23:10,4,88.6106527300613
2025-04-15 20:23:20,1,95.4864544746643
2025-04-15 20:23:30,2,99.9281556910377
2025-04-15 20:23:40,3,97.4620729605436
2025-04-15 20:23:50,4,88.2586804261252
2025-04-15 20:24:00,1,95.7077022906571
2025-04-15 20:24:10,2,99.953890558896
2025-04-15 20:24:20,3,97.2905158930957
2025-04-15 20:24:30,4,87.9016907351768
2025-04-15 20:24:40,1,95.9235092527854
2025-04-15 20:24:50,2,99.9739431828105
2025-04-15 20:25:00,3,97.1134279909636
2025-04-15 20:25:10,4,87.5397039515983
2025-04-15 20:25:20,1,96.1338630927143
2025-04-15 20:25:30,2,99.9883124228165
2025-04-15 20:25:40,3,96.9308193213558
2025-04-15 20:25:50,4,87.1727406538509
2025-04-15 20:26:00,1,96.3387518521116
2025-04-15 20:26:10,2,99.9969974620422
2025-04-15 20:26:20,3,96.742700265329
2025-04-15 20:26:30,4,86.800821703303
2025-04-15 20:26:40,1,96.5381638833274
2025-04-15 20:26:50,2,99.9999978067546
2025-04-15 20:27:00,3,96.549081517198
2025-04-15 20:27:10,4,86.4239682430461
2025-04-15 20:27:20,1,96.7320878500566
2025-04-15 20:27:30,2,99.9973132863883
2025-04-15 20:27:40,3,96.3499740839277
2025-04-15 20:27:50,4,86.0422016966909
2025-04-15 20:28:00,1,96.920512727983
2025-04-15 20:28:10,2,99.9889440535546
2025-04-15 20:28:20,3,96.1453892845071
2025-04-15 20:28:30,4,85.6555437671513
2025-04-15 20:28:40,1,97.1034278054065
2025-04-15 20:28:50,2,99.9748905840332
2025-04-15 20:29:00,3,95.9353387493064
2025-04-15 20:29:10,4,85.2640164354092
2025-04-15 20:29:20,1,97.2808226838513
2025-04-15 20:29:30,2,99.9551536767448
2025-04-15 20:29:40,3,95.7198344194153
2025-04-15 20:29:50,4,84.8676419592659
2025-04-15 20:30:00,1,97.4526872786577
2025-04-15 20:30:10,2,99.929734453706
2025-04-15 20:30:20,3,95.4988885459646
2025-04-15 20:30:30,4,84.4664428720757
2025-04-15 20:30:40,1,97.6190118195553
2025-04-15 20:30:50,2,99.8986343599654
2025-04-15 20:31:00,3,95.2725136894293
2025-04-15 20:31:10,4,84.0604419814663
2025-04-15 20:31:20,1,97.779786851218
2025-04-15 20:31:30,2,99.8618551635214
2025-04-15 20:31:40,3,95.0407227189149
2025-04-15 20:31:50,4,83.6496623680406
2025-04-15 20:32:00,1,97.935003233802
2025-04-15 20:32:10,2,99.8193989552217
2025-04-15 20:32:20,3,94.8035288114255
2025-04-15 20:32:30,4,83.2341273840664
2025-04-15 20:32:40,1,98.0846521434652
2025-04-15 20:32:50,2,99.7712681486446
2025-04-15 20:33:00,3,94.5609454511151
2025-04-15 20:33:10,4,82.813860652147
2025-04-15 20:33:20,1,98.2287250728689
2025-04-15 20:33:30,2,99.7174654799614
2025-04-15 20:33:40,3,94.3129864285208
2025-04-15 20:33:50,4,82.3888860638798
2025-04-15 20:34:00,1,98.3672138316611
2025-04-15 20:34:10,2,99.6579940077815
2025-04-15 20:34:20,3,94.0596658397787
2025-04-15 20:34:30,4,81.9592277784975
2025-04-15 20:34:40,1,98.5001105469426
2025-04-15 20:34:50,2,99.5928571129778
2025-04-15 20:35:00,3,93.8009980858228
2025-04-15 20:35:10,4,81.524910221494
2025-04-15 20:35:20,1,98.6274076637143
2025-04-15 20:35:30,2,99.522058498495
2025-04-15 20:35:40,3,93.5369978715662
2025-04-15 20:35:50,4,81.0859580832374
2025-04-15 20:36:00,1,98.7490979453068
2025-04-15 20:36:10,2,99.4456021891389
2025-04-15 20:36:20,3,93.2676802050654
2025-04-15 20:36:30,4,80.6423963175646
2025-04-15 20:36:40,1,98.8651744737914
2025-04-15 20:36:50,2,99.3634925313476
2025-04-15 20:37:00,3,92.9930603966665
2025-04-15 20:37:10,4,80.1942501403647
2025-04-15 20:37:20,1,98.9756306503741
2025-04-15 20:37:30,2,99.2757341929446
2025-04-15 20:37:40,3,92.7131540581356
2025-04-15 20:37:50,4,79.7415450281431
2025-04-15 20:38:00,1,99.0804601957701
2025-04-15 20:38:10,2,99.1823321628729
2025-04-15 20:38:20,3,92.4279771017706
2025-04-15 20:38:30,4,79.2843067165758
2025-04-15 20:38:40,1,99.179657150561
2025-04-15 20:38:50,2,99.0832917509122
2025-04-15 20:39:00,3,92.1375457394972
2025-04-15 20:39:10,4,78.8225611990439
2025-04-15 20:39:20,1,99.2732158755337
2025-04-15 20:39:30,2,98.9786185873763
2025-04-15 20:39:40,3,91.8418764819467
2025-04-15 20:39:50,4,78.3563347251583
2025-04-15 20:40:00,1,99.3611310520008
2025-04-15 20:40:10,2,98.8683186227936
2025-04-15 20:40:20,3,91.5409861375179
2025-04-15 20:40:30,4,77.885653799265
2025-04-15 20:40:40,1,99.443397682103
2025-04-15 20:40:50,2,98.7523981275682
2025-04-15 20:41:00,3,91.2348918114214
2025-04-15 20:41:10,4,77.4105451789406
2025-04-15 20:41:20,1,99.5200110890934
2025-04-15 20:41:30,2,98.6308636916242
2025-04-15 20:41:40,3,90.9236109047069
2025-04-15 20:41:50,4,76.9310358734693
2025-04-15 20:42:00,1,99.5909669176028
2025-04-15 20:42:10,2,98.5037222240304
2025-04-15 20:42:20,3,90.6071611132744
2025-04-15 20:42:30,4,76.4471531423092
2025-04-15 20:42:40,1,99.6562611338882
2025-04-15 20:42:50,2,98.3709809526077
2025-04-15 20:43:00,3,90.2855604268679
2025-04-15 20:43:10,4,75.958924493541
2025-04-15 20:43:20,1,99.7158900260614
2025-04-15 20:43:30,2,98.2326474235187
2025-04-15 20:43:40,3,89.9588271280531
2025-04-15 20:43:50,4,75.4663776823053
2025-04-15 20:44:00,1,99.7698502043002
2025-04-15 20:44:10,2,98.0887295008378
2025-04-15 20:44:20,3,89.6269797911774
2025-04-15 20:44:30,4,74.9695407092247
2025-04-15 20:44:40,1,99.8181386010413
2025-04-15 20:44:50,2,97.9392353661051
2025-04-15 20:45:00,3,89.2900372813147
2025-04-15 20:45:10,4,74.468441818811
2025-04-15 20:45:20,1,99.8607524711543
2025-04-15 20:45:30,2,97.7841735178606
2025-04-15 20:45:40,3,88.9480187531925
2025-04-15 20:45:50,4,73.963109497861
2025-04-15 20:46:00,1,99.8976893920983
2025-04-15 20:46:10,2,97.6235527711613
2025-04-15 20:46:20,3,88.600943650103
2025-04-15 20:46:30,4,73.4535724738355
2025-04-15 20:46:40,1,99.9289472640589
2025-04-15 20:46:50,2,97.4573822570802
2025-04-15 20:47:00,3,88.2488317027982
2025-04-15 20:47:10,4,72.9398597132281
2025-04-15 20:47:20,1,99.9545243100685
2025-04-15 20:47:30,2,97.285671422187
2025-04-15 20:47:40,3,87.8917029283674
2025-04-15 20:47:50,4,72.4220004199162
2025-04-15 20:48:00,1,99.9744190761062
2025-04-15 20:48:10,2,97.1084300280113
2025-04-15 20:48:20,3,87.5295776291001
2025-04-15 20:48:30,4,71.900024033503
2025-04-15 20:48:40,1,99.9886304311816
2025-04-15 20:48:50,2,96.9256681504872
2025-04-15 20:49:00,3,87.1624763913316
2025-04-15 20:49:10,4,71.3739602276421
2025-04-15 20:49:20,1,99.9971575673983
2025-04-15 20:49:30,2,96.7373961793813
2025-04-15 20:49:40,3,86.7904200842722
2025-04-15 20:49:50,4,70.8438389083521
2025-04-15 20:50:00,1,100
2025-04-15 20:50:10,2,96.5436248177013
2025-04-15 20:50:20,3,86.4134298588216
2025-04-15 20:50:30,4,70.309690212315
2025-04-15 20:50:40,1,99.9971575673983
2025-04-15 20:50:50,2,96.344365081088
2025-04-15 20:51:00,3,86.0315271463658
2025-04-15 20:51:10,4,69.7715445051647
2025-04-15 20:51:20,1,99.9886304311816
2025-04-15 20:51:30,2,96.1396282971887
2025-04-15 20:51:40,3,85.6447336575594
2025-04-15 20:51:50,4,69.2294323797586
2025-04-15 20:52:00,1,99.9744190761062
2025-04-15 20:52:10,2,95.9294261050136
2025-04-15 20:52:20,3,85.2530713810906
2025-04-15 20:52:30,4,68.6833846544409
2025-04-15 20:52:40,1,99.9545243100685
2025-04-15 20:52:50,2,95.7137704542741
2025-04-15 20:53:00,3,84.8565625824321
2025-04-15 20:53:10,4,68.1334323712883
2025-04-15 20:53:20,1,99.9289472640589
2025-04-15 20:53:30,2,95.4926736047031
2025-04-15 20:53:40,3,84.4552298025746
2025-04-15 20:53:50,4,67.5796067943468
2025-04-15 20:54:00,1,99.8976893920983
2025-04-15 20:54:10,2,95.2661481253586
2025-04-15 20:54:20,3,84.0490958567455
2025-04-15 20:54:30,4,67.0219394078544
2025-04-15 20:54:40,1,99.8607524711543
2025-04-15 20:54:50,2,95.0342068939087
2025-04-15 20:55:00,3,83.6381838331123
2025-04-15 20:55:10,4,66.4604619144496
2025-04-15 20:55:20,1,99.8181386010413
2025-04-15 20:55:30,2,94.7968630958997
2025-04-15 20:55:40,3,83.2225170914696
2025-04-15 20:55:50,4,65.8952062333717
2025-04-15 20:56:00,1,99.7698502043002
2025-04-15 20:56:10,2,94.5541302240067
2025-04-15 20:56:20,3,82.8021192619112
2025-04-15 20:56:30,4,65.3262044986437
2025-04-15 20:56:40,1,99.7158900260614
2025-04-15 20:56:50,2,94.3060220772661
2025-04-15 20:57:00,3,82.3770142434874
2025-04-15 20:57:10,4,64.7534890572476
2025-04-15 20:57:20,1,99.6562611338882
2025-04-15 20:57:30,2,94.0525527602918
2025-04-15 20:57:40,3,81.9472262028452
2025-04-15 20:57:50,4,64.1770924672839
2025-04-15 20:58:00,1,99.5909669176028
2025-04-15 20:58:10,2,93.7937366824727
2025-04-15 20:58:20,3,81.5127795728554
2025-04-15 20:58:30,4,63.5970474961223
2025-04-15 20:58:40,1,99.5200110890933
2025-04-15 20:58:50,2,93.5295885571539
2025-04-15 20:59:00,3,81.0736990512234
2025-04-15 20:59:10,4,63.0133871185368
2025-04-15 20:59:20,1,99.4433976821031
2025-04-15 20:59:30,2,93.2601234008003
2025-04-15 20:59:40,3,80.6300095990849
2025-04-15 20:59:50,4,62.4261445148339
2025-04-15 21:00:00,1,99.3611310520009
2025-04-15 21:00:10,2,92.9853565321429
2025-04-15 21:00:20,3,80.1817364395871
2025-04-15 21:00:30,4,61.8353530689633
2025-04-15 21:00:40,1,99.2732158755338
2025-04-15 21:00:50,2,92.7053035713077
2025-04-15 21:01:00,3,79.7289050564551
2025-04-15 21:01:10,4,61.2410463666229
2025-04-15 21:01:20,1,99.179657150561
2025-04-15 21:01:30,2,92.4199804389281
2025-04-15 21:01:40,3,79.2715411925424
2025-04-15 21:01:50,4,60.6432581933472
2025-04-15 21:02:00,1,99.0804601957701
2025-04-15 21:02:10,2,92.1294033552395
2025-04-15 21:02:20,3,78.8096708483682
2025-04-15 21:02:30,4,60.0420225325885
2025-04-15 21:02:40,1,98.9756306503741
2025-04-15 21:02:50,2,91.8335888391574
2025-04-15 21:03:00,3,78.3433202806391
2025-04-15 21:03:10,4,59.4373735637832
2025-04-15 21:03:20,1,98.8651744737914
2025-04-15 21:03:30,2,91.5325537073384
2025-04-15 21:03:40,3,77.8725160007561
2025-04-15 21:03:50,4,58.8293456604105
2025-04-15 21:04:00,1,98.7490979453068
2025-04-15 21:04:10,2,91.2263150732238
2025-04-15 21:04:20,3,77.397284773308
2025-04-15 21:04:30,4,58.2179733880368
2025-04-15 21:04:40,1,98.6274076637143
2025-04-15 21:04:50,2,90.9148903460674
2025-04-15 21:05:00,3,76.9176536145494
2025-04-15 21:05:10,4,57.6032915023518
2025-04-15 21:05:20,1,98.5001105469426
2025-04-15 21:05:30,2,90.5982972299449
2025-04-15 21:05:40,3,76.4336497908652
2025-04-15 21:05:50,4,56.9853349471924
2025-04-15 21:06:00,1,98.3672138316611
2025-04-15 21:06:10,2,90.2765537227483
2025-04-15 21:06:20,3,75.9453008172204
2025-04-15 21:06:30,4,56.3641388525553
2025-04-15 21:06:40,1,98.2287250728689
2025-04-15 21:06:50,2,89.9496781151623
2025-04-15 21:07:00,3,75.4526344555956
2025-04-15 21:07:10,4,55.7397385326016
2025-04-15 21:07:20,1,98.0846521434652
2025-04-15 21:07:30,2,89.6176889896245
2025-04-15 21:07:40,3,74.9556787134098
2025-04-15 21:07:50,4,55.1121694836473
2025-04-15 21:08:00,1,97.935003233802
2025-04-15 21:08:10,2,89.2806052192693
2025-04-15 21:08:20,3,74.4544618419267
2025-04-15 21:08:30,4,54.4814673821475
2025-04-15 21:08:40,1,97.779786851218
2025-04-15 21:08:50,2,88.9384459668545
2025-04-15 21:09:00,3,73.9490123346501
2025-04-15 21:09:10,4,53.8476680826659
2025-04-15 21:09:20,1,97.6190118195553
2025-04-15 21:09:30,2,88.5912306836725
2025-04-15 21:09:40,3,73.4393589257029
2025-04-15 21:09:50,4,53.2108076158389
2025-04-15 21:10:00,1,97.4526872786577
2025-04-15 21:10:10,2,88.2389791084441
2025-04-15 21:10:20,3,72.9255305881946
2025-04-15 21:10:30,4,52.570922186325
2025-04-15 21:10:40,1,97.2808226838513
2025-04-15 21:10:50,2,87.8817112661965
2025-04-15 21:11:00,3,72.4075565325735
2025-04-15 21:11:10,4,51.928048170749
2025-04-15 21:11:20,1,97.1034278054065
2025-04-15 21:11:30,2,87.519447467125
2025-04-15 21:11:40,3,71.8854662049664
2025-04-15 21:11:50,4,51.2822221156313
2025-04-15 21:12:00,1,96.920512727983
2025-04-15 21:12:10,2,87.1522083054382
2025-04-15 21:12:20,3,71.3592892855047
2025-04-15 21:12:30,4,50.6334807353134
2025-04-15 21:12:40,1,96.7320878500566
2025-04-15 21:12:50,2,86.7800146581875
2025-04-15 21:13:00,3,70.829055686637
2025-04-15 21:13:10,4,49.9818609098675
2025-04-15 21:13:20,1,96.5381638833274
2025-04-15 21:13:30,2,86.4028876840799
2025-04-15 21:13:40,3,70.2947955514287
2025-04-15 21:13:50,4,49.3273996830031
2025-04-15 21:14:00,1,96.3387518521116
2025-04-15 21:14:10,2,86.0208488222757
2025-04-15 21:14:20,3,69.7565392518482
2025-04-15 21:14:30,4,48.6701342599581
2025-04-15 21:14:40,1,96.1338630927143
2025-04-15 21:14:50,2,85.633919791169
2025-04-15 21:15:00,3,69.2143173870408
2025-04-15 21:15:10,4,48.010102005386
2025-04-15 21:15:20,1,95.9235092527854
2025-04-15 21:15:30,2,85.2421225871539
2025-04-15 21:15:40,3,68.6681607815884
2025-04-15 21:15:50,4,47.3473404412312
2025-04-15 21:16:00,1,95.7077022906571
2025-04-15 21:16:10,2,84.8454794833731
2025-04-15 21:16:20,3,68.1181004837579
2025-04-15 21:16:30,4,46.6818872445947
2025-04-15 21:16:40,1,95.4864544746643
2025-04-15 21:16:50,2,84.4440130284525
2025-04-15 21:17:00,3,67.5641677637358
2025-04-15 21:17:10,4,46.0137802455941
2025-04-15 21:17:20,1,95.2597783824471
2025-04-15 21:17:30,2,84.0377460452189
2025-04-15 21:17:40,3,67.0063941118504
2025-04-15 21:17:50,4,45.3430574252113
2025-04-15 21:18:00,1,95.0276869002357
2025-04-15 21:18:10,2,83.6267016294026
2025-04-15 21:18:20,3,66.4448112367821
2025-04-15 21:18:30,4,44.6697569131351
2025-04-15 21:18:40,1,94.7901932221182
2025-04-15 21:18:50,2,83.2109031483247
2025-04-15 21:19:00,3,65.8794510637605
2025-04-15 21:19:10,4,43.9939169855914
2025-04-15 21:19:20,1,94.54731084929
2025-04-15 21:19:30,2,82.7903742395682
2025-04-15 21:19:40,3,65.3103457327491
2025-04-15 21:19:50,4,43.3155760631697
2025-04-15 21:20:00,1,94.2990535892865
2025-04-15 21:20:10,2,82.3651388096347
2025-04-15 21:20:20,3,64.7375275966188
2025-04-15 21:20:30,4,42.6347727086363
2025-04-15 21:20:40,1,94.0454355551983
2025-04-15 21:20:50,2,81.9352210325853
2025-04-15 21:21:00,3,64.1610292193088
2025-04-15 21:21:10,4,41.9515456247451
2025-04-15 21:21:20,1,93.7864711648689
2025-04-15 21:21:30,2,81.5006453486662
2025-04-15 21:21:40,3,63.5808833739744
2025-04-15 21:21:50,4,41.265933652034
2025-04-15 21:22:00,1,93.5221751400747
2025-04-15 21:22:10,2,81.061436462919
2025-04-15 21:22:20,3,62.9971230411252
2025-04-15 21:22:30,4,40.5779757666201
2025-04-15 21:22:40,1,93.2525625056885
2025-04-15 21:22:50,2,80.617619343777
2025-04-15 21:23:00,3,62.409781406749
2025-04-15 21:23:10,4,39.8877110779813
2025-04-15 21:23:20,1,92.9776485888251
2025-04-15 21:23:30,2,80.1692192216451
2025-04-15 21:23:40,3,61.818891860426
2025-04-15 21:23:50,4,39.1951788267354
2025-04-15 21:24:00,1,92.6974490179702
2025-04-15 21:24:10,2,79.7162615874658
2025-04-15 21:24:20,3,61.2244879934306
2025-04-15 21:24:30,4,38.5004183824066
2025-04-15 21:24:40,1,92.4119797220915
2025-04-15 21:24:50,2,79.2587721912701
2025-04-15 21:25:00,3,60.6266035968213
2025-04-15 21:25:10,4,37.80346924119
2025-04-15 21:25:20,1,92.1212569297339
2025-04-15 21:25:30,2,78.7967770407134
2025-04-15 21:25:40,3,60.0252726595201
2025-04-15 21:25:50,4,37.1043710237051
2025-04-15 21:26:00,1,91.8252971680962
2025-04-15 21:26:10,2,78.3303023995973
2025-04-15 21:26:20,3,59.4205293663802
2025-04-15 21:26:30,4,36.4031634727426
2025-04-15 21:26:40,1,91.5241172620917
2025-04-15 21:26:50,2,77.8593747863764
2025-04-15 21:27:00,3,58.8124080962427
2025-04-15 21:27:10,4,35.6998864510073
2025-04-15 21:27:20,1,91.2177343333924
2025-04-15 21:27:30,2,77.3840209726507
2025-04-15 21:27:40,3,58.2009434199819
2025-04-15 21:27:50,4,34.9945799388491
2025-04-15 21:28:00,1,90.9061657994545
2025-04-15 21:28:10,2,76.9042679816436
2025-04-15 21:28:20,3,57.5861700985406
2025-04-15 21:28:30,4,34.2872840319933
2025-04-15 21:28:40,1,90.5894293725294
2025-04-15 21:28:50,2,76.4201430866662
2025-04-15 21:29:00,3,56.9681230809535
2025-04-15 21:29:10,4,33.578038939258
2025-04-15 21:29:20,1,90.2675430586559
2025-04-15 21:29:30,2,75.931673809566
2025-04-15 21:29:40,3,56.3468375023603
2025-04-15 21:29:50,4,32.8668849802713
2025-04-15 21:30:00,1,89.9405251566371
2025-04-15 21:30:10,2,75.4388879191629
2025-04-15 21:30:20,3,55.7223486820087
2025-04-15 21:30:30,4,32.1538625831767
2025-04-15 21:30:40,1,89.6083942569999
2025-04-15 21:30:50,2,74.9418134296708
2025-04-15 21:31:00,3,55.0946921212464
2025-04-15 21:31:10,4,31.4390122823368
2025-04-15 21:31:20,1,89.2711692409382
2025-04-15 21:31:30,2,74.4404785991042
2025-04-15 21:31:40,3,54.4639035015027
2025-04-15 21:31:50,4,30.722374716027
2025-04-15 21:32:00,1,88.9288692792397
2025-04-15 21:32:10,2,73.9349119276725
2025-04-15 21:32:20,3,53.8300186822605
2025-04-15 21:32:30,4,30.0039906241277
2025-04-15 21:32:40,1,88.5815138311957
2025-04-15 21:32:50,2,73.4251421561594
2025-04-15 21:33:00,3,53.1930736990172
2025-04-15 21:33:10,4,29.2839008458055
2025-04-15 21:33:20,1,88.2291226434953
2025-04-15 21:33:30,2,72.9111982642894
2025-04-15 21:33:40,3,52.5531047612365
2025-04-15 21:33:50,4,28.5621463171942
2025-04-15 21:34:00,1,87.8717157491024
2025-04-15 21:34:10,2,72.3931094690798
2025-04-15 21:34:20,3,51.91014825029
2025-04-15 21:34:30,4,27.8387680690652
2025-04-15 21:34:40,1,87.5093134661173
2025-04-15 21:34:50,2,71.8709052231803
2025-04-15 21:35:00,3,51.2642407173886
2025-04-15 21:35:10,4,27.1138072244975
2025-04-15 21:35:20,1,87.1419363966212
2025-04-15 21:35:30,2,71.3446152131985
2025-04-15 21:35:40,3,50.6154188815048
2025-04-15 21:35:50,4,26.3873049965373
2025-04-15 21:36:00,1,86.7696054255054
2025-04-15 21:36:10,2,70.8142693580118
2025-04-15 21:36:20,3,49.9637196272855
2025-04-15 21:36:30,4,25.6593026858572
2025-04-15 21:36:40,1,86.3923417192835
2025-04-15 21:36:50,2,70.2798978070674
2025-04-15 21:37:00,3,49.3091800029547
2025-04-15 21:37:10,4,24.9298416784076
2025-04-15 21:37:20,1,86.0101667248888
2025-04-15 21:37:30,2,69.7415309386676
2025-04-15 21:37:40,3,48.6518372182079
2025-04-15 21:37:50,4,24.1989634430628
2025-04-15 21:38:00,1,85.6231021684547
2025-04-15 21:38:10,2,69.1991993582431
2025-04-15 21:38:20,3,47.991728642096
2025-04-15 21:38:30,4,23.4667095292661
2025-04-15 21:38:40,1,85.2311700540792
2025-04-15 21:38:50,2,68.6529338966132
2025-04-15 21:39:00,3,47.3288918009023
2025-04-15 21:39:10,4,22.7331215646645
2025-04-15 21:39:20,1,84.8343926625749
2025-04-15 21:39:30,2,68.1027656082332
2025-04-15 21:39:40,3,46.6633643760073
2025-04-15 21:39:50,4,21.9982412527458
2025-04-15 21:40:00,1,84.4327925502015
2025-04-15 21:40:10,2,67.5487257694285
2025-04-15 21:40:20,3,45.9951842017483
2025-04-15 21:40:30,4,21.2621103704645
2025-04-15 21:40:40,1,84.0263925473842
2025-04-15 21:40:50,2,66.990845876617
2025-04-15 21:41:00,3,45.3243892632673
2025-04-15 21:41:10,4,20.5247707658695
2025-04-15 21:41:20,1,83.6152157574153
2025-04-15 21:41:30,2,66.429157644519
2025-04-15 21:41:40,3,44.6510176943524
2025-04-15 21:41:50,4,19.7862643557228
2025-04-15 21:42:00,1,83.1992855551411
2025-04-15 21:42:10,2,65.8636930043531
2025-04-15 21:42:20,3,43.9751077752696
2025-04-15 21:42:30,4,19.0466331231191
2025-04-15 21:42:40,1,82.7786255856328
2025-04-15 21:42:50,2,65.294484102022
2025-04-15 21:43:00,3,43.2966979305868
2025-04-15 21:43:10,4,18.3059191150962
2025-04-15 21:43:20,1,82.3532597628427
2025-04-15 21:43:30,2,64.7215632962843
2025-04-15 21:43:40,3,42.615826726989
2025-04-15 21:43:50,4,17.5641644402477
2025-04-15 21:44:00,1,81.9232122682445
2025-04-15 21:44:10,2,64.1449631569158
2025-04-15 21:44:20,3,41.9325328710866
2025-04-15 21:44:30,4,16.8214112663263
2025-04-15 21:44:40,1,81.4885075494586
2025-04-15 21:44:50,2,63.564716462857
2025-04-15 21:45:00,3,41.246855207214
2025-04-15 21:45:10,4,16.0777018178494
2025-04-15 21:45:20,1,81.0491703188622
2025-04-15 21:45:30,2,62.9808562003503
2025-04-15 21:45:40,3,40.5588327152222
2025-04-15 21:45:50,4,15.3330783736961
2025-04-15 21:46:00,1,80.6052255521847
2025-04-15 21:46:10,2,62.3934155610647
2025-04-15 21:46:20,3,39.8685045082625
2025-04-15 21:46:30,4,14.5875832647056
2025-04-15 21:46:40,1,80.1566984870876
2025-04-15 21:46:50,2,61.8024279402087
2025-04-15 21:47:00,3,39.1759098305629
2025-04-15 21:47:10,4,13.8412588712705
2025-04-15 21:47:20,1,79.7036146217301
2025-04-15 21:47:30,2,61.2079269346318
2025-04-15 21:47:40,3,38.4810880551973
2025-04-15 21:47:50,4,13.0941476209258
2025-04-15 21:48:00,1,79.245999713319
2025-04-15 21:48:10,2,60.6099463409148
2025-04-15 21:48:20,3,37.7840786818467
2025-04-15 21:48:30,4,12.3462919859396
2025-04-15 21:48:40,1,78.7838797766452
2025-04-15 21:48:50,2,60.0085201534486
2025-04-15 21:49:00,3,37.0849213345548
2025-04-15 21:49:10,4,11.597734480896
2025-04-15 21:49:20,1,78.317281082604
2025-04-15 21:49:30,2,59.403682562501
2025-04-15 21:49:40,3,36.3836557594743
2025-04-15 21:49:50,4,10.8485176602809
2025-04-15 21:50:00,1,77.8462301567024
2025-04-15 21:50:10,2,58.7954679522739
2025-04-15 21:50:20,3,35.6803218226078
2025-04-15 21:50:30,4,10.0986841160599
2025-04-15 21:50:40,1,77.3707537775503
2025-04-15 21:50:50,2,58.1839108989479
2025-04-15 21:51:00,3,34.9749595075416
2025-04-15 21:51:10,4,9.34827647525994
2025-04-15 21:51:20,1,76.8908789753392
2025-04-15 21:51:30,2,57.5690461687173
2025-04-15 21:51:40,3,34.2676089131724
2025-04-15 21:51:50,4,8.59733739754316
2025-04-15 21:52:00,1,76.4066330303045
2025-04-15 21:52:10,2,56.9509087158131
2025-04-15 21:52:20,3,33.558310251428
2025-04-15 21:52:30,4,7.8459095727846
2025-04-15 21:52:40,1,75.9180434711757
2025-04-15 21:52:50,2,56.3295336805164
2025-04-15 21:53:00,3,32.8471038449813
2025-04-15 21:53:10,4,7.09403571864249
2025-04-15 21:53:20,1,75.4251380736104
2025-04-15 21:53:30,2,55.7049563871601
2025-04-15 21:53:40,3,32.1340301249578
2025-04-15 21:53:50,4,6.34175857813265
2025-04-15 21:54:00,1,74.9279448586161
2025-04-15 21:54:10,2,55.0772123421217
2025-04-15 21:54:20,3,31.4191296286373
2025-04-15 21:54:30,4,5.58912091719576
2025-04-15 21:54:40,1,74.4264920909569
2025-04-15 21:54:50,2,54.4463372318038
2025-04-15 21:55:00,3,30.7024429971493
2025-04-15 21:55:10,4,4.83616552226903
2025-04-15 21:55:20,1,73.9208082775468
2025-04-15 21:55:30,2,53.8123669206061
2025-04-15 21:55:40,3,29.9840109731627
2025-04-15 21:55:50,4,4.08293519785098
2025-04-15 21:56:00,1,73.4109221658288
2025-04-15 21:56:10,2,53.1753374488861
2025-04-15 21:56:20,3,29.2638743985698
2025-04-15 21:56:30,4,3.3294727640706
2025-04-15 21:56:40,1,72.8968627421411
2025-04-15 21:56:50,2,52.5352850309108
2025-04-15 21:57:00,3,28.542074212164
2025-04-15 21:57:10,4,2.57582105425195
2025-04-15 21:57:20,1,72.378659230069
2025-04-15 21:57:30,2,51.8922460527972
2025-04-15 21:57:40,3,27.8186514473129
2025-04-15 21:57:50,4,1.82202291247813
2025-04-15 21:58:00,1,71.8563410887837
2025-04-15 21:58:10,2,51.2462570704445
2025-04-15 21:58:20,3,27.0936472296257
2025-04-15 21:58:30,4,1.06812119115812
2025-04-15 21:58:40,1,71.3299380113673
2025-04-15 21:58:50,2,50.5973548074555
2025-04-15 21:59:00,3,26.3671027746146
2025-04-15 21:59:10,4,0.31415874858782
2025-04-15 21:59:20,1,70.7994799231253
2025-04-15 21:59:30,2,49.9455761530493
2025-04-15 21:59:40,3,25.639059385353
2025-04-15 21:59:50,4,-0.439821553483503
2025-04-15 22:00:00,1,70.2649969798849
2025-04-15 22:00:10,2,49.2909581599636
2025-04-15 22:00:20,3,24.9095584501258
2025-04-15 22:00:30,4,-1.19377685229273
2025-04-15 22:00:40,1,69.7265195662811
2025-04-15 22:00:50,2,48.6335380423491
2025-04-15 22:01:00,3,24.178641440078
2025-04-15 22:01:10,4,-1.94766428649672
2025-04-15 22:01:20,1,69.1840782940289
2025-04-15 22:01:30,2,47.9733531736531
2025-04-15 22:01:40,3,23.4463499068563
2025-04-15 22:01:50,4,-2.70144099861176
2025-04-15 22:02:00,1,68.6377040001834
2025-04-15 22:02:10,2,47.3104410844958
2025-04-15 22:02:20,3,22.7127254802472
2025-04-15 22:02:30,4,-3.45506413744713
2025-04-15 22:02:40,1,68.0874277453869
2025-04-15 22:02:50,2,46.6448394605357
2025-04-15 22:03:00,3,21.9778098658106
2025-04-15 22:03:10,4,-4.20849086054394
2025-04-15 22:03:20,1,67.5332808121025
2025-04-15 22:03:30,2,45.9765861403279
2025-04-15 22:03:40,3,21.2416448425085
2025-04-15 22:03:50,4,-4.96167833660789
2025-04-15 22:04:00,1,66.9752947028364
2025-04-15 22:04:10,2,45.3057191131728
2025-04-15 22:04:20,3,20.50427226033
2025-04-15 22:04:30,4,-5.71458374794692
2025-04-15 22:04:40,1,66.413501138347
2025-04-15 22:04:50,2,44.6322765169568
2025-04-15 22:05:00,3,19.7657340379127
2025-04-15 22:05:10,4,-6.46716429290259
2025-04-15 22:05:20,1,65.8479320558409
2025-04-15 22:05:30,2,43.9562966359836
2025-04-15 22:05:40,3,19.0260721601588
2025-04-15 22:05:50,4,-7.21937718828608
2025-04-15 22:06:00,1,65.2786196071583
2025-04-15 22:06:10,2,43.2778178987982
2025-04-15 22:06:20,3,18.2853286758491
2025-04-15 22:06:30,4,-7.97117967180789
2025-04-15 22:06:40,1,64.7055961569444
2025-04-15 22:06:50,2,42.5968788760022
2025-04-15 22:07:00,3,17.5435456952522
2025-04-15 22:07:10,4,-8.72252900450989
2025-04-15 22:07:20,1,64.1288942808099
2025-04-15 22:07:30,2,41.9135182780613
2025-04-15 22:07:40,3,16.8007653877306
2025-04-15 22:07:50,4,-9.473382473196
2025-04-15 22:08:00,1,63.548546763479
2025-04-15 22:08:10,2,41.2277749531043
2025-04-15 22:08:20,3,16.0570299793436
2025-04-15 22:08:30,4,-10.223697392858
2025-04-15 22:08:40,1,62.964586596926
2025-04-15 22:08:50,2,40.5396878847149
2025-04-15 22:09:00,3,15.3123817504464
2025-04-15 22:09:10,4,-10.9734311091047
2025-04-15 22:09:20,1,62.377046978499
2025-04-15 22:09:30,2,39.8492961897153
2025-04-15 22:09:40,3,14.5668630332874
2025-04-15 22:09:50,4,-11.7225410005843
2025-04-15 22:10:00,1,61.7859613090334
2025-04-15 22:10:10,2,39.1566391159428
2025-04-15 22:10:20,3,13.8205162096006
2025-04-15 22:10:30,4,-12.47098448141
2025-04-15 22:10:40,1,61.1913631909528
2025-04-15 22:10:50,2,38.4617560400184
2025-04-15 22:11:00,3,13.0733837081969
2025-04-15 22:11:10,4,-13.218719003578
2025-04-15 22:11:20,1,60.5932864263587
2025-04-15 22:11:30,2,37.7646864651082
2025-04-15 22:11:40,3,12.3255080025519
2025-04-15 22:11:50,4,-13.9657020593894
2025-04-15 22:12:00,1,59.9917650151088
2025-04-15 22:12:10,2,37.0654700186779
2025-04-15 22:12:20,3,11.5769316083912
2025-04-15 22:12:30,4,-14.7118911838636
2025-04-15 22:12:40,1,59.3868331528848
2025-04-15 22:12:50,2,36.3641464502401
2025-04-15 22:13:00,3,10.827697081274
2025-04-15 22:13:10,4,-15.4572439571556
2025-04-15 22:13:20,1,58.7785252292474
2025-04-15 22:13:30,2,35.6607556290943
2025-04-15 22:13:40,3,10.077847014173
2025-04-15 22:13:50,4,-16.201718006964
2025-04-15 22:14:00,1,58.1668758256821
2025-04-15 22:14:10,2,34.9553375420604
2025-04-15 22:14:20,3,9.32742403505391
2025-04-15 22:14:30,4,-16.9452710109435
2025-04-15 22:14:40,1,57.551919713633
2025-04-15 22:14:50,2,34.2479322912059
2025-04-15 22:15:00,3,8.57647080445145
2025-04-15 22:15:10,4,-17.6878606991073
2025-04-15 22:15:20,1,56.9336918525264
2025-04-15 22:15:30,2,33.5385800915657
2025-04-15 22:15:40,3,7.82503001304454
2025-04-15 22:15:50,4,-18.4294448562334
2025-04-15 22:16:00,1,56.3122273877826
2025-04-15 22:16:10,2,32.8273212688561
2025-04-15 22:16:20,3,7.07314437922927
2025-04-15 22:16:30,4,-19.1699813242612
2025-04-15 22:16:40,1,55.6875616488188
2025-04-15 22:16:50,2,32.1141962571825
2025-04-15 22:17:00,3,6.32085664669039
2025-04-15 22:17:10,4,-19.9094280046917
2025-04-15 22:17:20,1,55.0597301470401
2025-04-15 22:17:30,2,31.3992455967405
2025-04-15 22:17:40,3,5.56820958197145
2025-04-15 22:17:50,4,-20.6477428609772
2025-04-15 22:18:00,1,54.4287685738213
2025-04-15 22:18:10,2,30.6825099315115
2025-04-15 22:18:20,3,4.81524597204353
2025-04-15 22:18:30,4,-21.3848839209133
2025-04-15 22:18:40,1,53.7947127984771
2025-04-15 22:18:50,2,29.9640300069518
2025-04-15 22:19:00,3,4.06200862187289
2025-04-15 22:19:10,4,-22.1208092790249
2025-04-15 22:19:20,1,53.1575988662238
2025-04-15 22:19:30,2,29.2438466676767
2025-04-15 22:19:40,3,3.30854035198736
2025-04-15 22:19:50,4,-22.8554770989467
2025-04-15 22:20:00,1,52.5174629961296
2025-04-15 22:20:10,2,28.5220008551383
2025-04-15 22:20:20,3,2.5548839960428
2025-04-15 22:20:30,4,-23.5888456158042
2025-04-15 22:20:40,1,51.8743415790558
2025-04-15 22:20:50,2,27.7985336052979
2025-04-15 22:21:00,3,1.80108239838696
2025-04-15 22:21:10,4,-24.320873138585
2025-04-15 22:21:20,1,51.228271175588
2025-04-15 22:21:30,2,27.0734860462936
2025-04-15 22:21:40,3,1.04717841162458
2025-04-15 22:21:50,4,-25.051518052512
2025-04-15 22:22:00,1,50.5792885139579
2025-04-15 22:22:10,2,26.3468993961014
2025-04-15 22:22:20,3,0.293214894181047
2025-04-15 22:22:30,4,-25.7807388214059
2025-04-15 22:22:40,1,49.9274304879549
2025-04-15 22:22:50,2,25.6188149601935
2025-04-15 22:23:00,3,-0.460765292133972
2025-04-15 22:23:10,4,-26.5084939900497
2025-04-15 22:23:20,1,49.2727341548292
2025-04-15 22:23:30,2,24.8892741291885
2025-04-15 22:23:40,3,-1.21471928456323
2025-04-15 22:23:50,4,-27.2347421865424
2025-04-15 22:24:00,1,48.6152367331847
2025-04-15 22:24:10,2,24.158318376499
2025-04-15 22:24:20,3,-1.96860422183856
2025-04-15 22:24:30,4,-27.9594421246537
2025-04-15 22:24:40,1,47.9549756008635
2025-04-15 22:24:50,2,23.4259892559744
2025-04-15 22:25:00,3,-2.72237724661749
2025-04-15 22:25:10,4,-28.6825526061682
2025-04-15 22:25:20,1,47.2919882928212
2025-04-15 22:25:30,2,22.6923283995381
2025-04-15 22:25:40,3,-3.47599550791962
2025-04-15 22:25:50,4,-29.4040325232304
2025-04-15 22:26:00,1,46.6263124989924
2025-04-15 22:26:10,2,21.9573775148208
2025-04-15 22:26:20,3,-4.22941616356265
2025-04-15 22:26:30,4,-30.123840860679
2025-04-15 22:26:40,1,45.9579860621487
2025-04-15 22:26:50,2,21.2211783827895
2025-04-15 22:27:00,3,-4.98259638259789
2025-04-15 22:27:10,4,-30.841936698381
2025-04-15 22:27:20,1,45.2870469757472
2025-04-15 22:27:30,2,20.4837728553726
2025-04-15 22:27:40,3,-5.73549334774515
2025-04-15 22:27:50,4,-31.5582792135555
2025-04-15 22:28:00,1,44.6135333817705
2025-04-15 22:28:10,2,19.7452028530802
2025-04-15 22:28:20,3,-6.48806425782684
2025-04-15 22:28:30,4,-32.2728276830958
2025-04-15 22:28:40,1,43.9374835685586
2025-04-15 22:28:50,2,19.0055103626216
2025-04-15 22:29:00,3,-7.24026633020116
2025-04-15 22:29:10,4,-32.9855414858854
2025-04-15 22:29:20,1,43.2589359686321
2025-04-15 22:29:30,2,18.2647374345176
2025-04-15 22:29:40,3,-7.99205680319424
2025-04-15 22:29:50,4,-33.6963801051046
2025-04-15 22:30:00,1,42.5779291565073
2025-04-15 22:30:10,2,17.5229261807107
2025-04-15 22:30:20,3,-8.74339293853125
2025-04-15 22:30:30,4,-34.4053031305367
2025-04-15 22:30:40,1,41.8945018465035
2025-04-15 22:30:50,2,16.7801187721707
2025-04-15 22:31:00,3,-9.49423202376533
2025-04-15 22:31:10,4,-35.1122702608627
2025-04-15 22:31:20,1,41.2086928905421
2025-04-15 22:31:30,2,16.0363574364976
2025-04-15 22:31:40,3,-10.2445313747068
2025-04-15 22:31:50,4,-35.8172413059548
2025-04-15 22:32:00,1,40.5205412759378
2025-04-15 22:32:10,2,15.2916844555206
2025-04-15 22:32:20,3,-10.9942483378488
2025-04-15 22:32:30,4,-36.5201761891587
2025-04-15 22:32:40,1,39.8300861231823
2025-04-15 22:32:50,2,14.5461421628949
2025-04-15 22:33:00,3,-11.7433402927927
2025-04-15 22:33:10,4,-37.2210349495746
2025-04-15 22:33:20,1,39.1373666837203
2025-04-15 22:33:30,2,13.7997729416951
2025-04-15 22:33:40,3,-12.4917646546706
2025-04-15 22:33:50,4,-37.9197777443259
2025-04-15 22:34:00,1,38.4424223377181
2025-04-15 22:34:10,2,13.0526192220051
2025-04-15 22:34:20,3,-13.2394788765664
2025-04-15 22:34:30,4,-38.6163648508274
2025-04-15 22:34:40,1,37.7452925918251
2025-04-15 22:34:50,2,12.3047234785069
2025-04-15 22:35:00,3,-13.9864404519344
2025-04-15 22:35:10,4,-39.3107566690403
2025-04-15 22:35:20,1,37.0460170769275
2025-04-15 22:35:30,2,11.5561282280653
2025-04-15 22:35:40,3,-14.7326069170159
2025-04-15 22:35:50,4,-40.0029137237265
2025-04-15 22:36:00,1,36.344635545896
2025-04-15 22:36:10,2,10.8068760273111
2025-04-15 22:36:20,3,-15.4779358532532
2025-04-15 22:36:30,4,-40.6927966666897
2025-04-15 22:36:40,1,35.641187871325
2025-04-15 22:36:50,2,10.0570094702221
2025-04-15 22:37:00,3,-16.2223848897011
2025-04-15 22:37:10,4,-41.3803662790153
2025-04-15 22:37:20,1,34.9357140432666
2025-04-15 22:37:30,2,9.30657118570128
2025-04-15 22:37:40,3,-16.9659117054351
2025-04-15 22:37:50,4,-42.0655834732972
2025-04-15 22:38:00,1,34.2282541669571
2025-04-15 22:38:10,2,8.55560383515346
2025-04-15 22:38:20,3,-17.7084740319582
2025-04-15 22:38:30,4,-42.7484092958613
2025-04-15 22:38:40,1,33.5188484605366
2025-04-15 22:38:50,2,7.80415011006026
2025-04-15 22:39:00,3,-18.450029655603
2025-04-15 22:39:10,4,-43.4288049289806
2025-04-15 22:39:20,1,32.8075372527635
2025-04-15 22:39:30,2,7.05225272955304
2025-04-15 22:39:40,3,-19.1905364199319
2025-04-15 22:39:50,4,-44.10673169308
2025-04-15 22:40:00,1,32.0943609807209
2025-04-15 22:40:10,2,6.29995443798434
2025-04-15 22:40:20,3,-19.9299522281337
2025-04-15 22:40:30,4,-44.7821510489373
2025-04-15 22:40:40,1,31.3793601875187
2025-04-15 22:40:50,2,5.54729800249796
2025-04-15 22:41:00,3,-20.668235045416
2025-04-15 22:41:10,4,-45.4550245998719
2025-04-15 22:41:20,1,30.6625755199882
2025-04-15 22:41:30,2,4.79432621059771
2025-04-15 22:41:40,3,-21.405342901396
2025-04-15 22:41:50,4,-46.1253140939302
2025-04-15 22:42:00,1,29.9440477263714
2025-04-15 22:42:10,2,4.04108186771498
2025-04-15 22:42:20,3,-22.1412338924858
2025-04-15 22:42:30,4,-46.7929814260573
2025-04-15 22:42:40,1,29.223817654005
2025-04-15 22:42:50,2,3.28760779477512
2025-04-15 22:43:00,3,-22.8758661842744
2025-04-15 22:43:10,4,-47.4579886402659
2025-04-15 22:43:20,1,28.5019262469976
2025-04-15 22:43:30,2,2.5339468257639
2025-04-15 22:43:40,3,-23.6091980139064
2025-04-15 22:43:50,4,-48.1202979317918
2025-04-15 22:44:00,1,27.7784145439028
2025-04-15 22:44:10,2,1.7801418052913
2025-04-15 22:44:20,3,-24.3411876924556
2025-04-15 22:44:30,4,-48.7798716492452
2025-04-15 22:44:40,1,27.0533236753854
2025-04-15 22:44:50,2,1.02623558615665
2025-04-15 22:45:00,3,-25.0717936072956
2025-04-15 22:45:10,4,-49.4366722967485
2025-04-15 22:45:20,1,26.3266948618839
2025-04-15 22:45:30,2,0.272271026912251
2025-04-15 22:45:40,3,-25.800974224465
2025-04-15 22:45:50,4,-50.090662536071
2025-04-15 22:46:00,1,25.5985694112672
2025-04-15 22:46:10,2,-0.481709010573015
2025-04-15 22:46:20,3,-26.5286880910285
2025-04-15 22:46:30,4,-50.7418051887486
2025-04-15 22:46:40,1,24.8689887164854
2025-04-15 22:46:50,2,-1.23566166355036
2025-04-15 22:47:00,3,-27.2548938374338
2025-04-15 22:47:10,4,-51.3900632381997
2025-04-15 22:47:20,1,24.1379942532176
2025-04-15 22:47:30,2,-1.98954407082776
2025-04-15 22:47:40,3,-27.9795501798632
2025-04-15 22:47:50,4,-52.0353998318274
2025-04-15 22:48:00,1,23.4056275775138
2025-04-15 22:48:10,2,-2.74331337520657
2025-04-15 22:48:20,3,-28.7026159225803
2025-04-15 22:48:30,4,-52.677778283117
2025-04-15 22:48:40,1,22.6719303234321
2025-04-15 22:48:50,2,-3.49692672591789
2025-04-15 22:49:00,3,-29.4240499602725
2025-04-15 22:49:10,4,-53.317162073719
2025-04-15 22:49:20,1,21.9369442006726
2025-04-15 22:49:30,2,-4.25034128105858
2025-04-15 22:49:40,3,-30.1438112803867
2025-04-15 22:49:50,4,-53.9535148555265
2025-04-15 22:50:00,1,21.2007109922054
2025-04-15 22:50:10,2,-5.00351421002676
2025-04-15 22:50:20,3,-30.8618589654628
2025-04-15 22:50:30,4,-54.5868004527423
2025-04-15 22:50:40,1,20.4632725518963
2025-04-15 22:50:50,2,-5.75640269595666
2025-04-15 22:51:00,3,-31.5781521954575
2025-04-15 22:51:10,4,-55.2169828639332
2025-04-15 22:51:20,1,19.7246708021263
2025-04-15 22:51:30,2,-6.50896393815274
2025-04-15 22:51:40,3,-32.2926502500658
2025-04-15 22:51:50,4,-55.8440262640792
2025-04-15 22:52:00,1,18.9849477314094
2025-04-15 22:52:10,2,-7.26115515452279
2025-04-15 22:52:20,3,-33.0053125110371
2025-04-15 22:52:30,4,-56.4678950066076
2025-04-15 22:52:40,1,18.244145392005
2025-04-15 22:52:50,2,-8.0129335840101
2025-04-15 22:53:00,3,-33.7160984644818
2025-04-15 22:53:10,4,-57.088553625422
2025-04-15 22:53:20,1,17.5023058975276
2025-04-15 22:53:30,2,-8.76425648902449
2025-04-15 22:53:40,3,-34.4249677031773
2025-04-15 22:53:50,4,-57.705966836916
2025-04-15 22:54:00,1,16.7594714205525
2025-04-15 22:54:10,2,-9.51508115787122
2025-04-15 22:54:20,3,-35.1318799288623
2025-04-15 22:54:30,4,-58.3200995419812
2025-04-15 22:54:40,1,16.0156841902182
2025-04-15 22:54:50,2,-10.2653649071801
2025-04-15 22:55:00,3,-35.8367949545302
2025-04-15 22:55:10,4,-58.9309168280006
2025-04-15 22:55:20,1,15.2709864898264
2025-04-15 22:55:30,2,-11.0150650843314
2025-04-15 22:55:40,3,-36.5396727067113
2025-04-15 22:55:50,4,-59.5383839708355
2025-04-15 22:56:00,1,14.5254206544372
2025-04-15 22:56:10,2,-11.7641390698806
2025-04-15 22:56:20,3,-37.2404732277537
2025-04-15 22:56:30,4,-60.1424664367972
2025-04-15 22:56:40,1,13.7790290684637
2025-04-15 22:56:50,2,-12.5125442799814
2025-04-15 22:57:00,3,-37.9391566780916
2025-04-15 22:57:10,4,-60.7431298846121
2025-04-15 22:57:20,1,13.0318541632614
2025-04-15 22:57:30,2,-13.2602381688062
2025-04-15 22:57:40,3,-38.6356833385134
2025-04-15 22:57:50,4,-61.3403401673725
2025-04-15 22:58:00,1,12.2839384147163
2025-04-15 22:58:10,2,-14.0071782309656
2025-04-15 22:58:20,3,-39.3300136124166
2025-04-15 22:58:30,4,-61.9340633344794
2025-04-15 22:58:40,1,11.5353243408308
2025-04-15 22:58:50,2,-14.7533220039237
2025-04-15 22:59:00,3,-40.0221080280619
2025-04-15 22:59:10,4,-62.5242656335706
2025-04-15 22:59:20,1,10.7860544993056
2025-04-15 22:59:30,2,-15.4986270704129
2025-04-15 22:59:40,3,-40.7119272408138
2025-04-15 22:59:50,4,-63.110913512441
2025-04-15 23:00:00,1,10.0361714851215
2025-04-15 23:00:10,2,-16.2430510608447
2025-04-15 23:00:20,3,-41.3994320353807
2025-04-15 23:00:30,4,-63.6939736209497
2025-04-15 23:00:40,1,9.28571792811676
2025-04-15 23:00:50,2,-16.9865516557188
2025-04-15 23:01:00,3,-42.0845833280414
2025-04-15 23:01:10,4,-64.2734128129152
2025-04-15 23:01:20,1,8.53473649056469
2025-04-15 23:01:30,2,-17.7290865880285
2025-04-15 23:01:40,3,-42.7673421688682
2025-04-15 23:01:50,4,-64.8491981480009
2025-04-15 23:02:00,1,7.78326986474766
2025-04-15 23:02:10,2,-18.470613645664
2025-04-15 23:02:20,3,-43.4476697439419
2025-04-15 23:02:30,4,-65.4212968935861
2025-04-15 23:02:40,1,7.03136077053039
2025-04-15 23:02:50,2,-19.2110906738114
2025-04-15 23:03:00,3,-44.1255273775564
2025-04-15 23:03:10,4,-65.9896765266288
2025-04-15 23:03:20,1,6.27905195293136
2025-04-15 23:03:30,2,-19.9504755773499
2025-04-15 23:03:40,3,-44.8008765344194
2025-04-15 23:03:50,4,-66.5543047355126
2025-04-15 23:04:00,1,5.52638617969276
2025-04-15 23:04:10,2,-20.6887263232446
2025-04-15 23:04:20,3,-45.4736788218412
2025-04-15 23:04:30,4,-67.1151494218853
2025-04-15 23:04:40,1,4.77340623884921
2025-04-15 23:04:50,2,-21.4258009429354
2025-04-15 23:05:00,3,-46.1438959919193
2025-04-15 23:05:10,4,-67.6721787024821
2025-04-15 23:05:20,1,4.02015493629538
2025-04-15 23:05:30,2,-22.1616575347237
2025-04-15 23:05:40,3,-46.8114899437103
2025-04-15 23:05:50,4,-68.2253609109397
2025-04-15 23:06:00,1,3.26667509335245
2025-04-15 23:06:10,2,-22.8962542661544
2025-04-15 23:06:20,3,-47.4764227253986
2025-04-15 23:06:30,4,-68.7746645995947
2025-04-15 23:06:40,1,2.51300954433365
2025-04-15 23:06:50,2,-23.6295493763935
2025-04-15 23:07:00,3,-48.1386565364512
2025-04-15 23:07:10,4,-69.3200585412734
2025-04-15 23:07:20,1,1.75920113410989
2025-04-15 23:07:30,2,-24.3615011786023
2025-04-15 23:07:40,3,-48.7981537297694
2025-04-15 23:07:50,4,-69.8615117310648
2025-04-15 23:08:00,1,1.00529271567299
2025-04-15 23:08:10,2,-25.0920680623075
2025-04-15 23:08:20,3,-49.4548768138259
2025-04-15 23:08:30,4,-70.3989933880855
2025-04-15 23:08:40,1,0.251327147700312
2025-04-15 23:08:50,2,-25.8212084957667
2025-04-15 23:09:00,3,-50.1087884547993
2025-04-15 23:09:10,4,-70.9324729572275
2025-04-15 23:09:20,1,-0.502652707881936
2025-04-15 23:09:30,2,-26.548881028329
2025-04-15 23:09:40,3,-50.7598514786938
2025-04-15 23:09:50,4,-71.4619201108962
2025-04-15 23:10:00,1,-1.2566039883353
2025-04-15 23:10:10,2,-27.2750442927918
2025-04-15 23:10:20,3,-51.4080288734545
2025-04-15 23:10:30,4,-71.9873047507351
2025-04-15 23:10:40,1,-2.01048383254578
2025-04-15 23:10:50,2,-27.9996570077525
2025-04-15 23:11:00,3,-52.0532837910697
2025-04-15 23:11:10,4,-72.5085970093351
2025-04-15 23:11:20,1,-2.76424938346045
2025-04-15 23:11:30,2,-28.7226779799548
2025-04-15 23:11:40,3,-52.6955795496678
2025-04-15 23:11:50,4,-73.0257672519345
2025-04-15 23:12:00,1,-3.51785779052379
2025-04-15 23:12:10,2,-29.4440661066313
2025-04-15 23:12:20,3,-53.3348796356003
2025-04-15 23:12:30,4,-73.5387860781016
2025-04-15 23:12:40,1,-4.27126621211368
2025-04-15 23:12:50,2,-30.1637803778389
2025-04-15 23:13:00,3,-53.9711477055188
2025-04-15 23:13:10,4,-74.0476243234081
2025-04-15 23:13:20,1,-5.02443181797694
2025-04-15 23:13:30,2,-30.8817798787921
2025-04-15 23:13:40,3,-54.6043475884418
2025-04-15 23:13:50,4,-74.5522530610853
2025-04-15 23:14:00,1,-5.7773117916641
2025-04-15 23:14:10,2,-31.5980237921867
2025-04-15 23:14:20,3,-55.2344432878089
2025-04-15 23:14:30,4,-75.0526436036701
2025-04-15 23:14:40,1,-6.52986333296353
2025-04-15 23:14:50,2,-32.3124714005215
2025-04-15 23:15:00,3,-55.8613989835296
2025-04-15 23:15:10,4,-75.5487675046343
2025-04-15 23:15:20,1,-7.28204366033452
2025-04-15 23:15:30,2,-33.0250820884137
2025-04-15 23:15:40,3,-56.485179034017
2025-04-15 23:15:50,4,-76.0405965600031
2025-04-15 23:16:00,1,-8.03381001333936
2025-04-15 23:16:10,2,-33.7358153449054
2025-04-15 23:16:20,3,-57.1057479782167
2025-04-15 23:16:30,4,-76.5281028099575
2025-04-15 23:16:40,1,-8.78511965507442
2025-04-15 23:16:50,2,-34.4446307657699
2025-04-15 23:17:00,3,-57.7230705376201
2025-04-15 23:17:10,4,-77.0112585404246
2025-04-15 23:17:20,1,-9.53592987459895
2025-04-15 23:17:30,2,-35.1514880558052
2025-04-15 23:17:40,3,-58.3371116182725
2025-04-15 23:17:50,4,-77.4900362846519
2025-04-15 23:18:00,1,-10.2861979893642
2025-04-15 23:18:10,2,-35.8563470311278
2025-04-15 23:18:20,3,-58.9478363127656
2025-04-15 23:18:30,4,-77.9644088247707
2025-04-15 23:18:40,1,-11.0358813476392
2025-04-15 23:18:50,2,-36.5591676214546
2025-04-15 23:19:00,3,-59.5552099022242
2025-04-15 23:19:10,4,-78.4343491933411
2025-04-15 23:19:20,1,-11.7849373309356
2025-04-15 23:19:30,2,-37.2599098723829
2025-04-15 23:19:40,3,-60.159197858278
2025-04-15 23:19:50,4,-78.8998306748865
2025-04-15 23:20:00,1,-12.5333233564305
2025-04-15 23:20:10,2,-37.9585339476597
2025-04-15 23:20:20,3,-60.7597658450264
2025-04-15 23:20:30,4,-79.3608268074125
2025-04-15 23:20:40,1,-13.280996879387
2025-04-15 23:20:50,2,-38.6550001314487
2025-04-15 23:21:00,3,-61.3568797209883
2025-04-15 23:21:10,4,-79.81731138391
2025-04-15 23:21:20,1,-14.0279153955732
2025-04-15 23:21:30,2,-39.3492688305855
2025-04-15 23:21:40,3,-61.9505055410453
2025-04-15 23:21:50,4,-80.2692584538466
2025-04-15 23:22:00,1,-14.7740364436784
2025-04-15 23:22:10,2,-40.0413005768311
2025-04-15 23:22:20,3,-62.5406095583695
2025-04-15 23:22:30,4,-80.71664232464
2025-04-15 23:22:40,1,-15.5193176077266
2025-04-15 23:22:50,2,-40.7310560291129
2025-04-15 23:23:00,3,-63.1271582263426
2025-04-15 23:23:10,4,-81.1594375631208
2025-04-15 23:23:20,1,-16.2637165194883
2025-04-15 23:23:30,2,-41.4184959757639
2025-04-15 23:23:40,3,-63.7101182004641
2025-04-15 23:23:50,4,-81.597618996976
2025-04-15 23:24:00,1,-17.0071908608889
2025-04-15 23:24:10,2,-42.103581336749
2025-04-15 23:24:20,3,-64.2894563402446
2025-04-15 23:24:30,4,-82.0311617161823
2025-04-15 23:24:40,1,-17.7496983664141
2025-04-15 23:24:50,2,-42.7862731658896
2025-04-15 23:25:00,3,-64.8651397110925
2025-04-15 23:25:10,4,-82.4600410744201
2025-04-15 23:25:20,1,-18.4911968255132
2025-04-15 23:25:30,2,-43.4665326530752
2025-04-15 23:25:40,3,-65.4371355861836
2025-04-15 23:25:50,4,-82.8842326904762
2025-04-15 23:26:00,1,-19.2316440849982
2025-04-15 23:26:10,2,-44.1443211264706
2025-04-15 23:26:20,3,-66.0054114483238
2025-04-15 23:26:30,4,-83.3037124496289
2025-04-15 23:26:40,1,-19.9709980514406
2025-04-15 23:26:50,2,-44.8196000547153
2025-04-15 23:27:00,3,-66.569934991796
2025-04-15 23:27:10,4,-83.7184565050195
2025-04-15 23:27:20,1,-20.7092166935642
2025-04-15 23:27:30,2,-45.4923310491118
2025-04-15 23:27:40,3,-67.1306741241982
2025-04-15 23:27:50,4,-84.1284412790072
2025-04-15 23:28:00,1,-21.4462580446339
2025-04-15 23:28:10,2,-46.1624758658106
2025-04-15 23:28:20,3,-67.687596968266
2025-04-15 23:28:30,4,-84.5336434645108
2025-04-15 23:28:40,1,-22.1820802048426
2025-04-15 23:28:50,2,-46.8299964079816
2025-04-15 23:29:00,3,-68.240671863687
2025-04-15 23:29:10,4,-84.9340400263316
2025-04-15 23:29:20,1,-22.9166413436923
2025-04-15 23:29:30,2,-47.4948547279823
2025-04-15 23:29:40,3,-68.7898673688984
2025-04-15 23:29:50,4,-85.3296082024653
2025-04-15 23:30:00,1,-23.6498997023725
2025-04-15 23:30:10,2,-48.1570130295129
2025-04-15 23:30:20,3,-69.3351522628765
2025-04-15 23:30:30,4,-85.720325505394
2025-04-15 23:30:40,1,-24.3818135961339
2025-04-15 23:30:50,2,-48.816433669767
2025-04-15 23:31:00,3,-69.8764955469097
2025-04-15 23:31:10,4,-86.1061697233657
2025-04-15 23:31:20,1,-25.1123414166582
2025-04-15 23:31:30,2,-49.4730791615696
2025-04-15 23:31:40,3,-70.4138664463623
2025-04-15 23:31:50,4,-86.487118921657
2025-04-15 23:32:00,1,-25.8414416344235
2025-04-15 23:32:10,2,-50.1269121755102
2025-04-15 23:32:20,3,-70.947234412423
2025-04-15 23:32:30,4,-86.8631514438191
2025-04-15 23:32:40,1,-26.5690728010653
2025-04-15 23:32:50,2,-50.7778955420627
2025-04-15 23:33:00,3,-71.4765691238416
2025-04-15 23:33:10,4,-87.2342459129104
2025-04-15 23:33:20,1,-27.2951935517325
2025-04-15 23:33:30,2,-51.4259922537008
2025-04-15 23:33:40,3,-72.0018404886537
2025-04-15 23:33:50,4,-87.60038123271
2025-04-15 23:34:00,1,-28.0197626074393
2025-04-15 23:34:10,2,-52.0711654669995
2025-04-15 23:34:20,3,-72.5230186458897
2025-04-15 23:34:30,4,-87.9615365889192
2025-04-15 23:34:40,1,-28.7427387774116
2025-04-15 23:34:50,2,-52.7133785047318
2025-04-15 23:35:00,3,-73.0400739672743
2025-04-15 23:35:10,4,-88.3176914503424
2025-04-15 23:35:20,1,-29.4640809614288
2025-04-15 23:35:30,2,-53.352594857952
2025-04-15 23:35:40,3,-73.5529770589097
2025-04-15 23:35:50,4,-88.6688255700557
2025-04-15 23:36:00,1,-30.1837481521595
2025-04-15 23:36:10,2,-53.9887781880716
2025-04-15 23:36:20,3,-74.0616987629459
2025-04-15 23:36:30,4,-89.0149189865581
2025-04-15 23:36:40,1,-30.9016994374949
2025-04-15 23:36:50,2,-54.6218923289266
2025-04-15 23:37:00,3,-74.5662101592403
2025-04-15 23:37:10,4,-89.3559520249049
2025-04-15 23:37:20,1,-31.6178940028712
2025-04-15 23:37:30,2,-55.2519012888309
2025-04-15 23:37:40,3,-75.0664825669999
2025-04-15 23:37:50,4,-89.6919052978281
2025-04-15 23:38:00,1,-32.3322911335937
2025-04-15 23:38:10,2,-55.8787692526248
2025-04-15 23:38:20,3,-75.5624875464123
2025-04-15 23:38:30,4,-90.0227597068366
2025-04-15 23:38:40,1,-33.0448502171478
2025-04-15 23:38:50,2,-56.5024605837091
2025-04-15 23:39:00,3,-76.0541969002636
2025-04-15 23:39:10,4,-90.3484964433036
2025-04-15 23:39:20,1,-33.7555307455106
2025-04-15 23:39:30,2,-57.1229398260729
2025-04-15 23:39:40,3,-76.5415826755394
2025-04-15 23:39:50,4,-90.6690969895342
2025-04-15 23:40:00,1,-34.4642923174516
2025-04-15 23:40:10,2,-57.7401717063074
2025-04-15 23:40:20,3,-77.0246171650158
2025-04-15 23:40:30,4,-90.98454311982
2025-04-15 23:40:40,1,-35.1710946408313
2025-04-15 23:40:50,2,-58.3541211356119
2025-04-15 23:41:00,3,-77.5032729088326
2025-04-15 23:41:10,4,-91.2948169014734
2025-04-15 23:41:20,1,-35.8758975348898
2025-04-15 23:41:30,2,-58.9647532117894
2025-04-15 23:41:40,3,-77.9775226960566
2025-04-15 23:41:50,4,-91.5999006958483
2025-04-15 23:42:00,1,-36.5786609325333
2025-04-15 23:42:10,2,-59.5720332212291
2025-04-15 23:42:20,3,-78.4473395662261
2025-04-15 23:42:30,4,-91.8997771593421
2025-04-15 23:42:40,1,-37.2793448826095
2025-04-15 23:42:50,2,-60.1759266408814
2025-04-15 23:43:00,3,-78.9126968108858
2025-04-15 23:43:10,4,-92.1944292443823
2025-04-15 23:43:20,1,-37.9779095521801
2025-04-15 23:43:30,2,-60.7763991402191
2025-04-15 23:43:40,3,-79.3735679751032
2025-04-15 23:43:50,4,-92.4838402003948
2025-04-15 23:44:00,1,-38.6743152287859
2025-04-15 23:44:10,2,-61.3734165831904
2025-04-15 23:44:20,3,-79.8299268589744
2025-04-15 23:44:30,4,-92.767993574757
2025-04-15 23:44:40,1,-39.3685223227023
2025-04-15 23:44:50,2,-61.966945030158
2025-04-15 23:45:00,3,-80.2817475191113
2025-04-15 23:45:10,4,-93.0468732137326
2025-04-15 23:45:20,1,-40.0604913691924
2025-04-15 23:45:30,2,-62.5569507398302
2025-04-15 23:45:40,3,-80.7290042701191
2025-04-15 23:45:50,4,-93.3204632633899
2025-04-15 23:46:00,1,-40.750183030748
2025-04-15 23:46:10,2,-63.1434001711772
2025-04-15 23:46:20,3,-81.1716716860539
2025-04-15 23:46:30,4,-93.5887481705036
2025-04-15 23:46:40,1,-41.4375580993285
2025-04-15 23:46:50,2,-63.7262599853399
2025-04-15 23:47:00,3,-81.6097246018702
2025-04-15 23:47:10,4,-93.8517126834381
2025-04-15 23:47:20,1,-42.1225774985872
2025-04-15 23:47:30,2,-64.305497047523
2025-04-15 23:47:40,3,-82.04313811485
2025-04-15 23:47:50,4,-94.1093418530156
2025-04-15 23:48:00,1,-42.8052022860951
2025-04-15 23:48:10,2,-64.8810784288808
2025-04-15 23:48:20,3,-82.4718875860191
2025-04-15 23:48:30,4,-94.3616210333648
2025-04-15 23:48:40,1,-43.4853936555527
2025-04-15 23:48:50,2,-65.4529714083871
2025-04-15 23:49:00,3,-82.8959486415484
2025-04-15 23:49:10,4,-94.6085358827546
2025-04-15 23:49:20,1,-44.1631129389982
2025-04-15 23:49:30,2,-66.0211434746975
2025-04-15 23:49:40,3,-83.3152971741382
2025-04-15 23:49:50,4,-94.8500723644084
2025-04-15 23:50:00,1,-44.8383216090031
2025-04-15 23:50:10,2,-66.5855623279954
2025-04-15 23:50:20,3,-83.72990934439
2025-04-15 23:50:30,4,-95.0862167473032
2025-04-15 23:50:40,1,-45.5109812808654
2025-04-15 23:50:50,2,-67.1461958818302
2025-04-15 23:51:00,3,-84.1397615821604
2025-04-15 23:51:10,4,-95.3169556069486
2025-04-15 23:51:20,1,-46.1810537147888
2025-04-15 23:51:30,2,-67.70301226494
2025-04-15 23:51:40,3,-84.5448305879026
2025-04-15 23:51:50,4,-95.542275826152
2025-04-15 23:52:00,1,-46.8485008180594
2025-04-15 23:52:10,2,-68.2559798230635
2025-04-15 23:52:20,3,-84.9450933339892
2025-04-15 23:52:30,4,-95.7621645957622
2025-04-15 23:52:40,1,-47.5132846472082
2025-04-15 23:52:50,2,-68.8050671207412
2025-04-15 23:53:00,3,-85.3405270660231
2025-04-15 23:53:10,4,-95.9766094153994
2025-04-15 23:53:20,1,-48.1753674101715
2025-04-15 23:53:30,2,-69.3502429430996
2025-04-15 23:53:40,3,-85.7311093041292
2025-04-15 23:53:50,4,-96.1855980941645
2025-04-15 23:54:00,1,-48.8347114684363
2025-04-15 23:54:10,2,-69.8914762976287
2025-04-15 23:54:20,3,-86.1168178442341
2025-04-15 23:54:30,4,-96.3891187513328
2025-04-15 23:54:40,1,-49.4912793391813
2025-04-15 23:54:50,2,-70.4287364159414
2025-04-15 23:55:00,3,-86.497630759327
2025-04-15 23:55:10,4,-96.5871598170294
2025-04-15 23:55:20,1,-50.1450336974087
2025-04-15 23:55:30,2,-70.9619927555246
2025-04-15 23:55:40,3,-86.8735264007072
2025-04-15 23:55:50,4,-96.7797100328866
2025-04-15 23:56:00,1,-50.795937378064
2025-04-15 23:56:10,2,-71.4912150014738
2025-04-15 23:56:20,3,-87.2444833992139
2025-04-15 23:56:30,4,-96.9667584526842
2025-04-15 23:56:40,1,-51.4439533781508
2025-04-15 23:56:50,2,-72.0163730682181
2025-04-15 23:57:00,3,-87.6104806664421
2025-04-15 23:57:10,4,-97.1482944429715
2025-04-15 23:57:20,1,-52.0890448588324
2025-04-15 23:57:30,2,-72.5374371012288
2025-04-15 23:57:40,3,-87.9714973959403
2025-04-15 23:57:50,4,-97.3243076836724
2025-04-15 23:58:00,1,-52.7311751475283
2025-04-15 23:58:10,2,-73.0543774787185
2025-04-15 23:58:20,3,-88.3275130643942
2025-04-15 23:58:30,4,-97.4947881686713
2025-04-15 23:58:40,1,-53.3703077399967
2025-04-15 23:58:50,2,-73.5671648133232
2025-04-15 23:59:00,3,-88.6785074327928
2025-04-15 23:59:10,4,-97.6597262063825
2025-04-15 23:59:20,1,-54.0064063024116
2025-04-15 23:59:30,2,-74.0757699537745
2025-04-15 23:59:40,3,-89.0244605475793
2025-04-15 23:59:50,4,-97.8191124203008
2025-04-16 00:00:00,1,-54.6394346734268
2025-04-16 00:00:10,2,-74.5801639865553
2025-04-16 00:00:20,3,-89.3653527417858
2025-04-16 00:00:30,4,-97.9729377495349
2025-04-16 00:00:40,1,-55.2693568662332
2025-04-16 00:00:50,2,-75.0803182375452
2025-04-16 00:01:00,3,-89.7011646361503
2025-04-16 00:01:10,4,-98.121193449322
2025-04-16 00:01:20,1,-55.8961370706026
2025-04-16 00:01:30,2,-75.576204273649
2025-04-16 00:01:40,3,-90.0318771402194
2025-04-16 00:01:50,4,-98.2638710915256
2025-04-16 00:02:00,1,-56.519739654926
2025-04-16 00:02:10,2,-76.0677939044138
2025-04-16 00:02:20,3,-90.3574714534328
2025-04-16 00:02:30,4,-98.400962565114
2025-04-16 00:02:40,1,-57.1401291682364
2025-04-16 00:02:50,2,-76.5550591836321
2025-04-16 00:03:00,3,-90.6779290661931
2025-04-16 00:03:10,4,-98.5324600766217
2025-04-16 00:03:20,1,-57.7572703422268
2025-04-16 00:03:30,2,-77.0379724109292
2025-04-16 00:03:40,3,-90.9932317609165
2025-04-16 00:03:50,4,-98.6583561505924
2025-04-16 00:04:00,1,-58.371128093253
2025-04-16 00:04:10,2,-77.5165061333395
2025-04-16 00:04:20,3,-91.3033616130703
2025-04-16 00:04:30,4,-98.7786436300041
2025-04-16 00:04:40,1,-58.9816675243292
2025-04-16 00:04:50,2,-77.9906331468655
2025-04-16 00:05:00,3,-91.60830099219
2025-04-16 00:05:10,4,-98.8933156766756
2025-04-16 00:05:20,1,-59.5888539271122
2025-04-16 00:05:30,2,-78.4603264980261
2025-04-16 00:05:40,3,-91.9080325628833
2025-04-16 00:05:50,4,-99.0023657716558
2025-04-16 00:06:00,1,-60.1926527838728
2025-04-16 00:06:10,2,-78.9255594853869
2025-04-16 00:06:20,3,-92.2025392858142
2025-04-16 00:06:30,4,-99.1057877155936
2025-04-16 00:06:40,1,-60.7930297694607
2025-04-16 00:06:50,2,-79.3863056610801
2025-04-16 00:07:00,3,-92.4918044186727
2025-04-16 00:07:10,4,-99.203575629091
2025-04-16 00:07:20,1,-61.3899507532527
2025-04-16 00:07:30,2,-79.8425388323063
2025-04-16 00:07:40,3,-92.7758115171256
2025-04-16 00:07:50,4,-99.295723953037
2025-04-16 00:08:00,1,-61.9833818010963
2025-04-16 00:08:10,2,-80.2942330628251
2025-04-16 00:08:20,3,-93.0545444357526
2025-04-16 00:08:30,4,-99.3822274489234
2025-04-16 00:08:40,1,-62.5732891772357
2025-04-16 00:08:50,2,-80.7413626744279
2025-04-16 00:09:00,3,-93.3279873289627
2025-04-16 00:09:10,4,-99.4630811991433
2025-04-16 00:09:20,1,-63.1596393462323
2025-04-16 00:09:30,2,-81.1839022483995
2025-04-16 00:09:40,3,-93.596124651896
2025-04-16 00:09:50,4,-99.5382806072697
2025-04-16 00:10:00,1,-63.7423989748689
2025-04-16 00:10:10,2,-81.6218266269613
2025-04-16 00:10:20,3,-93.8589411613074
2025-04-16 00:10:30,4,-99.6078213983179
2025-04-16 00:10:40,1,-64.3215349340466
2025-04-16 00:10:50,2,-82.0551109147029
2025-04-16 00:11:00,3,-94.1164219164322
2025-04-16 00:11:10,4,-99.6716996189875
2025-04-16 00:11:20,1,-64.8970143006662
2025-04-16 00:11:30,2,-82.4837304799965
2025-04-16 00:11:40,3,-94.368552279837
2025-04-16 00:11:50,4,-99.7299116378879
2025-04-16 00:12:00,1,-65.4688043595021
2025-04-16 00:12:10,2,-82.9076609563974
2025-04-16 00:12:20,3,-94.6153179182501
2025-04-16 00:12:30,4,-99.7824541457442
2025-04-16 00:12:40,1,-66.0368726050596
2025-04-16 00:12:50,2,-83.3268782440298
2025-04-16 00:13:00,3,-94.8567048033779
2025-04-16 00:13:10,4,-99.8293241555856
2025-04-16 00:13:20,1,-66.6011867434252
2025-04-16 00:13:30,2,-83.7413585109556
2025-04-16 00:13:40,3,-95.0926992127011
2025-04-16 00:13:50,4,-99.8705190029152
2025-04-16 00:14:00,1,-67.1617146941006
2025-04-16 00:14:10,2,-84.1510781945308
2025-04-16 00:14:20,3,-95.3232877302558
2025-04-16 00:14:30,4,-99.9060363458617
2025-04-16 00:14:40,1,-67.718424591827
2025-04-16 00:14:50,2,-84.5560140027432
2025-04-16 00:15:00,3,-95.5484572473956
2025-04-16 00:15:10,4,-99.9358741653117
2025-04-16 00:15:20,1,-68.2712847883978
2025-04-16 00:15:30,2,-84.9561429155383
2025-04-16 00:15:40,3,-95.768194963537
2025-04-16 00:15:50,4,-99.9600307650256
2025-04-16 00:16:00,1,-68.8202638544554
2025-04-16 00:16:10,2,-85.3514421861265
2025-04-16 00:16:20,3,-95.9824883868869
2025-04-16 00:16:30,4,-99.9785047717333
2025-04-16 00:16:40,1,-69.3653305812806
2025-04-16 00:16:50,2,-85.7418893422774
2025-04-16 00:17:00,3,-96.1913253351532
2025-04-16 00:17:10,4,-99.9912951352123
2025-04-16 00:17:20,1,-69.9064539825641
2025-04-16 00:17:30,2,-86.1274621875962
2025-04-16 00:17:40,3,-96.3946939362367
2025-04-16 00:17:50,4,-99.9984011283477
2025-04-16 00:18:00,1,-70.4436032961704
2025-04-16 00:18:10,2,-86.5081388027867
2025-04-16 00:18:20,3,-96.5925826289068
2025-04-16 00:18:30,4,-99.9998223471734
2025-04-16 00:18:40,1,-70.9767479858846
2025-04-16 00:18:50,2,-86.883897546896
2025-04-16 00:19:00,3,-96.784980163458
2025-04-16 00:19:10,4,-99.995558710895
2025-04-16 00:19:20,1,-71.5058577431504
2025-04-16 00:19:30,2,-87.2547170585466
2025-04-16 00:19:40,3,-96.9718756023496
2025-04-16 00:19:50,4,-99.9856104618945
2025-04-16 00:20:00,1,-72.0309024887906
2025-04-16 00:20:10,2,-87.6205762571485
2025-04-16 00:20:20,3,-97.1532583208281
2025-04-16 00:20:30,4,-99.9699781657164
2025-04-16 00:20:40,1,-72.5518523747198
2025-04-16 00:20:50,2,-87.9814543441
2025-04-16 00:21:00,3,-97.3291180075302
2025-04-16 00:21:10,4,-99.9486627110357
2025-04-16 00:21:20,1,-73.0686777856387
2025-04-16 00:21:30,2,-88.337330803968
2025-04-16 00:21:40,3,-97.4994446650701
2025-04-16 00:21:50,4,-99.9216653096073
2025-04-16 00:22:00,1,-73.5813493407198
2025-04-16 00:22:10,2,-88.6881854056553
2025-04-16 00:22:20,3,-97.6642286106065
2025-04-16 00:22:30,4,-99.888987496197
2025-04-16 00:22:40,1,-74.0898378952758
2025-04-16 00:22:50,2,-89.0339982035512
2025-04-16 00:23:00,3,-97.8234604763946
2025-04-16 00:23:10,4,-99.8506311284945
2025-04-16 00:23:20,1,-74.5941145424182
2025-04-16 00:23:30,2,-89.3747495386637
2025-04-16 00:23:40,3,-97.9771312103172
2025-04-16 00:23:50,4,-99.8065983870076
2025-04-16 00:24:00,1,-75.0941506146993
2025-04-16 00:24:10,2,-89.7104200397393
2025-04-16 00:24:20,3,-98.1252320764004
2025-04-16 00:24:30,4,-99.7568917749383
2025-04-16 00:24:40,1,-75.589917685742
2025-04-16 00:24:50,2,-90.0409906243621
2025-04-16 00:25:00,3,-98.2677546553095
2025-04-16 00:25:10,4,-99.7015141180405
2025-04-16 00:25:20,1,-76.0813875718571
2025-04-16 00:25:30,2,-90.3664425000402
2025-04-16 00:25:40,3,-98.404690844828
2025-04-16 00:25:50,4,-99.6404685644592
2025-04-16 00:26:00,1,-76.5685323336436
2025-04-16 00:26:10,2,-90.6867571652729
2025-04-16 00:26:20,3,-98.5360328603181
2025-04-16 00:26:30,4,-99.5737585845521
2025-04-16 00:26:40,1,-77.051324277579
2025-04-16 00:26:50,2,-91.0019164106035
2025-04-16 00:27:00,3,-98.6617732351634
2025-04-16 00:27:10,4,-99.5013879706914
2025-04-16 00:27:20,1,-77.5297359575916
2025-04-16 00:27:30,2,-91.3119023196536
2025-04-16 00:27:40,3,-98.7819048211929
2025-04-16 00:27:50,4,-99.4233608370491
2025-04-16 00:28:00,1,-78.0037401766225
2025-04-16 00:28:10,2,-91.6166972701422
2025-04-16 00:28:20,3,-98.896420789088
2025-04-16 00:28:30,4,-99.3396816193625
2025-04-16 00:28:40,1,-78.4733099881707
2025-04-16 00:28:50,2,-91.9162839348871
2025-04-16 00:29:00,3,-99.0053146287702
2025-04-16 00:29:10,4,-99.2503550746823
2025-04-16 00:29:20,1,-78.9384186978255
2025-04-16 00:29:30,2,-92.2106452827904
2025-04-16 00:29:40,3,-99.1085801497716
2025-04-16 00:29:50,4,-99.1553862811023
2025-04-16 00:30:00,1,-79.3990398647835
2025-04-16 00:30:10,2,-92.4997645798061
2025-04-16 00:30:20,3,-99.2062114815865
2025-04-16 00:30:30,4,-99.0547806374702
2025-04-16 00:30:40,1,-79.8551473033525
2025-04-16 00:30:50,2,-92.7836253898921
2025-04-16 00:31:00,3,-99.2982030740051
2025-04-16 00:31:10,4,-98.9485438630814
2025-04-16 00:31:20,1,-80.3067150844392
2025-04-16 00:31:30,2,-93.0622115759436
2025-04-16 00:31:40,3,-99.3845496974297
2025-04-16 00:31:50,4,-98.8366819973532
2025-04-16 00:32:00,1,-80.7537175370242
2025-04-16 00:32:10,2,-93.335507300712
2025-04-16 00:32:20,3,-99.4652464431709
2025-04-16 00:32:30,4,-98.7192013994819
2025-04-16 00:32:40,1,-81.1961292496203
2025-04-16 00:32:50,2,-93.6034970277033
2025-04-16 00:33:00,3,-99.5402887237275
2025-04-16 00:33:10,4,-98.5961087480812
2025-04-16 00:33:20,1,-81.6339250717184
2025-04-16 00:33:30,2,-93.8661655220628
2025-04-16 00:33:40,3,-99.6096722730472
2025-04-16 00:33:50,4,-98.4674110408023
2025-04-16 00:34:00,1,-82.0670801152157
2025-04-16 00:34:10,2,-94.1234978514409
2025-04-16 00:34:20,3,-99.6733931467685
2025-04-16 00:34:30,4,-98.3331155939365
2025-04-16 00:34:40,1,-82.4955697558323
2025-04-16 00:34:50,2,-94.3754793868412
2025-04-16 00:35:00,3,-99.7314477224458
2025-04-16 00:35:10,4,-98.1932300419989
2025-04-16 00:35:20,1,-82.9193696345094
2025-04-16 00:35:30,2,-94.6220958034535
2025-04-16 00:35:40,3,-99.7838326997547
2025-04-16 00:35:50,4,-98.0477623372944
2025-04-16 00:36:00,1,-83.3384556587952
2025-04-16 00:36:10,2,-94.8633330814666
2025-04-16 00:36:20,3,-99.8305451006797
2025-04-16 00:36:30,4,-97.8967207494662
2025-04-16 00:36:40,1,-83.7528040042143
2025-04-16 00:36:50,2,-95.0991775068667
2025-04-16 00:37:00,3,-99.871582269684
2025-04-16 00:37:10,4,-97.7401138650247
2025-04-16 00:37:20,1,-84.1623911156214
2025-04-16 00:37:30,2,-95.3296156722158
2025-04-16 00:37:40,3,-99.9069418738597
2025-04-16 00:37:50,4,-97.5779505868604
2025-04-16 00:38:00,1,-84.567193708542
2025-04-16 00:38:10,2,-95.5546344774151
2025-04-16 00:38:20,3,-99.9366219030611
2025-04-16 00:38:30,4,-97.410240133737
2025-04-16 00:38:40,1,-84.9671887704936
2025-04-16 00:38:50,2,-95.7742211304487
2025-04-16 00:39:00,3,-99.9606206700184
2025-04-16 00:39:10,4,-97.2369920397676
2025-04-16 00:39:20,1,-85.3623535622967
2025-04-16 00:39:30,2,-95.9883631481115
2025-04-16 00:39:40,3,-99.9789368104341
2025-04-16 00:39:50,4,-97.058216153873
2025-04-16 00:40:00,1,-85.7526656193652
2025-04-16 00:40:10,2,-96.1970483567183
2025-04-16 00:40:20,3,-99.9915692830604
2025-04-16 00:40:30,4,-96.8739226392211
2025-04-16 00:40:40,1,-86.138102752985
2025-04-16 00:40:50,2,-96.4002648927964
2025-04-16 00:41:00,3,-99.9985173697581
2025-04-16 00:41:10,4,-96.68412197265
2025-04-16 00:41:20,1,-86.5186430515744
2025-04-16 00:41:30,2,-96.5980012037595
2025-04-16 00:41:40,3,-99.9997806755379
2025-04-16 00:41:50,4,-96.4888249440715
2025-04-16 00:42:00,1,-86.8942648819307
2025-04-16 00:42:10,2,-96.7902460485651
2025-04-16 00:42:20,3,-99.9953591285827
2025-04-16 00:42:30,4,-96.2880426558587
2025-04-16 00:42:40,1,-87.2649468904587
2025-04-16 00:42:50,2,-96.9769884983528
2025-04-16 00:43:00,3,-99.9852529802513
2025-04-16 00:43:10,4,-96.0817865222139
2025-04-16 00:43:20,1,-87.6306680043864
2025-04-16 00:43:30,2,-97.1582179370659
2025-04-16 00:43:40,3,-99.9694628050647
2025-04-16 00:43:50,4,-95.8700682685203
2025-04-16 00:44:00,1,-87.991407432961
2025-04-16 00:44:10,2,-97.3339240620554
2025-04-16 00:44:20,3,-99.947989500673
2025-04-16 00:44:30,4,-95.6528999306751
2025-04-16 00:44:40,1,-88.3471446686326
2025-04-16 00:44:50,2,-97.5040968846646
2025-04-16 00:45:00,3,-99.9208342878047
2025-04-16 00:45:10,4,-95.4302938544059
2025-04-16 00:45:20,1,-88.6978594882187
2025-04-16 00:45:30,2,-97.6687267307983
2025-04-16 00:45:40,3,-99.887998710197
2025-04-16 00:45:50,4,-95.2022626945676
2025-04-16 00:46:00,1,-89.0435319540545
2025-04-16 00:46:10,2,-97.8278042414713
2025-04-16 00:46:20,3,-99.8494846345083
2025-04-16 00:46:30,4,-94.9688194144247
2025-04-16 00:46:40,1,-89.3841424151265
2025-04-16 00:46:50,2,-97.9813203733418
2025-04-16 00:47:00,3,-99.8052942502117
2025-04-16 00:47:10,4,-94.7299772849127
2025-04-16 00:47:20,1,-89.7196715081887
2025-04-16 00:47:30,2,-98.1292663992245
2025-04-16 00:47:40,3,-99.7554300694712
2025-04-16 00:47:50,4,-94.4857498838848
2025-04-16 00:48:00,1,-90.050100158865
2025-04-16 00:48:10,2,-98.2716339085874
2025-04-16 00:48:20,3,-99.6998949269982
2025-04-16 00:48:30,4,-94.2361510953397
2025-04-16 00:48:40,1,-90.3754095827315
2025-04-16 00:48:50,2,-98.4084148080293
2025-04-16 00:49:00,3,-99.6386919798906
2025-04-16 00:49:10,4,-93.9811951086319
2025-04-16 00:49:20,1,-90.6955812863864
2025-04-16 00:49:30,2,-98.5396013217406
2025-04-16 00:49:40,3,-99.5718247074535
2025-04-16 00:49:50,4,-93.7208964176657
2025-04-16 00:50:00,1,-91.0105970684995
2025-04-16 00:50:10,2,-98.6651859919448
2025-04-16 00:50:20,3,-99.4992969110012
2025-04-16 00:50:30,4,-93.4552698200705
2025-04-16 00:50:40,1,-91.3204390208487
2025-04-16 00:50:50,2,-98.7851616793226
2025-04-16 00:51:00,3,-99.4211127136412
2025-04-16 00:51:10,4,-93.1843304163608
2025-04-16 00:51:20,1,-91.6250895293361
2025-04-16 00:51:30,2,-98.899521563418
2025-04-16 00:51:40,3,-99.3372765600396
2025-04-16 00:51:50,4,-92.908093609076
2025-04-16 00:52:00,1,-91.9245312749915
2025-04-16 00:52:10,2,-99.0082591430257
2025-04-16 00:52:20,3,-99.2477932161689
2025-04-16 00:52:30,4,-92.6265751019067
2025-04-16 00:52:40,1,-92.2187472349549
2025-04-16 00:52:50,2,-99.1113682365609
2025-04-16 00:53:00,3,-99.1526677690365
2025-04-16 00:53:10,4,-92.3397908988001
2025-04-16 00:53:20,1,-92.5077206834458
2025-04-16 00:53:30,2,-99.2088429824105
2025-04-16 00:53:40,3,-99.0519056263959
2025-04-16 00:53:50,4,-92.0477573030519
2025-04-16 00:54:00,1,-92.791435192713
2025-04-16 00:54:10,2,-99.3006778392668
2025-04-16 00:54:20,3,-98.9455125164389
2025-04-16 00:54:30,4,-91.7504909163782
2025-04-16 00:54:40,1,-93.0698746339693
2025-04-16 00:54:50,2,-99.3868675864418
2025-04-16 00:55:00,3,-98.8334944874706
2025-04-16 00:55:10,4,-91.4480086379725
2025-04-16 00:55:20,1,-93.3430231783077
2025-04-16 00:55:30,2,-99.4674073241646
2025-04-16 00:55:40,3,-98.7158579075648
2025-04-16 00:55:50,4,-91.1403276635445
2025-04-16 00:56:00,1,-93.6108652976015
2025-04-16 00:56:10,2,-99.5422924738597
2025-04-16 00:56:20,3,-98.5926094642027
2025-04-16 00:56:30,4,-90.8274654843429
2025-04-16 00:56:40,1,-93.8733857653875
2025-04-16 00:56:50,2,-99.6115187784073
2025-04-16 00:57:00,3,-98.4637561638919
2025-04-16 00:57:10,4,-90.5094398861608
2025-04-16 00:57:20,1,-94.1305696577307
2025-04-16 00:57:30,2,-99.6750823023852
2025-04-16 00:57:40,3,-98.329305331769
2025-04-16 00:57:50,4,-90.1862689483247
2025-04-16 00:58:00,1,-94.3824023540738
2025-04-16 00:58:10,2,-99.7329794322929
2025-04-16 00:58:20,3,-98.1892646111825
2025-04-16 00:58:30,4,-89.8579710426671
2025-04-16 00:58:40,1,-94.6288695380672
2025-04-16 00:58:50,2,-99.7852068767565
2025-04-16 00:59:00,3,-98.0436419632587
2025-04-16 00:59:10,4,-89.5245648324811
2025-04-16 00:59:20,1,-94.8699571983839
2025-04-16 00:59:30,2,-99.8317616667162
2025-04-16 00:59:40,3,-97.8924456664487
2025-04-16 00:59:50,4,-89.1860692714605
2025-04-16 01:00:00,1,-95.1056516295153
2025-04-16 01:00:10,2,-99.872641155595
2025-04-16 01:00:20,3,-97.7356843160583
2025-04-16 01:00:30,4,-88.8425036026215
2025-04-16 01:00:40,1,-95.3359394325509
2025-04-16 01:00:50,2,-99.907843019449
2025-04-16 01:01:00,3,-97.5733668237589
2025-04-16 01:01:10,4,-88.4938873572094
2025-04-16 01:01:20,1,-95.5608075159391
2025-04-16 01:01:30,2,-99.9373652570997
2025-04-16 01:01:40,3,-97.4055024170811
2025-04-16 01:01:50,4,-88.1402403535878
2025-04-16 01:02:00,1,-95.780243096233
2025-04-16 01:02:10,2,-99.9612061902477
2025-04-16 01:02:20,3,-97.2321006388902
2025-04-16 01:02:30,4,-87.7815826961122
2025-04-16 01:02:40,1,-95.9942336988152
2025-04-16 01:02:50,2,-99.979364463568
2025-04-16 01:03:00,3,-97.0531713468435
2025-04-16 01:03:10,4,-87.4179347739867
2025-04-16 01:03:20,1,-96.2027671586086
2025-04-16 01:03:30,2,-99.9918390447874
2025-04-16 01:03:40,3,-96.8687247128301
2025-04-16 01:03:50,4,-87.0493172601059
2025-04-16 01:04:00,1,-96.405831620767
2025-04-16 01:04:10,2,-99.9986292247427
2025-04-16 01:04:20,3,-96.6787712223925
2025-04-16 01:04:30,4,-86.6757511098782
2025-04-16 01:04:40,1,-96.6034155413497
2025-04-16 01:04:50,2,-99.9997346174213
2025-04-16 01:05:00,3,-96.4833216741307
2025-04-16 01:05:10,4,-86.297257560036
2025-04-16 01:05:20,1,-96.7955076879769
2025-04-16 01:05:30,2,-99.9951551599831
2025-04-16 01:05:40,3,-96.2823871790878
2025-04-16 01:05:50,4,-85.9138581274272
2025-04-16 01:06:00,1,-96.9820971404691
2025-04-16 01:06:10,2,-99.9848911127641
2025-04-16 01:06:20,3,-96.0759791601193
2025-04-16 01:06:30,4,-85.5255746077929
2025-04-16 01:06:40,1,-97.1631732914674
2025-04-16 01:06:50,2,-99.9689430592616
2025-04-16 01:07:00,3,-95.8641093512426
2025-04-16 01:07:10,4,-85.1324290745275
2025-04-16 01:07:20,1,-97.3387258470367
2025-04-16 01:07:30,2,-99.9473119061009
2025-04-16 01:07:40,3,-95.6467897969709
2025-04-16 01:07:50,4,-84.7344438774251
2025-04-16 01:08:00,1,-97.508744827251
2025-04-16 01:08:10,2,-99.9199988829838
2025-04-16 01:08:20,3,-95.4240328516277
2025-04-16 01:08:30,4,-84.3316416414071
2025-04-16 01:08:40,1,-97.6732205667602
2025-04-16 01:08:50,2,-99.8870055426191
2025-04-16 01:09:00,3,-95.1958511786454
2025-04-16 01:09:10,4,-83.924045265238
2025-04-16 01:09:20,1,-97.8321437153404
2025-04-16 01:09:30,2,-99.8483337606335
2025-04-16 01:09:40,3,-94.9622577498442
2025-04-16 01:09:50,4,-83.5116779202226
2025-04-16 01:10:00,1,-97.9855052384247
2025-04-16 01:10:10,2,-99.8039857354658
2025-04-16 01:10:20,3,-94.7232658446959
2025-04-16 01:10:30,4,-83.094563048888
2025-04-16 01:10:40,1,-98.1332964176174
2025-04-16 01:10:50,2,-99.7539639882413
2025-04-16 01:11:00,3,-94.478889049568
2025-04-16 01:11:10,4,-82.672724363653
2025-04-16 01:11:20,1,-98.275508851189
2025-04-16 01:11:30,2,-99.6982713626291
2025-04-16 01:11:40,3,-94.2291412569519
2025-04-16 01:11:50,4,-82.2461858454777
2025-04-16 01:12:00,1,-98.4121344545545
2025-04-16 01:12:10,2,-99.6369110246798
2025-04-16 01:12:20,3,-93.9740366646731
2025-04-16 01:12:30,4,-81.8149717425023
2025-04-16 01:12:40,1,-98.5431654607325
2025-04-16 01:12:50,2,-99.5698864626459
2025-04-16 01:13:00,3,-93.7135897750836
2025-04-16 01:13:10,4,-81.379106568667
2025-04-16 01:13:20,1,-98.6685944207868
2025-04-16 01:13:30,2,-99.4972014867834
2025-04-16 01:13:40,3,-93.4478153942383
2025-04-16 01:13:50,4,-80.9386151023197
2025-04-16 01:14:00,1,-98.7884142042502
2025-04-16 01:14:10,2,-99.4188602291352
2025-04-16 01:14:20,3,-93.1767286310521
2025-04-16 01:14:30,4,-80.4935223848061
2025-04-16 01:14:40,1,-98.9026179995295
2025-04-16 01:14:50,2,-99.3348671432962
2025-04-16 01:15:00,3,-92.9003448964425
2025-04-16 01:15:10,4,-80.0438537190477
2025-04-16 01:15:20,1,-99.0111993142929
2025-04-16 01:15:30,2,-99.2452270041601
2025-04-16 01:15:40,3,-92.6186799024518
2025-04-16 01:15:50,4,-79.5896346681015
2025-04-16 01:16:00,1,-99.114151975839
2025-04-16 01:16:10,2,-99.149944907648
2025-04-16 01:16:20,3,-92.3317496613557
2025-04-16 01:16:30,4,-79.1308910537088
2025-04-16 01:16:40,1,-99.2114701314478
2025-04-16 01:16:50,2,-99.0490262704187
2025-04-16 01:17:00,3,-92.0395704847512
2025-04-16 01:17:10,4,-78.6676489548251
2025-04-16 01:17:20,1,-99.3031482487132
2025-04-16 01:17:30,2,-98.9424768295606
2025-04-16 01:17:40,3,-91.742158982631
2025-04-16 01:17:50,4,-78.19993470614
2025-04-16 01:18:00,1,-99.389181115858
2025-04-16 01:18:10,2,-98.8303026422658
2025-04-16 01:18:20,3,-91.4395320624377
2025-04-16 01:18:30,4,-77.7277748965774
2025-04-16 01:18:40,1,-99.4695638420296
2025-04-16 01:18:50,2,-98.7125100854857
2025-04-16 01:19:00,3,-91.1317069281043
2025-04-16 01:19:10,4,-77.2511963677863
2025-04-16 01:19:20,1,-99.5442918575783
2025-04-16 01:19:30,2,-98.5891058555683
2025-04-16 01:19:40,3,-90.8187010790742
2025-04-16 01:19:50,4,-76.7702262126139
2025-04-16 01:20:00,1,-99.6133609143172
2025-04-16 01:20:10,2,-98.4600969678777
2025-04-16 01:20:20,3,-90.5005323093085
2025-04-16 01:20:30,4,-76.2848917735647
2025-04-16 01:20:40,1,-99.6767670857636
2025-04-16 01:20:50,2,-98.3254907563954
2025-04-16 01:21:00,3,-90.1772187062725
2025-04-16 01:21:10,4,-75.7952206412479
2025-04-16 01:21:20,1,-99.734506767362
2025-04-16 01:21:30,2,-98.1852948733031
2025-04-16 01:21:40,3,-89.8487786499088
2025-04-16 01:21:50,4,-75.3012406528067
2025-04-16 01:22:00,1,-99.7865766766894
2025-04-16 01:22:10,2,-98.0395172885475
2025-04-16 01:22:20,3,-89.5152308115921
2025-04-16 01:22:30,4,-74.8029798903382
2025-04-16 01:22:40,1,-99.8329738536416
2025-04-16 01:22:50,2,-97.8881662893881
2025-04-16 01:23:00,3,-89.1765941530672
2025-04-16 01:23:10,4,-74.3004666792946
2025-04-16 01:23:20,1,-99.8736956606018
2025-04-16 01:23:30,2,-97.731250479925
2025-04-16 01:23:40,3,-88.8328879253717
2025-04-16 01:23:50,4,-73.7937295868749
2025-04-16 01:24:00,1,-99.9087397825899
2025-04-16 01:24:10,2,-97.5687787806104
2025-04-16 01:24:20,3,-88.4841316677413
2025-04-16 01:24:30,4,-73.2827974203995
2025-04-16 01:24:40,1,-99.9381042273949
2025-04-16 01:24:50,2,-97.4007604277417
2025-04-16 01:25:00,3,-88.1303452064993
2025-04-16 01:25:10,4,-72.7676992256736
2025-04-16 01:25:20,1,-99.9617873256878
2025-04-16 01:25:30,2,-97.2272049729354
2025-04-16 01:25:40,3,-87.7715486539288
2025-04-16 01:25:50,4,-72.2484642853349
2025-04-16 01:26:00,1,-99.9797877311163
2025-04-16 01:26:10,2,-97.0481222825855
2025-04-16 01:26:20,3,-87.4077624071306
2025-04-16 01:26:30,4,-71.7251221171903
2025-04-16 01:26:40,1,-99.9921044203816
2025-04-16 01:26:50,2,-96.8635225373013
2025-04-16 01:27:00,3,-87.039007146862
2025-04-16 01:27:10,4,-71.197702472536
2025-04-16 01:27:20,1,-99.9987366932966
2025-04-16 01:27:30,2,-96.6734162313297
2025-04-16 01:27:40,3,-86.665303836363
2025-04-16 01:27:50,4,-70.6662353344686
2025-04-16 01:28:00,1,-99.9996841728254
2025-04-16 01:28:10,2,-96.4778141719576
2025-04-16 01:28:20,3,-86.2866737201625
2025-04-16 01:28:30,4,-70.1307509161778
2025-04-16 01:28:40,1,-99.9949468051052
2025-04-16 01:28:50,2,-96.2767274788988
2025-04-16 01:29:00,3,-85.9031383228727
2025-04-16 01:29:10,4,-69.5912796592312
2025-04-16 01:29:20,1,-99.9845248594489
2025-04-16 01:29:30,2,-96.0701675836605
2025-04-16 01:29:40,3,-85.5147194479636
2025-04-16 01:29:50,4,-69.047852231843
2025-04-16 01:30:00,1,-99.96841892833
2025-04-16 01:30:10,2,-95.8581462288945
2025-04-16 01:30:20,3,-85.1214391765249
2025-04-16 01:30:30,4,-68.5004995271293
2025-04-16 01:30:40,1,-99.9466299273491
2025-04-16 01:30:50,2,-95.6406754677287
2025-04-16 01:31:00,3,-84.7233198660097
2025-04-16 01:31:10,4,-67.949252661354
2025-04-16 01:31:20,1,-99.9191590951814
2025-04-16 01:31:30,2,-95.4177676630831
2025-04-16 01:31:40,3,-84.3203841489643
2025-04-16 01:31:50,4,-67.394142972158
2025-04-16 01:32:00,1,-99.8860079935069
2025-04-16 01:32:10,2,-95.1894354869656
2025-04-16 01:32:20,3,-83.9126549317411
2025-04-16 01:32:30,4,-66.8352020167793
2025-04-16 01:32:40,1,-99.8471785069208
2025-04-16 01:32:50,2,-94.9556919197529
2025-04-16 01:33:00,3,-83.5001553931963
2025-04-16 01:33:10,4,-66.2724615702572
2025-04-16 01:33:20,1,-99.8026728428271
2025-04-16 01:33:30,2,-94.7165502494515
2025-04-16 01:33:40,3,-83.082908983373
2025-04-16 01:33:50,4,-65.7059536236281
2025-04-16 01:34:00,1,-99.752493531313
2025-04-16 01:34:10,2,-94.472024070943
2025-04-16 01:34:20,3,-82.6609394221666
2025-04-16 01:34:30,4,-65.1357103821047
2025-04-16 01:34:40,1,-99.6966434250046
2025-04-16 01:34:50,2,-94.2221272852114
2025-04-16 01:35:00,3,-82.2342706979785
2025-04-16 01:35:10,4,-64.561764263247
2025-04-16 01:35:20,1,-99.6351256989051
2025-04-16 01:35:30,2,-93.9668740985516
2025-04-16 01:35:40,3,-81.8029270663499
2025-04-16 01:35:50,4,-63.9841478951177
2025-04-16 01:36:00,1,-99.5679438502144
2025-04-16 01:36:10,2,-93.7062790217636
2025-04-16 01:36:20,3,-81.3669330485854
2025-04-16 01:36:30,4,-63.4028941144293
2025-04-16 01:36:40,1,-99.49510169813
2025-04-16 01:36:50,2,-93.440356869326
2025-04-16 01:37:00,3,-80.9263134303567
2025-04-16 01:37:10,4,-62.8180359646752
2025-04-16 01:37:20,1,-99.4166033836301
2025-04-16 01:37:30,2,-93.1691227585549
2025-04-16 01:37:40,3,-80.4810932602957
2025-04-16 01:37:50,4,-62.2296066942533
2025-04-16 01:38:00,1,-99.332453369238
2025-04-16 01:38:10,2,-92.8925921087436
2025-04-16 01:38:20,3,-80.0312978485683
2025-04-16 01:38:30,4,-61.637639754574
2025-04-16 01:38:40,1,-99.2426564387686
2025-04-16 01:38:50,2,-92.6107806402871
2025-04-16 01:39:00,3,-79.5769527654379
2025-04-16 01:39:10,4,-61.0421687981603
2025-04-16 01:39:20,1,-99.1472176970563
2025-04-16 01:39:30,2,-92.3237043737873
2025-04-16 01:39:40,3,-79.1180838398096
2025-04-16 01:39:50,4,-60.4432276767329
2025-04-16 01:40:00,1,-99.0461425696651
2025-04-16 01:40:10,2,-92.0313796291431
2025-04-16 01:40:20,3,-78.6547171577637
2025-04-16 01:40:30,4,-59.8408504392876
2025-04-16 01:40:40,1,-98.9394368025796
2025-04-16 01:40:50,2,-91.7338230246221
2025-04-16 01:41:00,3,-78.186879061071
2025-04-16 01:41:10,4,-59.2350713301584
2025-04-16 01:41:20,1,-98.8271064618789
2025-04-16 01:41:30,2,-91.4310514759162
2025-04-16 01:41:40,3,-77.7145961456972
2025-04-16 01:41:50,4,-58.6259247870707
2025-04-16 01:42:00,1,-98.7091579333913
2025-04-16 01:42:10,2,-91.1230821951798
2025-04-16 01:42:20,3,-77.2378952602889
2025-04-16 01:42:30,4,-58.0134454391849
2025-04-16 01:42:40,1,-98.5855979223319
2025-04-16 01:42:50,2,-90.8099326900516
2025-04-16 01:43:00,3,-76.7568035046491
2025-04-16 01:43:10,4,-57.3976681051257
2025-04-16 01:43:20,1,-98.4564334529205
2025-04-16 01:43:30,2,-90.4916207626584
2025-04-16 01:43:40,3,-76.2713482281958
2025-04-16 01:43:50,4,-56.7786277910052
2025-04-16 01:44:00,1,-98.3216718679833
2025-04-16 01:44:10,2,-90.1681645086047
2025-04-16 01:44:20,3,-75.7815570284068
2025-04-16 01:44:30,4,-56.15635968843
2025-04-16 01:44:40,1,-98.1813208285347
2025-04-16 01:44:50,2,-89.8395823159421
2025-04-16 01:45:00,3,-75.2874577492518
2025-04-16 01:45:10,4,-55.5308991725038
2025-04-16 01:45:20,1,-98.035388313342
2025-04-16 01:45:30,2,-89.5058928641255
2025-04-16 01:45:40,3,-74.7890784796084
2025-04-16 01:45:50,4,-54.902281799813
2025-04-16 01:46:00,1,-97.883882618472
2025-04-16 01:46:10,2,-89.1671151229507
2025-04-16 01:46:20,3,-74.2864475516669
2025-04-16 01:46:30,4,-54.2705433064087
2025-04-16 01:46:40,1,-97.7268123568194
2025-04-16 01:46:50,2,-88.8232683514752
2025-04-16 01:47:00,3,-73.7795935393174
2025-04-16 01:47:10,4,-53.6357196057719
2025-04-16 01:47:20,1,-97.5641864576166
2025-04-16 01:47:30,2,-88.4743720969248
2025-04-16 01:47:40,3,-73.2685452565278
2025-04-16 01:47:50,4,-52.9978467867749
2025-04-16 01:48:00,1,-97.3960141659269
2025-04-16 01:48:10,2,-88.1204461935809
2025-04-16 01:48:20,3,-72.7533317557037
2025-04-16 01:48:30,4,-52.3569611116271
2025-04-16 01:48:40,1,-97.2223050421184
2025-04-16 01:48:50,2,-87.7615107616545
2025-04-16 01:49:00,3,-72.2339823260384
2025-04-16 01:49:10,4,-51.7130990138158
2025-04-16 01:49:20,1,-97.0430689613206
2025-04-16 01:49:30,2,-87.3975862061407
2025-04-16 01:49:40,3,-71.7105264918467
2025-04-16 01:49:50,4,-51.0662970960327
2025-04-16 01:50:00,1,-96.8583161128631
2025-04-16 01:50:10,2,-87.0286932156601
2025-04-16 01:50:20,3,-71.1829940108875
2025-04-16 01:50:30,4,-50.4165921280954
2025-04-16 01:50:40,1,-96.6680569996963
2025-04-16 01:50:50,2,-86.6548527612818
2025-04-16 01:51:00,3,-70.6514148726707
2025-04-16 01:51:10,4,-49.7640210448557
2025-04-16 01:51:20,1,-96.4723024377943
2025-04-16 01:51:30,2,-86.2760860953319
2025-04-16 01:51:40,3,-70.1158192967544
2025-04-16 01:51:50,4,-49.1086209440995
2025-04-16 01:52:00,1,-96.27106355554
2025-04-16 01:52:10,2,-85.8924147501846
2025-04-16 01:52:20,3,-69.5762377310245
2025-04-16 01:52:30,4,-48.4504290844397
2025-04-16 01:52:40,1,-96.0643517930928
2025-04-16 01:52:50,2,-85.5038605370389
2025-04-16 01:53:00,3,-69.032700849966
2025-04-16 01:53:10,4,-47.7894828831957
2025-04-16 01:53:20,1,-95.8521789017376
2025-04-16 01:53:30,2,-85.1104455446778
2025-04-16 01:53:40,3,-68.4852395529182
2025-04-16 01:53:50,4,-47.1258199142687
2025-04-16 01:54:00,1,-95.6345569432173
2025-04-16 01:54:10,2,-84.7121921382137
2025-04-16 01:54:20,3,-67.9338849623173
2025-04-16 01:54:30,4,-46.4594779060032
2025-04-16 01:54:40,1,-95.4114982890468
2025-04-16 01:54:50,2,-84.3091229578155
2025-04-16 01:55:00,3,-67.3786684219291
2025-04-16 01:55:10,4,-45.7904947390449
2025-04-16 01:55:20,1,-95.1830156198102
2025-04-16 01:55:30,2,-83.9012609174229
2025-04-16 01:55:40,3,-66.8196214950651
2025-04-16 01:55:50,4,-45.1189084441843
2025-04-16 01:56:00,1,-94.9491219244389
2025-04-16 01:56:10,2,-83.4886292034434
2025-04-16 01:56:20,3,-66.2567759627898
2025-04-16 01:56:30,4,-44.4447572001978
2025-04-16 01:56:40,1,-94.7098304994745
2025-04-16 01:56:50,2,-83.0712512734333
2025-04-16 01:57:00,3,-65.6901638221127
2025-04-16 01:57:10,4,-43.7680793316742
2025-04-16 01:57:20,1,-94.4651549483117
2025-04-16 01:57:30,2,-82.6491508547658
2025-04-16 01:57:40,3,-65.1198172841707
2025-04-16 01:57:50,4,-43.0889133068387
2025-04-16 01:58:00,1,-94.2151091804259
2025-04-16 01:58:10,2,-82.2223519432801
2025-04-16 01:58:20,3,-64.545768772395
2025-04-16 01:58:30,4,-42.4072977353638
2025-04-16 01:58:40,1,-93.959707410582
2025-04-16 01:58:50,2,-81.7908788019196
2025-04-16 01:59:00,3,-63.9680509206705
2025-04-16 01:59:10,4,-41.7232713661766
2025-04-16 01:59:20,1,-93.6989641580262
2025-04-16 01:59:30,2,-81.3547559593504
2025-04-16 01:59:40,3,-63.3866965714775
2025-04-16 01:59:50,4,-41.0368730852534
2025-04-16 02:00:00,1,-93.4328942456612
2025-04-16 02:00:10,2,-80.9140082085685
2025-04-16 02:00:20,3,-62.8017387740279
2025-04-16 02:00:30,4,-40.3481419134116
2025-04-16 02:00:40,1,-93.1615127992025
2025-04-16 02:00:50,2,-80.468660605489
2025-04-16 02:01:00,3,-62.2132107823832
2025-04-16 02:01:10,4,-39.6571170040903
2025-04-16 02:01:20,1,-92.8848352463199
2025-04-16 02:01:30,2,-80.0187384675234
2025-04-16 02:01:40,3,-61.6211460535672
2025-04-16 02:01:50,4,-38.9638376411234
2025-04-16 02:02:00,1,-92.602877315759
2025-04-16 02:02:10,2,-79.5642673721382
2025-04-16 02:02:20,3,-61.0255782456609
2025-04-16 02:02:30,4,-38.2683432365089
2025-04-16 02:02:40,1,-92.3156550364483
2025-04-16 02:02:50,2,-79.105273155403
2025-04-16 02:03:00,3,-60.4265412158918
2025-04-16 02:03:10,4,-37.5706733281655
2025-04-16 02:03:20,1,-92.023184736587
2025-04-16 02:03:30,2,-78.6417819105199
2025-04-16 02:03:40,3,-59.8240690187077
2025-04-16 02:03:50,4,-36.8708675776877
2025-04-16 02:04:00,1,-91.7254830427177
2025-04-16 02:04:10,2,-78.1738199863419
2025-04-16 02:04:20,3,-59.2181959038405
2025-04-16 02:04:30,4,-36.1689657680884
2025-04-16 02:04:40,1,-91.4225668787801
2025-04-16 02:04:50,2,-77.701413985873
2025-04-16 02:05:00,3,-58.6089563143605
2025-04-16 02:05:10,4,-35.4650078015401
2025-04-16 02:05:20,1,-91.11445346515
2025-04-16 02:05:30,2,-77.2245907647579
2025-04-16 02:05:40,3,-57.9963848847166
2025-04-16 02:05:50,4,-34.7590336971035
2025-04-16 02:06:00,1,-90.8011603176596
2025-04-16 02:06:10,2,-76.7433774297542
2025-04-16 02:06:20,3,-57.3805164387695
2025-04-16 02:06:30,4,-34.0510835884556
2025-04-16 02:06:40,1,-90.482705246602
2025-04-16 02:06:50,2,-76.2578013371908
2025-04-16 02:07:00,3,-56.7613859878095
2025-04-16 02:07:10,4,-33.3411977216051
2025-04-16 02:07:20,1,-90.1591063557186
2025-04-16 02:07:30,2,-75.7678900914146
2025-04-16 02:07:40,3,-56.1390287285688
2025-04-16 02:07:50,4,-32.6294164526072
2025-04-16 02:08:00,1,-89.8303820411704
2025-04-16 02:08:10,2,-75.2736715432189
2025-04-16 02:08:20,3,-55.5134800412181
2025-04-16 02:08:30,4,-31.915780245267
2025-04-16 02:08:40,1,-89.4965509904915
2025-04-16 02:08:50,2,-74.7751737882626
2025-04-16 02:09:00,3,-54.8847754873576
2025-04-16 02:09:10,4,-31.2003296688415
2025-04-16 02:09:20,1,-89.1576321815269
2025-04-16 02:09:30,2,-74.2724251654706
2025-04-16 02:09:40,3,-54.2529508079931
2025-04-16 02:09:50,4,-30.4831053957311
2025-04-16 02:10:00,1,-88.8136448813545
2025-04-16 02:10:10,2,-73.7654542554248
2025-04-16 02:10:20,3,-53.6180419215067
2025-04-16 02:10:30,4,-29.764148199169
2025-04-16 02:10:40,1,-88.4646086451881
2025-04-16 02:10:50,2,-73.2542898787377
2025-04-16 02:11:00,3,-52.980084921612
2025-04-16 02:11:10,4,-29.0434989509033
2025-04-16 02:11:20,1,-88.1105433152677
2025-04-16 02:11:30,2,-72.7389610944155
2025-04-16 02:11:40,3,-52.3391160753051
2025-04-16 02:11:50,4,-28.3211986188715
2025-04-16 02:12:00,1,-87.7514690197296
2025-04-16 02:12:10,2,-72.2194971982045
2025-04-16 02:12:20,3,-51.6951718208004
2025-04-16 02:12:30,4,-27.5972882648745
2025-04-16 02:12:40,1,-87.387406171464
2025-04-16 02:12:50,2,-71.6959277209275
2025-04-16 02:13:00,3,-51.0482887654611
2025-04-16 02:13:10,4,-26.8718090422396
2025-04-16 02:13:20,1,-87.0183754669525
2025-04-16 02:13:30,2,-71.1682824268029
2025-04-16 02:13:40,3,-50.398503683717
2025-04-16 02:13:50,4,-26.1448021934832
2025-04-16 02:14:00,1,-86.6443978850938
2025-04-16 02:14:10,2,-70.636591311755
2025-04-16 02:14:20,3,-49.7458535149737
2025-04-16 02:14:30,4,-25.4163090479641
2025-04-16 02:14:40,1,-86.2654946860087
2025-04-16 02:14:50,2,-70.1008846017065
2025-04-16 02:15:00,3,-49.0903753615141
2025-04-16 02:15:10,4,-24.6863710195362
2025-04-16 02:15:20,1,-85.8816874098339
2025-04-16 02:15:30,2,-69.5611927508623
2025-04-16 02:15:40,3,-48.4321064863871
2025-04-16 02:15:50,4,-23.955029604192
2025-04-16 02:16:00,1,-85.4929978754953
2025-04-16 02:16:10,2,-69.017546439976
2025-04-16 02:16:20,3,-47.7710843112914
2025-04-16 02:16:30,4,-23.2223263777057
2025-04-16 02:16:40,1,-85.0994481794692
2025-04-16 02:16:50,2,-68.4699765746079
2025-04-16 02:17:00,3,-47.1073464144461
2025-04-16 02:17:10,4,-22.4883029932673
2025-04-16 02:17:20,1,-84.7010606945252
2025-04-16 02:17:30,2,-67.918514283367
2025-04-16 02:17:40,3,-46.4409305284566
2025-04-16 02:17:50,4,-21.7530011791176
2025-04-16 02:18:00,1,-84.2978580684549
2025-04-16 02:18:10,2,-67.3631909161407
2025-04-16 02:18:20,3,-45.771874538167
2025-04-16 02:18:30,4,-21.0164627361728
2025-04-16 02:18:40,1,-83.889863222784
2025-04-16 02:18:50,2,-66.8040380423143
2025-04-16 02:19:00,3,-45.1002164785091
2025-04-16 02:19:10,4,-20.2787295356513
2025-04-16 02:19:20,1,-83.4770993514694
2025-04-16 02:19:30,2,-66.2410874489745
2025-04-16 02:19:40,3,-44.4259945323377
2025-04-16 02:19:50,4,-19.5398435166904
2025-04-16 02:20:00,1,-83.0595899195813
2025-04-16 02:20:10,2,-65.6743711391043
2025-04-16 02:20:20,3,-43.7492470282621
2025-04-16 02:20:30,4,-18.7998466839649
2025-04-16 02:20:40,1,-82.6373586619675
2025-04-16 02:20:50,2,-65.1039213297613
2025-04-16 02:21:00,3,-43.0700124384652
2025-04-16 02:21:10,4,-18.0587811052967
2025-04-16 02:21:20,1,-82.2104295819063
2025-04-16 02:21:30,2,-64.5297704502488
2025-04-16 02:21:40,3,-42.3883293765183
2025-04-16 02:21:50,4,-17.3166889092652
2025-04-16 02:22:00,1,-81.77882694974
2025-04-16 02:22:10,2,-63.95195114027
2025-04-16 02:22:20,3,-41.7042365951841
2025-04-16 02:22:30,4,-16.5736122828119
2025-04-16 02:22:40,1,-81.3425753014969
2025-04-16 02:22:50,2,-63.3704962480741
2025-04-16 02:23:00,3,-41.0177729842157
2025-04-16 02:23:10,4,-15.8295934688406
2025-04-16 02:23:20,1,-80.9016994374947
2025-04-16 02:23:30,2,-62.7854388285875
2025-04-16 02:23:40,3,-40.3289775681434
2025-04-16 02:23:50,4,-15.0846747638188
2025-04-16 02:24:00,1,-80.4562244209324
2025-04-16 02:24:10,2,-62.1968121415364
2025-04-16 02:24:20,3,-39.6378895040584
2025-04-16 02:24:30,4,-14.3388985153699
2025-04-16 02:24:40,1,-80.0061755764638
2025-04-16 02:24:50,2,-61.604649649554
2025-04-16 02:25:00,3,-38.9445480793859
2025-04-16 02:25:10,4,-13.5923071198691
2025-04-16 02:25:20,1,-79.5515784887596
2025-04-16 02:25:30,2,-61.0089850162802
2025-04-16 02:25:40,3,-38.2489927096507
2025-04-16 02:25:50,4,-12.8449430200301
2025-04-16 02:26:00,1,-79.0924590010508
2025-04-16 02:26:10,2,-60.409852104446
2025-04-16 02:26:20,3,-37.5512629362387
2025-04-16 02:26:30,4,-12.0968487024953
2025-04-16 02:26:40,1,-78.628843213662
2025-04-16 02:26:50,2,-59.8072849739501
2025-04-16 02:27:00,3,-36.8513984241462
2025-04-16 02:27:10,4,-11.3480666954176
2025-04-16 02:27:20,1,-78.1607574825252
2025-04-16 02:27:30,2,-59.2013178799218
2025-04-16 02:27:40,3,-36.149438959728
2025-04-16 02:27:50,4,-10.5986395660455
2025-04-16 02:28:00,1,-77.6882284176839
2025-04-16 02:28:10,2,-58.5919852707732
2025-04-16 02:28:20,3,-35.4454244484329
2025-04-16 02:28:30,4,-9.8486099183002
2025-04-16 02:28:40,1,-77.2112828817778
2025-04-16 02:28:50,2,-57.9793217862422
2025-04-16 02:29:00,3,-34.7393949125374
2025-04-16 02:29:10,4,-9.09802039035703
2025-04-16 02:29:20,1,-76.7299479885181
2025-04-16 02:29:30,2,-57.3633622554215
2025-04-16 02:29:40,3,-34.0313904888684
2025-04-16 02:29:50,4,-8.34691365221814
2025-04-16 02:30:00,1,-76.2442511011448
2025-04-16 02:30:10,2,-56.7441416947808
2025-04-16 02:30:20,3,-33.3214514265235
2025-04-16 02:30:30,4,-7.59533240328982
2025-04-16 02:30:40,1,-75.7542198308708
2025-04-16 02:30:50,2,-56.1216953061736
2025-04-16 02:31:00,3,-32.6096180845809
2025-04-16 02:31:10,4,-6.84331936995228
2025-04-16 02:31:20,1,-75.2598820353138
2025-04-16 02:31:30,2,-55.4960584748386
2025-04-16 02:31:40,3,-31.8959309298072
2025-04-16 02:31:50,4,-6.09091730313311
2025-04-16 02:32:00,1,-74.7612658169106
2025-04-16 02:32:10,2,-54.8672667673858
2025-04-16 02:32:20,3,-31.1804305343544
2025-04-16 02:32:30,4,-5.33816897587597
2025-04-16 02:32:40,1,-74.2583995213216
2025-04-16 02:32:50,2,-54.2353559297769
2025-04-16 02:33:00,3,-30.4631575734562
2025-04-16 02:33:10,4,-4.58511718090786
2025-04-16 02:33:20,1,-73.7513117358173
2025-04-16 02:33:30,2,-53.6003618852904
2025-04-16 02:33:40,3,-29.7441528231129
2025-04-16 02:33:50,4,-3.83180472820895
2025-04-16 02:34:00,1,-73.2400312876554
2025-04-16 02:34:10,2,-52.9623207324825
2025-04-16 02:34:20,3,-29.0234571577757
2025-04-16 02:34:30,4,-3.07827444257603
2025-04-16 02:34:40,1,-72.7245872424395
2025-04-16 02:34:50,2,-52.3212687431321
2025-04-16 02:35:00,3,-28.3011115480221
2025-04-16 02:35:10,4,-2.32456916119081
2025-04-16 02:35:20,1,-72.2050089024695
2025-04-16 02:35:30,2,-51.6772423601811
2025-04-16 02:35:40,3,-27.5771570582255
2025-04-16 02:35:50,4,-1.57073173118187
2025-04-16 02:36:00,1,-71.6813258050729
2025-04-16 02:36:10,2,-51.0302781956609
2025-04-16 02:36:20,3,-26.8516348442237
2025-04-16 02:36:30,4,-0.816805007191651
2025-04-16 02:36:40,1,-71.1535677209286
2025-04-16 02:36:50,2,-50.3804130286123
2025-04-16 02:37:00,3,-26.1245861509756
2025-04-16 02:37:10,4,-0.0628318489374466
2025-04-16 02:37:20,1,-70.6217646523717
2025-04-16 02:37:30,2,-49.7276838029945
2025-04-16 02:37:40,3,-25.3960523102203
2025-04-16 02:37:50,4,0.691144881222319
2025-04-16 02:38:00,1,-70.0859468316903
2025-04-16 02:38:10,2,-49.0721276255833
2025-04-16 02:38:20,3,-24.6660747381238
2025-04-16 02:38:30,4,1.44508232072758
2025-04-16 02:38:40,1,-69.5461447194047
2025-04-16 02:38:50,2,-48.4137817638645
2025-04-16 02:39:00,3,-23.9346949329278
2025-04-16 02:39:10,4,2.19893760925048
2025-04-16 02:39:20,1,-69.0023890025376
2025-04-16 02:39:30,2,-47.7526836439122
2025-04-16 02:39:40,3,-23.2019544725877
2025-04-16 02:39:50,4,2.95266789113474
2025-04-16 02:40:00,1,-68.4547105928689
2025-04-16 02:40:10,2,-47.0888708482641
2025-04-16 02:40:20,3,-22.4678950124116
2025-04-16 02:40:30,4,3.70623031782912
2025-04-16 02:40:40,1,-67.9031406251773
2025-04-16 02:40:50,2,-46.4223811137822
2025-04-16 02:41:00,3,-21.7325582826896
2025-04-16 02:41:10,4,4.45958205032617
2025-04-16 02:41:20,1,-67.3477104554725
2025-04-16 02:41:30,2,-45.75325232951
2025-04-16 02:41:40,3,-20.9959860863244
2025-04-16 02:41:50,4,5.21268026159502
2025-04-16 02:42:00,1,-66.7884516592105
2025-04-16 02:42:10,2,-45.0815225345164
2025-04-16 02:42:20,3,-20.2582202964517
2025-04-16 02:42:30,4,5.96548213901716
2025-04-16 02:42:40,1,-66.2253960295005
2025-04-16 02:42:50,2,-44.4072299157353
2025-04-16 02:43:00,3,-19.5193028540629
2025-04-16 02:43:10,4,6.71794488682131
2025-04-16 02:43:20,1,-65.6585755752956
2025-04-16 02:43:30,2,-43.7304128057927
2025-04-16 02:43:40,3,-18.7792757656178
2025-04-16 02:43:50,4,7.47002572851386
2025-04-16 02:44:00,1,-65.0880225195749
2025-04-16 02:44:10,2,-43.0511096808295
2025-04-16 02:44:20,3,-18.0381811006593
2025-04-16 02:44:30,4,8.22168190931343
2025-04-16 02:44:40,1,-64.5137692975102
2025-04-16 02:44:50,2,-42.369359158312
2025-04-16 02:45:00,3,-17.2960609894204
2025-04-16 02:45:10,4,8.97287069857865
2025-04-16 02:45:20,1,-63.9358485546235
2025-04-16 02:45:30,2,-41.6851999948392
2025-04-16 02:45:40,3,-16.5529576204284
2025-04-16 02:45:50,4,9.72354939224014
2025-04-16 02:46:00,1,-63.3542931449296
2025-04-16 02:46:10,2,-40.9986710839365
2025-04-16 02:46:20,3,-15.8089132381089
2025-04-16 02:46:30,4,10.4736753152253
2025-04-16 02:46:40,1,-62.7691361290701
2025-04-16 02:46:50,2,-40.3098114538476
2025-04-16 02:47:00,3,-15.0639701403813
2025-04-16 02:47:10,4,11.2232058238874
2025-04-16 02:47:20,1,-62.1804107724321
2025-04-16 02:47:30,2,-39.618660265314
2025-04-16 02:47:40,3,-14.3181706762573
2025-04-16 02:47:50,4,11.9720983084265
2025-04-16 02:48:00,1,-61.588150543259
2025-04-16 02:48:10,2,-38.9252568093487
2025-04-16 02:48:20,3,-13.5715572434304
2025-04-16 02:48:30,4,12.7203101953151
2025-04-16 02:48:40,1,-60.9923891107459
2025-04-16 02:48:50,2,-38.229640505004
2025-04-16 02:49:00,3,-12.8241722858685
2025-04-16 02:49:10,4,13.4677989497152
2025-04-16 02:49:20,1,-60.3931603431275
2025-04-16 02:49:30,2,-37.5318508971285
2025-04-16 02:49:40,3,-12.0760582913984
2025-04-16 02:49:50,4,14.2145220778996
2025-04-16 02:50:00,1,-59.7904983057519
2025-04-16 02:50:10,2,-36.8319276541215
2025-04-16 02:50:20,3,-11.3272577892929
2025-04-16 02:50:30,4,14.9604371296642
2025-04-16 02:50:40,1,-59.1844372591428
2025-04-16 02:50:50,2,-36.1299105656752
2025-04-16 02:51:00,3,-10.5778133478505
2025-04-16 02:51:10,4,15.7055017007445
2025-04-16 02:51:20,1,-58.5750116570544
2025-04-16 02:51:30,2,-35.4258395405155
2025-04-16 02:51:40,3,-9.82776757197816
2025-04-16 02:51:50,4,16.4496734352232
2025-04-16 02:52:00,1,-57.9622561445102
2025-04-16 02:52:10,2,-34.7197546041303
2025-04-16 02:52:20,3,-9.07716310076647
2025-04-16 02:52:30,4,17.192910027941
2025-04-16 02:52:40,1,-57.3462055558356
2025-04-16 02:52:50,2,-34.0116958964973
2025-04-16 02:53:00,3,-8.32604260506857
2025-04-16 02:53:10,4,17.9351692268993
2025-04-16 02:53:20,1,-56.7268949126755
2025-04-16 02:53:30,2,-33.3017036697989
2025-04-16 02:53:40,3,-7.57444878507144
2025-04-16 02:53:50,4,18.6764088356626
2025-04-16 02:54:00,1,-56.1043594220059
2025-04-16 02:54:10,2,-32.5898182861367
2025-04-16 02:54:20,3,-6.82242436787133
2025-04-16 02:54:30,4,19.4165867157592
2025-04-16 02:54:40,1,-55.4786344741296
2025-04-16 02:54:50,2,-31.8760802152346
2025-04-16 02:55:00,3,-6.07001210504194
2025-04-16 02:55:10,4,20.1556607890735
2025-04-16 02:55:20,1,-54.8497556406671
2025-04-16 02:55:30,2,-31.1605300321405
2025-04-16 02:55:40,3,-5.31725477020655
2025-04-16 02:55:50,4,20.8935890402414
2025-04-16 02:56:00,1,-54.2177586725317
2025-04-16 02:56:10,2,-30.443208414917
2025-04-16 02:56:20,3,-4.56419515660531
2025-04-16 02:56:30,4,21.6303295190359
2025-04-16 02:56:40,1,-53.5826794978998
2025-04-16 02:56:50,2,-29.7241561423319
2025-04-16 02:57:00,3,-3.81087607466144
2025-04-16 02:57:10,4,22.3658403427545
2025-04-16 02:57:20,1,-52.9445542201657
2025-04-16 02:57:30,2,-29.0034140915369
2025-04-16 02:57:40,3,-3.05734034955002
2025-04-16 02:57:50,4,23.1000796985977
2025-04-16 02:58:00,1,-52.3034191158919
2025-04-16 02:58:10,2,-28.2810232357464
2025-04-16 02:58:20,3,-2.30363081876055
2025-04-16 02:58:30,4,23.8330058460485
2025-04-16 02:58:40,1,-51.6593106327444
2025-04-16 02:58:50,2,-27.5570246419071
2025-04-16 02:59:00,3,-1.54979032966461
2025-04-16 02:59:10,4,24.5645771192426
2025-04-16 02:59:20,1,-51.0122653874226
2025-04-16 02:59:30,2,-26.8314594683626
2025-04-16 02:59:40,3,-0.795861737077142
2025-04-16 02:59:50,4,25.2947519293401
2025-04-16 03:00:00,1,-50.3623201635761
2025-04-16 03:00:10,2,-26.1043689625155
2025-04-16 03:00:20,3,-0.0418879008230665
2025-04-16 03:00:30,4,26.0234887668865
2025-04-16 03:00:40,1,-49.7095119097149
2025-04-16 03:00:50,2,-25.3757944584803
2025-04-16 03:01:00,3,0.712088316702062
2025-04-16 03:01:10,4,26.7507462041757
2025-04-16 03:01:20,1,-49.0538777371087
2025-04-16 03:01:30,2,-24.6457773747362
2025-04-16 03:01:40,3,1.4660240529659
2025-04-16 03:01:50,4,27.4764828976019
2025-04-16 03:02:00,1,-48.3954549176759
2025-04-16 03:02:10,2,-23.9143592117697
2025-04-16 03:02:20,3,2.21987644773884
2025-04-16 03:02:30,4,28.200657590013
2025-04-16 03:02:40,1,-47.7342808818666
2025-04-16 03:02:50,2,-23.1815815497181
2025-04-16 03:03:00,3,2.97360264552768
2025-04-16 03:03:10,4,28.9232291130537
2025-04-16 03:03:20,1,-47.0703932165331
2025-04-16 03:03:30,2,-22.447486046003
2025-04-16 03:03:40,3,3.72715979801479
2025-04-16 03:03:50,4,29.6441563895065
2025-04-16 03:04:00,1,-46.4038296627949
2025-04-16 03:04:10,2,-21.712114432965
2025-04-16 03:04:20,3,4.48050506649112
2025-04-16 03:04:30,4,30.3633984356283
2025-04-16 03:04:40,1,-45.7346281138908
2025-04-16 03:04:50,2,-20.9755085154883
2025-04-16 03:05:00,3,5.23359562429434
2025-04-16 03:05:10,4,31.0809143634774
2025-04-16 03:05:20,1,-45.0628266130274
2025-04-16 03:05:30,2,-20.2377101686272
2025-04-16 03:05:40,3,5.98638865924103
2025-04-16 03:05:50,4,31.7966633832413
2025-04-16 03:06:00,1,-44.3884633512139
2025-04-16 03:06:10,2,-19.4987613352223
2025-04-16 03:06:20,3,6.73884137606153
2025-04-16 03:06:30,4,32.5106048055524
2025-04-16 03:06:40,1,-43.7115766650934
2025-04-16 03:06:50,2,-18.7587040235195
2025-04-16 03:07:00,3,7.49091099883388
2025-04-16 03:07:10,4,33.2226980438038
2025-04-16 03:07:20,1,-43.0322050347608
2025-04-16 03:07:30,2,-18.0175803047788
2025-04-16 03:07:40,3,8.24255477341309
2025-04-16 03:07:50,4,33.9329026164541
2025-04-16 03:08:00,1,-42.3503870815783
2025-04-16 03:08:10,2,-17.2754323108848
2025-04-16 03:08:20,3,8.99372996986447
2025-04-16 03:08:30,4,34.6411781493314
2025-04-16 03:08:40,1,-41.6661615659768
2025-04-16 03:08:50,2,-16.532302231951
2025-04-16 03:09:00,3,9.74439388488995
2025-04-16 03:09:10,4,35.3474843779257
2025-04-16 03:09:20,1,-40.9795673852551
2025-04-16 03:09:30,2,-15.7882323139199
2025-04-16 03:09:40,3,10.4945038442585
2025-04-16 03:09:50,4,36.0517811496807
2025-04-16 03:10:00,1,-40.2906435713662
2025-04-16 03:10:10,2,-15.0432648561641
2025-04-16 03:10:20,3,11.2440172052295
2025-04-16 03:10:30,4,36.7540284262735
2025-04-16 03:10:40,1,-39.5994292887008
2025-04-16 03:10:50,2,-14.2974422090787
2025-04-16 03:11:00,3,11.9928913589792
2025-04-16 03:11:10,4,37.4541862858938
2025-04-16 03:11:20,1,-38.9059638318593
2025-04-16 03:11:30,2,-13.5508067716766
2025-04-16 03:11:40,3,12.7410837330208
2025-04-16 03:11:50,4,38.1522149255104
2025-04-16 03:12:00,1,-38.2102866234176
2025-04-16 03:12:10,2,-12.8034009891751
2025-04-16 03:12:20,3,13.488551793627
2025-04-16 03:12:30,4,38.8480746631367
2025-04-16 03:12:40,1,-37.5124372116878
2025-04-16 03:12:50,2,-12.0552673505863
2025-04-16 03:13:00,3,14.2352530482456
2025-04-16 03:13:10,4,39.5417259400843
2025-04-16 03:13:20,1,-36.8124552684677
2025-04-16 03:13:30,2,-11.3064483862984
2025-04-16 03:13:40,3,14.9811450479174
2025-04-16 03:13:50,4,40.2331293232127
2025-04-16 03:14:00,1,-36.1103805867878
2025-04-16 03:14:10,2,-10.5569866656608
2025-04-16 03:14:20,3,15.7261853896869
2025-04-16 03:14:30,4,40.9222455071724
2025-04-16 03:14:40,1,-35.4062530786468
2025-04-16 03:14:50,2,-9.80692479456128
2025-04-16 03:15:00,3,16.4703317190157
2025-04-16 03:15:10,4,41.6090353166364
2025-04-16 03:15:20,1,-34.700112772745
2025-04-16 03:15:30,2,-9.05630541300699
2025-04-16 03:15:40,3,17.2135417321877
2025-04-16 03:15:50,4,42.2934597085305
2025-04-16 03:16:00,1,-33.9919998122064
2025-04-16 03:16:10,2,-8.3051711926972
2025-04-16 03:16:20,3,17.9557731787152
2025-04-16 03:16:30,4,42.9754797742501
2025-04-16 03:16:40,1,-33.2819544522987
2025-04-16 03:16:50,2,-7.55356483460055
2025-04-16 03:17:00,3,18.6969838637416
2025-04-16 03:17:10,4,43.6550567418742
2025-04-16 03:17:20,1,-32.5700170581431
2025-04-16 03:17:30,2,-6.80152906652464
2025-04-16 03:17:40,3,19.4371316504379
2025-04-16 03:17:50,4,44.3321519783679
2025-04-16 03:18:00,1,-31.8562281024214
2025-04-16 03:18:10,2,-6.04910664068954
2025-04-16 03:18:20,3,20.1761744624008
2025-04-16 03:18:30,4,45.00672699178
2025-04-16 03:18:40,1,-31.1406281630728
2025-04-16 03:18:50,2,-5.29634033129625
2025-04-16 03:19:00,3,20.9140702860419
2025-04-16 03:19:10,4,45.6787434334299
2025-04-16 03:19:20,1,-30.4232579209899
2025-04-16 03:19:30,2,-4.54327293209406
2025-04-16 03:19:40,3,21.6507771729791
2025-04-16 03:19:50,4,46.3481631000894
2025-04-16 03:20:00,1,-29.7041581577035
2025-04-16 03:20:10,2,-3.78994725395021
2025-04-16 03:20:20,3,22.3862532424182
2025-04-16 03:20:30,4,47.014947936152
2025-04-16 03:20:40,1,-28.9833697530659
2025-04-16 03:20:50,2,-3.03640612241334
2025-04-16 03:21:00,3,23.1204566835367
2025-04-16 03:21:10,4,47.6790600357993
2025-04-16 03:21:20,1,-28.2609336829268
2025-04-16 03:21:30,2,-2.28269237528174
2025-04-16 03:21:40,3,23.8533457578579
2025-04-16 03:21:50,4,48.340461645153
2025-04-16 03:22:00,1,-27.5368910168023
2025-04-16 03:22:10,2,-1.52884886016524
2025-04-16 03:22:20,3,24.5848788016267
2025-04-16 03:22:30,4,48.9991151644238
2025-04-16 03:22:40,1,-26.8112829155426
2025-04-16 03:22:50,2,-0.774918432052231
2025-04-16 03:23:00,3,25.3150142281749
2025-04-16 03:23:10,4,49.6549831500466
2025-04-16 03:23:20,1,-26.0841506289896
2025-04-16 03:23:30,2,-0.020943950870567
2025-04-16 03:23:40,3,26.0437105302882
2025-04-16 03:23:50,4,50.3080283168102
2025-04-16 03:24:00,1,-25.3555354936341
2025-04-16 03:24:10,2,0.733031720946117
2025-04-16 03:24:20,3,26.7709262825637
2025-04-16 03:24:30,4,50.9582135399779
2025-04-16 03:24:40,1,-24.6254789302639
2025-04-16 03:24:50,2,1.48696572089792
2025-04-16 03:25:00,3,27.4966201437666
2025-04-16 03:25:10,4,51.6055018573954
2025-04-16 03:25:20,1,-23.8940224416111
2025-04-16 03:25:30,2,2.24081518885252
2025-04-16 03:25:40,3,28.2207508591785
2025-04-16 03:25:50,4,52.2498564715951
2025-04-16 03:26:00,1,-23.1612076099905
2025-04-16 03:26:10,2,2.99453726948452
2025-04-16 03:26:20,3,28.943277262945
2025-04-16 03:26:30,4,52.8912407518851
2025-04-16 03:26:40,1,-22.4270760949382
2025-04-16 03:26:50,2,3.74808911470894
2025-04-16 03:27:00,3,29.6641582804136
2025-04-16 03:27:10,4,53.5296182364342
2025-04-16 03:27:20,1,-21.6916696308405
2025-04-16 03:27:30,2,4.50142788611983
2025-04-16 03:27:40,3,30.3833529304699
2025-04-16 03:27:50,4,54.1649526343424
2025-04-16 03:28:00,1,-20.9550300245642
2025-04-16 03:28:10,2,5.25451075742282
2025-04-16 03:28:20,3,31.1008203278682
2025-04-16 03:28:30,4,54.7972078277062
2025-04-16 03:28:40,1,-20.2171991530773
2025-04-16 03:28:50,2,6.0072949168725
2025-04-16 03:29:00,3,31.8165196855534
2025-04-16 03:29:10,4,55.4263478736694
2025-04-16 03:29:20,1,-19.478218961071
2025-04-16 03:29:30,2,6.75973756970379
2025-04-16 03:29:40,3,32.5304103169824
2025-04-16 03:29:50,4,56.0523370064691
2025-04-16 03:30:00,1,-18.7381314585724
2025-04-16 03:30:10,2,7.51179594056578
2025-04-16 03:30:20,3,33.2424516384344
2025-04-16 03:30:30,4,56.6751396394664
2025-04-16 03:30:40,1,-17.9969787185591
2025-04-16 03:30:50,2,8.26342727595455
2025-04-16 03:31:00,3,33.9526031713208
2025-04-16 03:31:10,4,57.2947203671715
2025-04-16 03:31:20,1,-17.2548028745646
2025-04-16 03:31:30,2,9.01458884664114
2025-04-16 03:31:40,3,34.6608245444835
2025-04-16 03:31:50,4,57.9110439672549
2025-04-16 03:32:00,1,-16.5116461182856
2025-04-16 03:32:10,2,9.76523795010352
2025-04-16 03:32:20,3,35.3670754964928
2025-04-16 03:32:30,4,58.5240754025511
2025-04-16 03:32:40,1,-15.7675506971823
2025-04-16 03:32:50,2,10.5153319129513
2025-04-16 03:33:00,3,36.0713158779333
2025-04-16 03:33:10,4,59.1337798230488
2025-04-16 03:33:20,1,-15.0225589120756
2025-04-16 03:33:30,2,11.2648280933545
2025-04-16 03:33:40,3,36.7735056536895
2025-04-16 03:33:50,4,59.7401225678743
2025-04-16 03:34:00,1,-14.2767131147449
2025-04-16 03:34:10,2,12.0136838834648
2025-04-16 03:34:20,3,37.4736049052184
2025-04-16 03:34:30,4,60.3430691672593
2025-04-16 03:34:40,1,-13.5300557055179
2025-04-16 03:34:50,2,12.7618567118407
2025-04-16 03:35:00,3,38.1715738328218
2025-04-16 03:35:10,4,60.9425853445023
2025-04-16 03:35:20,1,-12.7826291308624
2025-04-16 03:35:30,2,13.5093040458648
2025-04-16 03:35:40,3,38.8673727579065
2025-04-16 03:35:50,4,61.5386370179173
2025-04-16 03:36:00,1,-12.034475880971
2025-04-16 03:36:10,2,14.2559833941643
2025-04-16 03:36:20,3,39.5609621252422
2025-04-16 03:36:30,4,62.1311903027696
2025-04-16 03:36:40,1,-11.2856384873482
2025-04-16 03:36:50,2,15.001852309024
2025-04-16 03:37:00,3,40.2523025052078
2025-04-16 03:37:10,4,62.7202115132041
2025-04-16 03:37:20,1,-10.5361595203898
2025-04-16 03:37:30,2,15.7468683888023
2025-04-16 03:37:40,3,40.9413545960345
2025-04-16 03:37:50,4,63.3056671641585
2025-04-16 03:38:00,1,-9.78608158696526
2025-04-16 03:38:10,2,16.4909892803386
2025-04-16 03:38:20,3,41.6280792260402
2025-04-16 03:38:30,4,63.8875239732688
2025-04-16 03:38:40,1,-9.0354473279935
2025-04-16 03:38:50,2,17.234172681364
2025-04-16 03:39:00,3,42.3124373558548
2025-04-16 03:39:10,4,64.4657488627591
2025-04-16 03:39:20,1,-8.28429941602096
2025-04-16 03:39:30,2,17.9763763429035
2025-04-16 03:39:40,3,42.9943900806418
2025-04-16 03:39:50,4,65.0403089613245
2025-04-16 03:40:00,1,-7.53268055279323
2025-04-16 03:40:10,2,18.7175580716791
2025-04-16 03:40:20,3,43.6738986323074
2025-04-16 03:40:30,4,65.6111716059973
2025-04-16 03:40:40,1,-6.78063346683022
2025-04-16 03:40:50,2,19.4576757325093
2025-04-16 03:41:00,3,44.350924381707
2025-04-16 03:41:10,4,66.1783043440062
2025-04-16 03:41:20,1,-6.02820091099433
2025-04-16 03:41:30,2,20.1966872507021
2025-04-16 03:41:40,3,45.0254288408386
2025-04-16 03:41:50,4,66.7416749346189
2025-04-16 03:42:00,1,-5.27542566006246
2025-04-16 03:42:10,2,20.9345506144494
2025-04-16 03:42:20,3,45.6973736650338
2025-04-16 03:42:30,4,67.3012513509774
2025-04-16 03:42:40,1,-4.52235050829327
2025-04-16 03:42:50,2,21.671223877213
2025-04-16 03:43:00,3,46.3667206551342
2025-04-16 03:43:10,4,67.8570017819161
2025-04-16 03:43:20,1,-3.76901826699329
2025-04-16 03:43:30,2,22.4066651601116
2025-04-16 03:43:40,3,47.0334317596665
2025-04-16 03:43:50,4,68.4088946337727
2025-04-16 03:44:00,1,-3.0154717620857
2025-04-16 03:44:10,2,23.140832654299
2025-04-16 03:44:20,3,47.6974690770024
2025-04-16 03:44:30,4,68.9568985321822
2025-04-16 03:44:40,1,-2.26175383167284
2025-04-16 03:44:50,2,23.8736846233433
2025-04-16 03:45:00,3,48.3587948575161
2025-04-16 03:45:10,4,69.5009823238615
2025-04-16 03:45:20,1,-1.50790732360376
2025-04-16 03:45:30,2,24.6051794055974
2025-04-16 03:45:40,3,49.0173715057279
2025-04-16 03:45:50,4,70.0411150783808
2025-04-16 03:46:00,1,-0.753975093035594
2025-04-16 03:46:10,2,25.3352754165695
2025-04-16 03:46:20,3,49.6731615824437
2025-04-16 03:46:30,4,70.5772660899207
2025-04-16 03:46:40,1,-7.34788079488412e-14
2025-04-16 03:46:50,2,26.063931151285
2025-04-16 03:47:00,3,50.3261278068812
2025-04-16 03:47:10,4,71.1094048790194
2025-04-16 03:47:20,1,0.753975093035802
2025-04-16 03:47:30,2,26.7911051866481
2025-04-16 03:47:40,3,50.9762330587904
2025-04-16 03:47:50,4,71.6375011943036
2025-04-16 03:48:00,1,1.50790732360362
2025-04-16 03:48:10,2,27.5167561837945
2025-04-16 03:48:20,3,51.6234403805648
2025-04-16 03:48:30,4,72.1615250142099
2025-04-16 03:48:40,1,2.26175383167305
2025-04-16 03:48:50,2,28.2408428904439
2025-04-16 03:49:00,3,52.2677129793399
2025-04-16 03:49:10,4,72.6814465486903
2025-04-16 03:49:20,1,3.01547176208556
2025-04-16 03:49:30,2,28.9633241432427
2025-04-16 03:49:40,3,52.9090142290876
2025-04-16 03:49:50,4,73.1972362409067
2025-04-16 03:50:00,1,3.7690182669935
2025-04-16 03:50:10,2,29.6841588701051
2025-04-16 03:50:20,3,53.5473076726955
2025-04-16 03:50:30,4,73.70886476891
2025-04-16 03:50:40,1,4.52235050829312
2025-04-16 03:50:50,2,30.4033060925493
2025-04-16 03:51:00,3,54.1825570240425
2025-04-16 03:51:10,4,74.2163030473084
2025-04-16 03:51:20,1,5.27542566006267
2025-04-16 03:51:30,2,31.1207249280245
2025-04-16 03:51:40,3,54.8147261700586
2025-04-16 03:51:50,4,74.7195222289194
2025-04-16 03:52:00,1,6.02820091099454
2025-04-16 03:52:10,2,31.8363745922375
2025-04-16 03:52:20,3,55.4437791727807
2025-04-16 03:52:30,4,75.2184937064112
2025-04-16 03:52:40,1,6.78063346683008
2025-04-16 03:52:50,2,32.5502144014689
2025-04-16 03:53:00,3,56.0696802713928
2025-04-16 03:53:10,4,75.7131891139276
2025-04-16 03:53:20,1,7.53268055279344
2025-04-16 03:53:30,2,33.2622037748886
2025-04-16 03:53:40,3,56.6923938842617
2025-04-16 03:53:50,4,76.2035803287019
2025-04-16 03:54:00,1,8.28429941602082
2025-04-16 03:54:10,2,33.9723022368596
2025-04-16 03:54:20,3,57.3118846109575
2025-04-16 03:54:30,4,76.6896394726543
2025-04-16 03:54:40,1,9.0354473279937
2025-04-16 03:54:50,2,34.6804694192423
2025-04-16 03:55:00,3,57.9281172342679
2025-04-16 03:55:10,4,77.1713389139775
2025-04-16 03:55:20,1,9.78608158696511
2025-04-16 03:55:30,2,35.3866650636863
2025-04-16 03:55:40,3,58.5410567221983
2025-04-16 03:55:50,4,77.648651268708
2025-04-16 03:56:00,1,10.53615952039
2025-04-16 03:56:10,2,36.0908490239217
2025-04-16 03:56:20,3,59.1506682299658
2025-04-16 03:56:30,4,78.1215494022814
2025-04-16 03:56:40,1,11.2856384873481
2025-04-16 03:56:50,2,36.7929812680391
2025-04-16 03:57:00,3,59.7569171019774
2025-04-16 03:57:10,4,78.5900064310767
2025-04-16 03:57:20,1,12.0344758809712
2025-04-16 03:57:30,2,37.4930218807673
2025-04-16 03:57:40,3,60.3597688738018
2025-04-16 03:57:50,4,79.0539957239427
2025-04-16 03:58:00,1,12.7826291308623
2025-04-16 03:58:10,2,38.1909310657406
2025-04-16 03:58:20,3,60.9591892741289
2025-04-16 03:58:30,4,79.5134909037142
2025-04-16 03:58:40,1,13.5300557055181
2025-04-16 03:58:50,2,38.8866691477633
2025-04-16 03:59:00,3,61.5551442267164
2025-04-16 03:59:10,4,79.9684658487091
2025-04-16 03:59:20,1,14.2767131147448
2025-04-16 03:59:30,2,39.5801965750628
2025-04-16 03:59:40,3,62.1475998523291
2025-04-16 03:59:50,4,80.4188946942154
2025-04-16 04:00:00,1,15.0225589120758
2025-04-16 04:00:10,2,40.2714739215394
2025-04-16 04:00:20,3,62.7365224706628
2025-04-16 04:00:30,4,80.8647518339601
2025-04-16 04:00:40,1,15.7675506971821
2025-04-16 04:00:50,2,40.9604618890085
2025-04-16 04:01:00,3,63.321878602261
2025-04-16 04:01:10,4,81.3060119215662
2025-04-16 04:01:20,1,16.5116461182858
2025-04-16 04:01:30,2,41.6471213094322
2025-04-16 04:01:40,3,63.9036349704161
2025-04-16 04:01:50,4,81.742649871992
2025-04-16 04:02:00,1,17.2548028745645
2025-04-16 04:02:10,2,42.3314131471486
2025-04-16 04:02:20,3,64.4817585030633
2025-04-16 04:02:30,4,82.1746408629591
2025-04-16 04:02:40,1,17.996978718559
2025-04-16 04:02:50,2,43.0132985010886
2025-04-16 04:03:00,3,65.0562163346586
2025-04-16 04:03:10,4,82.6019603363616
2025-04-16 04:03:20,1,18.7381314585726
2025-04-16 04:03:30,2,43.6927386069896
2025-04-16 04:03:40,3,65.6269758080491
2025-04-16 04:03:50,4,83.0245839996637
2025-04-16 04:04:00,1,19.4782189610709
2025-04-16 04:04:10,2,44.3696948395968
2025-04-16 04:04:20,3,66.1940044763275
2025-04-16 04:04:30,4,83.4424878272796
2025-04-16 04:04:40,1,20.2171991530775
2025-04-16 04:04:50,2,45.0441287148616
2025-04-16 04:05:00,3,66.7572701046791
2025-04-16 04:05:10,4,83.8556480619404
2025-04-16 04:05:20,1,20.955030024564
2025-04-16 04:05:30,2,45.7160018921265
2025-04-16 04:05:40,3,67.3167406722113
2025-04-16 04:05:50,4,84.2640412160434
2025-04-16 04:06:00,1,21.6916696308407
2025-04-16 04:06:10,2,46.3852761763077
2025-04-16 04:06:20,3,67.8723843737774
2025-04-16 04:06:30,4,84.6676440729881
2025-04-16 04:06:40,1,22.4270760949381
2025-04-16 04:06:50,2,47.0519135200638
2025-04-16 04:07:00,3,68.4241696217811
2025-04-16 04:07:10,4,85.0664336884965
2025-04-16 04:07:20,1,23.1612076099907
2025-04-16 04:07:30,2,47.715876025961
2025-04-16 04:07:40,3,68.9720650479756
2025-04-16 04:07:50,4,85.4603873919162
2025-04-16 04:08:00,1,23.894022441611
2025-04-16 04:08:10,2,48.3771259486252
2025-04-16 04:08:20,3,69.5160395052441
2025-04-16 04:08:30,4,85.8494827875105
2025-04-16 04:08:40,1,24.6254789302641
2025-04-16 04:08:50,2,49.0356256968902
2025-04-16 04:09:00,3,70.0560620693717
2025-04-16 04:09:10,4,86.2336977557304
2025-04-16 04:09:20,1,25.355535493634
2025-04-16 04:09:30,2,49.6913378359324
2025-04-16 04:09:40,3,70.5921020408041
2025-04-16 04:09:50,4,86.6130104544731
2025-04-16 04:10:00,1,26.0841506289898
2025-04-16 04:10:10,2,50.3442250894011
2025-04-16 04:10:20,3,71.1241289463909
2025-04-16 04:10:30,4,86.9873993203227
2025-04-16 04:10:40,1,26.8112829155425
2025-04-16 04:10:50,2,50.9942503415358
2025-04-16 04:11:00,3,71.6521125411203
2025-04-16 04:11:10,4,87.3568430697771
2025-04-16 04:11:20,1,27.5368910168025
2025-04-16 04:11:30,2,51.6413766392768
2025-04-16 04:11:40,3,72.1760228098361
2025-04-16 04:11:50,4,87.7213207004569
2025-04-16 04:12:00,1,28.2609336829267
2025-04-16 04:12:10,2,52.285567194367
2025-04-16 04:12:20,3,72.6958299689463
2025-04-16 04:12:30,4,88.0808114923004
2025-04-16 04:12:40,1,28.9833697530661
2025-04-16 04:12:50,2,52.926785385441
2025-04-16 04:13:00,3,73.2115044681139
2025-04-16 04:13:10,4,88.4352950087403
2025-04-16 04:13:20,1,29.7041581577037
2025-04-16 04:13:30,2,53.5649947601097
2025-04-16 04:13:40,3,73.7230169919394
2025-04-16 04:13:50,4,88.7847510978669
2025-04-16 04:14:00,1,30.4232579209898
2025-04-16 04:14:10,2,54.2001590370297
2025-04-16 04:14:20,3,74.2303384616247
2025-04-16 04:14:30,4,89.1291598935723
2025-04-16 04:14:40,1,31.140628163073
2025-04-16 04:14:50,2,54.8322421079688
2025-04-16 04:15:00,3,74.7334400366288
2025-04-16 04:15:10,4,89.4685018166809
2025-04-16 04:15:20,1,31.8562281024212
2025-04-16 04:15:30,2,55.4612080398556
2025-04-16 04:15:40,3,75.2322931163046
2025-04-16 04:15:50,4,89.8027575760617
2025-04-16 04:16:00,1,32.5700170581433
2025-04-16 04:16:10,2,56.0870210768256
2025-04-16 04:16:20,3,75.7268693415276
2025-04-16 04:16:30,4,90.1319081697252
2025-04-16 04:16:40,1,33.2819544522986
2025-04-16 04:16:50,2,56.7096456422504
2025-04-16 04:17:00,3,76.2171405963055
2025-04-16 04:17:10,4,90.4559348859041
2025-04-16 04:17:20,1,33.9919998122065
2025-04-16 04:17:30,2,57.3290463407634
2025-04-16 04:17:40,3,76.7030790093788
2025-04-16 04:17:50,4,90.7748193041162
2025-04-16 04:18:00,1,34.7001127727449
2025-04-16 04:18:10,2,57.9451879602693
2025-04-16 04:18:20,3,77.1846569558036
2025-04-16 04:18:30,4,91.0885432962123
2025-04-16 04:18:40,1,35.406253078647
2025-04-16 04:18:50,2,58.558035473948
2025-04-16 04:19:00,3,77.6618470585225
2025-04-16 04:19:10,4,91.3970890274061
2025-04-16 04:19:20,1,36.1103805867877
2025-04-16 04:19:30,2,59.167554042244
2025-04-16 04:19:40,3,78.1346221899218
2025-04-16 04:19:50,4,91.7004389572891
2025-04-16 04:20:00,1,36.8124552684679
2025-04-16 04:20:10,2,59.7737090148489
2025-04-16 04:20:20,3,78.6029554733723
2025-04-16 04:20:30,4,91.9985758408262
2025-04-16 04:20:40,1,37.5124372116877
2025-04-16 04:20:50,2,60.3764659326691
2025-04-16 04:21:00,3,79.0668202847584
2025-04-16 04:21:10,4,92.2914827293378
2025-04-16 04:21:20,1,38.2102866234178
2025-04-16 04:21:30,2,60.9757905297862
2025-04-16 04:21:40,3,79.5261902539905
2025-04-16 04:21:50,4,92.5791429714619
2025-04-16 04:22:00,1,38.9059638318592
2025-04-16 04:22:10,2,61.5716487354053
2025-04-16 04:22:20,3,79.9810392665054
2025-04-16 04:22:30,4,92.8615402141018
2025-04-16 04:22:40,1,39.599429288701
2025-04-16 04:22:50,2,62.1640066757899
2025-04-16 04:23:00,3,80.4313414647496
2025-04-16 04:23:10,4,93.1386584033545
2025-04-16 04:23:20,1,40.2906435713664
2025-04-16 04:23:30,2,62.7528306761903
2025-04-16 04:23:40,3,80.8770712496504
2025-04-16 04:23:50,4,93.4104817854249
2025-04-16 04:24:00,1,40.9795673852549
2025-04-16 04:24:10,2,63.3380872627551
2025-04-16 04:24:20,3,81.31820328207
2025-04-16 04:24:30,4,93.6769949075198
2025-04-16 04:24:40,1,41.6661615659769
2025-04-16 04:24:50,2,63.9197431644369
2025-04-16 04:25:00,3,81.7547124842473
2025-04-16 04:25:10,4,93.9381826187277
2025-04-16 04:25:20,1,42.3503870815782
2025-04-16 04:25:30,2,64.4977653148811
2025-04-16 04:25:40,3,82.1865740412223
2025-04-16 04:25:50,4,94.1940300708792
2025-04-16 04:26:00,1,43.032205034761
2025-04-16 04:26:10,2,65.0721208543083
2025-04-16 04:26:20,3,82.6137634022479
2025-04-16 04:26:30,4,94.4445227193913
2025-04-16 04:26:40,1,43.7115766650932
2025-04-16 04:26:50,2,65.6427771313796
2025-04-16 04:27:00,3,83.0362562821845
2025-04-16 04:27:10,4,94.689646324095
2025-04-16 04:27:20,1,44.3884633512141
2025-04-16 04:27:30,2,66.2097017050555
2025-04-16 04:27:40,3,83.4540286628816
2025-04-16 04:27:50,4,94.9293869500435
2025-04-16 04:28:00,1,45.0628266130273
2025-04-16 04:28:10,2,66.7728623464376
2025-04-16 04:28:20,3,83.8670567945425
2025-04-16 04:28:30,4,95.1637309683055
2025-04-16 04:28:40,1,45.7346281138909
2025-04-16 04:28:50,2,67.3322270406031
2025-04-16 04:29:00,3,84.2753171970743
2025-04-16 04:29:10,4,95.3926650567394
2025-04-16 04:29:20,1,46.4038296627948
2025-04-16 04:29:30,2,67.8877639884227
2025-04-16 04:29:40,3,84.6787866614239
2025-04-16 04:29:50,4,95.6161762007509
2025-04-16 04:30:00,1,47.0703932165333
2025-04-16 04:30:10,2,68.4394416083701
2025-04-16 04:30:20,3,85.0774422508957
2025-04-16 04:30:30,4,95.8342516940327
2025-04-16 04:30:40,1,47.7342808818665
2025-04-16 04:30:50,2,68.9872285383162
2025-04-16 04:31:00,3,85.4712613024573
2025-04-16 04:31:10,4,96.046879139287
2025-04-16 04:31:20,1,48.395454917676
2025-04-16 04:31:30,2,69.531093637312
2025-04-16 04:31:40,3,85.8602214280259
2025-04-16 04:31:50,4,96.2540464489301
2025-04-16 04:32:00,1,49.0538777371086
2025-04-16 04:32:10,2,70.0710059873603
2025-04-16 04:32:20,3,86.2443005157432
2025-04-16 04:32:30,4,96.4557418457799
2025-04-16 04:32:40,1,49.7095119097151
2025-04-16 04:32:50,2,70.6069348951713
2025-04-16 04:33:00,3,86.6234767312304
2025-04-16 04:33:10,4,96.6519538637246
2025-04-16 04:33:20,1,50.3623201635763
2025-04-16 04:33:30,2,71.1388498939095
2025-04-16 04:33:40,3,86.997728518831
2025-04-16 04:33:50,4,96.8426713483759
2025-04-16 04:34:00,1,51.0122653874225
2025-04-16 04:34:10,2,71.6667207449238
2025-04-16 04:34:20,3,87.3670346028352
2025-04-16 04:34:30,4,97.0278834577015
2025-04-16 04:34:40,1,51.6593106327445
2025-04-16 04:34:50,2,72.1905174394682
2025-04-16 04:35:00,3,87.7313739886902
2025-04-16 04:35:10,4,97.2075796626429
2025-04-16 04:35:20,1,52.3034191158918
2025-04-16 04:35:30,2,72.7102102004063
2025-04-16 04:35:40,3,88.0907259641926
2025-04-16 04:35:50,4,97.381749747713
2025-04-16 04:36:00,1,52.9445542201658
2025-04-16 04:36:10,2,73.2257694839057
2025-04-16 04:36:20,3,88.4450701006674
2025-04-16 04:36:30,4,97.5503838115771
2025-04-16 04:36:40,1,53.5826794978996
2025-04-16 04:36:50,2,73.7371659811154
2025-04-16 04:37:00,3,88.7943862541277
2025-04-16 04:37:10,4,97.7134722676162
2025-04-16 04:37:20,1,54.2177586725319
2025-04-16 04:37:30,2,74.2443706198346
2025-04-16 04:37:40,3,89.1386545664215
2025-04-16 04:37:50,4,97.8710058444712
2025-04-16 04:38:00,1,54.849755640667
2025-04-16 04:38:10,2,74.7473545661627
2025-04-16 04:38:20,3,89.4778554663589
2025-04-16 04:38:30,4,98.0229755865708
2025-04-16 04:38:40,1,55.4786344741298
2025-04-16 04:38:50,2,75.2460892261408
2025-04-16 04:39:00,3,89.8119696708263
2025-04-16 04:39:10,4,98.1693728546399
2025-04-16 04:39:20,1,56.1043594220058
2025-04-16 04:39:30,2,75.7405462473753
2025-04-16 04:39:40,3,90.1409781858813
2025-04-16 04:39:50,4,98.3101893261912
2025-04-16 04:40:00,1,56.7268949126757
2025-04-16 04:40:10,2,76.2306975206516
2025-04-16 04:40:20,3,90.4648623078333
2025-04-16 04:40:30,4,98.4454169959981
2025-04-16 04:40:40,1,57.3462055558355
2025-04-16 04:40:50,2,76.71651518153
2025-04-16 04:41:00,3,90.7836036243068
2025-04-16 04:41:10,4,98.5750481765498
2025-04-16 04:41:20,1,57.9622561445104
2025-04-16 04:41:30,2,77.1979716119317
2025-04-16 04:41:40,3,91.0971840152873
2025-04-16 04:41:50,4,98.6990754984885
2025-04-16 04:42:00,1,58.5750116570543
2025-04-16 04:42:10,2,77.6750394417076
2025-04-16 04:42:20,3,91.4055856541526
2025-04-16 04:42:30,4,98.8174919110281
2025-04-16 04:42:40,1,59.184437259143
2025-04-16 04:42:50,2,78.1476915501943
2025-04-16 04:43:00,3,91.7087910086849
2025-04-16 04:43:10,4,98.9302906823551
2025-04-16 04:43:20,1,59.7904983057518
2025-04-16 04:43:30,2,78.615901067757
2025-04-16 04:43:40,3,92.0067828420688
2025-04-16 04:43:50,4,99.0374654000115
2025-04-16 04:44:00,1,60.3931603431277
2025-04-16 04:44:10,2,79.0796413773153
2025-04-16 04:44:20,3,92.29954421387
2025-04-16 04:44:30,4,99.139009971259
2025-04-16 04:44:40,1,60.9923891107461
2025-04-16 04:44:50,2,79.5388861158582
2025-04-16 04:45:00,3,92.5870584809995
2025-04-16 04:45:10,4,99.2349186234257
2025-04-16 04:45:20,1,61.5881505432588
2025-04-16 04:45:30,2,79.9936091759409
2025-04-16 04:45:40,3,92.8693092986583
2025-04-16 04:45:50,4,99.3251859042339
2025-04-16 04:46:00,1,62.1804107724322
2025-04-16 04:46:10,2,80.4437847071708
2025-04-16 04:46:20,3,93.1462806212683
2025-04-16 04:46:30,4,99.4098066821105
2025-04-16 04:46:40,1,62.76913612907
2025-04-16 04:46:50,2,80.8893871176754
2025-04-16 04:47:00,3,93.4179567033829
2025-04-16 04:47:10,4,99.4887761464782
2025-04-16 04:47:20,1,63.3542931449298
2025-04-16 04:47:30,2,81.3303910755586
2025-04-16 04:47:40,3,93.6843221005832
2025-04-16 04:47:50,4,99.5620898080294
2025-04-16 04:48:00,1,63.9358485546234
2025-04-16 04:48:10,2,81.7667715103397
2025-04-16 04:48:20,3,93.9453616703553
2025-04-16 04:48:30,4,99.6297434989813
2025-04-16 04:48:40,1,64.5137692975104
2025-04-16 04:48:50,2,82.1985036143793
2025-04-16 04:49:00,3,94.2010605729516
2025-04-16 04:49:10,4,99.6917333733128
2025-04-16 04:49:20,1,65.0880225195748
2025-04-16 04:49:30,2,82.6255628442891
2025-04-16 04:49:40,3,94.4514042722342
2025-04-16 04:49:50,4,99.7480559069831
2025-04-16 04:50:00,1,65.6585755752957
2025-04-16 04:50:10,2,83.0479249223278
2025-04-16 04:50:20,3,94.6963785365011
2025-04-16 04:50:30,4,99.7987078981321
2025-04-16 04:50:40,1,66.2253960295004
2025-04-16 04:50:50,2,83.4655658377803
2025-04-16 04:51:00,3,94.9359694392957
2025-04-16 04:51:10,4,99.8436864672622
2025-04-16 04:51:20,1,66.7884516592107
2025-04-16 04:51:30,2,83.8784618483238
2025-04-16 04:51:40,3,95.1701633601981
2025-04-16 04:51:50,4,99.8829890574027
2025-04-16 04:52:00,1,67.3477104554724
2025-04-16 04:52:10,2,84.2865894813765
2025-04-16 04:52:20,3,95.3989469855997
2025-04-16 04:52:30,4,99.916613434254
2025-04-16 04:52:40,1,67.9031406251774
2025-04-16 04:52:50,2,84.6899255354325
2025-04-16 04:53:00,3,95.6223073094596
2025-04-16 04:53:10,4,99.9445576863158
2025-04-16 04:53:20,1,68.4547105928688
2025-04-16 04:53:30,2,85.0884470813811
2025-04-16 04:53:40,3,95.8402316340447
2025-04-16 04:53:50,4,99.966820224995
2025-04-16 04:54:00,1,69.0023890025378
2025-04-16 04:54:10,2,85.4821314638093
2025-04-16 04:54:20,3,96.0527075706506
2025-04-16 04:54:30,4,99.9833997846963
2025-04-16 04:54:40,1,69.5461447194048
2025-04-16 04:54:50,2,85.8709563022909
2025-04-16 04:55:00,3,96.259723040307
2025-04-16 04:55:10,4,99.994295422894
2025-04-16 04:55:20,1,70.0859468316902
2025-04-16 04:55:30,2,86.2548994926576
2025-04-16 04:55:40,3,96.4612662744632
2025-04-16 04:55:50,4,99.9995065201858
2025-04-16 04:56:00,1,70.6217646523718
2025-04-16 04:56:10,2,86.6339392082571
2025-04-16 04:56:20,3,96.6573258156584
2025-04-16 04:56:30,4,99.9990327803279
2025-04-16 04:56:40,1,71.1535677209285
2025-04-16 04:56:50,2,87.008053901192
2025-04-16 04:57:00,3,96.8478905181716
2025-04-16 04:57:10,4,99.9928742302517
2025-04-16 04:57:20,1,71.6813258050731
2025-04-16 04:57:30,2,87.3772223035466
2025-04-16 04:57:40,3,97.0329495486566
2025-04-16 04:57:50,4,99.9810312200625
2025-04-16 04:58:00,1,72.2050089024694
2025-04-16 04:58:10,2,87.7414234285947
2025-04-16 04:58:20,3,97.2124923867568
2025-04-16 04:58:30,4,99.9635044230194
2025-04-16 04:58:40,1,72.7245872424397
2025-04-16 04:58:50,2,88.1006365719934
2025-04-16 04:59:00,3,97.386508825704
2025-04-16 04:59:10,4,99.9402948354973
2025-04-16 04:59:20,1,73.2400312876553
2025-04-16 04:59:30,2,88.4548413129595
2025-04-16 04:59:40,3,97.5549889728982
2025-04-16 04:59:50,4,99.9114037769299
2025-04-16 05:00:00,1,73.7513117358175
2025-04-16 05:00:10,2,88.8040175154313
2025-04-16 05:00:20,3,97.7179232504699
2025-04-16 05:00:30,4,99.8768328897349
2025-04-16 05:00:40,1,74.2583995213215
2025-04-16 05:00:50,2,89.1481453292119
2025-04-16 05:01:00,3,97.8753023958254
2025-04-16 05:01:10,4,99.8365841392207
2025-04-16 05:01:20,1,74.7612658169107
2025-04-16 05:01:30,2,89.4872051910993
2025-04-16 05:01:40,3,98.0271174621722
2025-04-16 05:01:50,4,99.7906598134745
2025-04-16 05:02:00,1,75.2598820353137
2025-04-16 05:02:10,2,89.8211778259974
2025-04-16 05:02:20,3,98.1733598190285
2025-04-16 05:02:30,4,99.7390625232323
2025-04-16 05:02:40,1,75.754219830871
2025-04-16 05:02:50,2,90.1500442480118
2025-04-16 05:03:00,3,98.3140211527134
2025-04-16 05:03:10,4,99.6817952017306
2025-04-16 05:03:20,1,76.2442511011447
2025-04-16 05:03:30,2,90.47378576153
2025-04-16 05:03:40,3,98.4490934668197
2025-04-16 05:03:50,4,99.6188611045392
2025-04-16 05:04:00,1,76.7299479885182
2025-04-16 05:04:10,2,90.792383962283
2025-04-16 05:04:20,3,98.5785690826684
2025-04-16 05:04:30,4,99.5502638093769
2025-04-16 05:04:40,1,77.2112828817779
2025-04-16 05:04:50,2,91.105820738393
2025-04-16 05:05:00,3,98.7024406397454
2025-04-16 05:05:10,4,99.4760072159074
2025-04-16 05:05:20,1,77.6882284176838
2025-04-16 05:05:30,2,91.4140782714015
2025-04-16 05:05:40,3,98.8207010961195
2025-04-16 05:05:50,4,99.396095545518
2025-04-16 05:06:00,1,78.1607574825254
2025-04-16 05:06:10,2,91.7171390372834
2025-04-16 05:06:20,3,98.9333437288432
2025-04-16 05:06:30,4,99.3105333410793
2025-04-16 05:06:40,1,78.6288432136619
2025-04-16 05:06:50,2,92.0149858074424
2025-04-16 05:07:00,3,99.0403621343347
2025-04-16 05:07:10,4,99.2193254666873
2025-04-16 05:07:20,1,79.0924590010509
2025-04-16 05:07:30,2,92.3076016496915
2025-04-16 05:07:40,3,99.1417502287419
2025-04-16 05:07:50,4,99.1224771073869
2025-04-16 05:08:00,1,79.5515784887595
2025-04-16 05:08:10,2,92.5949699292142
2025-04-16 05:08:20,3,99.2375022482883
2025-04-16 05:08:30,4,99.0199937688766
2025-04-16 05:08:40,1,80.006175576464
2025-04-16 05:08:50,2,92.8770743095114
2025-04-16 05:09:00,3,99.3276127496007
2025-04-16 05:09:10,4,98.9118812771962
2025-04-16 05:09:20,1,80.4562244209323
2025-04-16 05:09:30,2,93.1538987533291
2025-04-16 05:09:40,3,99.4120766100184
2025-04-16 05:09:50,4,98.7981457783949
2025-04-16 05:10:00,1,80.9016994374948
2025-04-16 05:10:10,2,93.4254275235711
2025-04-16 05:10:20,3,99.490889027885
2025-04-16 05:10:30,4,98.6787937381827
2025-04-16 05:10:40,1,81.3425753014968
2025-04-16 05:10:50,2,93.6916451841925
2025-04-16 05:11:00,3,99.5640455228206
2025-04-16 05:11:10,4,98.5538319415621
2025-04-16 05:11:20,1,81.7788269497401
2025-04-16 05:11:30,2,93.9525366010784
2025-04-16 05:11:40,3,99.6315419359772
2025-04-16 05:11:50,4,98.4232674924429
2025-04-16 05:12:00,1,82.2104295819062
2025-04-16 05:12:10,2,94.2080869429034
2025-04-16 05:12:20,3,99.6933744302747
2025-04-16 05:12:30,4,98.2871078132379
2025-04-16 05:12:40,1,82.6373586619676
2025-04-16 05:12:50,2,94.4582816819749
2025-04-16 05:13:00,3,99.7495394906191
2025-04-16 05:13:10,4,98.1453606444414
2025-04-16 05:13:20,1,83.0595899195812
2025-04-16 05:13:30,2,94.7031065950594
2025-04-16 05:13:40,3,99.8000339241024
2025-04-16 05:13:50,4,97.9980340441888
2025-04-16 05:14:00,1,83.4770993514696
2025-04-16 05:14:10,2,94.9425477641904
2025-04-16 05:14:20,3,99.8448548601842
2025-04-16 05:14:30,4,97.8451363877989
2025-04-16 05:14:40,1,83.8898632227839
2025-04-16 05:14:50,2,95.1765915774605
2025-04-16 05:15:00,3,99.8839997508546
2025-04-16 05:15:10,4,97.6866763672972
2025-04-16 05:15:20,1,84.2978580684549
2025-04-16 05:15:30,2,95.405224729794
2025-04-16 05:15:40,3,99.9174663707794
2025-04-16 05:15:50,4,97.5226629909223
2025-04-16 05:16:00,1,84.7010606945253
2025-04-16 05:16:10,2,95.6284342237048
2025-04-16 05:16:20,3,99.9452528174264
2025-04-16 05:16:30,4,97.3531055826136
2025-04-16 05:16:40,1,85.0994481794692
2025-04-16 05:16:50,2,95.8462073700337
2025-04-16 05:17:00,3,99.9673575111734
2025-04-16 05:17:10,4,97.1780137814813
2025-04-16 05:17:20,1,85.4929978754954
2025-04-16 05:17:30,2,96.0585317886711
2025-04-16 05:17:40,3,99.9837791953986
2025-04-16 05:17:50,4,96.997397541258
2025-04-16 05:18:00,1,85.8816874098339
2025-04-16 05:18:10,2,96.2653954092599
2025-04-16 05:18:20,3,99.9945169365512
2025-04-16 05:18:30,4,96.8112671297337
2025-04-16 05:18:40,1,86.2654946860088
2025-04-16 05:18:50,2,96.4667864718822
2025-04-16 05:19:00,3,99.9995701242052
2025-04-16 05:19:10,4,96.6196331281715
2025-04-16 05:19:20,1,86.6443978850937
2025-04-16 05:19:30,2,96.6626935277275
2025-04-16 05:19:40,3,99.9989384710936
2025-04-16 05:19:50,4,96.4225064307057
2025-04-16 05:20:00,1,87.0183754669526
2025-04-16 05:20:10,2,96.8531054397437
2025-04-16 05:20:20,3,99.9926220131251
2025-04-16 05:20:30,4,96.2198982437238
2025-04-16 05:20:40,1,87.3874061714639
2025-04-16 05:20:50,2,97.0380113832704
2025-04-16 05:21:00,3,99.9806211093818
2025-04-16 05:21:10,4,96.0118200852277
2025-04-16 05:21:20,1,87.7514690197297
2025-04-16 05:21:30,2,97.2174008466539
2025-04-16 05:21:40,3,99.9629364420989
2025-04-16 05:21:50,4,95.7982837841805
2025-04-16 05:22:00,1,88.1105433152676
2025-04-16 05:22:10,2,97.3912636318449
2025-04-16 05:22:20,3,99.9395690166259
2025-04-16 05:22:30,4,95.579301479833
2025-04-16 05:22:40,1,88.4646086451882
2025-04-16 05:22:50,2,97.5595898549786
2025-04-16 05:23:00,3,99.9105201613694
2025-04-16 05:23:10,4,95.354885621034
2025-04-16 05:23:20,1,88.8136448813544
2025-04-16 05:23:30,2,97.7223699469361
2025-04-16 05:23:40,3,99.8757915277177
2025-04-16 05:23:50,4,95.1250489655225
2025-04-16 05:24:00,1,89.157632181527
2025-04-16 05:24:10,2,97.8795946538884
2025-04-16 05:24:20,3,99.8353850899468
2025-04-16 05:24:30,4,94.8898045792027
2025-04-16 05:24:40,1,89.4965509904914
2025-04-16 05:24:50,2,98.0312550378231
2025-04-16 05:25:00,3,99.7893031451082
2025-04-16 05:25:10,4,94.6491658354008
2025-04-16 05:25:20,1,89.8303820411705
2025-04-16 05:25:30,2,98.1773424770516
2025-04-16 05:25:40,3,99.7375483128985
2025-04-16 05:25:50,4,94.403146414105
2025-04-16 05:26:00,1,90.1591063557187
2025-04-16 05:26:10,2,98.3178486667001
2025-04-16 05:26:20,3,99.6801235355099
2025-04-16 05:26:30,4,94.1517603011877
2025-04-16 05:26:40,1,90.482705246602
2025-04-16 05:26:50,2,98.4527656191809
2025-04-16 05:27:00,3,99.6170320774638
2025-04-16 05:27:10,4,93.8950217876107
2025-04-16 05:27:20,1,90.8011603176596
2025-04-16 05:27:30,2,98.5820856646473
2025-04-16 05:27:40,3,99.5482775254244
2025-04-16 05:27:50,4,93.6329454686123
2025-04-16 05:28:00,1,91.11445346515
2025-04-16 05:28:10,2,98.7058014514289
2025-04-16 05:28:20,3,99.4738637879954
2025-04-16 05:28:30,4,93.365546242878
2025-04-16 05:28:40,1,91.4225668787802
2025-04-16 05:28:50,2,98.82390594645
2025-04-16 05:29:00,3,99.3937950954973
2025-04-16 05:29:10,4,93.0928393116935
2025-04-16 05:29:20,1,91.7254830427176
2025-04-16 05:29:30,2,98.9363924356293
2025-04-16 05:29:40,3,99.3080759997276
2025-04-16 05:29:50,4,92.81484017808
2025-04-16 05:30:00,1,92.0231847365871
2025-04-16 05:30:10,2,99.0432545242616
2025-04-16 05:30:20,3,99.2167113737012
2025-04-16 05:30:30,4,92.5315646459137
2025-04-16 05:30:40,1,92.3156550364482
2025-04-16 05:30:50,2,99.1444861373811
2025-04-16 05:31:00,3,99.1197064113739
2025-04-16 05:31:10,4,92.2430288190266
2025-04-16 05:31:20,1,92.602877315759
2025-04-16 05:31:30,2,99.240081520107
2025-04-16 05:31:40,3,99.0170666273471
2025-04-16 05:31:50,4,91.9492491002917
2025-04-16 05:32:00,1,92.8848352463199
2025-04-16 05:32:10,2,99.3300352379708
2025-04-16 05:32:20,3,98.9087978565542
2025-04-16 05:32:30,4,91.6502421906897
2025-04-16 05:32:40,1,93.1615127992026
2025-04-16 05:32:50,2,99.4143421772248
2025-04-16 05:33:00,3,98.7949062539288
2025-04-16 05:33:10,4,91.3460250883608
2025-04-16 05:33:20,1,93.4328942456612
2025-04-16 05:33:30,2,99.4929975451332
2025-04-16 05:33:40,3,98.675398294055
2025-04-16 05:33:50,4,91.0366150876367
2025-04-16 05:34:00,1,93.6989641580263
2025-04-16 05:34:10,2,99.5659968702442
2025-04-16 05:34:20,3,98.5502807707993
2025-04-16 05:34:30,4,90.7220297780593
2025-04-16 05:34:40,1,93.959707410582
2025-04-16 05:34:50,2,99.6333360026448
2025-04-16 05:35:00,3,98.4195607969242
2025-04-16 05:35:10,4,90.4022870433791
2025-04-16 05:35:20,1,94.2151091804259
2025-04-16 05:35:30,2,99.6950111141959
2025-04-16 05:35:40,3,98.283245803684
2025-04-16 05:35:50,4,90.0774050605398
2025-04-16 05:36:00,1,94.4651549483117
2025-04-16 05:36:10,2,99.7510186987507
2025-04-16 05:36:20,3,98.1413435404023
2025-04-16 05:36:30,4,89.747402298644
2025-04-16 05:36:40,1,94.7098304994744
2025-04-16 05:36:50,2,99.8013555723534
2025-04-16 05:37:00,3,97.9938620740315
2025-04-16 05:37:10,4,89.412297517904
2025-04-16 05:37:20,1,94.949121924439
2025-04-16 05:37:30,2,99.8460188734207
2025-04-16 05:37:40,3,97.8408097886942
2025-04-16 05:37:50,4,89.0721097685747
2025-04-16 05:38:00,1,95.1830156198101
2025-04-16 05:38:10,2,99.885006062904
2025-04-16 05:38:20,3,97.6821953852065
2025-04-16 05:38:30,4,88.7268583898713
2025-04-16 05:38:40,1,95.4114982890469
2025-04-16 05:38:50,2,99.9183149244343
2025-04-16 05:39:00,3,97.5180278805834
2025-04-16 05:39:10,4,88.3765630088693
2025-04-16 05:39:20,1,95.6345569432172
2025-04-16 05:39:30,2,99.9459435644475
2025-04-16 05:39:40,3,97.3483166075263
2025-04-16 05:39:50,4,88.0212435393887
2025-04-16 05:40:00,1,95.8521789017376
2025-04-16 05:40:10,2,99.9678904122929
2025-04-16 05:40:20,3,97.1730712138922
2025-04-16 05:40:30,4,87.6609201808627
2025-04-16 05:40:40,1,96.0643517930928
2025-04-16 05:40:50,2,99.9841542203216
2025-04-16 05:41:00,3,96.9923016621455
2025-04-16 05:41:10,4,87.2956134171881
2025-04-16 05:41:20,1,96.2710635555401
2025-04-16 05:41:30,2,99.9947340639581
2025-04-16 05:41:40,3,96.8060182287918
2025-04-16 05:41:50,4,86.9253440155625
2025-04-16 05:42:00,1,96.4723024377943
2025-04-16 05:42:10,2,99.9996293417526
2025-04-16 05:42:20,3,96.6142315037929
2025-04-16 05:42:30,4,86.5501330253018
2025-04-16 05:42:40,1,96.6680569996963
2025-04-16 05:42:50,2,99.9988397754151
2025-04-16 05:43:00,3,96.4169523899657
2025-04-16 05:43:10,4,86.1700017766454
2025-04-16 05:43:20,1,96.8583161128631
2025-04-16 05:43:30,2,99.9923654098313
2025-04-16 05:43:40,3,96.2141921023619
2025-04-16 05:43:50,4,85.7849718795421
2025-04-16 05:44:00,1,97.0430689613206
2025-04-16 05:44:10,2,99.9802066130603
2025-04-16 05:44:20,3,96.0059621676306
2025-04-16 05:44:30,4,85.3950652224228
2025-04-16 05:44:40,1,97.2223050421184
2025-04-16 05:44:50,2,99.9623640763133
2025-04-16 05:45:00,3,95.7922744233627
2025-04-16 05:45:10,4,85.000303970955
2025-04-16 05:45:20,1,97.3960141659269
2025-04-16 05:45:30,2,99.9388388139144
2025-04-16 05:45:40,3,95.5731410174187
2025-04-16 05:45:50,4,84.6007105667842
2025-04-16 05:46:00,1,97.5641864576166
2025-04-16 05:46:10,2,99.909632163243
2025-04-16 05:46:20,3,95.3485744072371
2025-04-16 05:46:30,4,84.1963077262564
2025-04-16 05:46:40,1,97.7268123568194
2025-04-16 05:46:50,2,99.874745784658
2025-04-16 05:47:00,3,95.1185873591271
2025-04-16 05:47:10,4,83.7871184391283
2025-04-16 05:47:20,1,97.8838826184721
2025-04-16 05:47:30,2,99.8341816614028
2025-04-16 05:47:40,3,94.8831929475423
2025-04-16 05:47:50,4,83.3731659672588
2025-04-16 05:48:00,1,98.035388313342
2025-04-16 05:48:10,2,99.7879420994933
2025-04-16 05:48:20,3,94.6424045543378
2025-04-16 05:48:30,4,82.9544738432884
2025-04-16 05:48:40,1,98.1813208285347
2025-04-16 05:48:50,2,99.7360297275861
2025-04-16 05:49:00,3,94.396235868009
2025-04-16 05:49:10,4,82.5310658692999
2025-04-16 05:49:20,1,98.3216718679833
2025-04-16 05:49:30,2,99.6784474968297
2025-04-16 05:49:40,3,94.1447008829142
2025-04-16 05:49:50,4,82.1029661154656
2025-04-16 05:50:00,1,98.4564334529205
2025-04-16 05:50:10,2,99.6151986806963
2025-04-16 05:50:20,3,93.8878138984778
2025-04-16 05:50:30,4,81.6701989186799
2025-04-16 05:50:40,1,98.5855979223319
2025-04-16 05:50:50,2,99.5462868747957
2025-04-16 05:51:00,3,93.6255895183791
2025-04-16 05:51:10,4,81.2327888811741
2025-04-16 05:51:20,1,98.7091579333914
2025-04-16 05:51:30,2,99.4717159966713
2025-04-16 05:51:40,3,93.3580426497202
2025-04-16 05:51:50,4,80.7907608691196
2025-04-16 05:52:00,1,98.8271064618789
2025-04-16 05:52:10,2,99.391490285577
2025-04-16 05:52:20,3,93.0851885021801
2025-04-16 05:52:30,4,80.3441400112126
2025-04-16 05:52:40,1,98.9394368025796
2025-04-16 05:52:50,2,99.3056143022362
2025-04-16 05:53:00,3,92.8070425871495
2025-04-16 05:53:10,4,79.8929516972474
2025-04-16 05:53:20,1,99.0461425696651
2025-04-16 05:53:30,2,99.214092928583
2025-04-16 05:53:40,3,92.5236207168483
2025-04-16 05:53:50,4,79.437221576671
2025-04-16 05:54:00,1,99.1472176970564
2025-04-16 05:54:10,2,99.116931367484
2025-04-16 05:54:20,3,92.2349390034283
2025-04-16 05:54:30,4,78.9769755571268
2025-04-16 05:54:40,1,99.2426564387686
2025-04-16 05:54:50,2,99.0141351424429
2025-04-16 05:55:00,3,91.9410138580553
2025-04-16 05:55:10,4,78.5122398029803
2025-04-16 05:55:20,1,99.332453369238
2025-04-16 05:55:30,2,98.9057100972868
2025-04-16 05:55:40,3,91.6418619899779
2025-04-16 05:55:50,4,78.043040733833
2025-04-16 05:56:00,1,99.4166033836301
2025-04-16 05:56:10,2,98.7916623958331
2025-04-16 05:56:20,3,91.3375004055764
2025-04-16 05:56:30,4,77.5694050230191
2025-04-16 05:56:40,1,99.49510169813
2025-04-16 05:56:50,2,98.67199852154
2025-04-16 05:57:00,3,91.0279464073968
2025-04-16 05:57:10,4,77.0913595960908
2025-04-16 05:57:20,1,99.5679438502144
2025-04-16 05:57:30,2,98.5467252771374
2025-04-16 05:57:40,3,90.7132175931664
2025-04-16 05:57:50,4,76.6089316292857
2025-04-16 05:58:00,1,99.6351256989051
2025-04-16 05:58:10,2,98.4158497842405
2025-04-16 05:58:20,3,90.3933318547942
2025-04-16 05:58:30,4,76.122148547984
2025-04-16 05:58:40,1,99.6966434250046
2025-04-16 05:58:50,2,98.2793794829444
2025-04-16 05:59:00,3,90.0683073773531
2025-04-16 05:59:10,4,75.6310380251471
2025-04-16 05:59:20,1,99.752493531313
2025-04-16 05:59:30,2,98.1373221314021
2025-04-16 05:59:40,3,89.7381626380468
2025-04-16 05:59:50,4,75.1356279797466
2025-04-16 06:00:00,1,99.8026728428272
2025-04-16 06:00:10,2,97.9896858053823
2025-04-16 06:00:20,3,89.4029164051583
2025-04-16 06:00:30,4,74.6359465751759
2025-04-16 06:00:40,1,99.8471785069208
2025-04-16 06:00:50,2,97.8364788978113
2025-04-16 06:01:00,3,89.0625877369844
2025-04-16 06:01:10,4,74.1320222176489
2025-04-16 06:01:20,1,99.8860079935069
2025-04-16 06:01:30,2,97.6777101182952
2025-04-16 06:01:40,3,88.7171959807508
2025-04-16 06:01:50,4,73.6238835545865
2025-04-16 06:02:00,1,99.9191590951814
2025-04-16 06:02:10,2,97.5133884926251
2025-04-16 06:02:20,3,88.3667607715135
2025-04-16 06:02:30,4,73.1115594729863
2025-04-16 06:02:40,1,99.9466299273491
2025-04-16 06:02:50,2,97.3435233622638
2025-04-16 06:03:00,3,88.0113020310419
2025-04-16 06:03:10,4,72.5950790977821
2025-04-16 06:03:20,1,99.96841892833
2025-04-16 06:03:30,2,97.1681243838152
2025-04-16 06:03:40,3,87.6508399666858
2025-04-16 06:03:50,4,72.0744717901867
2025-04-16 06:04:00,1,99.9845248594489
2025-04-16 06:04:10,2,96.9872015284746
2025-04-16 06:04:20,3,87.2853950702282
2025-04-16 06:04:30,4,71.5497671460242
2025-04-16 06:04:40,1,99.9949468051052
2025-04-16 06:04:50,2,96.8007650814626
2025-04-16 06:05:00,3,86.9149881167183
2025-04-16 06:05:10,4,71.0209949940458
2025-04-16 06:05:20,1,99.9996841728254
2025-04-16 06:05:30,2,96.6088256414399
2025-04-16 06:05:40,3,86.5396401632927
2025-04-16 06:05:50,4,70.4881853942361
2025-04-16 06:06:00,1,99.9987366932966
2025-04-16 06:06:10,2,96.4113941199048
2025-04-16 06:06:20,3,86.1593725479761
2025-04-16 06:06:30,4,69.9513686361022
2025-04-16 06:06:40,1,99.9921044203816
2025-04-16 06:06:50,2,96.2084817405733
2025-04-16 06:07:00,3,85.7742068884702
2025-04-16 06:07:10,4,69.4105752369537
2025-04-16 06:07:20,1,99.9797877311163
2025-04-16 06:07:30,2,96.0001000387406
2025-04-16 06:07:40,3,85.3841650809232
2025-04-16 06:07:50,4,68.8658359401658
2025-04-16 06:08:00,1,99.9617873256878
2025-04-16 06:08:10,2,95.7862608606256
2025-04-16 06:08:20,3,84.9892692986865
2025-04-16 06:08:30,4,68.3171817134337
2025-04-16 06:08:40,1,99.9381042273949
2025-04-16 06:08:50,2,95.5669763626972
2025-04-16 06:09:00,3,84.5895419910526
2025-04-16 06:09:10,4,67.7646437470101
2025-04-16 06:09:20,1,99.9087397825899
2025-04-16 06:09:30,2,95.3422590109837
2025-04-16 06:09:40,3,84.1850058819805
2025-04-16 06:09:50,4,67.208253451934
2025-04-16 06:10:00,1,99.8736956606017
2025-04-16 06:10:10,2,95.1121215803634
2025-04-16 06:10:20,3,83.7756839688023
2025-04-16 06:10:30,4,66.6480424582439
2025-04-16 06:10:40,1,99.8329738536417
2025-04-16 06:10:50,2,94.8765771538393
2025-04-16 06:11:00,3,83.3615995209175
2025-04-16 06:11:10,4,66.084042613179
2025-04-16 06:11:20,1,99.7865766766894
2025-04-16 06:11:30,2,94.6356391217942
2025-04-16 06:11:40,3,82.9427760784683
2025-04-16 06:11:50,4,65.5162859793708
2025-04-16 06:12:00,1,99.734506767362
2025-04-16 06:12:10,2,94.3893211812308
2025-04-16 06:12:20,3,82.5192374510031
2025-04-16 06:12:30,4,64.9448048330182
2025-04-16 06:12:40,1,99.6767670857636
2025-04-16 06:12:50,2,94.1376373349917
2025-04-16 06:13:00,3,82.0910077161221
2025-04-16 06:13:10,4,64.3696316620545
2025-04-16 06:13:20,1,99.6133609143173
2025-04-16 06:13:30,2,93.8806018909646
2025-04-16 06:13:40,3,81.6581112181081
2025-04-16 06:13:50,4,63.7907991642985
2025-04-16 06:14:00,1,99.5442918575783
2025-04-16 06:14:10,2,93.6182294612677
2025-04-16 06:14:20,3,81.2205725665439
2025-04-16 06:14:30,4,63.2083402455982
2025-04-16 06:14:40,1,99.4695638420296
2025-04-16 06:14:50,2,93.3505349614201
2025-04-16 06:15:00,3,80.7784166349117
2025-04-16 06:15:10,4,62.6222880179573
2025-04-16 06:15:20,1,99.389181115858
2025-04-16 06:15:30,2,93.0775336094934
2025-04-16 06:15:40,3,80.3316685591805
2025-04-16 06:15:50,4,62.0326757976556
2025-04-16 06:16:00,1,99.3031482487133
2025-04-16 06:16:10,2,92.7992409252462
2025-04-16 06:16:20,3,79.8803537363759
2025-04-16 06:16:30,4,61.4395371033524
2025-04-16 06:16:40,1,99.2114701314478
2025-04-16 06:16:50,2,92.5156727292428
2025-04-16 06:17:00,3,79.4244978231376
2025-04-16 06:17:10,4,60.8429056541836
2025-04-16 06:17:20,1,99.114151975839
2025-04-16 06:17:30,2,92.2268451419525
2025-04-16 06:17:40,3,78.9641267342593
2025-04-16 06:17:50,4,60.2428153678423
2025-04-16 06:18:00,1,99.0111993142929
2025-04-16 06:18:10,2,91.9327745828347
2025-04-16 06:18:20,3,78.4992666412173
2025-04-16 06:18:30,4,59.6393003586528
2025-04-16 06:18:40,1,98.9026179995295
2025-04-16 06:18:50,2,91.633477769404
2025-04-16 06:19:00,3,78.0299439706809
2025-04-16 06:19:10,4,59.0323949356294
2025-04-16 06:19:20,1,98.7884142042502
2025-04-16 06:19:30,2,91.328971716281
2025-04-16 06:19:40,3,77.5561854030117
2025-04-16 06:19:50,4,58.4221336005275
2025-04-16 06:20:00,1,98.6685944207868
2025-04-16 06:20:10,2,91.0192737342241
2025-04-16 06:20:20,3,77.0780178707452
2025-04-16 06:20:30,4,57.8085510458818
2025-04-16 06:20:40,1,98.5431654607325
2025-04-16 06:20:50,2,90.7044014291465
2025-04-16 06:21:00,3,76.5954685570615
2025-04-16 06:21:10,4,57.1916821530328
2025-04-16 06:21:20,1,98.4121344545545
2025-04-16 06:21:30,2,90.3843727011139
2025-04-16 06:21:40,3,76.1085648942382
2025-04-16 06:21:50,4,56.5715619901461
2025-04-16 06:22:00,1,98.275508851189
2025-04-16 06:22:10,2,90.0592057433284
2025-04-16 06:22:20,3,75.6173345620924
2025-04-16 06:22:30,4,55.9482258102165
2025-04-16 06:22:40,1,98.1332964176173
2025-04-16 06:22:50,2,89.7289190410931
2025-04-16 06:23:00,3,75.1218054864065
2025-04-16 06:23:10,4,55.3217090490662
2025-04-16 06:23:20,1,97.9855052384247
2025-04-16 06:23:30,2,89.3935313707619
2025-04-16 06:23:40,3,74.6220058373402
2025-04-16 06:23:50,4,54.6920473233279
2025-04-16 06:24:00,1,97.8321437153403
2025-04-16 06:24:10,2,89.0530617986715
2025-04-16 06:24:20,3,74.1179640278302
2025-04-16 06:24:30,4,54.0592764284227
2025-04-16 06:24:40,1,97.6732205667602
2025-04-16 06:24:50,2,88.7075296800584
2025-04-16 06:25:00,3,73.6097087119734
2025-04-16 06:25:10,4,53.4234323365222
2025-04-16 06:25:20,1,97.5087448272509
2025-04-16 06:25:30,2,88.3569546579579
2025-04-16 06:25:40,3,73.0972687833999
2025-04-16 06:25:50,4,52.7845511945066
2025-04-16 06:26:00,1,97.3387258470367
2025-04-16 06:26:10,2,88.001356662087
2025-04-16 06:26:20,3,72.5806733736285
2025-04-16 06:26:30,4,52.1426693219072
2025-04-16 06:26:40,1,97.1631732914674
2025-04-16 06:26:50,2,87.6407559077129
2025-04-16 06:27:00,3,72.0599518504124
2025-04-16 06:27:10,4,51.4978232088436
2025-04-16 06:27:20,1,96.9820971404691
2025-04-16 06:27:30,2,87.275172894502
2025-04-16 06:27:40,3,71.5351338160676
2025-04-16 06:27:50,4,50.8500495139476
2025-04-16 06:28:00,1,96.7955076879769
2025-04-16 06:28:10,2,86.9046284053562
2025-04-16 06:28:20,3,71.0062491057926
2025-04-16 06:28:30,4,50.1993850622811
2025-04-16 06:28:40,1,96.6034155413497
2025-04-16 06:28:50,2,86.5291435052299
2025-04-16 06:29:00,3,70.4733277859696
2025-04-16 06:29:10,4,49.5458668432406
2025-04-16 06:29:20,1,96.4058316207671
2025-04-16 06:29:30,2,86.1487395399338
2025-04-16 06:29:40,3,69.9364001524579
2025-04-16 06:29:50,4,48.8895320084566
2025-04-16 06:30:00,1,96.2027671586086
2025-04-16 06:30:10,2,85.7634381349202
2025-04-16 06:30:20,3,69.3954967288692
2025-04-16 06:30:30,4,48.2304178696789
2025-04-16 06:30:40,1,95.9942336988152
2025-04-16 06:30:50,2,85.373261194055
2025-04-16 06:31:00,3,68.8506482648344
2025-04-16 06:31:10,4,47.5685618966584
2025-04-16 06:31:20,1,95.7802430962329
2025-04-16 06:31:30,2,84.978230898371
2025-04-16 06:31:40,3,68.3018857342539
2025-04-16 06:31:50,4,46.9040017150151
2025-04-16 06:32:00,1,95.5608075159392
2025-04-16 06:32:10,2,84.5783697048084
2025-04-16 06:32:20,3,67.7492403335383
2025-04-16 06:32:30,4,46.236775104099
2025-04-16 06:32:40,1,95.3359394325508
2025-04-16 06:32:50,2,84.1737003449366
2025-04-16 06:33:00,3,67.192743479833
2025-04-16 06:33:10,4,45.5669199948441
2025-04-16 06:33:20,1,95.1056516295154
2025-04-16 06:33:30,2,83.7642458236637
2025-04-16 06:33:40,3,66.6324268092345
2025-04-16 06:33:50,4,44.8944744676099
2025-04-16 06:34:00,1,94.8699571983839
2025-04-16 06:34:10,2,83.3500294179269
2025-04-16 06:34:20,3,66.0683221749904
2025-04-16 06:34:30,4,44.2194767500187
2025-04-16 06:34:40,1,94.6288695380672
2025-04-16 06:34:50,2,82.9310746753708
2025-04-16 06:35:00,3,65.5004616456882
2025-04-16 06:35:10,4,43.5419652147803
2025-04-16 06:35:20,1,94.3824023540737
2025-04-16 06:35:30,2,82.5074054130075
2025-04-16 06:35:40,3,64.9288775034341
2025-04-16 06:35:50,4,42.8619783775128
2025-04-16 06:36:00,1,94.1305696577307
2025-04-16 06:36:10,2,82.0790457158637
2025-04-16 06:36:20,3,64.3536022420156
2025-04-16 06:36:30,4,42.1795548945508
2025-04-16 06:36:40,1,93.8733857653874
2025-04-16 06:36:50,2,81.6460199356108
2025-04-16 06:37:00,3,63.7746685650563
2025-04-16 06:37:10,4,41.4947335607499
2025-04-16 06:37:20,1,93.6108652976015
2025-04-16 06:37:30,2,81.2083526891804
2025-04-16 06:37:40,3,63.1921093841549
2025-04-16 06:37:50,4,40.8075533072792
2025-04-16 06:38:00,1,93.3430231783076
2025-04-16 06:38:10,2,80.766068857366
2025-04-16 06:38:20,3,62.6059578170161
2025-04-16 06:38:30,4,40.1180531994106
2025-04-16 06:38:40,1,93.0698746339692
2025-04-16 06:38:50,2,80.3191935834067
2025-04-16 06:39:00,3,62.0162471855659
2025-04-16 06:39:10,4,39.426272434295
2025-04-16 06:39:20,1,92.7914351927131
2025-04-16 06:39:30,2,79.86775227156
2025-04-16 06:39:40,3,61.4230110140592
2025-04-16 06:39:50,4,38.7322503387371
2025-04-16 06:40:00,1,92.5077206834458
2025-04-16 06:40:10,2,79.4117705856554
2025-04-16 06:40:20,3,60.8262830271722
2025-04-16 06:40:30,4,38.0360263669569
2025-04-16 06:40:40,1,92.2187472349549
2025-04-16 06:40:50,2,78.9512744476375
2025-04-16 06:41:00,3,60.2260971480871
2025-04-16 06:41:10,4,37.3376400983489
2025-04-16 06:41:20,1,91.9245312749914
2025-04-16 06:41:30,2,78.4862900360908
2025-04-16 06:41:40,3,59.6224874965616
2025-04-16 06:41:50,4,36.6371312352316
2025-04-16 06:42:00,1,91.6250895293362
2025-04-16 06:42:10,2,78.0168437847525
2025-04-16 06:42:20,3,59.0154883869913
2025-04-16 06:42:30,4,35.9345396005888
2025-04-16 06:42:40,1,91.3204390208486
2025-04-16 06:42:50,2,77.5429623810089
2025-04-16 06:43:00,3,58.4051343264568
2025-04-16 06:43:10,4,35.2299051358086
2025-04-16 06:43:20,1,91.0105970684996
2025-04-16 06:43:30,2,77.0646727643795
2025-04-16 06:43:40,3,57.7914600127639
2025-04-16 06:43:50,4,34.5232678984098
2025-04-16 06:44:00,1,90.6955812863863
2025-04-16 06:44:10,2,76.5820021249836
2025-04-16 06:44:20,3,57.1745003324705
2025-04-16 06:44:30,4,33.8146680597675
2025-04-16 06:44:40,1,90.3754095827316
2025-04-16 06:44:50,2,76.0949779019972
2025-04-16 06:45:00,3,56.5542903589022
2025-04-16 06:45:10,4,33.1041459028267
2025-04-16 06:45:20,1,90.0501001588649
2025-04-16 06:45:30,2,75.6036277820902
2025-04-16 06:45:40,3,55.9308653501605
2025-04-16 06:45:50,4,32.3917418198149
2025-04-16 06:46:00,1,89.7196715081888
2025-04-16 06:46:10,2,75.1079796978549
2025-04-16 06:46:20,3,55.3042607471163
2025-04-16 06:46:30,4,31.6774963099433
2025-04-16 06:46:40,1,89.3841424151263
2025-04-16 06:46:50,2,74.608061826217
2025-04-16 06:47:00,3,54.6745121713972
2025-04-16 06:47:10,4,30.961449977107
2025-04-16 06:47:20,1,89.0435319540545
2025-04-16 06:47:30,2,74.1039025868332
2025-04-16 06:47:40,3,54.0416554233602
2025-04-16 06:47:50,4,30.2436435275741
2025-04-16 06:48:00,1,88.6978594882186
2025-04-16 06:48:10,2,73.5955306404771
2025-04-16 06:48:20,3,53.405726480059
2025-04-16 06:48:30,4,29.5241177676744
2025-04-16 06:48:40,1,88.3471446686325
2025-04-16 06:48:50,2,73.0829748874081
2025-04-16 06:49:00,3,52.7667614931961
2025-04-16 06:49:10,4,28.8029136014768
2025-04-16 06:49:20,1,87.991407432961
2025-04-16 06:49:30,2,72.5662644657304
2025-04-16 06:49:40,3,52.1247967870706
2025-04-16 06:49:50,4,28.0800720284666
2025-04-16 06:50:00,1,87.6306680043863
2025-04-16 06:50:10,2,72.0454287497344
2025-04-16 06:50:20,3,51.4798688565097
2025-04-16 06:50:30,4,27.3556341412123
2025-04-16 06:50:40,1,87.2649468904588
2025-04-16 06:50:50,2,71.5204973482289
2025-04-16 06:51:00,3,50.8320143647979
2025-04-16 06:51:10,4,26.6296411230314
2025-04-16 06:51:20,1,86.8942648819306
2025-04-16 06:51:30,2,70.9915001028562
2025-04-16 06:51:40,3,50.1812701415889
2025-04-16 06:51:50,4,25.902134245649
2025-04-16 06:52:00,1,86.5186430515745
2025-04-16 06:52:10,2,70.458467086397
2025-04-16 06:52:20,3,49.5276731808152
2025-04-16 06:52:30,4,25.1731548668495
2025-04-16 06:52:40,1,86.1381027529849
2025-04-16 06:52:50,2,69.9214286010593
2025-04-16 06:53:00,3,48.8712606385826
2025-04-16 06:53:10,4,24.4427444281287
2025-04-16 06:53:20,1,85.7526656193653
2025-04-16 06:53:30,2,69.3804151767576
2025-04-16 06:53:40,3,48.2120698310595
2025-04-16 06:53:50,4,23.7109444523348
2025-04-16 06:54:00,1,85.3623535622966
2025-04-16 06:54:10,2,68.8354575693753
2025-04-16 06:54:20,3,47.5501382323549
2025-04-16 06:54:30,4,22.9777965413107
2025-04-16 06:54:40,1,84.9671887704937
2025-04-16 06:54:50,2,68.2865867590182
2025-04-16 06:55:00,3,46.8855034723876
2025-04-16 06:55:10,4,22.2433423735262
2025-04-16 06:55:20,1,84.5671937085418
2025-04-16 06:55:30,2,67.7338339482516
2025-04-16 06:55:40,3,46.2182033347482
2025-04-16 06:55:50,4,21.5076237017113
2025-04-16 06:56:00,1,84.1623911156215
2025-04-16 06:56:10,2,67.177230560328
2025-04-16 06:56:20,3,45.5482757545494
2025-04-16 06:56:30,4,20.7706823504802
2025-04-16 06:56:40,1,83.7528040042141
2025-04-16 06:56:50,2,66.6168082373999
2025-04-16 06:57:00,3,44.8757588162719
2025-04-16 06:57:10,4,20.032560213956
2025-04-16 06:57:20,1,83.3384556587952
2025-04-16 06:57:30,2,66.0525988387204
2025-04-16 06:57:40,3,44.2006907515963
2025-04-16 06:57:50,4,19.2932992533865
2025-04-16 06:58:00,1,82.9193696345093
2025-04-16 06:58:10,2,65.4846344388338
2025-04-16 06:58:20,3,43.5231099372329
2025-04-16 06:58:30,4,18.5529414947615
2025-04-16 06:58:40,1,82.4955697558322
2025-04-16 06:58:50,2,64.9129473257502
2025-04-16 06:59:00,3,42.8430548927368
2025-04-16 06:59:10,4,17.8115290264209
2025-04-16 06:59:20,1,82.0670801152158
2025-04-16 06:59:30,2,64.3375699991118
2025-04-16 06:59:40,3,42.1605642783214
2025-04-16 06:59:50,4,17.0691039966648
2025-04-16 07:00:00,1,81.6339250717183
2025-04-16 07:00:10,2,63.7585351683435
2025-04-16 07:00:20,3,41.4756768926575
2025-04-16 07:00:30,4,16.3257086113547
2025-04-16 07:00:40,1,81.1961292496204
2025-04-16 07:00:50,2,63.1758757507956
2025-04-16 07:01:00,3,40.7884316706703
2025-04-16 07:01:10,4,15.5813851315166
2025-04-16 07:01:20,1,80.7537175370241
2025-04-16 07:01:30,2,62.5896248698698
2025-04-16 07:01:40,3,40.0988676813237
2025-04-16 07:01:50,4,14.8361758709373
2025-04-16 07:02:00,1,80.3067150844393
2025-04-16 07:02:10,2,61.9998158531391
2025-04-16 07:02:20,3,39.4070241254017
2025-04-16 07:02:30,4,14.090123193758
2025-04-16 07:02:40,1,79.8551473033524
2025-04-16 07:02:50,2,61.4064822304506
2025-04-16 07:03:00,3,38.7129403332772
2025-04-16 07:03:10,4,13.3432695120685
2025-04-16 07:03:20,1,79.3990398647836
2025-04-16 07:03:30,2,60.8096577320213
2025-04-16 07:03:40,3,38.0166557626787
2025-04-16 07:03:50,4,12.5956572834932
2025-04-16 07:04:00,1,78.9384186978254
2025-04-16 07:04:10,2,60.2093762865191
2025-04-16 07:04:20,3,37.318209996445
2025-04-16 07:04:30,4,11.8473290087802
2025-04-16 07:04:40,1,78.4733099881708
2025-04-16 07:04:50,2,59.6056720191355
2025-04-16 07:05:00,3,36.6176427402767
2025-04-16 07:05:10,4,11.0983272293824
2025-04-16 07:05:20,1,78.0037401766224
2025-04-16 07:05:30,2,58.9985792496436
2025-04-16 07:05:40,3,35.9149938204782
2025-04-16 07:05:50,4,10.3486945250422
2025-04-16 07:06:00,1,77.5297359575916
2025-04-16 07:06:10,2,58.3881324904498
2025-04-16 07:06:20,3,35.2103031816929
2025-04-16 07:06:30,4,9.59847351136761
2025-04-16 07:06:40,1,77.0513242775789
2025-04-16 07:06:50,2,57.7743664446289
2025-04-16 07:07:00,3,34.5036108846343
2025-04-16 07:07:10,4,8.84770683741263
2025-04-16 07:07:20,1,76.5685323336437
2025-04-16 07:07:30,2,57.1573160039534
2025-04-16 07:07:40,3,33.7949571038063
2025-04-16 07:07:50,4,8.09643718325001
2025-04-16 07:08:00,1,76.081387571857
2025-04-16 07:08:10,2,56.5370162469095
2025-04-16 07:08:20,3,33.0843821252217
2025-04-16 07:08:30,4,7.34470725754759
2025-04-16 07:08:40,1,75.5899176857421
2025-04-16 07:08:50,2,55.9135024367017
2025-04-16 07:09:00,3,32.3719263441096
2025-04-16 07:09:10,4,6.59255979513764
2025-04-16 07:09:20,1,75.0941506146991
2025-04-16 07:09:30,2,55.2868100192501
2025-04-16 07:09:40,3,31.6576302626214
2025-04-16 07:09:50,4,5.84003755459023
2025-04-16 07:10:00,1,74.5941145424181
2025-04-16 07:10:10,2,54.6569746211733
2025-04-16 07:10:20,3,30.9415344875259
2025-04-16 07:10:30,4,5.08718331577967
2025-04-16 07:10:40,1,74.0898378952759
2025-04-16 07:10:50,2,54.0240320477654
2025-04-16 07:11:00,3,30.2236797279032
2025-04-16 07:11:10,4,4.33403987745531
2025-04-16 07:11:20,1,73.5813493407197
2025-04-16 07:11:30,2,53.3880182809578
2025-04-16 07:11:40,3,29.5041067928281
2025-04-16 07:11:50,4,3.58065005480569
2025-04-16 07:12:00,1,73.0686777856388
2025-04-16 07:12:10,2,52.7489694772765
2025-04-16 07:12:20,3,28.7828565890528
2025-04-16 07:12:30,4,2.82705667702706
2025-04-16 07:12:40,1,72.5518523747197
2025-04-16 07:12:50,2,52.1069219657839
2025-04-16 07:13:00,3,28.0599701186783
2025-04-16 07:13:10,4,2.07330258488746
2025-04-16 07:13:20,1,72.0309024887907
2025-04-16 07:13:30,2,51.4619122460162
2025-04-16 07:13:40,3,27.3354884768267
2025-04-16 07:13:50,4,1.31943062829031
2025-04-16 07:14:00,1,71.5058577431502
2025-04-16 07:14:10,2,50.8139769859059
2025-04-16 07:14:20,3,26.6094528493023
2025-04-16 07:14:30,4,0.565483663840832
2025-04-16 07:14:40,1,70.9767479858847
2025-04-16 07:14:50,2,50.1631530196998
2025-04-16 07:15:00,3,25.881904510252
2025-04-16 07:15:10,4,-0.188495447593034
2025-04-16 07:15:20,1,70.4436032961702
2025-04-16 07:15:30,2,49.5094773458624
2025-04-16 07:15:40,3,25.1528848198185
2025-04-16 07:15:50,4,-0.942463843314434
2025-04-16 07:16:00,1,69.9064539825642
2025-04-16 07:16:10,2,48.8529871249753
2025-04-16 07:16:20,3,24.4224352217879
2025-04-16 07:16:30,4,-1.69637866123711
2025-04-16 07:16:40,1,69.3653305812804
2025-04-16 07:16:50,2,48.1937196776219
2025-04-16 07:17:00,3,23.6905972412359
2025-04-16 07:17:10,4,-2.45019704231919
2025-04-16 07:17:20,1,68.8202638544555
2025-04-16 07:17:30,2,47.5317124822685
2025-04-16 07:17:40,3,22.9574124821646
2025-04-16 07:17:50,4,-3.20387613300256
2025-04-16 07:18:00,1,68.2712847883976
2025-04-16 07:18:10,2,46.8670031731318
2025-04-16 07:18:20,3,22.2229226251398
2025-04-16 07:18:30,4,-3.95737308764613
2025-04-16 07:18:40,1,67.7184245918271
2025-04-16 07:18:50,2,46.1996295380395
2025-04-16 07:19:00,3,21.4871694249191
2025-04-16 07:19:10,4,-4.71064507096442
2025-04-16 07:19:20,1,67.1617146941004
2025-04-16 07:19:30,2,45.5296295162839
2025-04-16 07:19:40,3,20.7501947080809
2025-04-16 07:19:50,4,-5.46364926045986
2025-04-16 07:20:00,1,66.601186743425
2025-04-16 07:20:10,2,44.8570411964623
2025-04-16 07:20:20,3,20.0120403706438
2025-04-16 07:20:30,4,-6.21634284886002
2025-04-16 07:20:40,1,66.0368726050597
2025-04-16 07:20:50,2,44.1819028143147
2025-04-16 07:21:00,3,19.2727483756875
2025-04-16 07:21:10,4,-6.96868304654827
2025-04-16 07:21:20,1,65.4688043595019
2025-04-16 07:21:30,2,43.5042527505476
2025-04-16 07:21:40,3,18.5323607509647
2025-04-16 07:21:50,4,-7.72062708399924
2025-04-16 07:22:00,1,64.8970143006663
2025-04-16 07:22:10,2,42.8241295286541
2025-04-16 07:22:20,3,17.7909195865146
2025-04-16 07:22:30,4,-8.47213221420762
2025-04-16 07:22:40,1,64.3215349340464
2025-04-16 07:22:50,2,42.1415718127221
2025-04-16 07:23:00,3,17.0484670322672
2025-04-16 07:23:10,4,-9.22315571511941
2025-04-16 07:23:20,1,63.742398974869
2025-04-16 07:23:30,2,41.4566184052383
2025-04-16 07:23:40,3,16.3050452956501
2025-04-16 07:23:50,4,-9.97365489206165
2025-04-16 07:24:00,1,63.1596393462322
2025-04-16 07:24:10,2,40.7693082448799
2025-04-16 07:24:20,3,15.5606966391862
2025-04-16 07:24:30,4,-10.7235870801671
2025-04-16 07:24:40,1,62.5732891772358
2025-04-16 07:24:50,2,40.0796804043037
2025-04-16 07:25:00,3,14.8154633780937
2025-04-16 07:25:10,4,-11.4729096468024
2025-04-16 07:25:20,1,61.9833818010962
2025-04-16 07:25:30,2,39.3877740879223
2025-04-16 07:25:40,3,14.0693878778792
2025-04-16 07:25:50,4,-12.221579993989
2025-04-16 07:26:00,1,61.3899507532528
2025-04-16 07:26:10,2,38.6936286296777
2025-04-16 07:26:20,3,13.3225125519286
2025-04-16 07:26:30,4,-12.9695555608276
2025-04-16 07:26:40,1,60.7930297694605
2025-04-16 07:26:50,2,37.9972834908028
2025-04-16 07:27:00,3,12.574879859098
2025-04-16 07:27:10,4,-13.7167938259147
2025-04-16 07:27:20,1,60.1926527838729
2025-04-16 07:27:30,2,37.2987782575806
2025-04-16 07:27:40,3,11.8265323012976
2025-04-16 07:27:50,4,-14.4632523097629
2025-04-16 07:28:00,1,59.588853927112
2025-04-16 07:28:10,2,36.5981526390922
2025-04-16 07:28:20,3,11.077512421078
2025-04-16 07:28:30,4,-15.2088885772129
2025-04-16 07:28:40,1,58.9816675243293
2025-04-16 07:28:50,2,35.895446464959
2025-04-16 07:29:00,3,10.327862799209
2025-04-16 07:29:10,4,-15.9536602398488
2025-04-16 07:29:20,1,58.3711280932529
2025-04-16 07:29:30,2,35.1906996830804
2025-04-16 07:29:40,3,9.57762605226181
2025-04-16 07:29:50,4,-16.6975249584046
2025-04-16 07:30:00,1,57.7572703422266
2025-04-16 07:30:10,2,34.4839523573604
2025-04-16 07:30:20,3,8.82684483018352
2025-04-16 07:30:30,4,-17.4404404451746
2025-04-16 07:30:40,1,57.1401291682365
2025-04-16 07:30:50,2,33.7752446654324
2025-04-16 07:31:00,3,8.07556181387528
2025-04-16 07:31:10,4,-18.1823644664141
2025-04-16 07:31:20,1,56.5197396549258
2025-04-16 07:31:30,2,33.0646168963727
2025-04-16 07:31:40,3,7.32381971276315
2025-04-16 07:31:50,4,-18.9232548447432
2025-04-16 07:32:00,1,55.8961370706028
2025-04-16 07:32:10,2,32.3521094484127
2025-04-16 07:32:20,3,6.57166126237297
2025-04-16 07:32:30,4,-19.6630694615423
2025-04-16 07:32:40,1,55.269356866233
2025-04-16 07:32:50,2,31.6377628266399
2025-04-16 07:33:00,3,5.81912922189803
2025-04-16 07:33:10,4,-20.4017662593473
2025-04-16 07:33:20,1,54.6394346734269
2025-04-16 07:33:30,2,30.9216176406972
2025-04-16 07:33:40,3,5.06626637177118
2025-04-16 07:33:50,4,-21.1393032442416
2025-04-16 07:34:00,1,54.0064063024115
2025-04-16 07:34:10,2,30.2037146024727
2025-04-16 07:34:20,3,4.31311551122989
2025-04-16 07:34:30,4,-21.8756384882413
2025-04-16 07:34:40,1,53.3703077399968
2025-04-16 07:34:50,2,29.4840945237869
2025-04-16 07:35:00,3,3.55971945588571
2025-04-16 07:35:10,4,-22.6107301316809
2025-04-16 07:35:20,1,52.7311751475282
2025-04-16 07:35:30,2,28.7627983140707
2025-04-16 07:35:40,3,2.80612103528921
2025-04-16 07:35:50,4,-23.3445363855906
2025-04-16 07:36:00,1,52.0890448588325
2025-04-16 07:36:10,2,28.0398669780419
2025-04-16 07:36:20,3,2.05236309049405
2025-04-16 07:36:30,4,-24.0770155340748
2025-04-16 07:36:40,1,51.4439533781506
2025-04-16 07:36:50,2,27.3153416133718
2025-04-16 07:37:00,3,1.29848847162407
2025-04-16 07:37:10,4,-24.8081259366805
2025-04-16 07:37:20,1,50.7959373780641
2025-04-16 07:37:30,2,26.5892634083512
2025-04-16 07:37:40,3,0.544540035434432
2025-04-16 07:37:50,4,-25.5378260307676
2025-04-16 07:38:00,1,50.1450336974086
2025-04-16 07:38:10,2,25.8616736395476
2025-04-16 07:38:20,3,-0.209439357121839
2025-04-16 07:38:30,4,-26.2660743338686
2025-04-16 07:38:40,1,49.4912793391814
2025-04-16 07:38:50,2,25.1326136694579
2025-04-16 07:39:00,3,-0.96340684333333
2025-04-16 07:39:10,4,-26.9928294460498
2025-04-16 07:39:20,1,48.8347114684361
2025-04-16 07:39:30,2,24.4021249441593
2025-04-16 07:39:40,3,-1.71731956116406
2025-04-16 07:39:50,4,-27.7180500522621
2025-04-16 07:40:00,1,48.1753674101717
2025-04-16 07:40:10,2,23.6702489909505
2025-04-16 07:40:20,3,-2.47113465169298
2025-04-16 07:40:30,4,-28.4416949246922
2025-04-16 07:40:40,1,47.5132846472084
2025-04-16 07:40:50,2,22.9370274159937
2025-04-16 07:41:00,3,-3.22480926154761
2025-04-16 07:41:10,4,-29.163722925104
2025-04-16 07:41:20,1,46.8485008180592
2025-04-16 07:41:30,2,22.2025019019462
2025-04-16 07:41:40,3,-3.978300545343
2025-04-16 07:41:50,4,-29.8840930071795
2025-04-16 07:42:00,1,46.181053714789
2025-04-16 07:42:10,2,21.4667142055941
2025-04-16 07:42:20,3,-4.73156566811465
2025-04-16 07:42:30,4,-30.60276421885
2025-04-16 07:42:40,1,45.5109812808652
2025-04-16 07:42:50,2,20.7297061554755
2025-04-16 07:43:00,3,-5.48456180775641
2025-04-16 07:43:10,4,-31.3196957046265
2025-04-16 07:43:20,1,44.8383216090033
2025-04-16 07:43:30,2,19.9915196495053
2025-04-16 07:43:40,3,-6.23724615745205
2025-04-16 07:43:50,4,-32.03484670792
2025-04-16 07:44:00,1,44.163112938998
2025-04-16 07:44:10,2,19.2521966525905
2025-04-16 07:44:20,3,-6.98957592811158
2025-04-16 07:44:30,4,-32.7481765733597
2025-04-16 07:44:40,1,43.4853936555529
2025-04-16 07:44:50,2,18.5117791942477
2025-04-16 07:45:00,3,-7.74150835080096
2025-04-16 07:45:10,4,-33.459644749105
2025-04-16 07:45:20,1,42.8052022860949
2025-04-16 07:45:30,2,17.7703093662106
2025-04-16 07:45:40,3,-8.49300067917624
2025-04-16 07:45:50,4,-34.1692107891484
2025-04-16 07:46:00,1,42.1225774985873
2025-04-16 07:46:10,2,17.0278293200401
2025-04-16 07:46:20,3,-9.24401019191118
2025-04-16 07:46:30,4,-34.8768343556177
2025-04-16 07:46:40,1,41.4375580993283
2025-04-16 07:46:50,2,16.2843812647254
2025-04-16 07:47:00,3,-9.99449419512696
2025-04-16 07:47:10,4,-35.5824752210664
2025-04-16 07:47:20,1,40.7501830307482
2025-04-16 07:47:30,2,15.5400074642869
2025-04-16 07:47:40,3,-10.7444100248204
2025-04-16 07:47:50,4,-36.286093270763
2025-04-16 07:48:00,1,40.0604913691922
2025-04-16 07:48:10,2,14.7947502353711
2025-04-16 07:48:20,3,-11.4937150492866
2025-04-16 07:48:30,4,-36.9876485049693
2025-04-16 07:48:40,1,39.3685223227025
2025-04-16 07:48:50,2,14.0486519448472
2025-04-16 07:49:00,3,-12.2423666715457
2025-04-16 07:49:10,4,-37.6871010412164
2025-04-16 07:49:20,1,38.6743152287857
2025-04-16 07:49:30,2,13.3017550073978
2025-04-16 07:49:40,3,-12.9903223317615
2025-04-16 07:49:50,4,-38.38441111657
2025-04-16 07:50:00,1,37.9779095521803
2025-04-16 07:50:10,2,12.5541018831061
2025-04-16 07:50:20,3,-13.7375395096637
2025-04-16 07:50:30,4,-39.0795390898928
2025-04-16 07:50:40,1,37.2793448826093
2025-04-16 07:50:50,2,11.8057350750453
2025-04-16 07:51:00,3,-14.483975726962
2025-04-16 07:51:10,4,-39.7724454440959
2025-04-16 07:51:20,1,36.5786609325331
2025-04-16 07:51:30,2,11.0566971268587
2025-04-16 07:51:40,3,-15.2295885497646
2025-04-16 07:51:50,4,-40.4630907883878
2025-04-16 07:52:00,1,35.87589753489
2025-04-16 07:52:10,2,10.307030620345
2025-04-16 07:52:20,3,-15.9743355909867
2025-04-16 07:52:30,4,-41.1514358605108
2025-04-16 07:52:40,1,35.1710946408311
2025-04-16 07:52:50,2,9.55677817303361
2025-04-16 07:53:00,3,-16.7181745127637
2025-04-16 07:53:10,4,-41.8374415289763
2025-04-16 07:53:20,1,34.4642923174517
2025-04-16 07:53:30,2,8.80598243576567
2025-04-16 07:53:40,3,-17.4610630288548
2025-04-16 07:53:50,4,-42.5210687952862
2025-04-16 07:54:00,1,33.7555307455104
2025-04-16 07:54:10,2,8.05468609026607
2025-04-16 07:54:20,3,-18.20295890705
2025-04-16 07:54:30,4,-43.2022787961518
2025-04-16 07:54:40,1,33.0448502171479
2025-04-16 07:54:50,2,7.30293184672004
2025-04-16 07:55:00,3,-18.9438199715679
2025-04-16 07:55:10,4,-43.8810328057033
2025-04-16 07:55:20,1,32.3322911335935
2025-04-16 07:55:30,2,6.55076244134227
2025-04-16 07:55:40,3,-19.6836041054565
2025-04-16 07:55:50,4,-44.5572922376897
2025-04-16 07:56:00,1,31.6178940028714
2025-04-16 07:56:10,2,5.79822063395026
2025-04-16 07:56:20,3,-20.4222692529844
2025-04-16 07:56:30,4,-45.2310186476743
2025-04-16 07:56:40,1,30.9016994374947
2025-04-16 07:56:50,2,5.04534920553067
2025-04-16 07:57:00,3,-21.1597734220335
2025-04-16 07:57:10,4,-45.9021737352184
2025-04-16 07:57:20,1,30.1837481521597
2025-04-16 07:57:30,2,4.29219095581005
2025-04-16 07:57:40,3,-21.8960746864866
2025-04-16 07:57:50,4,-46.5707193460606
2025-04-16 07:58:00,1,29.4640809614286
2025-04-16 07:58:10,2,3.53878870081897
2025-04-16 07:58:20,3,-22.6311311886085
2025-04-16 07:58:30,4,-47.2366174742833
2025-04-16 07:58:40,1,28.7427387774118
2025-04-16 07:58:50,2,2.78518527046041
2025-04-16 07:59:00,3,-23.3649011414287
2025-04-16 07:59:10,4,-47.8998302644763
2025-04-16 07:59:20,1,28.0197626074393
2025-04-16 07:59:30,2,2.03142350607392
2025-04-16 07:59:40,3,-24.0973428311138
2025-04-16 07:59:50,4,-48.5603200138857
2025-04-16 08:00:00,1,27.2951935517327
2025-04-16 08:00:10,2,1.27754625799904
2025-04-16 08:00:20,3,-24.8284146193416
2025-04-16 08:00:30,4,-49.2180491745604
2025-04-16 08:00:40,1,26.5690728010652
2025-04-16 08:00:50,2,0.523596383141834
2025-04-16 08:01:00,3,-25.5580749456659
2025-04-16 08:01:10,4,-49.8729803554834
2025-04-16 08:01:20,1,25.8414416344233
2025-04-16 08:01:30,2,-0.230383257464316
2025-04-16 08:01:40,3,-26.2862823298812
2025-04-16 08:01:50,4,-50.5250763247006
2025-04-16 08:02:00,1,25.1123414166581
2025-04-16 08:02:10,2,-0.984349801092472
2025-04-16 08:02:20,3,-27.0129953743788
2025-04-16 08:02:30,4,-51.1743000114344
2025-04-16 08:02:40,1,24.3818135961337
2025-04-16 08:02:50,2,-1.73826038576166
2025-04-16 08:03:00,3,-27.7381727665023
2025-04-16 08:03:10,4,-51.8206145081942
2025-04-16 08:03:20,1,23.6498997023725
2025-04-16 08:03:30,2,-2.49207215267068
2025-04-16 08:03:40,3,-28.4617732808937
2025-04-16 08:03:50,4,-52.4639830728716
2025-04-16 08:04:00,1,22.9166413436921
2025-04-16 08:04:10,2,-3.2457422486374
2025-04-16 08:04:20,3,-29.18375578184
2025-04-16 08:04:30,4,-53.1043691308306
2025-04-16 08:04:40,1,22.1820802048426
2025-04-16 08:04:50,2,-3.99922782853209
2025-04-16 08:05:00,3,-29.9040792256085
2025-04-16 08:05:10,4,-53.7417362769878
2025-04-16 08:05:20,1,21.4462580446337
2025-04-16 08:05:30,2,-4.7524860577159
2025-04-16 08:05:40,3,-30.622702662783
2025-04-16 08:05:50,4,-54.3760482778793
2025-04-16 08:06:00,1,20.7092166935642
2025-04-16 08:06:10,2,-5.50547411447316
2025-04-16 08:06:20,3,-31.3395852405894
2025-04-16 08:06:30,4,-55.0072690737236
2025-04-16 08:06:40,1,19.9709980514406
2025-04-16 08:06:50,2,-6.25814919244856
2025-04-16 08:07:00,3,-32.0546862052193
2025-04-16 08:07:10,4,-55.6353627804686
2025-04-16 08:07:20,1,19.2316440849984
2025-04-16 08:07:30,2,-7.01046850307778
2025-04-16 08:07:40,3,-32.7679649041474
2025-04-16 08:07:50,4,-56.2602936918345
2025-04-16 08:08:00,1,18.4911968255131
2025-04-16 08:08:10,2,-7.76238927802283
2025-04-16 08:08:20,3,-33.4793807884405
2025-04-16 08:08:30,4,-56.8820262813407
2025-04-16 08:08:40,1,17.7496983664143
2025-04-16 08:08:50,2,-8.51386877160087
2025-04-16 08:09:00,3,-34.1888934150651
2025-04-16 08:09:10,4,-57.500525204328
2025-04-16 08:09:20,1,17.0071908608889
2025-04-16 08:09:30,2,-9.26486426321529
2025-04-16 08:09:40,3,-34.8964624491842
2025-04-16 08:09:50,4,-58.115755299966
2025-04-16 08:10:00,1,16.2637165194885
2025-04-16 08:10:10,2,-10.0153330597854
2025-04-16 08:10:20,3,-35.6020476664527
2025-04-16 08:10:30,4,-58.7276815932535
2025-04-16 08:10:40,1,15.5193176077266
2025-04-16 08:10:50,2,-10.7652324981711
2025-04-16 08:11:00,3,-36.3056089553013
2025-04-16 08:11:10,4,-59.336269297005
2025-04-16 08:11:20,1,14.7740364436782
2025-04-16 08:11:30,2,-11.5145199476007
2025-04-16 08:11:40,3,-37.0071063192199
2025-04-16 08:11:50,4,-59.9414838138306
2025-04-16 08:12:00,1,14.0279153955732
2025-04-16 08:12:10,2,-12.2631528120922
2025-04-16 08:12:20,3,-37.7064998790282
2025-04-16 08:12:30,4,-60.5432907381001
2025-04-16 08:12:40,1,13.2809968793868
2025-04-16 08:12:50,2,-13.0110885328769
2025-04-16 08:13:00,3,-38.4037498751458
2025-04-16 08:13:10,4,-61.1416558579017
2025-04-16 08:13:20,1,12.5333233564304
2025-04-16 08:13:30,2,-13.7582845908167
2025-04-16 08:13:40,3,-39.0988166698496
2025-04-16 08:13:50,4,-61.7365451569847
2025-04-16 08:14:00,1,11.7849373309354
2025-04-16 08:14:10,2,-14.5046985088236
2025-04-16 08:14:20,3,-39.7916607495299
2025-04-16 08:14:30,4,-62.327924816694
2025-04-16 08:14:40,1,11.0358813476392
2025-04-16 08:14:50,2,-15.2502878542717
2025-04-16 08:15:00,3,-40.4822427269341
2025-04-16 08:15:10,4,-62.9157612178937
2025-04-16 08:15:20,1,10.286197989364
2025-04-16 08:15:30,2,-15.9950102414126
2025-04-16 08:15:40,3,-41.1705233434082
2025-04-16 08:15:50,4,-63.5000209428761
2025-04-16 08:16:00,1,9.53592987459892
2025-04-16 08:16:10,2,-16.7388233337816
2025-04-16 08:16:20,3,-41.8564634711265
2025-04-16 08:16:30,4,-64.0806707772641
2025-04-16 08:16:40,1,8.78511965507421
2025-04-16 08:16:50,2,-17.4816848466078
2025-04-16 08:17:00,3,-42.5400241153177
2025-04-16 08:17:10,4,-64.6576777118967
2025-04-16 08:17:20,1,8.03381001333951
2025-04-16 08:17:30,2,-18.2235525492148
2025-04-16 08:17:40,3,-43.2211664164806
2025-04-16 08:17:50,4,-65.2310089447079
2025-04-16 08:18:00,1,7.28204366033449
2025-04-16 08:18:10,2,-18.9643842674244
2025-04-16 08:18:20,3,-43.899851652593
2025-04-16 08:18:30,4,-65.8006318825896
2025-04-16 08:18:40,1,6.52986333296368
2025-04-16 08:18:50,2,-19.7041378859515
2025-04-16 08:19:00,3,-44.5760412413148
2025-04-16 08:19:10,4,-66.366514143246
2025-04-16 08:19:20,1,5.77731179166407
2025-04-16 08:19:30,2,-20.4427713508006
2025-04-16 08:19:40,3,-45.2496967421786
2025-04-16 08:19:50,4,-66.9286235570329
2025-04-16 08:20:00,1,5.02443181797708
2025-04-16 08:20:10,2,-21.1802426716545
2025-04-16 08:20:20,3,-45.9207798587781
2025-04-16 08:20:30,4,-67.4869281687883
2025-04-16 08:20:40,1,4.27126621211365
2025-04-16 08:20:50,2,-21.9165099242625
2025-04-16 08:21:00,3,-46.5892524409419
2025-04-16 08:21:10,4,-68.0413962396472
2025-04-16 08:21:20,1,3.51785779052393
2025-04-16 08:21:30,2,-22.6515312528243
2025-04-16 08:21:40,3,-47.2550764869054
2025-04-16 08:21:50,4,-68.5919962488476
2025-04-16 08:22:00,1,2.76424938346042
2025-04-16 08:22:10,2,-23.3852648723676
2025-04-16 08:22:20,3,-47.9182141454686
2025-04-16 08:22:30,4,-69.1386968955206
2025-04-16 08:22:40,1,2.01048383254558
2025-04-16 08:22:50,2,-24.1176690711257
2025-04-16 08:23:00,3,-48.5786277181501
2025-04-16 08:23:10,4,-69.681467100472
2025-04-16 08:23:20,1,1.25660398833527
2025-04-16 08:23:30,2,-24.8487022129066
2025-04-16 08:23:40,3,-49.2362796613278
2025-04-16 08:23:50,4,-70.2202760079467
2025-04-16 08:24:00,1,0.502652707881728
2025-04-16 08:24:10,2,-25.5783227394623
2025-04-16 08:24:20,3,-49.8911325883759
2025-04-16 08:24:30,4,-70.7550929873852
2025-04-16 08:24:40,1,-0.251327147700342
2025-04-16 08:24:50,2,-26.3064891728485
2025-04-16 08:25:00,3,-50.5431492717876
2025-04-16 08:25:10,4,-71.2858876351627
2025-04-16 08:25:20,1,-1.0052927156732
2025-04-16 08:25:30,2,-27.0331601177859
2025-04-16 08:25:40,3,-51.1922926452939
2025-04-16 08:25:50,4,-71.8126297763189
2025-04-16 08:26:00,1,-1.75920113410992
2025-04-16 08:26:10,2,-27.7582942640101
2025-04-16 08:26:20,3,-51.8385258059685
2025-04-16 08:26:30,4,-72.3352894662736
2025-04-16 08:26:40,1,-2.51300954433386
2025-04-16 08:26:50,2,-28.4818503886228
2025-04-16 08:27:00,3,-52.4818120163279
2025-04-16 08:27:10,4,-72.8538369925273
2025-04-16 08:27:20,1,-3.2666750933523
2025-04-16 08:27:30,2,-29.2037873584333
2025-04-16 08:27:40,3,-53.1221147064179
2025-04-16 08:27:50,4,-73.3682428763528
2025-04-16 08:28:00,1,-4.02015493629541
2025-04-16 08:28:10,2,-29.9240641322984
2025-04-16 08:28:20,3,-53.7593974758933
2025-04-16 08:28:30,4,-73.8784778744683
2025-04-16 08:28:40,1,-4.77340623884907
2025-04-16 08:28:50,2,-30.6426397634539
2025-04-16 08:29:00,3,-54.3936240960883
2025-04-16 08:29:10,4,-74.3845129807026
2025-04-16 08:29:20,1,-5.52638617969279
2025-04-16 08:29:30,2,-31.3594734018444
2025-04-16 08:29:40,3,-55.0247585120739
2025-04-16 08:29:50,4,-74.8863194276416
2025-04-16 08:30:00,1,-6.27905195293122
2025-04-16 08:30:10,2,-32.0745242964435
2025-04-16 08:30:20,3,-55.6527648447099
2025-04-16 08:30:30,4,-75.3838686882654
2025-04-16 08:30:40,1,-7.03136077053042
2025-04-16 08:30:50,2,-32.7877517975714
2025-04-16 08:31:00,3,-56.2776073926822
2025-04-16 08:31:10,4,-75.877132477569
2025-04-16 08:31:20,1,-7.78326986474751
2025-04-16 08:31:30,2,-33.4991153592067
2025-04-16 08:31:40,3,-56.8992506345348
2025-04-16 08:31:50,4,-76.3660827541713
2025-04-16 08:32:00,1,-8.53473649056472
2025-04-16 08:32:10,2,-34.2085745412892
2025-04-16 08:32:20,3,-57.5176592306868
2025-04-16 08:32:30,4,-76.8506917219076
2025-04-16 08:32:40,1,-9.28571792811697
2025-04-16 08:32:50,2,-34.9160890120213
2025-04-16 08:33:00,3,-58.1327980254437
2025-04-16 08:33:10,4,-77.3309318314119
2025-04-16 08:33:20,1,-10.0361714851215
2025-04-16 08:33:30,2,-35.6216185501585
2025-04-16 08:33:40,3,-58.7446320489936
2025-04-16 08:33:50,4,-77.8067757816808
2025-04-16 08:34:00,1,-10.7860544993058
2025-04-16 08:34:10,2,-36.3251230472981
2025-04-16 08:34:20,3,-59.3531265193975
2025-04-16 08:34:30,4,-78.2781965216276
2025-04-16 08:34:40,1,-11.5353243408308
2025-04-16 08:34:50,2,-37.0265625101572
2025-04-16 08:35:00,3,-59.9582468445645
2025-04-16 08:35:10,4,-78.7451672516185
2025-04-16 08:35:20,1,-12.2839384147166
2025-04-16 08:35:30,2,-37.7258970628484
2025-04-16 08:35:40,3,-60.5599586242203
2025-04-16 08:35:50,4,-79.2076614249968
2025-04-16 08:36:00,1,-13.0318541632614
2025-04-16 08:36:10,2,-38.4230869491445
2025-04-16 08:36:20,3,-61.1582276518609
2025-04-16 08:36:30,4,-79.6656527495924
2025-04-16 08:36:40,1,-13.7790290684639
2025-04-16 08:36:50,2,-39.118092534741
2025-04-16 08:37:00,3,-61.7530199166989
2025-04-16 08:37:10,4,-80.1191151892156
2025-04-16 08:37:20,1,-14.5254206544372
2025-04-16 08:37:30,2,-39.8108743095063
2025-04-16 08:37:40,3,-62.3443016055956
2025-04-16 08:37:50,4,-80.5680229651384
2025-04-16 08:38:00,1,-15.2709864898264
2025-04-16 08:38:10,2,-40.5013928897312
2025-04-16 08:38:20,3,-62.9320391049837
2025-04-16 08:38:30,4,-81.0123505575582
2025-04-16 08:38:40,1,-16.0156841902181
2025-04-16 08:38:50,2,-41.1896090203644
2025-04-16 08:39:00,3,-63.5161990027792
2025-04-16 08:39:10,4,-81.4520727070511
2025-04-16 08:39:20,1,-16.7594714205525
2025-04-16 08:39:30,2,-41.8754835772474
2025-04-16 08:39:40,3,-64.0967480902789
2025-04-16 08:39:50,4,-81.8871644160049
2025-04-16 08:40:00,1,-17.5023058975275
2025-04-16 08:40:10,2,-42.5589775693357
2025-04-16 08:40:20,3,-64.67365336405
2025-04-16 08:40:30,4,-82.3176009500429
2025-04-16 08:40:40,1,-18.2441453920051
2025-04-16 08:40:50,2,-43.2400521409169
2025-04-16 08:41:00,3,-65.2468820278051
2025-04-16 08:41:10,4,-82.7433578394281
2025-04-16 08:41:20,1,-18.9849477314093
2025-04-16 08:41:30,2,-43.9186685738203
2025-04-16 08:41:40,3,-65.8164014942677
2025-04-16 08:41:50,4,-83.1644108804555
2025-04-16 08:42:00,1,-19.7246708021263
2025-04-16 08:42:10,2,-44.5947882896159
2025-04-16 08:42:20,3,-66.3821793870234
2025-04-16 08:42:30,4,-83.580736136827
2025-04-16 08:42:40,1,-20.4632725518965
2025-04-16 08:42:50,2,-45.2683728518098
2025-04-16 08:43:00,3,-66.944183542362
2025-04-16 08:43:10,4,-83.9923099410133
2025-04-16 08:43:20,1,-21.2007109922055
2025-04-16 08:43:30,2,-45.9393839680269
2025-04-16 08:43:40,3,-67.5023820111046
2025-04-16 08:43:50,4,-84.399108895598
2025-04-16 08:44:00,1,-21.9369442006728
2025-04-16 08:44:10,2,-46.6077834921905
2025-04-16 08:44:20,3,-68.0567430604209
2025-04-16 08:44:30,4,-84.8011098746092
2025-04-16 08:44:40,1,-22.6719303234321
2025-04-16 08:44:50,2,-47.273533426688
2025-04-16 08:45:00,3,-68.6072351756322
2025-04-16 08:45:10,4,-85.1982900248331
2025-04-16 08:45:20,1,-23.405627577514
2025-04-16 08:45:30,2,-47.9365959245336
2025-04-16 08:45:40,3,-69.1538270620042
2025-04-16 08:45:50,4,-85.5906267671133
2025-04-16 08:46:00,1,-24.1379942532177
2025-04-16 08:46:10,2,-48.5969332915174
2025-04-16 08:46:20,3,-69.6964876465244
2025-04-16 08:46:30,4,-85.9780977976353
2025-04-16 08:46:40,1,-24.8689887164856
2025-04-16 08:46:50,2,-49.254507988351
2025-04-16 08:47:00,3,-70.2351860796708
2025-04-16 08:47:10,4,-86.3606810891928
2025-04-16 08:47:20,1,-25.5985694112672
2025-04-16 08:47:30,2,-49.9092826327985
2025-04-16 08:47:40,3,-70.7698917371631
2025-04-16 08:47:50,4,-86.7383548924417
2025-04-16 08:48:00,1,-26.3266948618841
2025-04-16 08:48:10,2,-50.5612200018046
2025-04-16 08:48:20,3,-71.3005742217053
2025-04-16 08:48:30,4,-87.1110977371353
2025-04-16 08:48:40,1,-27.0533236753853
2025-04-16 08:48:50,2,-51.2102830336082
2025-04-16 08:49:00,3,-71.827203364714
2025-04-16 08:49:10,4,-87.4788884333454
2025-04-16 08:49:20,1,-27.7784145439028
2025-04-16 08:49:30,2,-51.8564348298513
2025-04-16 08:49:40,3,-72.3497492280317
2025-04-16 08:49:50,4,-87.8417060726665
2025-04-16 08:50:00,1,-28.5019262469975
2025-04-16 08:50:10,2,-52.499638657675
2025-04-16 08:50:20,3,-72.8681821056311
2025-04-16 08:50:30,4,-88.1995300294051
2025-04-16 08:50:40,1,-29.223817654005
2025-04-16 08:50:50,2,-53.1398579518084
2025-04-16 08:51:00,3,-73.3824725253014
2025-04-16 08:51:10,4,-88.5523399617513
2025-04-16 08:51:20,1,-29.9440477263713
2025-04-16 08:51:30,2,-53.7770563166483
2025-04-16 08:51:40,3,-73.8925912503259
2025-04-16 08:51:50,4,-88.9001158129365
2025-04-16 08:52:00,1,-30.6625755199882
2025-04-16 08:52:10,2,-54.411197528326
2025-04-16 08:52:20,3,-74.3985092811423
2025-04-16 08:52:30,4,-89.2428378123718
2025-04-16 08:52:40,1,-31.3793601875186
2025-04-16 08:52:50,2,-55.0422455367689
2025-04-16 08:53:00,3,-74.900197856993
2025-04-16 08:53:10,4,-89.5804864767739
2025-04-16 08:53:20,1,-32.094360980721
2025-04-16 08:53:30,2,-55.6701644677477
2025-04-16 08:53:40,3,-75.3976284575581
2025-04-16 08:53:50,4,-89.9130426112711
2025-04-16 08:54:00,1,-32.8075372527637
2025-04-16 08:54:10,2,-56.2949186249184
2025-04-16 08:54:20,3,-75.8907728045791
2025-04-16 08:54:30,4,-90.2404873104958
2025-04-16 08:54:40,1,-33.5188484605367
2025-04-16 08:54:50,2,-56.9164724918486
2025-04-16 08:55:00,3,-76.3796028634641
2025-04-16 08:55:10,4,-90.5628019596578
2025-04-16 08:55:20,1,-34.2282541669573
2025-04-16 08:55:30,2,-57.5347907340394
2025-04-16 08:55:40,3,-76.8640908448836
2025-04-16 08:55:50,4,-90.8799682356041
2025-04-16 08:56:00,1,-34.9357140432667
2025-04-16 08:56:10,2,-58.1498382009316
2025-04-16 08:56:20,3,-77.3442092063486
2025-04-16 08:56:30,4,-91.1919681078592
2025-04-16 08:56:40,1,-35.6411878713252
2025-04-16 08:56:50,2,-58.7615799279063
2025-04-16 08:57:00,3,-77.8199306537778
2025-04-16 08:57:10,4,-91.498783839651
2025-04-16 08:57:20,1,-36.344635545896
2025-04-16 08:57:30,2,-59.3699811382705
2025-04-16 08:57:40,3,-78.2912281430476
2025-04-16 08:57:50,4,-91.8003979889189
2025-04-16 08:58:00,1,-37.0460170769277
2025-04-16 08:58:10,2,-59.975007245236
2025-04-16 08:58:20,3,-78.7580748815317
2025-04-16 08:58:30,4,-92.0967934093048
2025-04-16 08:58:40,1,-37.745292591825
2025-04-16 08:58:50,2,-60.5766238538835
2025-04-16 08:59:00,3,-79.2204443296219
2025-04-16 08:59:10,4,-92.3879532511288
2025-04-16 08:59:20,1,-38.4424223377181
2025-04-16 08:59:30,2,-61.1747967631205
2025-04-16 08:59:40,3,-79.6783102022383
2025-04-16 08:59:50,4,-92.6738609623461
2025-04-16 09:00:00,1,-39.1373666837201
2025-04-16 09:00:10,2,-61.7694919676227
2025-04-16 09:00:20,3,-80.1316464703235
2025-04-16 09:00:30,4,-92.9545002894891
2025-04-16 09:00:40,1,-39.8300861231823
2025-04-16 09:00:50,2,-62.36067565977
2025-04-16 09:01:00,3,-80.5804273623214
2025-04-16 09:01:10,4,-93.22985527859
2025-04-16 09:01:20,1,-40.5205412759377
2025-04-16 09:01:30,2,-62.9483142315662
2025-04-16 09:01:40,3,-81.0246273656436
2025-04-16 09:01:50,4,-93.4999102760891
2025-04-16 09:02:00,1,-41.2086928905421
2025-04-16 09:02:10,2,-63.5323742765501
2025-04-16 09:02:20,3,-81.4642212281183
2025-04-16 09:02:30,4,-93.7646499297236
2025-04-16 09:02:40,1,-41.8945018465034
2025-04-16 09:02:50,2,-64.1128225916962
2025-04-16 09:03:00,3,-81.8991839594273
2025-04-16 09:03:10,4,-94.0240591894012
2025-04-16 09:03:20,1,-42.5779291565073
2025-04-16 09:03:30,2,-64.6896261792996
2025-04-16 09:03:40,3,-82.3294908325254
2025-04-16 09:03:50,4,-94.278123308055
2025-04-16 09:04:00,1,-43.2589359686323
2025-04-16 09:04:10,2,-65.2627522488543
2025-04-16 09:04:20,3,-82.7551173850472
2025-04-16 09:04:30,4,-94.5268278424826
2025-04-16 09:04:40,1,-43.9374835685586
2025-04-16 09:04:50,2,-65.8321682189154
2025-04-16 09:05:00,3,-83.1760394206966
2025-04-16 09:05:10,4,-94.7701586541661
2025-04-16 09:05:20,1,-44.6135333817707
2025-04-16 09:05:30,2,-66.3978417189531
2025-04-16 09:05:40,3,-83.5922330106235
2025-04-16 09:05:50,4,-95.0081019100772
2025-04-16 09:06:00,1,-45.2870469757472
2025-04-16 09:06:10,2,-66.9597405911907
2025-04-16 09:06:20,3,-84.003674494783
2025-04-16 09:06:30,4,-95.2406440834624
2025-04-16 09:06:40,1,-45.9579860621489
2025-04-16 09:06:50,2,-67.5178328924355
2025-04-16 09:07:00,3,-84.4103404832818
2025-04-16 09:07:10,4,-95.4677719546125
2025-04-16 09:07:20,1,-46.6263124989924
2025-04-16 09:07:30,2,-68.0720868958918
2025-04-16 09:07:40,3,-84.8122078577062
2025-04-16 09:07:50,4,-95.6894726116143
2025-04-16 09:08:00,1,-47.2919882928214
2025-04-16 09:08:10,2,-68.6224710929672
2025-04-16 09:08:20,3,-85.2092537724381
2025-04-16 09:08:30,4,-95.9057334510843
2025-04-16 09:08:40,1,-47.9549756008635
2025-04-16 09:08:50,2,-69.1689541950615
2025-04-16 09:09:00,3,-85.6014556559521
2025-04-16 09:09:10,4,-96.1165421788853
2025-04-16 09:09:20,1,-48.6152367331848
2025-04-16 09:09:30,2,-69.7115051353474
2025-04-16 09:09:40,3,-85.9887912120997
2025-04-16 09:09:50,4,-96.3218868108251
2025-04-16 09:10:00,1,-49.2727341548291
2025-04-16 09:10:10,2,-70.2500930705348
2025-04-16 09:10:20,3,-86.3712384213771
2025-04-16 09:10:30,4,-96.5217556733385
2025-04-16 09:10:40,1,-49.927430487955
2025-04-16 09:10:50,2,-70.7846873826262
2025-04-16 09:11:00,3,-86.7487755421756
2025-04-16 09:11:10,4,-96.7161374041497
2025-04-16 09:11:20,1,-50.5792885139578
2025-04-16 09:11:30,2,-71.3152576806551
2025-04-16 09:11:40,3,-87.121381112019
2025-04-16 09:11:50,4,-96.9050209529197
2025-04-16 09:12:00,1,-51.228271175588
2025-04-16 09:12:10,2,-71.8417738024153
2025-04-16 09:12:20,3,-87.4890339487827
2025-04-16 09:12:30,4,-97.0883955818731
2025-04-16 09:12:40,1,-51.8743415790556
2025-04-16 09:12:50,2,-72.3642058161753
2025-04-16 09:13:00,3,-87.8517131518988
2025-04-16 09:13:10,4,-97.2662508664096
2025-04-16 09:13:20,1,-52.5174629961296
2025-04-16 09:13:30,2,-72.8825240223788
2025-04-16 09:13:40,3,-88.2093981035431
2025-04-16 09:13:50,4,-97.4385766956958
2025-04-16 09:14:00,1,-53.157598866224
2025-04-16 09:14:10,2,-73.3966989553351
2025-04-16 09:14:20,3,-88.5620684698087
2025-04-16 09:14:30,4,-97.6053632732409
2025-04-16 09:14:40,1,-53.7947127984771
2025-04-16 09:14:50,2,-73.9067013848918
2025-04-16 09:15:00,3,-88.9097042018603
2025-04-16 09:15:10,4,-97.7666011174524
2025-04-16 09:15:20,1,-54.4287685738214
2025-04-16 09:15:30,2,-74.4125023180987
2025-04-16 09:15:40,3,-89.2522855370754
2025-04-16 09:15:50,4,-97.9222810621766
2025-04-16 09:16:00,1,-55.0597301470401
2025-04-16 09:16:10,2,-74.9140730008541
2025-04-16 09:16:20,3,-89.5897930001665
2025-04-16 09:16:30,4,-98.0723942572183
2025-04-16 09:16:40,1,-55.6875616488189
2025-04-16 09:16:50,2,-75.4113849195412
2025-04-16 09:17:00,3,-89.9222074042898
2025-04-16 09:17:10,4,-98.2169321688446
2025-04-16 09:17:20,1,-56.3122273877826
2025-04-16 09:17:30,2,-75.9044098026474
2025-04-16 09:17:40,3,-90.2495098521341
2025-04-16 09:17:50,4,-98.3558865802703
2025-04-16 09:18:00,1,-56.9336918525266
2025-04-16 09:18:10,2,-76.3931196223731
2025-04-16 09:18:20,3,-90.5716817369966
2025-04-16 09:18:30,4,-98.4892495921241
2025-04-16 09:18:40,1,-57.551919713633
2025-04-16 09:18:50,2,-76.8774865962234
2025-04-16 09:19:00,3,-90.88870474384
2025-04-16 09:19:10,4,-98.6170136228989
2025-04-16 09:19:20,1,-58.1668758256822
2025-04-16 09:19:30,2,-77.3574831885891
2025-04-16 09:19:40,3,-91.2005608503333
2025-04-16 09:19:50,4,-98.7391714093816
2025-04-16 09:20:00,1,-58.7785252292473
2025-04-16 09:20:10,2,-77.8330821123106
2025-04-16 09:20:20,3,-91.5072323278778
2025-04-16 09:20:30,4,-98.8557160070666
2025-04-16 09:20:40,1,-59.3868331528848
2025-04-16 09:20:50,2,-78.3042563302305
2025-04-16 09:21:00,3,-91.8087017426129
2025-04-16 09:21:10,4,-98.9666407905508
2025-04-16 09:21:20,1,-59.9917650151087
2025-04-16 09:21:30,2,-78.7709790567296
2025-04-16 09:21:40,3,-92.104951956409
2025-04-16 09:21:50,4,-99.0719394539098
2025-04-16 09:22:00,1,-60.5932864263587
2025-04-16 09:22:10,2,-79.2332237592496
2025-04-16 09:22:20,3,-92.3959661278406
2025-04-16 09:22:30,4,-99.1716060110563
2025-04-16 09:22:40,1,-61.1913631909527
2025-04-16 09:22:50,2,-79.6909641598028
2025-04-16 09:23:00,3,-92.6817277131446
2025-04-16 09:23:10,4,-99.2656347960811
2025-04-16 09:23:20,1,-61.7859613090335
2025-04-16 09:23:30,2,-80.1441742364641
2025-04-16 09:23:40,3,-92.9622204671598
2025-04-16 09:23:50,4,-99.3540204635743
2025-04-16 09:24:00,1,-62.3770469784992
2025-04-16 09:24:10,2,-80.5928282248518
2025-04-16 09:24:20,3,-93.2374284442514
2025-04-16 09:24:30,4,-99.4367579889301
2025-04-16 09:24:40,1,-62.964586596926
2025-04-16 09:24:50,2,-81.0369006195911
2025-04-16 09:25:00,3,-93.5073359992168
2025-04-16 09:25:10,4,-99.5138426686316
2025-04-16 09:25:20,1,-63.5485467634792
2025-04-16 09:25:30,2,-81.4763661757653
2025-04-16 09:25:40,3,-93.7719277881754
2025-04-16 09:25:50,4,-99.5852701205186
2025-04-16 09:26:00,1,-64.1288942808099
2025-04-16 09:26:10,2,-81.9111999103496
2025-04-16 09:26:20,3,-94.0311887694405
2025-04-16 09:26:30,4,-99.6510362840368
2025-04-16 09:26:40,1,-64.7055961569446
2025-04-16 09:26:50,2,-82.3413771036327
2025-04-16 09:27:00,3,-94.2851042043749
2025-04-16 09:27:10,4,-99.7111374204684
2025-04-16 09:27:20,1,-65.2786196071583
2025-04-16 09:27:30,2,-82.7668733006207
2025-04-16 09:27:40,3,-94.5336596582284
2025-04-16 09:27:50,4,-99.7655701131449
2025-04-16 09:28:00,1,-65.8479320558411
2025-04-16 09:28:10,2,-83.1876643124286
2025-04-16 09:28:20,3,-94.7768410009586
2025-04-16 09:28:30,4,-99.8143312676411
2025-04-16 09:28:40,1,-66.413501138347
2025-04-16 09:28:50,2,-83.6037262176543
2025-04-16 09:29:00,3,-95.0146344080336
2025-04-16 09:29:10,4,-99.857418111951
2025-04-16 09:29:20,1,-66.9752947028365
2025-04-16 09:29:30,2,-84.0150353637397
2025-04-16 09:29:40,3,-95.2470263612192
2025-04-16 09:29:50,4,-99.8948281966456
2025-04-16 09:30:00,1,-67.5332808121024
2025-04-16 09:30:10,2,-84.4215683683139
2025-04-16 09:30:20,3,-95.4740036493459
2025-04-16 09:30:30,4,-99.9265593950121
2025-04-16 09:30:40,1,-68.0874277453869
2025-04-16 09:30:50,2,-84.8233021205239
2025-04-16 09:31:00,3,-95.6955533690607
2025-04-16 09:31:10,4,-99.9526099031745
2025-04-16 09:31:20,1,-68.6377040001833
2025-04-16 09:31:30,2,-85.2202137823471
2025-04-16 09:31:40,3,-95.9116629255609
2025-04-16 09:31:50,4,-99.9729782401967
2025-04-16 09:32:00,1,-69.1840782940289
2025-04-16 09:32:10,2,-85.6122807898908
2025-04-16 09:32:20,3,-96.1223200333094
2025-04-16 09:32:30,4,-99.9876632481661
2025-04-16 09:32:40,1,-69.726519566281
2025-04-16 09:32:50,2,-85.9994808546742
2025-04-16 09:33:00,3,-96.3275127167336
2025-04-16 09:33:10,4,-99.9966640922597
2025-04-16 09:33:20,1,-70.264996979885
2025-04-16 09:33:30,2,-86.3817919648951
2025-04-16 09:33:40,3,-96.5272293109061
2025-04-16 09:33:50,4,-99.9999802607918
2025-04-16 09:34:00,1,-70.7994799231252
2025-04-16 09:34:10,2,-86.7591923866827
2025-04-16 09:34:20,3,-96.7214584622077
2025-04-16 09:34:30,4,-99.9976115652427
2025-04-16 09:34:40,1,-71.3299380113673
2025-04-16 09:34:50,2,-87.1316606653313
2025-04-16 09:35:00,3,-96.9101891289728
2025-04-16 09:35:10,4,-99.9895581402694
2025-04-16 09:35:20,1,-71.8563410887838
2025-04-16 09:35:30,2,-87.4991756265218
2025-04-16 09:35:40,3,-97.0934105821177
2025-04-16 09:35:50,4,-99.9758204436984
2025-04-16 09:36:00,1,-72.378659230069
2025-04-16 09:36:10,2,-87.8617163775237
2025-04-16 09:36:20,3,-97.2711124057495
2025-04-16 09:36:30,4,-99.9563992564992
2025-04-16 09:36:40,1,-72.8968627421413
2025-04-16 09:36:50,2,-88.2192623083843
2025-04-16 09:37:00,3,-97.4432844977593
2025-04-16 09:37:10,4,-99.93129568274
2025-04-16 09:37:20,1,-73.4109221658288
2025-04-16 09:37:30,2,-88.571793093099
2025-04-16 09:37:40,3,-97.6099170703955
2025-04-16 09:37:50,4,-99.9005111495252
2025-04-16 09:38:00,1,-73.9208082775469
2025-04-16 09:38:10,2,-88.9192886907683
2025-04-16 09:38:20,3,-97.7710006508212
2025-04-16 09:38:30,4,-99.8640474069141
2025-04-16 09:38:40,1,-74.426492090957
2025-04-16 09:38:50,2,-89.2617293467356
2025-04-16 09:39:00,3,-97.9265260816518
2025-04-16 09:39:10,4,-99.8219065278212
2025-04-16 09:39:20,1,-74.9279448586162
2025-04-16 09:39:30,2,-89.5990955937114
2025-04-16 09:39:40,3,-98.0764845214763
2025-04-16 09:39:50,4,-99.7740909078987
2025-04-16 09:40:00,1,-75.4251380736103
2025-04-16 09:40:10,2,-89.9313682528791
2025-04-16 09:40:20,3,-98.2208674453595
2025-04-16 09:40:30,4,-99.7206032654002
2025-04-16 09:40:40,1,-75.9180434711757
2025-04-16 09:40:50,2,-90.2585284349861
2025-04-16 09:41:00,3,-98.3596666453268
2025-04-16 09:41:10,4,-99.661446641026
2025-04-16 09:41:20,1,-76.4066330303044
2025-04-16 09:41:30,2,-90.5805575414169
2025-04-16 09:41:40,3,-98.4928742308308
2025-04-16 09:41:50,4,-99.5966243977505
2025-04-16 09:42:00,1,-76.8908789753392
2025-04-16 09:42:10,2,-90.8974372652512
2025-04-16 09:42:20,3,-98.6204826291998
2025-04-16 09:42:30,4,-99.5261402206308
2025-04-16 09:42:40,1,-77.3707537775502
2025-04-16 09:42:50,2,-91.2091495923035
2025-04-16 09:43:00,3,-98.7424845860684
2025-04-16 09:43:10,4,-99.4499981165974
2025-04-16 09:43:20,1,-77.8462301567024
2025-04-16 09:43:30,2,-91.5156768021482
2025-04-16 09:43:40,3,-98.8588731657897
2025-04-16 09:43:50,4,-99.3682024142264
2025-04-16 09:44:00,1,-78.3172810826039
2025-04-16 09:44:10,2,-91.8170014691268
2025-04-16 09:44:20,3,-98.96964175183
2025-04-16 09:44:30,4,-99.280757763493
2025-04-16 09:44:40,1,-78.7838797766452
2025-04-16 09:44:50,2,-92.113106463338
2025-04-16 09:45:00,3,-99.0747840471443
2025-04-16 09:45:10,4,-99.1876691355078
2025-04-16 09:45:20,1,-79.2459997133192
2025-04-16 09:45:30,2,-92.4039749516122
2025-04-16 09:45:40,3,-99.1742940745351
2025-04-16 09:45:50,4,-99.0889418222338
2025-04-16 09:46:00,1,-79.7036146217301
2025-04-16 09:46:10,2,-92.6895903984676
2025-04-16 09:46:20,3,-99.2681661769912
2025-04-16 09:46:30,4,-98.9845814361859
2025-04-16 09:46:40,1,-80.1566984870878
2025-04-16 09:46:50,2,-92.9699365670515
2025-04-16 09:47:00,3,-99.3563950180103
2025-04-16 09:47:10,4,-98.874593910111
2025-04-16 09:47:20,1,-80.6052255521847
2025-04-16 09:47:30,2,-93.2449975200616
2025-04-16 09:47:40,3,-99.4389755819016
2025-04-16 09:47:50,4,-98.7589854966519
2025-04-16 09:48:00,1,-81.0491703188623
2025-04-16 09:48:10,2,-93.514757620654
2025-04-16 09:48:20,3,-99.5159031740715
2025-04-16 09:48:30,4,-98.6377627679912
2025-04-16 09:48:40,1,-81.4885075494586
2025-04-16 09:48:50,2,-93.7792015333302
2025-04-16 09:49:00,3,-99.5871734212899
2025-04-16 09:49:10,4,-98.5109326154774
2025-04-16 09:49:20,1,-81.9232122682446
2025-04-16 09:49:30,2,-94.0383142248105
2025-04-16 09:49:40,3,-99.6527822719395
2025-04-16 09:49:50,4,-98.3785022492338
2025-04-16 09:50:00,1,-82.3532597628427
2025-04-16 09:50:10,2,-94.2920809648874
2025-04-16 09:50:20,3,-99.7127259962455
2025-04-16 09:50:30,4,-98.2404791977481
2025-04-16 09:50:40,1,-82.7786255856329
2025-04-16 09:50:50,2,-94.5404873272642
2025-04-16 09:51:00,3,-99.7670011864879
2025-04-16 09:51:10,4,-98.0968713074449
2025-04-16 09:51:20,1,-83.199285555141
2025-04-16 09:51:30,2,-94.7835191903736
2025-04-16 09:51:40,3,-99.8156047571954
2025-04-16 09:51:50,4,-97.9476867422391
2025-04-16 09:52:00,1,-83.6152157574154
2025-04-16 09:52:10,2,-95.0211627381821
2025-04-16 09:52:20,3,-99.8585339453204
2025-04-16 09:52:30,4,-97.7929339830722
2025-04-16 09:52:40,1,-84.0263925473841
2025-04-16 09:52:50,2,-95.2534044609742
2025-04-16 09:53:00,3,-99.8957863103966
2025-04-16 09:53:10,4,-97.6326218274298
2025-04-16 09:53:20,1,-84.4327925502015
2025-04-16 09:53:30,2,-95.4802311561209
2025-04-16 09:53:40,3,-99.9273597346771
2025-04-16 09:53:50,4,-97.466759388842
2025-04-16 09:54:00,1,-84.8343926625748
2025-04-16 09:54:10,2,-95.7016299288306
2025-04-16 09:54:20,3,-99.9532524232554
2025-04-16 09:54:30,4,-97.2953560963648
2025-04-16 09:54:40,1,-85.2311700540792
2025-04-16 09:54:50,2,-95.9175881928813
2025-04-16 09:55:00,3,-99.973462904167
2025-04-16 09:55:10,4,-97.1184216940444
2025-04-16 09:55:20,1,-85.6231021684547
2025-04-16 09:55:30,2,-96.128093671337
2025-04-16 09:55:40,3,-99.9879900284733
2025-04-16 09:55:50,4,-96.9359662403629
2025-04-16 09:56:00,1,-86.0101667248889
2025-04-16 09:56:10,2,-96.3331343972447
2025-04-16 09:56:20,3,-99.9968329703269
2025-04-16 09:56:30,4,-96.7480001076671
2025-04-16 09:56:40,1,-86.3923417192836
2025-04-16 09:56:50,2,-96.5326987143158
2025-04-16 09:57:00,3,-99.9999912270184
2025-04-16 09:57:10,4,-96.5545339815781
2025-04-16 09:57:20,1,-86.7696054255054
2025-04-16 09:57:30,2,-96.7267752775877
2025-04-16 09:57:40,3,-99.9974646190053
2025-04-16 09:57:50,4,-96.3555788603845
2025-04-16 09:58:00,1,-87.1419363966213
2025-04-16 09:58:10,2,-96.9153530540696
2025-04-16 09:58:20,3,-99.9892532899217
2025-04-16 09:58:30,4,-96.1511460544168
2025-04-16 09:58:40,1,-87.5093134661173
2025-04-16 09:58:50,2,-97.0984213233688
2025-04-16 09:59:00,3,-99.9753577065707
2025-04-16 09:59:10,4,-95.9412471854042
2025-04-16 09:59:20,1,-87.8717157491025
2025-04-16 09:59:30,2,-97.2759696783012
2025-04-16 09:59:40,3,-99.9557786588975
2025-04-16 09:59:50,4,-95.7258941858148
2025-04-16 10:00:00,1,-88.2291226434953
2025-04-16 10:00:10,2,-97.447988025482
2025-04-16 10:00:20,3,-99.9305172599445
2025-04-16 10:00:30,4,-95.5050992981761
2025-04-16 10:00:40,1,-88.5815138311958
2025-04-16 10:00:50,2,-97.6144665859003
2025-04-16 10:01:00,3,-99.8995749457882
2025-04-16 10:01:10,4,-95.2788750743799
2025-04-16 10:01:20,1,-88.9288692792397
2025-04-16 10:01:30,2,-97.775395895474
2025-04-16 10:01:40,3,-99.8629534754574
2025-04-16 10:01:50,4,-95.0472343749684
2025-04-16 10:02:00,1,-89.2711692409383
2025-04-16 10:02:10,2,-97.930766805589
2025-04-16 10:02:20,3,-99.8206549308334
2025-04-16 10:02:30,4,-94.8101903684032
2025-04-16 10:02:40,1,-89.6083942569998
2025-04-16 10:02:50,2,-98.0805704836184
2025-04-16 10:03:00,3,-99.7726817165314
2025-04-16 10:03:10,4,-94.5677565303163
2025-04-16 10:03:20,1,-89.9405251566371
2025-04-16 10:03:30,2,-98.2247984134251
2025-04-16 10:03:40,3,-99.719036559764
2025-04-16 10:03:50,4,-94.3199466427449
2025-04-16 10:04:00,1,-90.2675430586559
2025-04-16 10:04:10,2,-98.3634423958457
2025-04-16 10:04:20,3,-99.659722510186
2025-04-16 10:04:30,4,-94.0667747933468
2025-04-16 10:04:40,1,-90.5894293725294
2025-04-16 10:04:50,2,-98.4964945491566
2025-04-16 10:05:00,3,-99.5947429397213
2025-04-16 10:05:10,4,-93.8082553746007
2025-04-16 10:05:20,1,-90.9061657994545
2025-04-16 10:05:30,2,-98.6239473095223
2025-04-16 10:05:40,3,-99.5241015423707
2025-04-16 10:05:50,4,-93.5444030829867
2025-04-16 10:06:00,1,-91.2177343333924
2025-04-16 10:06:10,2,-98.7457934314252
2025-04-16 10:06:20,3,-99.4478023340026
2025-04-16 10:06:30,4,-93.2752329181522
2025-04-16 10:06:40,1,-91.5241172620918
2025-04-16 10:06:50,2,-98.8620259880774
2025-04-16 10:07:00,3,-99.365849652124
2025-04-16 10:07:10,4,-93.000760182058
2025-04-16 10:07:20,1,-91.8252971680962
2025-04-16 10:07:30,2,-98.9726383718149
2025-04-16 10:07:40,3,-99.2782481556344
2025-04-16 10:07:50,4,-92.7210004781095
2025-04-16 10:08:00,1,-92.121256929734
2025-04-16 10:08:10,2,-99.0776242944727
2025-04-16 10:08:20,3,-99.1850028245609
2025-04-16 10:08:30,4,-92.4359697102684
2025-04-16 10:08:40,1,-92.4119797220916
2025-04-16 10:08:50,2,-99.1769777877426
2025-04-16 10:09:00,3,-99.0861189597748
2025-04-16 10:09:10,4,-92.1456840821497
2025-04-16 10:09:20,1,-92.6974490179702
2025-04-16 10:09:30,2,-99.2706932035124
2025-04-16 10:09:40,3,-98.9816021826905
2025-04-16 10:09:50,4,-91.8501600961004
2025-04-16 10:10:00,1,-92.9776485888251
2025-04-16 10:10:10,2,-99.3587652141871
2025-04-16 10:10:20,3,-98.8714584349461
2025-04-16 10:10:30,4,-91.5494145522604
2025-04-16 10:10:40,1,-93.2525625056886
2025-04-16 10:10:50,2,-99.4411888129917
2025-04-16 10:11:00,3,-98.7556939780649
2025-04-16 10:11:10,4,-91.2434645476087
2025-04-16 10:11:20,1,-93.5221751400747
2025-04-16 10:11:30,2,-99.5179593142555
2025-04-16 10:11:40,3,-98.6343153931003
2025-04-16 10:11:50,4,-90.9323274749904
2025-04-16 10:12:00,1,-93.7864711648689
2025-04-16 10:12:10,2,-99.5890723536792
2025-04-16 10:12:20,3,-98.5073295802614
2025-04-16 10:12:30,4,-90.616021022129
2025-04-16 10:12:40,1,-94.0454355551983
2025-04-16 10:12:50,2,-99.6545238885821
2025-04-16 10:13:00,3,-98.3747437585203
2025-04-16 10:13:10,4,-90.2945631706196
2025-04-16 10:13:20,1,-94.2990535892865
2025-04-16 10:13:30,2,-99.714310198133
2025-04-16 10:13:40,3,-98.2365654652024
2025-04-16 10:13:50,4,-89.9679721949081
2025-04-16 10:14:00,1,-94.5473108492899
2025-04-16 10:14:10,2,-99.7684278835605
2025-04-16 10:14:20,3,-98.0928025555573
2025-04-16 10:14:30,4,-89.6362666612509
2025-04-16 10:14:40,1,-94.7901932221182
2025-04-16 10:14:50,2,-99.8168738683473
2025-04-16 10:15:00,3,-97.9434632023127
2025-04-16 10:15:10,4,-89.2994654266608
2025-04-16 10:15:20,1,-95.0276869002357
2025-04-16 10:15:30,2,-99.8596453984045
2025-04-16 10:15:40,3,-97.7885558952094
2025-04-16 10:15:50,4,-88.9575876378337
2025-04-16 10:16:00,1,-95.2597783824471
2025-04-16 10:16:10,2,-99.8967400422281
2025-04-16 10:16:20,3,-97.6280894405192
2025-04-16 10:16:30,4,-88.6106527300614
2025-04-16 10:16:40,1,-95.4864544746644
2025-04-16 10:16:50,2,-99.9281556910377
2025-04-16 10:17:00,3,-97.4620729605436
2025-04-16 10:17:10,4,-88.2586804261253
2025-04-16 10:17:20,1,-95.7077022906571
2025-04-16 10:17:30,2,-99.953890558896
2025-04-16 10:17:40,3,-97.2905158930957
2025-04-16 10:17:50,4,-87.9016907351768
2025-04-16 10:18:00,1,-95.9235092527855
2025-04-16 10:18:10,2,-99.9739431828105
2025-04-16 10:18:20,3,-97.1134279909636
2025-04-16 10:18:30,4,-87.5397039515983
2025-04-16 10:18:40,1,-96.1338630927143
2025-04-16 10:18:50,2,-99.9883124228165
2025-04-16 10:19:00,3,-96.9308193213559
2025-04-16 10:19:10,4,-87.1727406538508
2025-04-16 10:19:20,1,-96.3387518521116
2025-04-16 10:19:30,2,-99.9969974620422
2025-04-16 10:19:40,3,-96.742700265329
2025-04-16 10:19:50,4,-86.8008217033031
2025-04-16 10:20:00,1,-96.5381638833274
2025-04-16 10:20:10,2,-99.9999978067546
2025-04-16 10:20:20,3,-96.5490815171981
2025-04-16 10:20:30,4,-86.4239682430459
2025-04-16 10:20:40,1,-96.7320878500566
2025-04-16 10:20:50,2,-99.9973132863883
2025-04-16 10:21:00,3,-96.3499740839277
2025-04-16 10:21:10,4,-86.0422016966909
2025-04-16 10:21:20,1,-96.920512727983
2025-04-16 10:21:30,2,-99.9889440535546
2025-04-16 10:21:40,3,-96.145389284507
2025-04-16 10:21:50,4,-85.6555437671512
2025-04-16 10:22:00,1,-97.1034278054065
2025-04-16 10:22:10,2,-99.9748905840332
2025-04-16 10:22:20,3,-95.9353387493064
2025-04-16 10:22:30,4,-85.2640164354092
2025-04-16 10:22:40,1,-97.2808226838512
2025-04-16 10:22:50,2,-99.9551536767448
2025-04-16 10:23:00,3,-95.7198344194153
2025-04-16 10:23:10,4,-84.8676419592657
2025-04-16 10:23:20,1,-97.4526872786577
2025-04-16 10:23:30,2,-99.929734453706
2025-04-16 10:23:40,3,-95.4988885459647
2025-04-16 10:23:50,4,-84.4664428720757
2025-04-16 10:24:00,1,-97.6190118195552
2025-04-16 10:24:10,2,-99.8986343599654
2025-04-16 10:24:20,3,-95.2725136894293
2025-04-16 10:24:30,4,-84.0604419814661
2025-04-16 10:24:40,1,-97.779786851218
2025-04-16 10:24:50,2,-99.8618551635214
2025-04-16 10:25:00,3,-95.0407227189149
2025-04-16 10:25:10,4,-83.6496623680406
2025-04-16 10:25:20,1,-97.935003233802
2025-04-16 10:25:30,2,-99.8193989552217
2025-04-16 10:25:40,3,-94.8035288114255
2025-04-16 10:25:50,4,-83.2341273840663
2025-04-16 10:26:00,1,-98.0846521434652
2025-04-16 10:26:10,2,-99.7712681486446
2025-04-16 10:26:20,3,-94.5609454511152
2025-04-16 10:26:30,4,-82.8138606521471
2025-04-16 10:26:40,1,-98.2287250728689
2025-04-16 10:26:50,2,-99.7174654799614
2025-04-16 10:27:00,3,-94.3129864285208
2025-04-16 10:27:10,4,-82.3888860638798
2025-04-16 10:27:20,1,-98.3672138316611
2025-04-16 10:27:30,2,-99.6579940077815
2025-04-16 10:27:40,3,-94.0596658397787
2025-04-16 10:27:50,4,-81.9592277784975
2025-04-16 10:28:00,1,-98.5001105469426
2025-04-16 10:28:10,2,-99.5928571129778
2025-04-16 10:28:20,3,-93.8009980858228
2025-04-16 10:28:30,4,-81.524910221494
2025-04-16 10:28:40,1,-98.6274076637143
2025-04-16 10:28:50,2,-99.522058498495
2025-04-16 10:29:00,3,-93.5369978715663
2025-04-16 10:29:10,4,-81.0859580832372
2025-04-16 10:29:20,1,-98.7490979453068
2025-04-16 10:29:30,2,-99.4456021891389
2025-04-16 10:29:40,3,-93.2676802050654
2025-04-16 10:29:50,4,-80.6423963175647
2025-04-16 10:30:00,1,-98.8651744737914
2025-04-16 10:30:10,2,-99.3634925313476
2025-04-16 10:30:20,3,-92.9930603966666
2025-04-16 10:30:30,4,-80.1942501403645
2025-04-16 10:30:40,1,-98.9756306503741
2025-04-16 10:30:50,2,-99.2757341929445
2025-04-16 10:31:00,3,-92.7131540581356
2025-04-16 10:31:10,4,-79.7415450281431
2025-04-16 10:31:20,1,-99.0804601957701
2025-04-16 10:31:30,2,-99.1823321628729
2025-04-16 10:31:40,3,-92.4279771017706
2025-04-16 10:31:50,4,-79.2843067165756
2025-04-16 10:32:00,1,-99.179657150561
2025-04-16 10:32:10,2,-99.0832917509122
2025-04-16 10:32:20,3,-92.1375457394972
2025-04-16 10:32:30,4,-78.822561199044
2025-04-16 10:32:40,1,-99.2732158755337
2025-04-16 10:32:50,2,-98.9786185873763
2025-04-16 10:33:00,3,-91.8418764819466
2025-04-16 10:33:10,4,-78.3563347251581
2025-04-16 10:33:20,1,-99.3611310520009
2025-04-16 10:33:30,2,-98.8683186227936
2025-04-16 10:33:40,3,-91.5409861375179
2025-04-16 10:33:50,4,-77.885653799265
2025-04-16 10:34:00,1,-99.443397682103
2025-04-16 10:34:10,2,-98.7523981275682
2025-04-16 10:34:20,3,-91.2348918114213
2025-04-16 10:34:30,4,-77.4105451789404
2025-04-16 10:34:40,1,-99.5200110890933
2025-04-16 10:34:50,2,-98.6308636916242
2025-04-16 10:35:00,3,-90.9236109047069
2025-04-16 10:35:10,4,-76.9310358734693
2025-04-16 10:35:20,1,-99.5909669176028
2025-04-16 10:35:30,2,-98.5037222240303
2025-04-16 10:35:40,3,-90.6071611132743
2025-04-16 10:35:50,4,-76.447153142309
2025-04-16 10:36:00,1,-99.6562611338882
2025-04-16 10:36:10,2,-98.3709809526077
2025-04-16 10:36:20,3,-90.2855604268679
2025-04-16 10:36:30,4,-75.958924493541
2025-04-16 10:36:40,1,-99.7158900260614
2025-04-16 10:36:50,2,-98.2326474235186
2025-04-16 10:37:00,3,-89.958827128053
2025-04-16 10:37:10,4,-75.4663776823053
2025-04-16 10:37:20,1,-99.7698502043002
2025-04-16 10:37:30,2,-98.0887295008378
2025-04-16 10:37:40,3,-89.6269797911774
2025-04-16 10:37:50,4,-74.9695407092248
2025-04-16 10:38:00,1,-99.8181386010413
2025-04-16 10:38:10,2,-97.9392353661051
2025-04-16 10:38:20,3,-89.2900372813147
2025-04-16 10:38:30,4,-74.468441818811
2025-04-16 10:38:40,1,-99.8607524711543
2025-04-16 10:38:50,2,-97.7841735178606
2025-04-16 10:39:00,3,-88.9480187531926
2025-04-16 10:39:10,4,-73.9631094978608
2025-04-16 10:39:20,1,-99.8976893920983
2025-04-16 10:39:30,2,-97.6235527711612
2025-04-16 10:39:40,3,-88.6009436501031
2025-04-16 10:39:50,4,-73.4535724738356
2025-04-16 10:40:00,1,-99.9289472640589
2025-04-16 10:40:10,2,-97.4573822570802
2025-04-16 10:40:20,3,-88.2488317027983
2025-04-16 10:40:30,4,-72.9398597132279
2025-04-16 10:40:40,1,-99.9545243100685
2025-04-16 10:40:50,2,-97.285671422187
2025-04-16 10:41:00,3,-87.8917029283674
2025-04-16 10:41:10,4,-72.4220004199162
2025-04-16 10:41:20,1,-99.9744190761062
2025-04-16 10:41:30,2,-97.1084300280112
2025-04-16 10:41:40,3,-87.5295776291003
2025-04-16 10:41:50,4,-71.9000240335028
2025-04-16 10:42:00,1,-99.9886304311816
2025-04-16 10:42:10,2,-96.9256681504872
2025-04-16 10:42:20,3,-87.1624763913316
2025-04-16 10:42:30,4,-71.3739602276421
2025-04-16 10:42:40,1,-99.9971575673983
2025-04-16 10:42:50,2,-96.7373961793813
2025-04-16 10:43:00,3,-86.7904200842721
2025-04-16 10:43:10,4,-70.8438389083519
2025-04-16 10:43:20,1,-100
2025-04-16 10:43:30,2,-96.5436248177013
2025-04-16 10:43:40,3,-86.4134298588216
2025-04-16 10:43:50,4,-70.309690212315
2025-04-16 10:44:00,1,-99.9971575673983
2025-04-16 10:44:10,2,-96.344365081088
2025-04-16 10:44:20,3,-86.0315271463657
2025-04-16 10:44:30,4,-69.7715445051644
2025-04-16 10:44:40,1,-99.9886304311816
2025-04-16 10:44:50,2,-96.1396282971887
2025-04-16 10:45:00,3,-85.6447336575594
2025-04-16 10:45:10,4,-69.2294323797586
2025-04-16 10:45:20,1,-99.9744190761062
2025-04-16 10:45:30,2,-95.9294261050135
2025-04-16 10:45:40,3,-85.2530713810906
2025-04-16 10:45:50,4,-68.6833846544407
2025-04-16 10:46:00,1,-99.9545243100685
2025-04-16 10:46:10,2,-95.7137704542741
2025-04-16 10:46:20,3,-84.8565625824322
2025-04-16 10:46:30,4,-68.1334323712883
2025-04-16 10:46:40,1,-99.9289472640589
2025-04-16 10:46:50,2,-95.4926736047031
2025-04-16 10:47:00,3,-84.4552298025745
2025-04-16 10:47:10,4,-67.5796067943468
2025-04-16 10:47:20,1,-99.8976893920983
2025-04-16 10:47:30,2,-95.2661481253586
2025-04-16 10:47:40,3,-84.0490958567455
2025-04-16 10:47:50,4,-67.0219394078544
2025-04-16 10:48:00,1,-99.8607524711543
2025-04-16 10:48:10,2,-95.0342068939086
2025-04-16 10:48:20,3,-83.6381838331122
2025-04-16 10:48:30,4,-66.4604619144496
2025-04-16 10:48:40,1,-99.8181386010413
2025-04-16 10:48:50,2,-94.7968630958997
2025-04-16 10:49:00,3,-83.2225170914696
2025-04-16 10:49:10,4,-65.8952062333717
2025-04-16 10:49:20,1,-99.7698502043002
2025-04-16 10:49:30,2,-94.5541302240066
2025-04-16 10:49:40,3,-82.8021192619113
2025-04-16 10:49:50,4,-65.3262044986437
2025-04-16 10:50:00,1,-99.7158900260614
2025-04-16 10:50:10,2,-94.3060220772661
2025-04-16 10:50:20,3,-82.3770142434875
2025-04-16 10:50:30,4,-64.7534890572474
2025-04-16 10:50:40,1,-99.6562611338882
2025-04-16 10:50:50,2,-94.0525527602917
2025-04-16 10:51:00,3,-81.9472262028452
2025-04-16 10:51:10,4,-64.177092467284
2025-04-16 10:51:20,1,-99.5909669176028
2025-04-16 10:51:30,2,-93.7937366824726
2025-04-16 10:51:40,3,-81.5127795728555
2025-04-16 10:51:50,4,-63.597047496122
2025-04-16 10:52:00,1,-99.5200110890933
2025-04-16 10:52:10,2,-93.5295885571538
2025-04-16 10:52:20,3,-81.0736990512234
2025-04-16 10:52:30,4,-63.0133871185369
2025-04-16 10:52:40,1,-99.4433976821031
2025-04-16 10:52:50,2,-93.2601234008003
2025-04-16 10:53:00,3,-80.6300095990848
2025-04-16 10:53:10,4,-62.4261445148336
2025-04-16 10:53:20,1,-99.3611310520008
2025-04-16 10:53:30,2,-92.9853565321428
2025-04-16 10:53:40,3,-80.1817364395872
2025-04-16 10:53:50,4,-61.8353530689633
2025-04-16 10:54:00,1,-99.2732158755338
2025-04-16 10:54:10,2,-92.7053035713077
2025-04-16 10:54:20,3,-79.728905056455
2025-04-16 10:54:30,4,-61.2410463666227
2025-04-16 10:54:40,1,-99.179657150561
2025-04-16 10:54:50,2,-92.419980438928
2025-04-16 10:55:00,3,-79.2715411925424
2025-04-16 10:55:10,4,-60.6432581933472
2025-04-16 10:55:20,1,-99.0804601957701
2025-04-16 10:55:30,2,-92.1294033552393
2025-04-16 10:55:40,3,-78.8096708483681
2025-04-16 10:55:50,4,-60.0420225325883
2025-04-16 10:56:00,1,-98.9756306503741
2025-04-16 10:56:10,2,-91.8335888391573
2025-04-16 10:56:20,3,-78.3433202806391
2025-04-16 10:56:30,4,-59.4373735637832
2025-04-16 10:56:40,1,-98.8651744737914
2025-04-16 10:56:50,2,-91.5325537073383
2025-04-16 10:57:00,3,-77.872516000756
2025-04-16 10:57:10,4,-58.8293456604103
2025-04-16 10:57:20,1,-98.7490979453068
2025-04-16 10:57:30,2,-91.2263150732238
2025-04-16 10:57:40,3,-77.397284773308
2025-04-16 10:57:50,4,-58.2179733880368
2025-04-16 10:58:00,1,-98.6274076637143
2025-04-16 10:58:10,2,-90.9148903460672
2025-04-16 10:58:20,3,-76.9176536145493
2025-04-16 10:58:30,4,-57.6032915023518
2025-04-16 10:58:40,1,-98.5001105469426
2025-04-16 10:58:50,2,-90.5982972299448
2025-04-16 10:59:00,3,-76.4336497908653
2025-04-16 10:59:10,4,-56.9853349471924
2025-04-16 10:59:20,1,-98.367213831661
2025-04-16 10:59:30,2,-90.2765537227482
2025-04-16 10:59:40,3,-75.9453008172203
2025-04-16 10:59:50,4,-56.3641388525553
2025-04-16 11:00:00,1,-98.2287250728689
2025-04-16 11:00:10,2,-89.9496781151622
2025-04-16 11:00:20,3,-75.4526344555958
2025-04-16 11:00:30,4,-55.7397385326013
2025-04-16 11:00:40,1,-98.0846521434652
2025-04-16 11:00:50,2,-89.6176889896244
2025-04-16 11:01:00,3,-74.9556787134098
2025-04-16 11:01:10,4,-55.1121694836474
2025-04-16 11:01:20,1,-97.935003233802
2025-04-16 11:01:30,2,-89.2806052192692
2025-04-16 11:01:40,3,-74.4544618419269
2025-04-16 11:01:50,4,-54.4814673821473
2025-04-16 11:02:00,1,-97.7797868512179
2025-04-16 11:02:10,2,-88.9384459668544
2025-04-16 11:02:20,3,-73.9490123346501
2025-04-16 11:02:30,4,-53.847668082666
2025-04-16 11:02:40,1,-97.6190118195553
2025-04-16 11:02:50,2,-88.5912306836725
2025-04-16 11:03:00,3,-73.4393589257028
2025-04-16 11:03:10,4,-53.2108076158387
2025-04-16 11:03:20,1,-97.4526872786577
2025-04-16 11:03:30,2,-88.238979108444
2025-04-16 11:03:40,3,-72.9255305881946
2025-04-16 11:03:50,4,-52.5709221863251
2025-04-16 11:04:00,1,-97.2808226838513
2025-04-16 11:04:10,2,-87.8817112661965
2025-04-16 11:04:20,3,-72.4075565325734
2025-04-16 11:04:30,4,-51.9280481707487
2025-04-16 11:04:40,1,-97.1034278054065
2025-04-16 11:04:50,2,-87.5194474671249
2025-04-16 11:05:00,3,-71.8854662049664
2025-04-16 11:05:10,4,-51.2822221156313
2025-04-16 11:05:20,1,-96.9205127279831
2025-04-16 11:05:30,2,-87.1522083054381
2025-04-16 11:05:40,3,-71.3592892855046
2025-04-16 11:05:50,4,-50.6334807353131
2025-04-16 11:06:00,1,-96.7320878500566
2025-04-16 11:06:10,2,-86.7800146581874
2025-04-16 11:06:20,3,-70.829055686637
2025-04-16 11:06:30,4,-49.9818609098676
2025-04-16 11:06:40,1,-96.5381638833274
2025-04-16 11:06:50,2,-86.4028876840798
2025-04-16 11:07:00,3,-70.2947955514286
2025-04-16 11:07:10,4,-49.3273996830028
2025-04-16 11:07:20,1,-96.3387518521116
2025-04-16 11:07:30,2,-86.0208488222756
2025-04-16 11:07:40,3,-69.7565392518483
2025-04-16 11:07:50,4,-48.6701342599581
2025-04-16 11:08:00,1,-96.1338630927143
2025-04-16 11:08:10,2,-85.6339197911689
2025-04-16 11:08:20,3,-69.2143173870407
2025-04-16 11:08:30,4,-48.010102005386
2025-04-16 11:08:40,1,-95.9235092527854
2025-04-16 11:08:50,2,-85.2421225871538
2025-04-16 11:09:00,3,-68.6681607815884
2025-04-16 11:09:10,4,-47.3473404412313
2025-04-16 11:09:20,1,-95.7077022906571
2025-04-16 11:09:30,2,-84.8454794833729
2025-04-16 11:09:40,3,-68.1181004837578
2025-04-16 11:09:50,4,-46.6818872445947
2025-04-16 11:10:00,1,-95.4864544746643
2025-04-16 11:10:10,2,-84.4440130284524
2025-04-16 11:10:20,3,-67.5641677637358
2025-04-16 11:10:30,4,-46.0137802455939
2025-04-16 11:10:40,1,-95.259778382447
2025-04-16 11:10:50,2,-84.0377460452187
2025-04-16 11:11:00,3,-67.0063941118504
2025-04-16 11:11:10,4,-45.3430574252114
2025-04-16 11:11:20,1,-95.0276869002358
2025-04-16 11:11:30,2,-83.6267016294025
2025-04-16 11:11:40,3,-66.4448112367823
2025-04-16 11:11:50,4,-44.6697569131349
2025-04-16 11:12:00,1,-94.7901932221182
2025-04-16 11:12:10,2,-83.2109031483245
2025-04-16 11:12:20,3,-65.8794510637605
2025-04-16 11:12:30,4,-43.9939169855914
2025-04-16 11:12:40,1,-94.54731084929
2025-04-16 11:12:50,2,-82.7903742395681
2025-04-16 11:13:00,3,-65.3103457327489
2025-04-16 11:13:10,4,-43.3155760631694
2025-04-16 11:13:20,1,-94.2990535892864
2025-04-16 11:13:30,2,-82.3651388096346
2025-04-16 11:13:40,3,-64.7375275966189
2025-04-16 11:13:50,4,-42.6347727086364
2025-04-16 11:14:00,1,-94.0454355551983
2025-04-16 11:14:10,2,-81.9352210325853
2025-04-16 11:14:20,3,-64.1610292193086
2025-04-16 11:14:30,4,-41.9515456247448
2025-04-16 11:14:40,1,-93.7864711648689
2025-04-16 11:14:50,2,-81.5006453486661
2025-04-16 11:15:00,3,-63.5808833739745
2025-04-16 11:15:10,4,-41.265933652034
2025-04-16 11:15:20,1,-93.5221751400747
2025-04-16 11:15:30,2,-81.0614364629188
2025-04-16 11:15:40,3,-62.9971230411251
2025-04-16 11:15:50,4,-40.5779757666198
2025-04-16 11:16:00,1,-93.2525625056885
2025-04-16 11:16:10,2,-80.6176193437769
2025-04-16 11:16:20,3,-62.409781406749
2025-04-16 11:16:30,4,-39.8877110779814
2025-04-16 11:16:40,1,-92.9776485888252
2025-04-16 11:16:50,2,-80.1692192216449
2025-04-16 11:17:00,3,-61.8188918604259
2025-04-16 11:17:10,4,-39.1951788267351
2025-04-16 11:17:20,1,-92.6974490179702
2025-04-16 11:17:30,2,-79.7162615874657
2025-04-16 11:17:40,3,-61.2244879934307
2025-04-16 11:17:50,4,-38.5004183824066
2025-04-16 11:18:00,1,-92.4119797220916
2025-04-16 11:18:10,2,-79.2587721912699
2025-04-16 11:18:20,3,-60.6266035968212
2025-04-16 11:18:30,4,-37.80346924119
2025-04-16 11:18:40,1,-92.1212569297339
2025-04-16 11:18:50,2,-78.7967770407133
2025-04-16 11:19:00,3,-60.0252726595201
2025-04-16 11:19:10,4,-37.1043710237051
2025-04-16 11:19:20,1,-91.8252971680961
2025-04-16 11:19:30,2,-78.3303023995971
2025-04-16 11:19:40,3,-59.4205293663801
2025-04-16 11:19:50,4,-36.4031634727427
2025-04-16 11:20:00,1,-91.5241172620918
2025-04-16 11:20:10,2,-77.8593747863763
2025-04-16 11:20:20,3,-58.8124080962427
2025-04-16 11:20:30,4,-35.6998864510074
2025-04-16 11:20:40,1,-91.2177343333923
2025-04-16 11:20:50,2,-77.3840209726505
2025-04-16 11:21:00,3,-58.2009434199819
2025-04-16 11:21:10,4,-34.9945799388492
2025-04-16 11:21:20,1,-90.9061657994546
2025-04-16 11:21:30,2,-76.9042679816435
2025-04-16 11:21:40,3,-57.5861700985408
2025-04-16 11:21:50,4,-34.287284031993
2025-04-16 11:22:00,1,-90.5894293725294
2025-04-16 11:22:10,2,-76.420143086666
2025-04-16 11:22:20,3,-56.9681230809535
2025-04-16 11:22:30,4,-33.578038939258
2025-04-16 11:22:40,1,-90.2675430586559
2025-04-16 11:22:50,2,-75.9316738095659
2025-04-16 11:23:00,3,-56.3468375023605
2025-04-16 11:23:10,4,-32.866884980271
2025-04-16 11:23:20,1,-89.9405251566371
2025-04-16 11:23:30,2,-75.4388879191628
2025-04-16 11:23:40,3,-55.7223486820088
2025-04-16 11:23:50,4,-32.1538625831767
2025-04-16 11:24:00,1,-89.6083942569999
2025-04-16 11:24:10,2,-74.9418134296708
2025-04-16 11:24:20,3,-55.0946921212463
2025-04-16 11:24:30,4,-31.4390122823365
2025-04-16 11:24:40,1,-89.2711692409382
2025-04-16 11:24:50,2,-74.4404785991041
2025-04-16 11:25:00,3,-54.4639035015028
2025-04-16 11:25:10,4,-30.7223747160271
2025-04-16 11:25:20,1,-88.9288692792397
2025-04-16 11:25:30,2,-73.9349119276725
2025-04-16 11:25:40,3,-53.8300186822604
2025-04-16 11:25:50,4,-30.0039906241274
2025-04-16 11:26:00,1,-88.5815138311957
2025-04-16 11:26:10,2,-73.4251421561593
2025-04-16 11:26:20,3,-53.1930736990172
2025-04-16 11:26:30,4,-29.2839008458055
2025-04-16 11:26:40,1,-88.2291226434954
2025-04-16 11:26:50,2,-72.9111982642892
2025-04-16 11:27:00,3,-52.5531047612364
2025-04-16 11:27:10,4,-28.5621463171939
2025-04-16 11:27:20,1,-87.8717157491024
2025-04-16 11:27:30,2,-72.3931094690797
2025-04-16 11:27:40,3,-51.9101482502901
2025-04-16 11:27:50,4,-27.8387680690652
2025-04-16 11:28:00,1,-87.5093134661174
2025-04-16 11:28:10,2,-71.8709052231801
2025-04-16 11:28:20,3,-51.2642407173885
2025-04-16 11:28:30,4,-27.1138072244972
2025-04-16 11:28:40,1,-87.1419363966213
2025-04-16 11:28:50,2,-71.3446152131984
2025-04-16 11:29:00,3,-50.6154188815048
2025-04-16 11:29:10,4,-26.3873049965373
2025-04-16 11:29:20,1,-86.7696054255053
2025-04-16 11:29:30,2,-70.8142693580116
2025-04-16 11:29:40,3,-49.9637196272853
2025-04-16 11:29:50,4,-25.6593026858572
2025-04-16 11:30:00,1,-86.3923417192835
2025-04-16 11:30:10,2,-70.2798978070673
2025-04-16 11:30:20,3,-49.3091800029547
2025-04-16 11:30:30,4,-24.9298416784076
2025-04-16 11:30:40,1,-86.0101667248888
2025-04-16 11:30:50,2,-69.7415309386674
2025-04-16 11:31:00,3,-48.6518372182077
2025-04-16 11:31:10,4,-24.1989634430629
2025-04-16 11:31:20,1,-85.6231021684547
2025-04-16 11:31:30,2,-69.199199358243
2025-04-16 11:31:40,3,-47.9917286420962
2025-04-16 11:31:50,4,-23.4667095292658
2025-04-16 11:32:00,1,-85.2311700540791
2025-04-16 11:32:10,2,-68.652933896613
2025-04-16 11:32:20,3,-47.3288918009023
2025-04-16 11:32:30,4,-22.7331215646646
2025-04-16 11:32:40,1,-84.8343926625749
2025-04-16 11:32:50,2,-68.1027656082331
2025-04-16 11:33:00,3,-46.6633643760075
2025-04-16 11:33:10,4,-21.9982412527455
2025-04-16 11:33:20,1,-84.4327925502014
2025-04-16 11:33:30,2,-67.5487257694282
2025-04-16 11:33:40,3,-45.9951842017483
2025-04-16 11:33:50,4,-21.2621103704645
2025-04-16 11:34:00,1,-84.0263925473842
2025-04-16 11:34:10,2,-66.9908458766171
2025-04-16 11:34:20,3,-45.3243892632671
2025-04-16 11:34:30,4,-20.5247707658692
2025-04-16 11:34:40,1,-83.6152157574153
2025-04-16 11:34:50,2,-66.4291576445189
2025-04-16 11:35:00,3,-44.6510176943524
2025-04-16 11:35:10,4,-19.7862643557229
2025-04-16 11:35:20,1,-83.1992855551411
2025-04-16 11:35:30,2,-65.8636930043532
2025-04-16 11:35:40,3,-43.9751077752695
2025-04-16 11:35:50,4,-19.0466331231188
2025-04-16 11:36:00,1,-82.7786255856328
2025-04-16 11:36:10,2,-65.2944841020219
2025-04-16 11:36:20,3,-43.2966979305868
2025-04-16 11:36:30,4,-18.3059191150962
2025-04-16 11:36:40,1,-82.3532597628428
2025-04-16 11:36:50,2,-64.7215632962841
2025-04-16 11:37:00,3,-42.6158267269889
2025-04-16 11:37:10,4,-17.5641644402473
2025-04-16 11:37:20,1,-81.9232122682445
2025-04-16 11:37:30,2,-64.1449631569157
2025-04-16 11:37:40,3,-41.9325328710866
2025-04-16 11:37:50,4,-16.8214112663263
2025-04-16 11:38:00,1,-81.4885075494587
2025-04-16 11:38:10,2,-63.5647164628567
2025-04-16 11:38:20,3,-41.2468552072139
2025-04-16 11:38:30,4,-16.0777018178491
2025-04-16 11:38:40,1,-81.0491703188622
2025-04-16 11:38:50,2,-62.9808562003502
2025-04-16 11:39:00,3,-40.5588327152223
2025-04-16 11:39:10,4,-15.3330783736961
2025-04-16 11:39:20,1,-80.6052255521846
2025-04-16 11:39:30,2,-62.3934155610645
2025-04-16 11:39:40,3,-39.8685045082624
2025-04-16 11:39:50,4,-14.5875832647057
2025-04-16 11:40:00,1,-80.1566984870877
2025-04-16 11:40:10,2,-61.8024279402085
2025-04-16 11:40:20,3,-39.175909830563
2025-04-16 11:40:30,4,-13.8412588712705
2025-04-16 11:40:40,1,-79.70361462173
2025-04-16 11:40:50,2,-61.2079269346315
2025-04-16 11:41:00,3,-38.4810880551971
2025-04-16 11:41:10,4,-13.0941476209258
2025-04-16 11:41:20,1,-79.2459997133191
2025-04-16 11:41:30,2,-60.6099463409147
2025-04-16 11:41:40,3,-37.7840786818469
2025-04-16 11:41:50,4,-12.3462919859393
2025-04-16 11:42:00,1,-78.7838797766451
2025-04-16 11:42:10,2,-60.0085201534483
2025-04-16 11:42:20,3,-37.0849213345549
2025-04-16 11:42:30,4,-11.597734480896
2025-04-16 11:42:40,1,-78.3172810826041
2025-04-16 11:42:50,2,-59.4036825625009
2025-04-16 11:43:00,3,-36.3836557594745
2025-04-16 11:43:10,4,-10.8485176602806
2025-04-16 11:43:20,1,-77.8462301567023
2025-04-16 11:43:30,2,-58.7954679522737
2025-04-16 11:43:40,3,-35.6803218226079
2025-04-16 11:43:50,4,-10.0986841160599
2025-04-16 11:44:00,1,-77.3707537775503
2025-04-16 11:44:10,2,-58.1839108989479
2025-04-16 11:44:20,3,-34.9749595075414
2025-04-16 11:44:30,4,-9.34827647525962
2025-04-16 11:44:40,1,-76.8908789753391
2025-04-16 11:44:50,2,-57.5690461687172
2025-04-16 11:45:00,3,-34.2676089131724
2025-04-16 11:45:10,4,-8.5973373975432
2025-04-16 11:45:20,1,-76.4066330303046
2025-04-16 11:45:30,2,-56.9509087158132
2025-04-16 11:45:40,3,-33.5583102514279
2025-04-16 11:45:50,4,-7.84590957278428
2025-04-16 11:46:00,1,-75.9180434711756
2025-04-16 11:46:10,2,-56.3295336805162
2025-04-16 11:46:20,3,-32.8471038449813
2025-04-16 11:46:30,4,-7.09403571864253
2025-04-16 11:46:40,1,-75.4251380736105
2025-04-16 11:46:50,2,-55.7049563871599
2025-04-16 11:47:00,3,-32.1340301249577
2025-04-16 11:47:10,4,-6.34175857813233
2025-04-16 11:47:20,1,-74.9279448586161
2025-04-16 11:47:30,2,-55.0772123421216
2025-04-16 11:47:40,3,-31.4191296286373
2025-04-16 11:47:50,4,-5.5891209171958
2025-04-16 11:48:00,1,-74.4264920909571
2025-04-16 11:48:10,2,-54.4463372318035
2025-04-16 11:48:20,3,-30.7024429971491
2025-04-16 11:48:30,4,-4.83616552226871
2025-04-16 11:48:40,1,-73.9208082775468
2025-04-16 11:48:50,2,-53.8123669206059
2025-04-16 11:49:00,3,-29.9840109731627
2025-04-16 11:49:10,4,-4.08293519785102
2025-04-16 11:49:20,1,-73.4109221658287
2025-04-16 11:49:30,2,-53.1753374488859
2025-04-16 11:49:40,3,-29.2638743985696
2025-04-16 11:49:50,4,-3.32947276407064
2025-04-16 11:50:00,1,-72.8968627421411
2025-04-16 11:50:10,2,-52.5352850309107
2025-04-16 11:50:20,3,-28.542074212164
2025-04-16 11:50:30,4,-2.57582105425199
2025-04-16 11:50:40,1,-72.3786592300689
2025-04-16 11:50:50,2,-51.8922460527969
2025-04-16 11:51:00,3,-27.8186514473128
2025-04-16 11:51:10,4,-1.82202291247817
2025-04-16 11:51:20,1,-71.8563410887837
2025-04-16 11:51:30,2,-51.2462570704444
2025-04-16 11:51:40,3,-27.0936472296258
2025-04-16 11:51:50,4,-1.0681211911578
2025-04-16 11:52:00,1,-71.3299380113672
2025-04-16 11:52:10,2,-50.5973548074552
2025-04-16 11:52:20,3,-26.3671027746147
2025-04-16 11:52:30,4,-0.314158748587857
2025-04-16 11:52:40,1,-70.7994799231253
2025-04-16 11:52:50,2,-49.9455761530491
2025-04-16 11:53:00,3,-25.6390593853532
2025-04-16 11:53:10,4,0.439821553483821
2025-04-16 11:53:20,1,-70.2649969798848
2025-04-16 11:53:30,2,-49.2909581599634
2025-04-16 11:53:40,3,-24.9095584501258
2025-04-16 11:53:50,4,1.19377685229269
2025-04-16 11:54:00,1,-69.7265195662811
2025-04-16 11:54:10,2,-48.633538042349
2025-04-16 11:54:20,3,-24.1786414400782
2025-04-16 11:54:30,4,1.94766428649704
2025-04-16 11:54:40,1,-69.1840782940288
2025-04-16 11:54:50,2,-47.973353173653
2025-04-16 11:55:00,3,-23.4463499068563
2025-04-16 11:55:10,4,2.70144099861173
2025-04-16 11:55:20,1,-68.6377040001835
2025-04-16 11:55:30,2,-47.3104410844958
2025-04-16 11:55:40,3,-22.7127254802471
2025-04-16 11:55:50,4,3.45506413744745
2025-04-16 11:56:00,1,-68.0874277453868
2025-04-16 11:56:10,2,-46.6448394605356
2025-04-16 11:56:20,3,-21.9778098658106
2025-04-16 11:56:30,4,4.20849086054391
2025-04-16 11:56:40,1,-67.5332808121025
2025-04-16 11:56:50,2,-45.9765861403279
2025-04-16 11:57:00,3,-21.2416448425083
2025-04-16 11:57:10,4,4.9616783366082
2025-04-16 11:57:20,1,-66.9752947028364
2025-04-16 11:57:30,2,-45.3057191131727
2025-04-16 11:57:40,3,-20.5042722603301
2025-04-16 11:57:50,4,5.71458374794688
2025-04-16 11:58:00,1,-66.4135011383471
2025-04-16 11:58:10,2,-44.6322765169565
2025-04-16 11:58:20,3,-19.7657340379125
2025-04-16 11:58:30,4,6.46716429290291
2025-04-16 11:58:40,1,-65.847932055841
2025-04-16 11:58:50,2,-43.9562966359834
2025-04-16 11:59:00,3,-19.0260721601588
2025-04-16 11:59:10,4,7.21937718828605
2025-04-16 11:59:20,1,-65.2786196071585
2025-04-16 11:59:30,2,-43.2778178987979
2025-04-16 11:59:40,3,-18.285328675849
2025-04-16 11:59:50,4,7.97117967180786
2025-04-16 12:00:00,1,-64.7055961569444
2025-04-16 12:00:10,2,-42.5968788760021
2025-04-16 12:00:20,3,-17.5435456952522
2025-04-16 12:00:30,4,8.72252900450985
2025-04-16 12:00:40,1,-64.1288942808098
2025-04-16 12:00:50,2,-41.9135182780611
2025-04-16 12:01:00,3,-16.8007653877305
2025-04-16 12:01:10,4,9.47338247319596
2025-04-16 12:01:20,1,-63.5485467634791
2025-04-16 12:01:30,2,-41.2277749531042
2025-04-16 12:01:40,3,-16.0570299793436
2025-04-16 12:01:50,4,10.2236973928579
2025-04-16 12:02:00,1,-62.9645865969259
2025-04-16 12:02:10,2,-40.5396878847146
2025-04-16 12:02:20,3,-15.3123817504464
2025-04-16 12:02:30,4,10.9734311091046
2025-04-16 12:02:40,1,-62.377046978499
2025-04-16 12:02:50,2,-39.8492961897152
2025-04-16 12:03:00,3,-14.5668630332876
2025-04-16 12:03:10,4,11.7225410005846
2025-04-16 12:03:20,1,-61.7859613090333
2025-04-16 12:03:30,2,-39.1566391159425
2025-04-16 12:03:40,3,-13.8205162096007
2025-04-16 12:03:50,4,12.4709844814099
2025-04-16 12:04:00,1,-61.1913631909528
2025-04-16 12:04:10,2,-38.4617560400183
2025-04-16 12:04:20,3,-13.0733837081971
2025-04-16 12:04:30,4,13.2187190035783
2025-04-16 12:04:40,1,-60.5932864263585
2025-04-16 12:04:50,2,-37.7646864651079
2025-04-16 12:05:00,3,-12.3255080025519
2025-04-16 12:05:10,4,13.9657020593894
2025-04-16 12:05:20,1,-59.9917650151089
2025-04-16 12:05:30,2,-37.0654700186779
2025-04-16 12:05:40,3,-11.5769316083911
2025-04-16 12:05:50,4,14.711891183864
2025-04-16 12:06:00,1,-59.3868331528846
2025-04-16 12:06:10,2,-36.36414645024
2025-04-16 12:06:20,3,-10.827697081274
2025-04-16 12:06:30,4,15.4572439571555
2025-04-16 12:06:40,1,-58.7785252292474
2025-04-16 12:06:50,2,-35.6607556290943
2025-04-16 12:07:00,3,-10.0778470141729
2025-04-16 12:07:10,4,16.2017180069644
2025-04-16 12:07:20,1,-58.166875825682
2025-04-16 12:07:30,2,-34.9553375420603
2025-04-16 12:07:40,3,-9.32742403505395
2025-04-16 12:07:50,4,16.9452710109435
2025-04-16 12:08:00,1,-57.5519197136332
2025-04-16 12:08:10,2,-34.2479322912056
2025-04-16 12:08:20,3,-8.57647080445131
2025-04-16 12:08:30,4,17.6878606991076
2025-04-16 12:08:40,1,-56.9336918525264
2025-04-16 12:08:50,2,-33.5385800915656
2025-04-16 12:09:00,3,-7.82503001304458
2025-04-16 12:09:10,4,18.4294448562333
2025-04-16 12:09:20,1,-56.3122273877828
2025-04-16 12:09:30,2,-32.8273212688558
2025-04-16 12:09:40,3,-7.07314437922913
2025-04-16 12:09:50,4,19.1699813242615
2025-04-16 12:10:00,1,-55.6875616488188
2025-04-16 12:10:10,2,-32.1141962571824
2025-04-16 12:10:20,3,-6.32085664669043
2025-04-16 12:10:30,4,19.9094280046916
2025-04-16 12:10:40,1,-55.05973014704
2025-04-16 12:10:50,2,-31.3992455967402
2025-04-16 12:11:00,3,-5.56820958197131
2025-04-16 12:11:10,4,20.6477428609772
2025-04-16 12:11:20,1,-54.4287685738213
2025-04-16 12:11:30,2,-30.6825099315113
2025-04-16 12:11:40,3,-4.81524597204357
2025-04-16 12:11:50,4,21.3848839209132
2025-04-16 12:12:00,1,-53.794712798477
2025-04-16 12:12:10,2,-29.9640300069515
2025-04-16 12:12:20,3,-4.06200862187275
2025-04-16 12:12:30,4,22.1208092790248
2025-04-16 12:12:40,1,-53.1575988662238
2025-04-16 12:12:50,2,-29.2438466676766
2025-04-16 12:13:00,3,-3.30854035198758
2025-04-16 12:13:10,4,22.855477098947
2025-04-16 12:13:20,1,-52.5174629961295
2025-04-16 12:13:30,2,-28.522000855138
2025-04-16 12:13:40,3,-2.55488399604284
2025-04-16 12:13:50,4,23.5888456158041
2025-04-16 12:14:00,1,-51.8743415790558
2025-04-16 12:14:10,2,-27.7985336052978
2025-04-16 12:14:20,3,-1.80108239838718
2025-04-16 12:14:30,4,24.3208731385853
2025-04-16 12:14:40,1,-51.2282711755879
2025-04-16 12:14:50,2,-27.0734860462933
2025-04-16 12:15:00,3,-1.04717841162461
2025-04-16 12:15:10,4,25.0515180525119
2025-04-16 12:15:20,1,-50.5792885139579
2025-04-16 12:15:30,2,-26.3468993961015
2025-04-16 12:15:40,3,-0.293214894180906
2025-04-16 12:15:50,4,25.7807388214062
2025-04-16 12:16:00,1,-49.9274304879548
2025-04-16 12:16:10,2,-25.6188149601934
2025-04-16 12:16:20,3,0.460765292133936
2025-04-16 12:16:30,4,26.5084939900497
2025-04-16 12:16:40,1,-49.2727341548292
2025-04-16 12:16:50,2,-24.8892741291885
2025-04-16 12:17:00,3,1.21471928456337
2025-04-16 12:17:10,4,27.2347421865427
2025-04-16 12:17:20,1,-48.6152367331846
2025-04-16 12:17:30,2,-24.1583183764989
2025-04-16 12:17:40,3,1.96860422183852
2025-04-16 12:17:50,4,27.9594421246536
2025-04-16 12:18:00,1,-47.9549756008637
2025-04-16 12:18:10,2,-23.4259892559741
2025-04-16 12:18:20,3,2.72237724661763
2025-04-16 12:18:30,4,28.6825526061685
2025-04-16 12:18:40,1,-47.2919882928212
2025-04-16 12:18:50,2,-22.692328399538
2025-04-16 12:19:00,3,3.47599550791958
2025-04-16 12:19:10,4,29.4040325232304
2025-04-16 12:19:20,1,-46.6263124989926
2025-04-16 12:19:30,2,-21.9573775148204
2025-04-16 12:19:40,3,4.22941616356279
2025-04-16 12:19:50,4,30.1238408606793
2025-04-16 12:20:00,1,-45.9579860621488
2025-04-16 12:20:10,2,-21.2211783827893
2025-04-16 12:20:20,3,4.98259638259785
2025-04-16 12:20:30,4,30.8419366983809
2025-04-16 12:20:40,1,-45.2870469757471
2025-04-16 12:20:50,2,-20.4837728553722
2025-04-16 12:21:00,3,5.73549334774529
2025-04-16 12:21:10,4,31.5582792135555
2025-04-16 12:21:20,1,-44.6135333817706
2025-04-16 12:21:30,2,-19.7452028530801
2025-04-16 12:21:40,3,6.4880642578268
2025-04-16 12:21:50,4,32.2728276830958
2025-04-16 12:22:00,1,-43.9374835685585
2025-04-16 12:22:10,2,-19.0055103626213
2025-04-16 12:22:20,3,7.2402663302013
2025-04-16 12:22:30,4,32.9855414858854
2025-04-16 12:22:40,1,-43.2589359686321
2025-04-16 12:22:50,2,-18.2647374345174
2025-04-16 12:23:00,3,7.9920568031942
2025-04-16 12:23:10,4,33.6963801051049
2025-04-16 12:23:20,1,-42.5779291565071
2025-04-16 12:23:30,2,-17.5229261807104
2025-04-16 12:23:40,3,8.74339293853122
2025-04-16 12:23:50,4,34.4053031305367
2025-04-16 12:24:00,1,-41.8945018465035
2025-04-16 12:24:10,2,-16.7801187721706
2025-04-16 12:24:20,3,9.49423202376512
2025-04-16 12:24:30,4,35.1122702608629
2025-04-16 12:24:40,1,-41.208692890542
2025-04-16 12:24:50,2,-16.0363574364973
2025-04-16 12:25:00,3,10.2445313747067
2025-04-16 12:25:10,4,35.8172413059547
2025-04-16 12:25:20,1,-40.5205412759379
2025-04-16 12:25:30,2,-15.2916844555205
2025-04-16 12:25:40,3,10.994248337849
2025-04-16 12:25:50,4,36.520176189159
2025-04-16 12:26:00,1,-39.8300861231822
2025-04-16 12:26:10,2,-14.5461421628947
2025-04-16 12:26:20,3,11.7433402927927
2025-04-16 12:26:30,4,37.2210349495746
2025-04-16 12:26:40,1,-39.1373666837203
2025-04-16 12:26:50,2,-13.7997729416951
2025-04-16 12:27:00,3,12.4917646546708
2025-04-16 12:27:10,4,37.9197777443262
2025-04-16 12:27:20,1,-38.442422337718
2025-04-16 12:27:30,2,-13.052619222005
2025-04-16 12:27:40,3,13.2394788765663
2025-04-16 12:27:50,4,38.6163648508274
2025-04-16 12:28:00,1,-37.7452925918252
2025-04-16 12:28:10,2,-12.3047234785069
2025-04-16 12:28:20,3,13.9864404519345
2025-04-16 12:28:30,4,39.3107566690406
2025-04-16 12:28:40,1,-37.0460170769275
2025-04-16 12:28:50,2,-11.5561282280651
2025-04-16 12:29:00,3,14.7326069170159
2025-04-16 12:29:10,4,40.0029137237265
2025-04-16 12:29:20,1,-36.3446355458962
2025-04-16 12:29:30,2,-10.8068760273108
2025-04-16 12:29:40,3,15.4779358532534
2025-04-16 12:29:50,4,40.69279666669
2025-04-16 12:30:00,1,-35.641187871325
2025-04-16 12:30:10,2,-10.057009470222
2025-04-16 12:30:20,3,16.222384889701
2025-04-16 12:30:30,4,41.3803662790152
2025-04-16 12:30:40,1,-34.9357140432668
2025-04-16 12:30:50,2,-9.30657118570097
2025-04-16 12:31:00,3,16.9659117054353
2025-04-16 12:31:10,4,42.0655834732971
2025-04-16 12:31:20,1,-34.2282541669571
2025-04-16 12:31:30,2,-8.55560383515332
2025-04-16 12:31:40,3,17.7084740319582
2025-04-16 12:31:50,4,42.7484092958612
2025-04-16 12:32:00,1,-33.5188484605365
2025-04-16 12:32:10,2,-7.80415011005995
2025-04-16 12:32:20,3,18.4500296556031
2025-04-16 12:32:30,4,43.4288049289806
2025-04-16 12:32:40,1,-32.8075372527635
2025-04-16 12:32:50,2,-7.0522527295529
2025-04-16 12:33:00,3,19.1905364199319
2025-04-16 12:33:10,4,44.1067316930799
2025-04-16 12:33:20,1,-32.0943609807208
2025-04-16 12:33:30,2,-6.29995443798402
2025-04-16 12:33:40,3,19.9299522281336
2025-04-16 12:33:50,4,44.7821510489372
2025-04-16 12:34:00,1,-31.3793601875188
2025-04-16 12:34:10,2,-5.54729800249782
2025-04-16 12:34:20,3,20.6682350454158
2025-04-16 12:34:30,4,45.4550245998722
2025-04-16 12:34:40,1,-30.6625755199881
2025-04-16 12:34:50,2,-4.79432621059739
2025-04-16 12:35:00,3,21.405342901396
2025-04-16 12:35:10,4,46.1253140939302
2025-04-16 12:35:20,1,-29.9440477263715
2025-04-16 12:35:30,2,-4.04108186771484
2025-04-16 12:35:40,3,22.1412338924856
2025-04-16 12:35:50,4,46.7929814260576
2025-04-16 12:36:00,1,-29.2238176540049
2025-04-16 12:36:10,2,-3.28760779477498
2025-04-16 12:36:20,3,22.8758661842744
2025-04-16 12:36:30,4,47.4579886402659
2025-04-16 12:36:40,1,-28.5019262469977
2025-04-16 12:36:50,2,-2.53394682576394
2025-04-16 12:37:00,3,23.6091980139065
2025-04-16 12:37:10,4,48.1202979317921
2025-04-16 12:37:20,1,-27.7784145439026
2025-04-16 12:37:30,2,-1.78014180529116
2025-04-16 12:37:40,3,24.3411876924556
2025-04-16 12:37:50,4,48.7798716492451
2025-04-16 12:38:00,1,-27.0533236753855
2025-04-16 12:38:10,2,-1.02623558615669
2025-04-16 12:38:20,3,25.0717936072958
2025-04-16 12:38:30,4,49.4366722967488
2025-04-16 12:38:40,1,-26.326694861884
2025-04-16 12:38:50,2,-0.27227102691211
2025-04-16 12:39:00,3,25.800974224465
2025-04-16 12:39:10,4,50.090662536071
2025-04-16 12:39:20,1,-25.5985694112674
2025-04-16 12:39:30,2,0.481709010573333
2025-04-16 12:39:40,3,26.5286880910287
2025-04-16 12:39:50,4,50.7418051887489
2025-04-16 12:40:00,1,-24.8689887164854
2025-04-16 12:40:10,2,1.2356616635505
2025-04-16 12:40:20,3,27.2548938374338
2025-04-16 12:40:30,4,51.3900632381996
2025-04-16 12:40:40,1,-24.1379942532178
2025-04-16 12:40:50,2,1.98954407082807
2025-04-16 12:41:00,3,27.9795501798633
2025-04-16 12:41:10,4,52.0353998318277
2025-04-16 12:41:20,1,-23.4056275775138
2025-04-16 12:41:30,2,2.74331337520671
2025-04-16 12:41:40,3,28.7026159225802
2025-04-16 12:41:50,4,52.677778283117
2025-04-16 12:42:00,1,-22.671930323432
2025-04-16 12:42:10,2,3.49692672591821
2025-04-16 12:42:20,3,29.4240499602724
2025-04-16 12:42:30,4,53.317162073719
2025-04-16 12:42:40,1,-21.9369442006726
2025-04-16 12:42:50,2,4.25034128105872
2025-04-16 12:43:00,3,30.1438112803867
2025-04-16 12:43:10,4,53.9535148555265
2025-04-16 12:43:20,1,-21.2007109922053
2025-04-16 12:43:30,2,5.00351421002708
2025-04-16 12:43:40,3,30.8618589654628
2025-04-16 12:43:50,4,54.5868004527423
2025-04-16 12:44:00,1,-20.4632725518963
2025-04-16 12:44:10,2,5.7564026959568
2025-04-16 12:44:20,3,31.5781521954571
2025-04-16 12:44:30,4,55.2169828639335
2025-04-16 12:44:40,1,-19.7246708021261
2025-04-16 12:44:50,2,6.50896393815306
2025-04-16 12:45:00,3,32.2926502500657
2025-04-16 12:45:10,4,55.8440262640792
2025-04-16 12:45:20,1,-18.9849477314094
2025-04-16 12:45:30,2,7.26115515452293
2025-04-16 12:45:40,3,33.0053125110367
2025-04-16 12:45:50,4,56.4678950066079
2025-04-16 12:46:00,1,-18.2441453920049
2025-04-16 12:46:10,2,8.01293358401041
2025-04-16 12:46:20,3,33.7160984644818
2025-04-16 12:46:30,4,57.088553625422
2025-04-16 12:46:40,1,-17.5023058975277
2025-04-16 12:46:50,2,8.76425648902445
2025-04-16 12:47:00,3,34.4249677031773
2025-04-16 12:47:10,4,57.7059668369162
2025-04-16 12:47:20,1,-16.7594714205523
2025-04-16 12:47:30,2,9.51508115787136
2025-04-16 12:47:40,3,35.1318799288622
2025-04-16 12:47:50,4,58.3200995419811
2025-04-16 12:48:00,1,-16.0156841902183
2025-04-16 12:48:10,2,10.2653649071801
2025-04-16 12:48:20,3,35.8367949545301
2025-04-16 12:48:30,4,58.9309168280009
2025-04-16 12:48:40,1,-15.2709864898262
2025-04-16 12:48:50,2,11.0150650843316
2025-04-16 12:49:00,3,36.5396727067113
2025-04-16 12:49:10,4,59.5383839708355
2025-04-16 12:49:20,1,-14.5254206544374
2025-04-16 12:49:30,2,11.7641390698809
2025-04-16 12:49:40,3,37.2404732277537
2025-04-16 12:49:50,4,60.1424664367974
2025-04-16 12:50:00,1,-13.7790290684638
2025-04-16 12:50:10,2,12.5125442799815
2025-04-16 12:50:20,3,37.9391566780916
2025-04-16 12:50:30,4,60.7431298846121
2025-04-16 12:50:40,1,-13.0318541632616
2025-04-16 12:50:50,2,13.2602381688066
2025-04-16 12:51:00,3,38.6356833385134
2025-04-16 12:51:10,4,61.3403401673728
2025-04-16 12:51:20,1,-12.2839384147164
2025-04-16 12:51:30,2,14.0071782309657
2025-04-16 12:51:40,3,39.3300136124166
2025-04-16 12:51:50,4,61.9340633344793
2025-04-16 12:52:00,1,-11.5353243408306
2025-04-16 12:52:10,2,14.753322003924
2025-04-16 12:52:20,3,40.0221080280618
2025-04-16 12:52:30,4,62.5242656335706
2025-04-16 12:52:40,1,-10.7860544993057
2025-04-16 12:52:50,2,15.498627070413
2025-04-16 12:53:00,3,40.7119272408138
2025-04-16 12:53:10,4,63.1109135124409
2025-04-16 12:53:20,1,-10.0361714851213
2025-04-16 12:53:30,2,16.243051060845
2025-04-16 12:53:40,3,41.3994320353807
2025-04-16 12:53:50,4,63.6939736209497
2025-04-16 12:54:00,1,-9.2857179281168
2025-04-16 12:54:10,2,16.9865516557189
2025-04-16 12:54:20,3,42.0845833280411
2025-04-16 12:54:30,4,64.2734128129154
2025-04-16 12:54:40,1,-8.53473649056455
2025-04-16 12:54:50,2,17.7290865880289
2025-04-16 12:55:00,3,42.7673421688682
2025-04-16 12:55:10,4,64.8491981480008
2025-04-16 12:55:20,1,-7.78326986474769
2025-04-16 12:55:30,2,18.4706136456641
2025-04-16 12:55:40,3,43.4476697439416
2025-04-16 12:55:50,4,65.4212968935863
2025-04-16 12:56:00,1,-7.03136077053025
2025-04-16 12:56:10,2,19.2110906738117
2025-04-16 12:56:20,3,44.1255273775564
2025-04-16 12:56:30,4,65.9896765266288
2025-04-16 12:56:40,1,-6.2790519529314
2025-04-16 12:56:50,2,19.9504755773501
2025-04-16 12:57:00,3,44.8008765344194
2025-04-16 12:57:10,4,66.5543047355128
2025-04-16 12:57:20,1,-5.52638617969262
2025-04-16 12:57:30,2,20.6887263232448
2025-04-16 12:57:40,3,45.4736788218412
2025-04-16 12:57:50,4,67.1151494218853
2025-04-16 12:58:00,1,-4.77340623884925
2025-04-16 12:58:10,2,21.4258009429353
2025-04-16 12:58:20,3,46.1438959919193
2025-04-16 12:58:30,4,67.6721787024823
2025-04-16 12:58:40,1,-4.02015493629524
2025-04-16 12:58:50,2,22.1616575347239
2025-04-16 12:59:00,3,46.8114899437102
2025-04-16 12:59:10,4,68.2253609109397
2025-04-16 12:59:20,1,-3.26667509335249
2025-04-16 12:59:30,2,22.8962542661547
2025-04-16 12:59:40,3,47.4764227253985
2025-04-16 12:59:50,4,68.7746645995949
2025-04-16 13:00:00,1,-2.51300954433369
2025-04-16 13:00:10,2,23.6295493763936
2025-04-16 13:00:20,3,48.1386565364512
2025-04-16 13:00:30,4,69.3200585412733
2025-04-16 13:00:40,1,-1.7592011341101
2025-04-16 13:00:50,2,24.3615011786026
2025-04-16 13:01:00,3,48.7981537297693
2025-04-16 13:01:10,4,69.861511731065
2025-04-16 13:01:20,1,-1.00529271567303
2025-04-16 13:01:30,2,25.0920680623077
2025-04-16 13:01:40,3,49.4548768138259
2025-04-16 13:01:50,4,70.3989933880855
2025-04-16 13:02:00,1,-0.251327147700171
2025-04-16 13:02:10,2,25.821208495767
2025-04-16 13:02:20,3,50.1087884547993
2025-04-16 13:02:30,4,70.9324729572275
2025-04-16 13:02:40,1,0.502652707881899
2025-04-16 13:02:50,2,26.5488810283291
2025-04-16 13:03:00,3,50.7598514786938
2025-04-16 13:03:10,4,71.4619201108962
2025-04-16 13:03:20,1,1.25660398833544
2025-04-16 13:03:30,2,27.2750442927921
2025-04-16 13:03:40,3,51.4080288734545
2025-04-16 13:03:50,4,71.9873047507351
2025-04-16 13:04:00,1,2.01048383254575
2025-04-16 13:04:10,2,27.9996570077526
2025-04-16 13:04:20,3,52.0532837910697
2025-04-16 13:04:30,4,72.5085970093351
2025-04-16 13:04:40,1,2.76424938346059
2025-04-16 13:04:50,2,28.7226779799551
2025-04-16 13:05:00,3,52.6955795496678
2025-04-16 13:05:10,4,73.0257672519344
2025-04-16 13:05:20,1,3.51785779052375
2025-04-16 13:05:30,2,29.4440661066312
2025-04-16 13:05:40,3,53.3348796356
2025-04-16 13:05:50,4,73.5387860781018
2025-04-16 13:06:00,1,4.27126621211382
2025-04-16 13:06:10,2,30.1637803778392
2025-04-16 13:06:20,3,53.9711477055188
2025-04-16 13:06:30,4,74.0476243234081
2025-04-16 13:06:40,1,5.0244318179769
2025-04-16 13:06:50,2,30.881779878792
2025-04-16 13:07:00,3,54.6043475884415
2025-04-16 13:07:10,4,74.5522530610855
2025-04-16 13:07:20,1,5.77731179166424
2025-04-16 13:07:30,2,31.5980237921867
2025-04-16 13:07:40,3,55.2344432878089
2025-04-16 13:07:50,4,75.0526436036701
2025-04-16 13:08:00,1,6.5298633329635
2025-04-16 13:08:10,2,32.3124714005215
2025-04-16 13:08:20,3,55.8613989835296
2025-04-16 13:08:30,4,75.5487675046345
2025-04-16 13:08:40,1,7.28204366033466
2025-04-16 13:08:50,2,33.0250820884137
2025-04-16 13:09:00,3,56.485179034017
2025-04-16 13:09:10,4,76.0405965600031
2025-04-16 13:09:20,1,8.03381001333932
2025-04-16 13:09:30,2,33.7358153449054
2025-04-16 13:09:40,3,57.1057479782167
2025-04-16 13:09:50,4,76.5281028099577
2025-04-16 13:10:00,1,8.78511965507438
2025-04-16 13:10:10,2,34.4446307657699
2025-04-16 13:10:20,3,57.7230705376201
2025-04-16 13:10:30,4,77.0112585404245
2025-04-16 13:10:40,1,9.53592987459874
2025-04-16 13:10:50,2,35.1514880558055
2025-04-16 13:11:00,3,58.3371116182725
2025-04-16 13:11:10,4,77.4900362846521
2025-04-16 13:11:20,1,10.2861979893642
2025-04-16 13:11:30,2,35.8563470311278
2025-04-16 13:11:40,3,58.9478363127656
2025-04-16 13:11:50,4,77.9644088247707
2025-04-16 13:12:00,1,11.035881347639
2025-04-16 13:12:10,2,36.5591676214549
2025-04-16 13:12:20,3,59.5552099022242
2025-04-16 13:12:30,4,78.4343491933411
2025-04-16 13:12:40,1,11.7849373309356
2025-04-16 13:12:50,2,37.2599098723828
2025-04-16 13:13:00,3,60.159197858278
2025-04-16 13:13:10,4,78.8998306748865
2025-04-16 13:13:20,1,12.5333233564306
2025-04-16 13:13:30,2,37.95853394766
2025-04-16 13:13:40,3,60.7597658450264
2025-04-16 13:13:50,4,79.3608268074125
2025-04-16 13:14:00,1,13.2809968793869
2025-04-16 13:14:10,2,38.6550001314487
2025-04-16 13:14:20,3,61.3568797209883
2025-04-16 13:14:30,4,79.81731138391
2025-04-16 13:14:40,1,14.0279153955734
2025-04-16 13:14:50,2,39.3492688305858
2025-04-16 13:15:00,3,61.9505055410453
2025-04-16 13:15:10,4,80.2692584538465
2025-04-16 13:15:20,1,14.7740364436783
2025-04-16 13:15:30,2,40.0413005768311
2025-04-16 13:15:40,3,62.5406095583692
2025-04-16 13:15:50,4,80.7166423246402
2025-04-16 13:16:00,1,15.5193176077267
2025-04-16 13:16:10,2,40.7310560291132
2025-04-16 13:16:20,3,63.1271582263426
2025-04-16 13:16:30,4,81.1594375631208
2025-04-16 13:16:40,1,16.2637165194883
2025-04-16 13:16:50,2,41.4184959757639
2025-04-16 13:17:00,3,63.7101182004638
2025-04-16 13:17:10,4,81.5976189969762
2025-04-16 13:17:20,1,17.007190860889
2025-04-16 13:17:30,2,42.1035813367493
2025-04-16 13:17:40,3,64.2894563402446
2025-04-16 13:17:50,4,82.0311617161823
2025-04-16 13:18:00,1,17.7496983664141
2025-04-16 13:18:10,2,42.7862731658896
2025-04-16 13:18:20,3,64.8651397110925
2025-04-16 13:18:30,4,82.4600410744202
2025-04-16 13:18:40,1,18.4911968255133
2025-04-16 13:18:50,2,43.4665326530752
2025-04-16 13:19:00,3,65.4371355861835
2025-04-16 13:19:10,4,82.8842326904762
2025-04-16 13:19:20,1,19.2316440849982
2025-04-16 13:19:30,2,44.1443211264706
2025-04-16 13:19:40,3,66.0054114483238
2025-04-16 13:19:50,4,83.303712449629
2025-04-16 13:20:00,1,19.9709980514408
2025-04-16 13:20:10,2,44.8196000547152
2025-04-16 13:20:20,3,66.569934991796
2025-04-16 13:20:30,4,83.7184565050195
2025-04-16 13:20:40,1,20.709216693564
2025-04-16 13:20:50,2,45.4923310491121
2025-04-16 13:21:00,3,67.1306741241982
2025-04-16 13:21:10,4,84.1284412790074
2025-04-16 13:21:20,1,21.4462580446339
2025-04-16 13:21:30,2,46.1624758658106
2025-04-16 13:21:40,3,67.687596968266
2025-04-16 13:21:50,4,84.5336434645107
2025-04-16 13:22:00,1,22.1820802048424
2025-04-16 13:22:10,2,46.8299964079819
2025-04-16 13:22:20,3,68.240671863687
2025-04-16 13:22:30,4,84.9340400263317
2025-04-16 13:22:40,1,22.9166413436923
2025-04-16 13:22:50,2,47.4948547279823
2025-04-16 13:23:00,3,68.7898673688984
2025-04-16 13:23:10,4,85.3296082024653
2025-04-16 13:23:20,1,23.6498997023727
2025-04-16 13:23:30,2,48.1570130295131
2025-04-16 13:23:40,3,69.3351522628765
2025-04-16 13:23:50,4,85.720325505394
2025-04-16 13:24:00,1,24.3818135961338
2025-04-16 13:24:10,2,48.816433669767
2025-04-16 13:24:20,3,69.8764955469096
2025-04-16 13:24:30,4,86.1061697233657
2025-04-16 13:24:40,1,25.1123414166583
2025-04-16 13:24:50,2,49.4730791615699
2025-04-16 13:25:00,3,70.4138664463623
2025-04-16 13:25:10,4,86.487118921657
2025-04-16 13:25:20,1,25.8414416344235
2025-04-16 13:25:30,2,50.1269121755102
2025-04-16 13:25:40,3,70.9472344124228
2025-04-16 13:25:50,4,86.8631514438193
2025-04-16 13:26:00,1,26.5690728010654
2025-04-16 13:26:10,2,50.777895542063
2025-04-16 13:26:20,3,71.4765691238415
2025-04-16 13:26:30,4,87.2342459129103
2025-04-16 13:26:40,1,27.2951935517325
2025-04-16 13:26:50,2,51.4259922537008
2025-04-16 13:27:00,3,72.0018404886534
2025-04-16 13:27:10,4,87.6003812327102
2025-04-16 13:27:20,1,28.0197626074395
2025-04-16 13:27:30,2,52.0711654669998
2025-04-16 13:27:40,3,72.5230186458897
2025-04-16 13:27:50,4,87.9615365889192
2025-04-16 13:28:00,1,28.7427387774116
2025-04-16 13:28:10,2,52.7133785047318
2025-04-16 13:28:20,3,73.0400739672746
2025-04-16 13:28:30,4,88.3176914503424
2025-04-16 13:28:40,1,29.4640809614288
2025-04-16 13:28:50,2,53.3525948579519
2025-04-16 13:29:00,3,73.5529770589096
2025-04-16 13:29:10,4,88.6688255700557
2025-04-16 13:29:20,1,30.1837481521595
2025-04-16 13:29:30,2,53.9887781880716
2025-04-16 13:29:40,3,74.0616987629461
2025-04-16 13:29:50,4,89.014918986558
2025-04-16 13:30:00,1,30.9016994374948
2025-04-16 13:30:10,2,54.6218923289266
2025-04-16 13:30:20,3,74.5662101592403
2025-04-16 13:30:30,4,89.3559520249049
2025-04-16 13:30:40,1,31.6178940028712
2025-04-16 13:30:50,2,55.2519012888311
2025-04-16 13:31:00,3,75.0664825669998
2025-04-16 13:31:10,4,89.6919052978281
2025-04-16 13:31:20,1,32.3322911335937
2025-04-16 13:31:30,2,55.8787692526248
2025-04-16 13:31:40,3,75.5624875464123
2025-04-16 13:31:50,4,90.0227597068366
2025-04-16 13:32:00,1,33.0448502171477
2025-04-16 13:32:10,2,56.5024605837094
2025-04-16 13:32:20,3,76.0541969002636
2025-04-16 13:32:30,4,90.3484964433035
2025-04-16 13:32:40,1,33.7555307455106
2025-04-16 13:32:50,2,57.1229398260729
2025-04-16 13:33:00,3,76.5415826755394
2025-04-16 13:33:10,4,90.6690969895342
2025-04-16 13:33:20,1,34.4642923174519
2025-04-16 13:33:30,2,57.7401717063074
2025-04-16 13:33:40,3,77.0246171650157
2025-04-16 13:33:50,4,90.98454311982
2025-04-16 13:34:00,1,35.1710946408313
2025-04-16 13:34:10,2,58.3541211356118
2025-04-16 13:34:20,3,77.5032729088326
2025-04-16 13:34:30,4,91.2948169014734
2025-04-16 13:34:40,1,35.8758975348901
2025-04-16 13:34:50,2,58.9647532117894
2025-04-16 13:35:00,3,77.9775226960565
2025-04-16 13:35:10,4,91.5999006958483
2025-04-16 13:35:20,1,36.5786609325332
2025-04-16 13:35:30,2,59.572033221229
2025-04-16 13:35:40,3,78.447339566226
2025-04-16 13:35:50,4,91.8997771593422
2025-04-16 13:36:00,1,37.2793448826095
2025-04-16 13:36:10,2,60.1759266408814
2025-04-16 13:36:20,3,78.9126968108858
2025-04-16 13:36:30,4,92.1944292443823
2025-04-16 13:36:40,1,37.9779095521801
2025-04-16 13:36:50,2,60.7763991402191
2025-04-16 13:37:00,3,79.3735679751032
2025-04-16 13:37:10,4,92.4838402003949
2025-04-16 13:37:20,1,38.6743152287859
2025-04-16 13:37:30,2,61.3734165831904
2025-04-16 13:37:40,3,79.8299268589743
2025-04-16 13:37:50,4,92.767993574757
2025-04-16 13:38:00,1,39.3685223227023
2025-04-16 13:38:10,2,61.966945030158
2025-04-16 13:38:20,3,80.2817475191115
2025-04-16 13:38:30,4,93.0468732137326
2025-04-16 13:38:40,1,40.0604913691924
2025-04-16 13:38:50,2,62.5569507398302
2025-04-16 13:39:00,3,80.7290042701191
2025-04-16 13:39:10,4,93.3204632633899
2025-04-16 13:39:20,1,40.750183030748
2025-04-16 13:39:30,2,63.1434001711772
2025-04-16 13:39:40,3,81.1716716860541
2025-04-16 13:39:50,4,93.5887481705036
2025-04-16 13:40:00,1,41.4375580993285
2025-04-16 13:40:10,2,63.7262599853399
2025-04-16 13:40:20,3,81.6097246018702
2025-04-16 13:40:30,4,93.8517126834381
2025-04-16 13:40:40,1,42.1225774985871
2025-04-16 13:40:50,2,64.3054970475229
2025-04-16 13:41:00,3,82.04313811485
2025-04-16 13:41:10,4,94.1093418530156
2025-04-16 13:41:20,1,42.8052022860951
2025-04-16 13:41:30,2,64.8810784288808
2025-04-16 13:41:40,3,82.4718875860191
2025-04-16 13:41:50,4,94.3616210333648
2025-04-16 13:42:00,1,43.4853936555527
2025-04-16 13:42:10,2,65.4529714083874
2025-04-16 13:42:20,3,82.8959486415484
2025-04-16 13:42:30,4,94.6085358827546
2025-04-16 13:42:40,1,44.1631129389982
2025-04-16 13:42:50,2,66.0211434746975
2025-04-16 13:43:00,3,83.3152971741382
2025-04-16 13:43:10,4,94.8500723644084
2025-04-16 13:43:20,1,44.8383216090031
2025-04-16 13:43:30,2,66.5855623279956
2025-04-16 13:43:40,3,83.7299093443899
2025-04-16 13:43:50,4,95.0862167473031
2025-04-16 13:44:00,1,45.5109812808654
2025-04-16 13:44:10,2,67.1461958818302
2025-04-16 13:44:20,3,84.1397615821604
2025-04-16 13:44:30,4,95.3169556069486
2025-04-16 13:44:40,1,46.1810537147891
2025-04-16 13:44:50,2,67.70301226494
2025-04-16 13:45:00,3,84.5448305879026
2025-04-16 13:45:10,4,95.542275826152
2025-04-16 13:45:20,1,46.8485008180593
2025-04-16 13:45:30,2,68.2559798230635
2025-04-16 13:45:40,3,84.9450933339892
2025-04-16 13:45:50,4,95.7621645957622
2025-04-16 13:46:00,1,47.5132846472085
2025-04-16 13:46:10,2,68.8050671207411
2025-04-16 13:46:20,3,85.3405270660231
2025-04-16 13:46:30,4,95.9766094153994
2025-04-16 13:46:40,1,48.1753674101715
2025-04-16 13:46:50,2,69.3502429430996
2025-04-16 13:47:00,3,85.7311093041291
2025-04-16 13:47:10,4,96.1855980941645
2025-04-16 13:47:20,1,48.8347114684363
2025-04-16 13:47:30,2,69.8914762976287
2025-04-16 13:47:40,3,86.1168178442341
2025-04-16 13:47:50,4,96.3891187513328
2025-04-16 13:48:00,1,49.4912793391813
2025-04-16 13:48:10,2,70.4287364159414
2025-04-16 13:48:20,3,86.497630759327
2025-04-16 13:48:30,4,96.5871598170294
2025-04-16 13:48:40,1,50.1450336974087
2025-04-16 13:48:50,2,70.9619927555246
2025-04-16 13:49:00,3,86.8735264007072
2025-04-16 13:49:10,4,96.7797100328866
2025-04-16 13:49:20,1,50.7959373780639
2025-04-16 13:49:30,2,71.4912150014737
2025-04-16 13:49:40,3,87.2444833992141
2025-04-16 13:49:50,4,96.9667584526841
2025-04-16 13:50:00,1,51.4439533781507
2025-04-16 13:50:10,2,72.016373068218
2025-04-16 13:50:20,3,87.6104806664421
2025-04-16 13:50:30,4,97.1482944429715
2025-04-16 13:50:40,1,52.0890448588323
2025-04-16 13:50:50,2,72.5374371012288
2025-04-16 13:51:00,3,87.9714973959404
2025-04-16 13:51:10,4,97.3243076836724
2025-04-16 13:51:20,1,52.7311751475283
2025-04-16 13:51:30,2,73.0543774787185
2025-04-16 13:51:40,3,88.3275130643941
2025-04-16 13:51:50,4,97.4947881686713
2025-04-16 13:52:00,1,53.3703077399966
2025-04-16 13:52:10,2,73.5671648133234
2025-04-16 13:52:20,3,88.6785074327928
2025-04-16 13:52:30,4,97.6597262063825
2025-04-16 13:52:40,1,54.0064063024116
2025-04-16 13:52:50,2,74.0757699537745
2025-04-16 13:53:00,3,89.0244605475793
2025-04-16 13:53:10,4,97.8191124203008
2025-04-16 13:53:20,1,54.6394346734268
2025-04-16 13:53:30,2,74.5801639865555
2025-04-16 13:53:40,3,89.3653527417858
2025-04-16 13:53:50,4,97.9729377495349
2025-04-16 13:54:00,1,55.2693568662332
2025-04-16 13:54:10,2,75.0803182375452
2025-04-16 13:54:20,3,89.7011646361502
2025-04-16 13:54:30,4,98.121193449322
2025-04-16 13:54:40,1,55.8961370706029
2025-04-16 13:54:50,2,75.576204273649
2025-04-16 13:55:00,3,90.0318771402194
2025-04-16 13:55:10,4,98.2638710915256
2025-04-16 13:55:20,1,56.519739654926
2025-04-16 13:55:30,2,76.0677939044137
2025-04-16 13:55:40,3,90.3574714534328
2025-04-16 13:55:50,4,98.400962565114
2025-04-16 13:56:00,1,57.1401291682366
2025-04-16 13:56:10,2,76.5550591836321
2025-04-16 13:56:20,3,90.6779290661931
2025-04-16 13:56:30,4,98.5324600766217
2025-04-16 13:56:40,1,57.7572703422267
2025-04-16 13:56:50,2,77.0379724109292
2025-04-16 13:57:00,3,90.9932317609165
2025-04-16 13:57:10,4,98.6583561505925
2025-04-16 13:57:20,1,58.371128093253
2025-04-16 13:57:30,2,77.5165061333395
2025-04-16 13:57:40,3,91.3033616130703
2025-04-16 13:57:50,4,98.7786436300041
2025-04-16 13:58:00,1,58.9816675243292
2025-04-16 13:58:10,2,77.9906331468655
2025-04-16 13:58:20,3,91.60830099219
2025-04-16 13:58:30,4,98.8933156766757
2025-04-16 13:58:40,1,59.5888539271121
2025-04-16 13:58:50,2,78.4603264980261
2025-04-16 13:59:00,3,91.9080325628833
2025-04-16 13:59:10,4,99.0023657716558
2025-04-16 13:59:20,1,60.1926527838728
2025-04-16 13:59:30,2,78.9255594853869
2025-04-16 13:59:40,3,92.2025392858143
2025-04-16 13:59:50,4,99.1057877155936
2025-04-16 14:00:00,1,60.7930297694606
2025-04-16 14:00:10,2,79.3863056610801
2025-04-16 14:00:20,3,92.4918044186727
2025-04-16 14:00:30,4,99.203575629091
2025-04-16 14:00:40,1,61.3899507532527
2025-04-16 14:00:50,2,79.8425388323062
2025-04-16 14:01:00,3,92.7758115171257
2025-04-16 14:01:10,4,99.295723953037
2025-04-16 14:01:20,1,61.9833818010963
2025-04-16 14:01:30,2,80.294233062825
2025-04-16 14:01:40,3,93.0545444357526
2025-04-16 14:01:50,4,99.3822274489234
2025-04-16 14:02:00,1,62.5732891772357
2025-04-16 14:02:10,2,80.7413626744281
2025-04-16 14:02:20,3,93.3279873289627
2025-04-16 14:02:30,4,99.4630811991433
2025-04-16 14:02:40,1,63.1596393462323
2025-04-16 14:02:50,2,81.1839022483995
2025-04-16 14:03:00,3,93.596124651896
2025-04-16 14:03:10,4,99.5382806072697
2025-04-16 14:03:20,1,63.7423989748689
2025-04-16 14:03:30,2,81.6218266269615
2025-04-16 14:03:40,3,93.8589411613074
2025-04-16 14:03:50,4,99.6078213983179
2025-04-16 14:04:00,1,64.3215349340465
2025-04-16 14:04:10,2,82.0551109147029
2025-04-16 14:04:20,3,94.1164219164322
2025-04-16 14:04:30,4,99.6716996189875
2025-04-16 14:04:40,1,64.8970143006665
2025-04-16 14:04:50,2,82.4837304799965
2025-04-16 14:05:00,3,94.3685522798369
2025-04-16 14:05:10,4,99.7299116378879
2025-04-16 14:05:20,1,65.4688043595021
2025-04-16 14:05:30,2,82.9076609563974
2025-04-16 14:05:40,3,94.6153179182501
2025-04-16 14:05:50,4,99.7824541457441
2025-04-16 14:06:00,1,66.0368726050598
2025-04-16 14:06:10,2,83.3268782440298
2025-04-16 14:06:20,3,94.8567048033779
2025-04-16 14:06:30,4,99.8293241555856
2025-04-16 14:06:40,1,66.6011867434251
2025-04-16 14:06:50,2,83.7413585109556
2025-04-16 14:07:00,3,95.092699212701
2025-04-16 14:07:10,4,99.8705190029152
2025-04-16 14:07:20,1,67.1617146941005
2025-04-16 14:07:30,2,84.1510781945308
2025-04-16 14:07:40,3,95.3232877302558
2025-04-16 14:07:50,4,99.9060363458617
2025-04-16 14:08:00,1,67.718424591827
2025-04-16 14:08:10,2,84.5560140027431
2025-04-16 14:08:20,3,95.5484572473956
2025-04-16 14:08:30,4,99.9358741653117
2025-04-16 14:08:40,1,68.2712847883978
2025-04-16 14:08:50,2,84.9561429155383
2025-04-16 14:09:00,3,95.768194963537
2025-04-16 14:09:10,4,99.9600307650256
2025-04-16 14:09:20,1,68.8202638544554
2025-04-16 14:09:30,2,85.3514421861265
2025-04-16 14:09:40,3,95.982488386887
2025-04-16 14:09:50,4,99.9785047717333
2025-04-16 14:10:00,1,69.3653305812806
2025-04-16 14:10:10,2,85.7418893422774
2025-04-16 14:10:20,3,96.1913253351532
2025-04-16 14:10:30,4,99.9912951352123
2025-04-16 14:10:40,1,69.906453982564
2025-04-16 14:10:50,2,86.1274621875962
2025-04-16 14:11:00,3,96.3946939362368
2025-04-16 14:11:10,4,99.9984011283477
2025-04-16 14:11:20,1,70.4436032961704
2025-04-16 14:11:30,2,86.5081388027866
2025-04-16 14:11:40,3,96.5925826289068
2025-04-16 14:11:50,4,99.9998223471734
2025-04-16 14:12:00,1,70.9767479858846
2025-04-16 14:12:10,2,86.8838975468962
2025-04-16 14:12:20,3,96.784980163458
2025-04-16 14:12:30,4,99.995558710895
2025-04-16 14:12:40,1,71.5058577431503
2025-04-16 14:12:50,2,87.2547170585465
2025-04-16 14:13:00,3,96.9718756023496
2025-04-16 14:13:10,4,99.9856104618945
2025-04-16 14:13:20,1,72.0309024887906
2025-04-16 14:13:30,2,87.6205762571487
2025-04-16 14:13:40,3,97.1532583208281
2025-04-16 14:13:50,4,99.9699781657164
2025-04-16 14:14:00,1,72.5518523747198
2025-04-16 14:14:10,2,87.9814543441
2025-04-16 14:14:20,3,97.3291180075302
2025-04-16 14:14:30,4,99.9486627110357
2025-04-16 14:14:40,1,73.0686777856389
2025-04-16 14:14:50,2,88.337330803968
2025-04-16 14:15:00,3,97.4994446650701
2025-04-16 14:15:10,4,99.9216653096073
2025-04-16 14:15:20,1,73.5813493407198
2025-04-16 14:15:30,2,88.6881854056553
2025-04-16 14:15:40,3,97.6642286106065
2025-04-16 14:15:50,4,99.888987496197
2025-04-16 14:16:00,1,74.089837895276
2025-04-16 14:16:10,2,89.0339982035511
2025-04-16 14:16:20,3,97.8234604763946
2025-04-16 14:16:30,4,99.8506311284945
2025-04-16 14:16:40,1,74.5941145424182
2025-04-16 14:16:50,2,89.3747495386637
2025-04-16 14:17:00,3,97.9771312103172
2025-04-16 14:17:10,4,99.8065983870076
2025-04-16 14:17:20,1,75.0941506146992
2025-04-16 14:17:30,2,89.7104200397393
2025-04-16 14:17:40,3,98.1252320764004
2025-04-16 14:17:50,4,99.7568917749383
2025-04-16 14:18:00,1,75.5899176857419
2025-04-16 14:18:10,2,90.0409906243621
2025-04-16 14:18:20,3,98.2677546553095
2025-04-16 14:18:30,4,99.7015141180404
2025-04-16 14:18:40,1,76.0813875718571
2025-04-16 14:18:50,2,90.3664425000402
2025-04-16 14:19:00,3,98.404690844828
2025-04-16 14:19:10,4,99.6404685644592
2025-04-16 14:19:20,1,76.5685323336436
2025-04-16 14:19:30,2,90.6867571652729
2025-04-16 14:19:40,3,98.5360328603181
2025-04-16 14:19:50,4,99.5737585845521
2025-04-16 14:20:00,1,77.051324277579
2025-04-16 14:20:10,2,91.0019164106035
2025-04-16 14:20:20,3,98.6617732351634
2025-04-16 14:20:30,4,99.5013879706914
2025-04-16 14:20:40,1,77.5297359575915
2025-04-16 14:20:50,2,91.3119023196536
2025-04-16 14:21:00,3,98.781904821193
2025-04-16 14:21:10,4,99.4233608370491
2025-04-16 14:21:20,1,78.0037401766225
2025-04-16 14:21:30,2,91.6166972701422
2025-04-16 14:21:40,3,98.896420789088
2025-04-16 14:21:50,4,99.3396816193625
2025-04-16 14:22:00,1,78.4733099881706
2025-04-16 14:22:10,2,91.9162839348871
2025-04-16 14:22:20,3,99.0053146287703
2025-04-16 14:22:30,4,99.2503550746823
2025-04-16 14:22:40,1,78.9384186978255
2025-04-16 14:22:50,2,92.2106452827904
2025-04-16 14:23:00,3,99.1085801497716
2025-04-16 14:23:10,4,99.1553862811023
2025-04-16 14:23:20,1,79.3990398647835
2025-04-16 14:23:30,2,92.4997645798062
2025-04-16 14:23:40,3,99.2062114815865
2025-04-16 14:23:50,4,99.0547806374702
2025-04-16 14:24:00,1,79.8551473033525
2025-04-16 14:24:10,2,92.7836253898921
2025-04-16 14:24:20,3,99.2982030740051
2025-04-16 14:24:30,4,98.9485438630814
2025-04-16 14:24:40,1,80.3067150844392
2025-04-16 14:24:50,2,93.0622115759438
2025-04-16 14:25:00,3,99.3845496974297
2025-04-16 14:25:10,4,98.8366819973532
2025-04-16 14:25:20,1,80.7537175370242
2025-04-16 14:25:30,2,93.3355073007119
2025-04-16 14:25:40,3,99.4652464431709
2025-04-16 14:25:50,4,98.7192013994819
2025-04-16 14:26:00,1,81.1961292496205
2025-04-16 14:26:10,2,93.6034970277033
2025-04-16 14:26:20,3,99.5402887237275
2025-04-16 14:26:30,4,98.5961087480812
2025-04-16 14:26:40,1,81.6339250717184
2025-04-16 14:26:50,2,93.8661655220628
2025-04-16 14:27:00,3,99.6096722730472
2025-04-16 14:27:10,4,98.4674110408023
2025-04-16 14:27:20,1,82.0670801152159
2025-04-16 14:27:30,2,94.1234978514408
2025-04-16 14:27:40,3,99.6733931467685
2025-04-16 14:27:50,4,98.3331155939365
2025-04-16 14:28:00,1,82.4955697558322
2025-04-16 14:28:10,2,94.3754793868412
2025-04-16 14:28:20,3,99.7314477224458
2025-04-16 14:28:30,4,98.1932300419988
2025-04-16 14:28:40,1,82.9193696345094
2025-04-16 14:28:50,2,94.6220958034535
2025-04-16 14:29:00,3,99.7838326997547
2025-04-16 14:29:10,4,98.0477623372944
2025-04-16 14:29:20,1,83.3384556587951
2025-04-16 14:29:30,2,94.8633330814666
2025-04-16 14:29:40,3,99.8305451006797
2025-04-16 14:29:50,4,97.8967207494661
2025-04-16 14:30:00,1,83.7528040042142
2025-04-16 14:30:10,2,95.0991775068667
2025-04-16 14:30:20,3,99.871582269684
2025-04-16 14:30:30,4,97.7401138650248
2025-04-16 14:30:40,1,84.1623911156214
2025-04-16 14:30:50,2,95.3296156722158
2025-04-16 14:31:00,3,99.9069418738598
2025-04-16 14:31:10,4,97.5779505868604
2025-04-16 14:31:20,1,84.5671937085419
2025-04-16 14:31:30,2,95.5546344774151
2025-04-16 14:31:40,3,99.9366219030611
2025-04-16 14:31:50,4,97.410240133737
2025-04-16 14:32:00,1,84.9671887704936
2025-04-16 14:32:10,2,95.7742211304487
2025-04-16 14:32:20,3,99.9606206700184
2025-04-16 14:32:30,4,97.2369920397676
2025-04-16 14:32:40,1,85.3623535622967
2025-04-16 14:32:50,2,95.9883631481115
2025-04-16 14:33:00,3,99.9789368104341
2025-04-16 14:33:10,4,97.058216153873
2025-04-16 14:33:20,1,85.7526656193652
2025-04-16 14:33:30,2,96.1970483567183
2025-04-16 14:33:40,3,99.9915692830604
2025-04-16 14:33:50,4,96.8739226392211
2025-04-16 14:34:00,1,86.138102752985
2025-04-16 14:34:10,2,96.4002648927963
2025-04-16 14:34:20,3,99.9985173697581
2025-04-16 14:34:30,4,96.68412197265
2025-04-16 14:34:40,1,86.5186430515744
2025-04-16 14:34:50,2,96.5980012037596
2025-04-16 14:35:00,3,99.9997806755379
2025-04-16 14:35:10,4,96.4888249440716
2025-04-16 14:35:20,1,86.8942648819307
2025-04-16 14:35:30,2,96.7902460485651
2025-04-16 14:35:40,3,99.9953591285827
2025-04-16 14:35:50,4,96.2880426558588
2025-04-16 14:36:00,1,87.2649468904589
2025-04-16 14:36:10,2,96.9769884983528
2025-04-16 14:36:20,3,99.9852529802513
2025-04-16 14:36:30,4,96.0817865222139
2025-04-16 14:36:40,1,87.6306680043864
2025-04-16 14:36:50,2,97.1582179370659
2025-04-16 14:37:00,3,99.9694628050647
2025-04-16 14:37:10,4,95.8700682685203
2025-04-16 14:37:20,1,87.9914074329611
2025-04-16 14:37:30,2,97.3339240620554
2025-04-16 14:37:40,3,99.947989500673
2025-04-16 14:37:50,4,95.6528999306751
2025-04-16 14:38:00,1,88.3471446686326
2025-04-16 14:38:10,2,97.5040968846646
2025-04-16 14:38:20,3,99.9208342878047
2025-04-16 14:38:30,4,95.4302938544058
2025-04-16 14:38:40,1,88.6978594882187
2025-04-16 14:38:50,2,97.6687267307983
2025-04-16 14:39:00,3,99.887998710197
2025-04-16 14:39:10,4,95.2022626945676
2025-04-16 14:39:20,1,89.0435319540545
2025-04-16 14:39:30,2,97.8278042414713
2025-04-16 14:39:40,3,99.8494846345083
2025-04-16 14:39:50,4,94.9688194144246
2025-04-16 14:40:00,1,89.3841424151264
2025-04-16 14:40:10,2,97.9813203733418
2025-04-16 14:40:20,3,99.8052942502117
2025-04-16 14:40:30,4,94.7299772849127
2025-04-16 14:40:40,1,89.7196715081887
2025-04-16 14:40:50,2,98.1292663992245
2025-04-16 14:41:00,3,99.7554300694712
2025-04-16 14:41:10,4,94.4857498838848
2025-04-16 14:41:20,1,90.050100158865
2025-04-16 14:41:30,2,98.2716339085874
2025-04-16 14:41:40,3,99.6998949269982
2025-04-16 14:41:50,4,94.2361510953398
2025-04-16 14:42:00,1,90.3754095827315
2025-04-16 14:42:10,2,98.4084148080293
2025-04-16 14:42:20,3,99.6386919798906
2025-04-16 14:42:30,4,93.9811951086319
2025-04-16 14:42:40,1,90.6955812863864
2025-04-16 14:42:50,2,98.5396013217406
2025-04-16 14:43:00,3,99.5718247074535
2025-04-16 14:43:10,4,93.7208964176657
2025-04-16 14:43:20,1,91.0105970684995
2025-04-16 14:43:30,2,98.6651859919448
2025-04-16 14:43:40,3,99.4992969110012
2025-04-16 14:43:50,4,93.4552698200705
2025-04-16 14:44:00,1,91.3204390208486
2025-04-16 14:44:10,2,98.7851616793226
2025-04-16 14:44:20,3,99.4211127136412
2025-04-16 14:44:30,4,93.1843304163608
2025-04-16 14:44:40,1,91.6250895293361
2025-04-16 14:44:50,2,98.899521563418
2025-04-16 14:45:00,3,99.3372765600396
2025-04-16 14:45:10,4,92.908093609076
2025-04-16 14:45:20,1,91.9245312749915
2025-04-16 14:45:30,2,99.0082591430257
2025-04-16 14:45:40,3,99.2477932161689
2025-04-16 14:45:50,4,92.6265751019067
2025-04-16 14:46:00,1,92.218747234955
2025-04-16 14:46:10,2,99.1113682365609
2025-04-16 14:46:20,3,99.1526677690365
2025-04-16 14:46:30,4,92.3397908988001
2025-04-16 14:46:40,1,92.5077206834458
2025-04-16 14:46:50,2,99.2088429824105
2025-04-16 14:47:00,3,99.0519056263959
2025-04-16 14:47:10,4,92.047757303052
2025-04-16 14:47:20,1,92.7914351927131
2025-04-16 14:47:30,2,99.3006778392668
2025-04-16 14:47:40,3,98.9455125164389
2025-04-16 14:47:50,4,91.7504909163782
2025-04-16 14:48:00,1,93.0698746339693
2025-04-16 14:48:10,2,99.3868675864418
2025-04-16 14:48:20,3,98.8334944874706
2025-04-16 14:48:30,4,91.4480086379724
2025-04-16 14:48:40,1,93.3430231783077
2025-04-16 14:48:50,2,99.4674073241646
2025-04-16 14:49:00,3,98.7158579075648
2025-04-16 14:49:10,4,91.1403276635445
2025-04-16 14:49:20,1,93.6108652976015
2025-04-16 14:49:30,2,99.5422924738597
2025-04-16 14:49:40,3,98.5926094642027
2025-04-16 14:49:50,4,90.8274654843428
2025-04-16 14:50:00,1,93.8733857653875
2025-04-16 14:50:10,2,99.6115187784073
2025-04-16 14:50:20,3,98.4637561638919
2025-04-16 14:50:30,4,90.5094398861608
2025-04-16 14:50:40,1,94.1305696577307
2025-04-16 14:50:50,2,99.6750823023852
2025-04-16 14:51:00,3,98.3293053317689
2025-04-16 14:51:10,4,90.1862689483247
2025-04-16 14:51:20,1,94.3824023540738
2025-04-16 14:51:30,2,99.7329794322929
2025-04-16 14:51:40,3,98.1892646111825
2025-04-16 14:51:50,4,89.8579710426671
2025-04-16 14:52:00,1,94.6288695380672
2025-04-16 14:52:10,2,99.7852068767565
2025-04-16 14:52:20,3,98.0436419632586
2025-04-16 14:52:30,4,89.5245648324811
2025-04-16 14:52:40,1,94.8699571983839
2025-04-16 14:52:50,2,99.8317616667162
2025-04-16 14:53:00,3,97.8924456664487
2025-04-16 14:53:10,4,89.1860692714605
2025-04-16 14:53:20,1,95.1056516295153
2025-04-16 14:53:30,2,99.872641155595
2025-04-16 14:53:40,3,97.7356843160583
2025-04-16 14:53:50,4,88.8425036026215
2025-04-16 14:54:00,1,95.3359394325509
2025-04-16 14:54:10,2,99.907843019449
2025-04-16 14:54:20,3,97.5733668237589
2025-04-16 14:54:30,4,88.4938873572095
2025-04-16 14:54:40,1,95.5608075159391
2025-04-16 14:54:50,2,99.9373652570997
2025-04-16 14:55:00,3,97.4055024170811
2025-04-16 14:55:10,4,88.1402403535878
2025-04-16 14:55:20,1,95.780243096233
2025-04-16 14:55:30,2,99.9612061902477
2025-04-16 14:55:40,3,97.2321006388902
2025-04-16 14:55:50,4,87.7815826961122
2025-04-16 14:56:00,1,95.9942336988151
2025-04-16 14:56:10,2,99.979364463568
2025-04-16 14:56:20,3,97.0531713468435
2025-04-16 14:56:30,4,87.4179347739867
2025-04-16 14:56:40,1,96.2027671586086
2025-04-16 14:56:50,2,99.9918390447874
2025-04-16 14:57:00,3,96.8687247128302
2025-04-16 14:57:10,4,87.0493172601059
2025-04-16 14:57:20,1,96.4058316207671
2025-04-16 14:57:30,2,99.9986292247427
2025-04-16 14:57:40,3,96.6787712223925
2025-04-16 14:57:50,4,86.6757511098782
2025-04-16 14:58:00,1,96.6034155413497
2025-04-16 14:58:10,2,99.9997346174213
2025-04-16 14:58:20,3,96.4833216741307
2025-04-16 14:58:30,4,86.2972575600361
2025-04-16 14:58:40,1,96.795507687977
2025-04-16 14:58:50,2,99.9951551599831
2025-04-16 14:59:00,3,96.2823871790879
2025-04-16 14:59:10,4,85.9138581274272
2025-04-16 14:59:20,1,96.9820971404691
2025-04-16 14:59:30,2,99.9848911127641
2025-04-16 14:59:40,3,96.0759791601193
2025-04-16 14:59:50,4,85.5255746077927
2025-04-16 15:00:00,1,97.1631732914674
2025-04-16 15:00:10,2,99.9689430592616
2025-04-16 15:00:20,3,95.8641093512426
2025-04-16 15:00:30,4,85.1324290745275
2025-04-16 15:00:40,1,97.3387258470367
2025-04-16 15:00:50,2,99.9473119061009
2025-04-16 15:01:00,3,95.6467897969709
2025-04-16 15:01:10,4,84.7344438774249
2025-04-16 15:01:20,1,97.508744827251
2025-04-16 15:01:30,2,99.9199988829838
2025-04-16 15:01:40,3,95.4240328516277
2025-04-16 15:01:50,4,84.3316416414071
2025-04-16 15:02:00,1,97.6732205667601
2025-04-16 15:02:10,2,99.8870055426191
2025-04-16 15:02:20,3,95.1958511786453
2025-04-16 15:02:30,4,83.924045265238
2025-04-16 15:02:40,1,97.8321437153404
2025-04-16 15:02:50,2,99.8483337606335
2025-04-16 15:03:00,3,94.9622577498442
2025-04-16 15:03:10,4,83.5116779202226
2025-04-16 15:03:20,1,97.9855052384247
2025-04-16 15:03:30,2,99.8039857354658
2025-04-16 15:03:40,3,94.7232658446958
2025-04-16 15:03:50,4,83.094563048888
2025-04-16 15:04:00,1,98.1332964176174
2025-04-16 15:04:10,2,99.7539639882413
2025-04-16 15:04:20,3,94.478889049568
2025-04-16 15:04:30,4,82.672724363653
2025-04-16 15:04:40,1,98.275508851189
2025-04-16 15:04:50,2,99.6982713626291
2025-04-16 15:05:00,3,94.2291412569519
2025-04-16 15:05:10,4,82.2461858454777
2025-04-16 15:05:20,1,98.4121344545545
2025-04-16 15:05:30,2,99.6369110246798
2025-04-16 15:05:40,3,93.9740366646731
2025-04-16 15:05:50,4,81.8149717425024
2025-04-16 15:06:00,1,98.5431654607324
2025-04-16 15:06:10,2,99.5698864626459
2025-04-16 15:06:20,3,93.7135897750837
2025-04-16 15:06:30,4,81.379106568667
2025-04-16 15:06:40,1,98.6685944207868
2025-04-16 15:06:50,2,99.4972014867834
2025-04-16 15:07:00,3,93.4478153942383
2025-04-16 15:07:10,4,80.9386151023197
2025-04-16 15:07:20,1,98.7884142042503
2025-04-16 15:07:30,2,99.4188602291352
2025-04-16 15:07:40,3,93.1767286310522
2025-04-16 15:07:50,4,80.4935223848061
2025-04-16 15:08:00,1,98.9026179995295
2025-04-16 15:08:10,2,99.3348671432962
2025-04-16 15:08:20,3,92.9003448964425
2025-04-16 15:08:30,4,80.0438537190477
2025-04-16 15:08:40,1,99.011199314293
2025-04-16 15:08:50,2,99.2452270041601
2025-04-16 15:09:00,3,92.6186799024518
2025-04-16 15:09:10,4,79.5896346681015
2025-04-16 15:09:20,1,99.114151975839
2025-04-16 15:09:30,2,99.149944907648
2025-04-16 15:09:40,3,92.3317496613557
2025-04-16 15:09:50,4,79.1308910537086
2025-04-16 15:10:00,1,99.2114701314478
2025-04-16 15:10:10,2,99.0490262704187
2025-04-16 15:10:20,3,92.0395704847512
2025-04-16 15:10:30,4,78.6676489548252
2025-04-16 15:10:40,1,99.3031482487132
2025-04-16 15:10:50,2,98.9424768295606
2025-04-16 15:11:00,3,91.742158982631
2025-04-16 15:11:10,4,78.1999347061398
2025-04-16 15:11:20,1,99.389181115858
2025-04-16 15:11:30,2,98.8303026422658
2025-04-16 15:11:40,3,91.4395320624378
2025-04-16 15:11:50,4,77.7277748965774
2025-04-16 15:12:00,1,99.4695638420296
2025-04-16 15:12:10,2,98.7125100854857
2025-04-16 15:12:20,3,91.1317069281042
2025-04-16 15:12:30,4,77.2511963677863
2025-04-16 15:12:40,1,99.5442918575783
2025-04-16 15:12:50,2,98.5891058555683
2025-04-16 15:13:00,3,90.8187010790743
2025-04-16 15:13:10,4,76.7702262126139
2025-04-16 15:13:20,1,99.6133609143172
2025-04-16 15:13:30,2,98.4600969678778
2025-04-16 15:13:40,3,90.5005323093084
2025-04-16 15:13:50,4,76.2848917735647
2025-04-16 15:14:00,1,99.6767670857636
2025-04-16 15:14:10,2,98.3254907563954
2025-04-16 15:14:20,3,90.1772187062725
2025-04-16 15:14:30,4,75.7952206412479
2025-04-16 15:14:40,1,99.734506767362
2025-04-16 15:14:50,2,98.185294873303
2025-04-16 15:15:00,3,89.8487786499089
2025-04-16 15:15:10,4,75.3012406528068
2025-04-16 15:15:20,1,99.7865766766894
2025-04-16 15:15:30,2,98.0395172885475
2025-04-16 15:15:40,3,89.5152308115922
2025-04-16 15:15:50,4,74.8029798903382
2025-04-16 15:16:00,1,99.8329738536416
2025-04-16 15:16:10,2,97.888166289388
2025-04-16 15:16:20,3,89.1765941530672
2025-04-16 15:16:30,4,74.3004666792946
2025-04-16 15:16:40,1,99.8736956606017
2025-04-16 15:16:50,2,97.731250479925
2025-04-16 15:17:00,3,88.8328879253718
2025-04-16 15:17:10,4,73.793729586875
2025-04-16 15:17:20,1,99.9087397825899
2025-04-16 15:17:30,2,97.5687787806104
2025-04-16 15:17:40,3,88.4841316677413
2025-04-16 15:17:50,4,73.2827974203995
2025-04-16 15:18:00,1,99.9381042273949
2025-04-16 15:18:10,2,97.4007604277417
2025-04-16 15:18:20,3,88.1303452064993
2025-04-16 15:18:30,4,72.7676992256736
2025-04-16 15:18:40,1,99.9617873256878
2025-04-16 15:18:50,2,97.2272049729354
2025-04-16 15:19:00,3,87.7715486539288
2025-04-16 15:19:10,4,72.2484642853349
2025-04-16 15:19:20,1,99.9797877311163
2025-04-16 15:19:30,2,97.0481222825855
2025-04-16 15:19:40,3,87.4077624071306
2025-04-16 15:19:50,4,71.72512211719
2025-04-16 15:20:00,1,99.9921044203816
2025-04-16 15:20:10,2,96.8635225373013
2025-04-16 15:20:20,3,87.0390071468621
2025-04-16 15:20:30,4,71.1977024725361
2025-04-16 15:20:40,1,99.9987366932966
2025-04-16 15:20:50,2,96.6734162313297
2025-04-16 15:21:00,3,86.665303836363
2025-04-16 15:21:10,4,70.6662353344683
2025-04-16 15:21:20,1,99.9996841728254
2025-04-16 15:21:30,2,96.4778141719577
2025-04-16 15:21:40,3,86.2866737201625
2025-04-16 15:21:50,4,70.1307509161778
2025-04-16 15:22:00,1,99.9949468051052
2025-04-16 15:22:10,2,96.2767274788989
2025-04-16 15:22:20,3,85.9031383228725
2025-04-16 15:22:30,4,69.5912796592313
2025-04-16 15:22:40,1,99.9845248594489
2025-04-16 15:22:50,2,96.0701675836605
2025-04-16 15:23:00,3,85.5147194479636
2025-04-16 15:23:10,4,69.047852231843
2025-04-16 15:23:20,1,99.96841892833
2025-04-16 15:23:30,2,95.8581462288945
2025-04-16 15:23:40,3,85.1214391765248
2025-04-16 15:23:50,4,68.5004995271293
2025-04-16 15:24:00,1,99.9466299273491
2025-04-16 15:24:10,2,95.6406754677287
2025-04-16 15:24:20,3,84.7233198660097
2025-04-16 15:24:30,4,67.9492526613541
2025-04-16 15:24:40,1,99.9191590951814
2025-04-16 15:24:50,2,95.417767663083
2025-04-16 15:25:00,3,84.3203841489643
2025-04-16 15:25:10,4,67.394142972158
2025-04-16 15:25:20,1,99.8860079935069
2025-04-16 15:25:30,2,95.1894354869656
2025-04-16 15:25:40,3,83.9126549317411
2025-04-16 15:25:50,4,66.8352020167793
2025-04-16 15:26:00,1,99.8471785069208
2025-04-16 15:26:10,2,94.9556919197528
2025-04-16 15:26:20,3,83.5001553931963
2025-04-16 15:26:30,4,66.2724615702572
2025-04-16 15:26:40,1,99.8026728428271
2025-04-16 15:26:50,2,94.7165502494515
2025-04-16 15:27:00,3,83.082908983373
2025-04-16 15:27:10,4,65.7059536236282
2025-04-16 15:27:20,1,99.752493531313
2025-04-16 15:27:30,2,94.472024070943
2025-04-16 15:27:40,3,82.6609394221667
2025-04-16 15:27:50,4,65.1357103821047
2025-04-16 15:28:00,1,99.6966434250046
2025-04-16 15:28:10,2,94.2221272852114
2025-04-16 15:28:20,3,82.2342706979785
2025-04-16 15:28:30,4,64.561764263247
2025-04-16 15:28:40,1,99.6351256989051
2025-04-16 15:28:50,2,93.9668740985516
2025-04-16 15:29:00,3,81.80292706635
2025-04-16 15:29:10,4,63.9841478951178
2025-04-16 15:29:20,1,99.5679438502144
2025-04-16 15:29:30,2,93.7062790217636
2025-04-16 15:29:40,3,81.3669330485855
2025-04-16 15:29:50,4,63.4028941144294
2025-04-16 15:30:00,1,99.49510169813
2025-04-16 15:30:10,2,93.440356869326
2025-04-16 15:30:20,3,80.9263134303568
2025-04-16 15:30:30,4,62.8180359646752
2025-04-16 15:30:40,1,99.4166033836301
2025-04-16 15:30:50,2,93.1691227585549
2025-04-16 15:31:00,3,80.4810932602957
2025-04-16 15:31:10,4,62.2296066942531
2025-04-16 15:31:20,1,99.332453369238
2025-04-16 15:31:30,2,92.8925921087436
2025-04-16 15:31:40,3,80.0312978485683
2025-04-16 15:31:50,4,61.637639754574
2025-04-16 15:32:00,1,99.2426564387686
2025-04-16 15:32:10,2,92.6107806402871
2025-04-16 15:32:20,3,79.5769527654379
2025-04-16 15:32:30,4,61.0421687981601
2025-04-16 15:32:40,1,99.1472176970563
2025-04-16 15:32:50,2,92.3237043737873
2025-04-16 15:33:00,3,79.1180838398096
2025-04-16 15:33:10,4,60.443227676733
2025-04-16 15:33:20,1,99.0461425696651
2025-04-16 15:33:30,2,92.0313796291431
2025-04-16 15:33:40,3,78.6547171577635
2025-04-16 15:33:50,4,59.8408504392876
2025-04-16 15:34:00,1,98.9394368025796
2025-04-16 15:34:10,2,91.7338230246221
2025-04-16 15:34:20,3,78.1868790610711
2025-04-16 15:34:30,4,59.2350713301584
2025-04-16 15:34:40,1,98.8271064618789
2025-04-16 15:34:50,2,91.4310514759163
2025-04-16 15:35:00,3,77.714596145697
2025-04-16 15:35:10,4,58.6259247870707
2025-04-16 15:35:20,1,98.7091579333913
2025-04-16 15:35:30,2,91.1230821951798
2025-04-16 15:35:40,3,77.237895260289
2025-04-16 15:35:50,4,58.0134454391849
2025-04-16 15:36:00,1,98.5855979223319
2025-04-16 15:36:10,2,90.8099326900515
2025-04-16 15:36:20,3,76.7568035046491
2025-04-16 15:36:30,4,57.3976681051258
2025-04-16 15:36:40,1,98.4564334529205
2025-04-16 15:36:50,2,90.4916207626585
2025-04-16 15:37:00,3,76.2713482281959
2025-04-16 15:37:10,4,56.7786277910052
2025-04-16 15:37:20,1,98.3216718679833
2025-04-16 15:37:30,2,90.1681645086046
2025-04-16 15:37:40,3,75.7815570284068
2025-04-16 15:37:50,4,56.1563596884301
2025-04-16 15:38:00,1,98.1813208285347
2025-04-16 15:38:10,2,89.8395823159421
2025-04-16 15:38:20,3,75.2874577492518
2025-04-16 15:38:30,4,55.5308991725038
2025-04-16 15:38:40,1,98.0353883133419
2025-04-16 15:38:50,2,89.5058928641256
2025-04-16 15:39:00,3,74.7890784796085
2025-04-16 15:39:10,4,54.9022817998131
2025-04-16 15:39:20,1,97.883882618472
2025-04-16 15:39:30,2,89.1671151229507
2025-04-16 15:39:40,3,74.2864475516669
2025-04-16 15:39:50,4,54.2705433064087
2025-04-16 15:40:00,1,97.7268123568193
2025-04-16 15:40:10,2,88.8232683514752
2025-04-16 15:40:20,3,73.7795935393174
2025-04-16 15:40:30,4,53.6357196057719
2025-04-16 15:40:40,1,97.5641864576166
2025-04-16 15:40:50,2,88.4743720969248
2025-04-16 15:41:00,3,73.2685452565279
2025-04-16 15:41:10,4,52.9978467867746
2025-04-16 15:41:20,1,97.3960141659269
2025-04-16 15:41:30,2,88.120446193581
2025-04-16 15:41:40,3,72.7533317557037
2025-04-16 15:41:50,4,52.3569611116271
2025-04-16 15:42:00,1,97.2223050421184
2025-04-16 15:42:10,2,87.7615107616545
2025-04-16 15:42:20,3,72.2339823260385
2025-04-16 15:42:30,4,51.7130990138155
2025-04-16 15:42:40,1,97.0430689613206
2025-04-16 15:42:50,2,87.3975862061407
2025-04-16 15:43:00,3,71.7105264918467
2025-04-16 15:43:10,4,51.0662970960328
2025-04-16 15:43:20,1,96.8583161128631
2025-04-16 15:43:30,2,87.0286932156601
2025-04-16 15:43:40,3,71.1829940108872
2025-04-16 15:43:50,4,50.4165921280954
2025-04-16 15:44:00,1,96.6680569996963
2025-04-16 15:44:10,2,86.6548527612818
2025-04-16 15:44:20,3,70.6514148726707
2025-04-16 15:44:30,4,49.7640210448558
2025-04-16 15:44:40,1,96.4723024377943
2025-04-16 15:44:50,2,86.2760860953319
2025-04-16 15:45:00,3,70.1158192967542
2025-04-16 15:45:10,4,49.1086209440996
2025-04-16 15:45:20,1,96.27106355554
2025-04-16 15:45:30,2,85.8924147501846
2025-04-16 15:45:40,3,69.5762377310245
2025-04-16 15:45:50,4,48.4504290844398
2025-04-16 15:46:00,1,96.0643517930928
2025-04-16 15:46:10,2,85.5038605370388
2025-04-16 15:46:20,3,69.0327008499661
2025-04-16 15:46:30,4,47.7894828831958
2025-04-16 15:46:40,1,95.8521789017376
2025-04-16 15:46:50,2,85.1104455446779
2025-04-16 15:47:00,3,68.4852395529183
2025-04-16 15:47:10,4,47.1258199142687
2025-04-16 15:47:20,1,95.6345569432173
2025-04-16 15:47:30,2,84.7121921382136
2025-04-16 15:47:40,3,67.9338849623174
2025-04-16 15:47:50,4,46.4594779060032
2025-04-16 15:48:00,1,95.4114982890468
2025-04-16 15:48:10,2,84.3091229578155
2025-04-16 15:48:20,3,67.3786684219292
2025-04-16 15:48:30,4,45.7904947390449
2025-04-16 15:48:40,1,95.1830156198101
2025-04-16 15:48:50,2,83.9012609174229
2025-04-16 15:49:00,3,66.8196214950651
2025-04-16 15:49:10,4,45.1189084441844
2025-04-16 15:49:20,1,94.9491219244389
2025-04-16 15:49:30,2,83.4886292034434
2025-04-16 15:49:40,3,66.2567759627898
2025-04-16 15:49:50,4,44.4447572001979
2025-04-16 15:50:00,1,94.7098304994744
2025-04-16 15:50:10,2,83.0712512734333
2025-04-16 15:50:20,3,65.6901638221127
2025-04-16 15:50:30,4,43.7680793316742
2025-04-16 15:50:40,1,94.4651549483117
2025-04-16 15:50:50,2,82.6491508547658
2025-04-16 15:51:00,3,65.1198172841707
2025-04-16 15:51:10,4,43.0889133068384
2025-04-16 15:51:20,1,94.2151091804259
2025-04-16 15:51:30,2,82.2223519432801
2025-04-16 15:51:40,3,64.5457687723951
2025-04-16 15:51:50,4,42.4072977353639
2025-04-16 15:52:00,1,93.959707410582
2025-04-16 15:52:10,2,81.7908788019197
2025-04-16 15:52:20,3,63.9680509206705
2025-04-16 15:52:30,4,41.7232713661763
2025-04-16 15:52:40,1,93.6989641580263
2025-04-16 15:52:50,2,81.3547559593504
2025-04-16 15:53:00,3,63.3866965714776
2025-04-16 15:53:10,4,41.0368730852534
2025-04-16 15:53:20,1,93.4328942456612
2025-04-16 15:53:30,2,80.9140082085685
2025-04-16 15:53:40,3,62.8017387740276
2025-04-16 15:53:50,4,40.3481419134117
2025-04-16 15:54:00,1,93.1615127992026
2025-04-16 15:54:10,2,80.4686606054891
2025-04-16 15:54:20,3,62.2132107823833
2025-04-16 15:54:30,4,39.6571170040904
2025-04-16 15:54:40,1,92.8848352463199
2025-04-16 15:54:50,2,80.0187384675234
2025-04-16 15:55:00,3,61.621146053567
2025-04-16 15:55:10,4,38.9638376411235
2025-04-16 15:55:20,1,92.602877315759
2025-04-16 15:55:30,2,79.5642673721382
2025-04-16 15:55:40,3,61.025578245661
2025-04-16 15:55:50,4,38.268343236509
2025-04-16 15:56:00,1,92.3156550364483
2025-04-16 15:56:10,2,79.1052731554028
2025-04-16 15:56:20,3,60.4265412158918
2025-04-16 15:56:30,4,37.5706733281655
2025-04-16 15:56:40,1,92.023184736587
2025-04-16 15:56:50,2,78.6417819105199
2025-04-16 15:57:00,3,59.8240690187078
2025-04-16 15:57:10,4,36.8708675776877
2025-04-16 15:57:20,1,91.7254830427177
2025-04-16 15:57:30,2,78.1738199863417
2025-04-16 15:57:40,3,59.2181959038405
2025-04-16 15:57:50,4,36.1689657680884
2025-04-16 15:58:00,1,91.4225668787801
2025-04-16 15:58:10,2,77.701413985873
2025-04-16 15:58:20,3,58.6089563143605
2025-04-16 15:58:30,4,35.4650078015401
2025-04-16 15:58:40,1,91.1144534651499
2025-04-16 15:58:50,2,77.2245907647579
2025-04-16 15:59:00,3,57.9963848847166
2025-04-16 15:59:10,4,34.7590336971036
2025-04-16 15:59:20,1,90.8011603176596
2025-04-16 15:59:30,2,76.7433774297542
2025-04-16 15:59:40,3,57.3805164387695
2025-04-16 15:59:50,4,34.0510835884557
2025-04-16 16:00:00,1,90.4827052466019
2025-04-16 16:00:10,2,76.2578013371908
2025-04-16 16:00:20,3,56.7613859878095
2025-04-16 16:00:30,4,33.3411977216051
2025-04-16 16:00:40,1,90.1591063557187
2025-04-16 16:00:50,2,75.7678900914146
2025-04-16 16:01:00,3,56.1390287285688
2025-04-16 16:01:10,4,32.6294164526069
2025-04-16 16:01:20,1,89.8303820411704
2025-04-16 16:01:30,2,75.2736715432189
2025-04-16 16:01:40,3,55.5134800412181
2025-04-16 16:01:50,4,31.915780245267
2025-04-16 16:02:00,1,89.4965509904915
2025-04-16 16:02:10,2,74.7751737882626
2025-04-16 16:02:20,3,54.8847754873576
2025-04-16 16:02:30,4,31.2003296688412
2025-04-16 16:02:40,1,89.1576321815269
2025-04-16 16:02:50,2,74.2724251654706
2025-04-16 16:03:00,3,54.2529508079932
2025-04-16 16:03:10,4,30.4831053957311
2025-04-16 16:03:20,1,88.8136448813545
2025-04-16 16:03:30,2,73.7654542554248
2025-04-16 16:03:40,3,53.6180419215064
2025-04-16 16:03:50,4,29.7641481991691
2025-04-16 16:04:00,1,88.4646086451881
2025-04-16 16:04:10,2,73.2542898787377
2025-04-16 16:04:20,3,52.980084921612
2025-04-16 16:04:30,4,29.0434989509033
2025-04-16 16:04:40,1,88.1105433152677
2025-04-16 16:04:50,2,72.7389610944156
2025-04-16 16:05:00,3,52.3391160753049
2025-04-16 16:05:10,4,28.3211986188715
2025-04-16 16:05:20,1,87.7514690197296
2025-04-16 16:05:30,2,72.2194971982045
2025-04-16 16:05:40,3,51.6951718208005
2025-04-16 16:05:50,4,27.5972882648745
2025-04-16 16:06:00,1,87.387406171464
2025-04-16 16:06:10,2,71.6959277209275
2025-04-16 16:06:20,3,51.0482887654611
2025-04-16 16:06:30,4,26.8718090422396
2025-04-16 16:06:40,1,87.0183754669525
2025-04-16 16:06:50,2,71.1682824268029
2025-04-16 16:07:00,3,50.3985036837171
2025-04-16 16:07:10,4,26.1448021934832
2025-04-16 16:07:20,1,86.6443978850938
2025-04-16 16:07:30,2,70.6365913117548
2025-04-16 16:07:40,3,49.7458535149738
2025-04-16 16:07:50,4,25.4163090479641
2025-04-16 16:08:00,1,86.2654946860088
2025-04-16 16:08:10,2,70.1008846017065
2025-04-16 16:08:20,3,49.0903753615142
2025-04-16 16:08:30,4,24.6863710195363
2025-04-16 16:08:40,1,85.8816874098339
2025-04-16 16:08:50,2,69.561192750862
2025-04-16 16:09:00,3,48.4321064863871
2025-04-16 16:09:10,4,23.955029604192
2025-04-16 16:09:20,1,85.4929978754953
2025-04-16 16:09:30,2,69.017546439976
2025-04-16 16:09:40,3,47.7710843112915
2025-04-16 16:09:50,4,23.2223263777057
2025-04-16 16:10:00,1,85.0994481794691
2025-04-16 16:10:10,2,68.4699765746079
2025-04-16 16:10:20,3,47.1073464144462
2025-04-16 16:10:30,4,22.4883029932673
2025-04-16 16:10:40,1,84.7010606945252
2025-04-16 16:10:50,2,67.918514283367
2025-04-16 16:11:00,3,46.4409305284566
2025-04-16 16:11:10,4,21.7530011791176
2025-04-16 16:11:20,1,84.2978580684548
2025-04-16 16:11:30,2,67.3631909161407
2025-04-16 16:11:40,3,45.771874538167
2025-04-16 16:11:50,4,21.0164627361728
2025-04-16 16:12:00,1,83.889863222784
2025-04-16 16:12:10,2,66.8040380423143
2025-04-16 16:12:20,3,45.1002164785091
2025-04-16 16:12:30,4,20.278729535651
2025-04-16 16:12:40,1,83.4770993514695
2025-04-16 16:12:50,2,66.2410874489745
2025-04-16 16:13:00,3,44.4259945323377
2025-04-16 16:13:10,4,19.5398435166904
2025-04-16 16:13:20,1,83.0595899195813
2025-04-16 16:13:30,2,65.6743711391043
2025-04-16 16:13:40,3,43.7492470282621
2025-04-16 16:13:50,4,18.7998466839646
2025-04-16 16:14:00,1,82.6373586619675
2025-04-16 16:14:10,2,65.1039213297613
2025-04-16 16:14:20,3,43.0700124384652
2025-04-16 16:14:30,4,18.0587811052967
2025-04-16 16:14:40,1,82.2104295819063
2025-04-16 16:14:50,2,64.5297704502489
2025-04-16 16:15:00,3,42.388329376518
2025-04-16 16:15:10,4,17.3166889092652
2025-04-16 16:15:20,1,81.77882694974
2025-04-16 16:15:30,2,63.95195114027
2025-04-16 16:15:40,3,41.7042365951842
2025-04-16 16:15:50,4,16.5736122828119
2025-04-16 16:16:00,1,81.3425753014969
2025-04-16 16:16:10,2,63.3704962480741
2025-04-16 16:16:20,3,41.0177729842154
2025-04-16 16:16:30,4,15.8295934688407
2025-04-16 16:16:40,1,80.9016994374947
2025-04-16 16:16:50,2,62.7854388285875
2025-04-16 16:17:00,3,40.3289775681434
2025-04-16 16:17:10,4,15.0846747638188
2025-04-16 16:17:20,1,80.4562244209324
2025-04-16 16:17:30,2,62.1968121415361
2025-04-16 16:17:40,3,39.6378895040584
2025-04-16 16:17:50,4,14.3388985153699
2025-04-16 16:18:00,1,80.0061755764639
2025-04-16 16:18:10,2,61.604649649554
2025-04-16 16:18:20,3,38.9445480793859
2025-04-16 16:18:30,4,13.5923071198691
2025-04-16 16:18:40,1,79.5515784887596
2025-04-16 16:18:50,2,61.0089850162799
2025-04-16 16:19:00,3,38.2489927096508
2025-04-16 16:19:10,4,12.8449430200301
2025-04-16 16:19:20,1,79.0924590010508
2025-04-16 16:19:30,2,60.409852104446
2025-04-16 16:19:40,3,37.5512629362387
2025-04-16 16:19:50,4,12.0968487024954
2025-04-16 16:20:00,1,78.6288432136618
2025-04-16 16:20:10,2,59.8072849739501
2025-04-16 16:20:20,3,36.8513984241462
2025-04-16 16:20:30,4,11.3480666954177
2025-04-16 16:20:40,1,78.1607574825252
2025-04-16 16:20:50,2,59.2013178799219
2025-04-16 16:21:00,3,36.1494389597281
2025-04-16 16:21:10,4,10.5986395660455
2025-04-16 16:21:20,1,77.6882284176837
2025-04-16 16:21:30,2,58.5919852707732
2025-04-16 16:21:40,3,35.445424448433
2025-04-16 16:21:50,4,9.84860991830024
2025-04-16 16:22:00,1,77.2112828817778
2025-04-16 16:22:10,2,57.9793217862423
2025-04-16 16:22:20,3,34.7393949125375
2025-04-16 16:22:30,4,9.09802039035671
2025-04-16 16:22:40,1,76.7299479885181
2025-04-16 16:22:50,2,57.3633622554216
2025-04-16 16:23:00,3,34.0313904888684
2025-04-16 16:23:10,4,8.34691365221817
2025-04-16 16:23:20,1,76.2442511011448
2025-04-16 16:23:30,2,56.7441416947808
2025-04-16 16:23:40,3,33.3214514265236
2025-04-16 16:23:50,4,7.59533240328951
2025-04-16 16:24:00,1,75.7542198308709
2025-04-16 16:24:10,2,56.1216953061736
2025-04-16 16:24:20,3,32.6096180845809
2025-04-16 16:24:30,4,6.84331936995232
2025-04-16 16:24:40,1,75.2598820353138
2025-04-16 16:24:50,2,55.4960584748386
2025-04-16 16:25:00,3,31.8959309298069
2025-04-16 16:25:10,4,6.09091730313315
2025-04-16 16:25:20,1,74.7612658169106
2025-04-16 16:25:30,2,54.8672667673859
2025-04-16 16:25:40,3,31.1804305343544
2025-04-16 16:25:50,4,5.338168975876
2025-04-16 16:26:00,1,74.2583995213216
2025-04-16 16:26:10,2,54.2353559297769
2025-04-16 16:26:20,3,30.4631575734559
2025-04-16 16:26:30,4,4.58511718090789
2025-04-16 16:26:40,1,73.7513117358173
2025-04-16 16:26:50,2,53.6003618852904
2025-04-16 16:27:00,3,29.7441528231129
2025-04-16 16:27:10,4,3.83180472820898
2025-04-16 16:27:20,1,73.2400312876554
2025-04-16 16:27:30,2,52.9623207324822
2025-04-16 16:27:40,3,29.0234571577757
2025-04-16 16:27:50,4,3.07827444257606
2025-04-16 16:28:00,1,72.7245872424396
2025-04-16 16:28:10,2,52.3212687431321
2025-04-16 16:28:20,3,28.3011115480221
2025-04-16 16:28:30,4,2.32456916119085
2025-04-16 16:28:40,1,72.2050089024695
2025-04-16 16:28:50,2,51.6772423601809
2025-04-16 16:29:00,3,27.5771570582256
2025-04-16 16:29:10,4,1.5707317311819
2025-04-16 16:29:20,1,71.681325805073
2025-04-16 16:29:30,2,51.030278195661
2025-04-16 16:29:40,3,26.8516348442237
2025-04-16 16:29:50,4,0.816805007191687
2025-04-16 16:30:00,1,71.1535677209284
2025-04-16 16:30:10,2,50.3804130286124
2025-04-16 16:30:20,3,26.1245861509756
2025-04-16 16:30:30,4,0.0628318489374833
2025-04-16 16:30:40,1,70.6217646523717
2025-04-16 16:30:50,2,49.7276838029945
2025-04-16 16:31:00,3,25.3960523102203
2025-04-16 16:31:10,4,-0.691144881222282
2025-04-16 16:31:20,1,70.0859468316901
2025-04-16 16:31:30,2,49.0721276255834
2025-04-16 16:31:40,3,24.6660747381238
2025-04-16 16:31:50,4,-1.44508232072755
2025-04-16 16:32:00,1,69.5461447194047
2025-04-16 16:32:10,2,48.4137817638646
2025-04-16 16:32:20,3,23.9346949329278
2025-04-16 16:32:30,4,-2.1989376092508
2025-04-16 16:32:40,1,69.0023890025376
2025-04-16 16:32:50,2,47.7526836439123
2025-04-16 16:33:00,3,23.2019544725877
2025-04-16 16:33:10,4,-2.9526678911347
2025-04-16 16:33:20,1,68.4547105928689
2025-04-16 16:33:30,2,47.0888708482642
2025-04-16 16:33:40,3,22.4678950124116
2025-04-16 16:33:50,4,-3.70623031782944
2025-04-16 16:34:00,1,67.9031406251773
2025-04-16 16:34:10,2,46.4223811137822
2025-04-16 16:34:20,3,21.7325582826897
2025-04-16 16:34:30,4,-4.45958205032613
2025-04-16 16:34:40,1,67.3477104554726
2025-04-16 16:34:50,2,45.75325232951
2025-04-16 16:35:00,3,20.9959860863241
2025-04-16 16:35:10,4,-5.21268026159498
2025-04-16 16:35:20,1,66.7884516592106
2025-04-16 16:35:30,2,45.0815225345164
2025-04-16 16:35:40,3,20.2582202964517
2025-04-16 16:35:50,4,-5.96548213901712
2025-04-16 16:36:00,1,66.2253960295005
2025-04-16 16:36:10,2,44.4072299157354
2025-04-16 16:36:20,3,19.5193028540626
2025-04-16 16:36:30,4,-6.71794488682128
2025-04-16 16:36:40,1,65.6585755752956
2025-04-16 16:36:50,2,43.7304128057927
2025-04-16 16:37:00,3,18.7792757656179
2025-04-16 16:37:10,4,-7.47002572851382
2025-04-16 16:37:20,1,65.0880225195749
2025-04-16 16:37:30,2,43.0511096808292
2025-04-16 16:37:40,3,18.0381811006593
2025-04-16 16:37:50,4,-8.2216819093134
2025-04-16 16:38:00,1,64.5137692975102
2025-04-16 16:38:10,2,42.3693591583121
2025-04-16 16:38:20,3,17.2960609894205
2025-04-16 16:38:30,4,-8.97287069857862
2025-04-16 16:38:40,1,63.9358485546236
2025-04-16 16:38:50,2,41.6851999948389
2025-04-16 16:39:00,3,16.5529576204285
2025-04-16 16:39:10,4,-9.7235493922401
2025-04-16 16:39:20,1,63.3542931449297
2025-04-16 16:39:30,2,40.9986710839366
2025-04-16 16:39:40,3,15.8089132381089
2025-04-16 16:39:50,4,-10.4736753152253
2025-04-16 16:40:00,1,62.7691361290699
2025-04-16 16:40:10,2,40.3098114538476
2025-04-16 16:40:20,3,15.0639701403813
2025-04-16 16:40:30,4,-11.2232058238873
2025-04-16 16:40:40,1,62.1804107724321
2025-04-16 16:40:50,2,39.6186602653141
2025-04-16 16:41:00,3,14.3181706762573
2025-04-16 16:41:10,4,-11.9720983084264
2025-04-16 16:41:20,1,61.5881505432587
2025-04-16 16:41:30,2,38.9252568093487
2025-04-16 16:41:40,3,13.5715572434304
2025-04-16 16:41:50,4,-12.720310195315
2025-04-16 16:42:00,1,60.9923891107459
2025-04-16 16:42:10,2,38.229640505004
2025-04-16 16:42:20,3,12.8241722858686
2025-04-16 16:42:30,4,-13.4677989497152
2025-04-16 16:42:40,1,60.3931603431276
2025-04-16 16:42:50,2,37.5318508971285
2025-04-16 16:43:00,3,12.0760582913985
2025-04-16 16:43:10,4,-14.2145220778996
2025-04-16 16:43:20,1,59.7904983057519
2025-04-16 16:43:30,2,36.8319276541215
2025-04-16 16:43:40,3,11.327257789293
2025-04-16 16:43:50,4,-14.9604371296645
2025-04-16 16:44:00,1,59.1844372591428
2025-04-16 16:44:10,2,36.1299105656752
2025-04-16 16:44:20,3,10.5778133478505
2025-04-16 16:44:30,4,-15.7055017007444
2025-04-16 16:44:40,1,58.5750116570545
2025-04-16 16:44:50,2,35.4258395405155
2025-04-16 16:45:00,3,9.82776757197819
2025-04-16 16:45:10,4,-16.4496734352235
2025-04-16 16:45:20,1,57.9622561445102
2025-04-16 16:45:30,2,34.7197546041304
2025-04-16 16:45:40,3,9.07716310076651
2025-04-16 16:45:50,4,-17.192910027941
2025-04-16 16:46:00,1,57.3462055558356
2025-04-16 16:46:10,2,34.0116958964974
2025-04-16 16:46:20,3,8.32604260506825
2025-04-16 16:46:30,4,-17.9351692268993
2025-04-16 16:46:40,1,56.7268949126756
2025-04-16 16:46:50,2,33.3017036697989
2025-04-16 16:47:00,3,7.57444878507147
2025-04-16 16:47:10,4,-18.6764088356626
2025-04-16 16:47:20,1,56.104359422006
2025-04-16 16:47:30,2,32.5898182861368
2025-04-16 16:47:40,3,6.82242436787101
2025-04-16 16:47:50,4,-19.4165867157591
2025-04-16 16:48:00,1,55.4786344741297
2025-04-16 16:48:10,2,31.8760802152346
2025-04-16 16:48:20,3,6.07001210504198
2025-04-16 16:48:30,4,-20.1556607890734
2025-04-16 16:48:40,1,54.8497556406671
2025-04-16 16:48:50,2,31.1605300321402
2025-04-16 16:49:00,3,5.31725477020659
2025-04-16 16:49:10,4,-20.8935890402413
2025-04-16 16:49:20,1,54.2177586725317
2025-04-16 16:49:30,2,30.443208414917
2025-04-16 16:49:40,3,4.56419515660535
2025-04-16 16:49:50,4,-21.6303295190358
2025-04-16 16:50:00,1,53.5826794978998
2025-04-16 16:50:10,2,29.7241561423316
2025-04-16 16:50:20,3,3.81087607466148
2025-04-16 16:50:30,4,-22.3658403427545
2025-04-16 16:50:40,1,52.9445542201657
2025-04-16 16:50:50,2,29.0034140915369
2025-04-16 16:51:00,3,3.05734034955005
2025-04-16 16:51:10,4,-23.1000796985976
2025-04-16 16:51:20,1,52.3034191158916
2025-04-16 16:51:30,2,28.2810232357464
2025-04-16 16:51:40,3,2.30363081876059
2025-04-16 16:51:50,4,-23.8330058460484
2025-04-16 16:52:00,1,51.6593106327444
2025-04-16 16:52:10,2,27.5570246419072
2025-04-16 16:52:20,3,1.54979032966465
2025-04-16 16:52:30,4,-24.5645771192426
2025-04-16 16:52:40,1,51.0122653874223
2025-04-16 16:52:50,2,26.8314594683626
2025-04-16 16:53:00,3,0.795861737077178
2025-04-16 16:53:10,4,-25.2947519293401
2025-04-16 16:53:20,1,50.3623201635761
2025-04-16 16:53:30,2,26.1043689625155
2025-04-16 16:53:40,3,0.0418879008231033
2025-04-16 16:53:50,4,-26.0234887668868
2025-04-16 16:54:00,1,49.709511909715
2025-04-16 16:54:10,2,25.3757944584803
2025-04-16 16:54:20,3,-0.712088316702025
2025-04-16 16:54:30,4,-26.7507462041756
2025-04-16 16:54:40,1,49.0538777371088
2025-04-16 16:54:50,2,24.6457773747362
2025-04-16 16:55:00,3,-1.46602405296587
2025-04-16 16:55:10,4,-27.4764828976022
2025-04-16 16:55:20,1,48.3954549176759
2025-04-16 16:55:30,2,23.9143592117697
2025-04-16 16:55:40,3,-2.2198764477388
2025-04-16 16:55:50,4,-28.200657590013
2025-04-16 16:56:00,1,47.7342808818667
2025-04-16 16:56:10,2,23.1815815497181
2025-04-16 16:56:20,3,-2.973602645528
2025-04-16 16:56:30,4,-28.9232291130537
2025-04-16 16:56:40,1,47.0703932165332
2025-04-16 16:56:50,2,22.447486046003
2025-04-16 16:57:00,3,-3.72715979801476
2025-04-16 16:57:10,4,-29.6441563895065
2025-04-16 16:57:20,1,46.4038296627949
2025-04-16 16:57:30,2,21.712114432965
2025-04-16 16:57:40,3,-4.48050506649144
2025-04-16 16:57:50,4,-30.3633984356282
2025-04-16 16:58:00,1,45.7346281138908
2025-04-16 16:58:10,2,20.9755085154884
2025-04-16 16:58:20,3,-5.2335956242943
2025-04-16 16:58:30,4,-31.0809143634774
2025-04-16 16:58:40,1,45.0628266130274
2025-04-16 16:58:50,2,20.2377101686268
2025-04-16 16:59:00,3,-5.98638865924099
2025-04-16 16:59:10,4,-31.7966633832413
2025-04-16 16:59:20,1,44.388463351214
2025-04-16 16:59:30,2,19.4987613352223
2025-04-16 16:59:40,3,-6.73884137606149
2025-04-16 16:59:50,4,-32.5106048055523
2025-04-16 17:00:00,1,43.7115766650934
2025-04-16 17:00:10,2,18.7587040235192
2025-04-16 17:00:20,3,-7.49091099883385
2025-04-16 17:00:30,4,-33.2226980438037
2025-04-16 17:00:40,1,43.0322050347609
2025-04-16 17:00:50,2,18.0175803047788
2025-04-16 17:01:00,3,-8.24255477341305
2025-04-16 17:01:10,4,-33.932902616454
2025-04-16 17:01:20,1,42.350387081578
2025-04-16 17:01:30,2,17.2754323108848
2025-04-16 17:01:40,3,-8.99372996986443
2025-04-16 17:01:50,4,-34.6411781493314
2025-04-16 17:02:00,1,41.6661615659768
2025-04-16 17:02:10,2,16.532302231951
2025-04-16 17:02:20,3,-9.74439388488991
2025-04-16 17:02:30,4,-35.3474843779257
2025-04-16 17:02:40,1,40.9795673852548
2025-04-16 17:02:50,2,15.7882323139199
2025-04-16 17:03:00,3,-10.4945038442585
2025-04-16 17:03:10,4,-36.0517811496806
2025-04-16 17:03:20,1,40.2906435713663
2025-04-16 17:03:30,2,15.0432648561642
2025-04-16 17:03:40,3,-11.2440172052294
2025-04-16 17:03:50,4,-36.7540284262738
2025-04-16 17:04:00,1,39.5994292887008
2025-04-16 17:04:10,2,14.2974422090788
2025-04-16 17:04:20,3,-11.9928913589791
2025-04-16 17:04:30,4,-37.4541862858938
2025-04-16 17:04:40,1,38.9059638318594
2025-04-16 17:04:50,2,13.5508067716766
2025-04-16 17:05:00,3,-12.7410837330207
2025-04-16 17:05:10,4,-38.1522149255107
2025-04-16 17:05:20,1,38.2102866234176
2025-04-16 17:05:30,2,12.8034009891752
2025-04-16 17:05:40,3,-13.488551793627
2025-04-16 17:05:50,4,-38.8480746631367
2025-04-16 17:06:00,1,37.5124372116878
2025-04-16 17:06:10,2,12.0552673505864
2025-04-16 17:06:20,3,-14.2352530482459
2025-04-16 17:06:30,4,-39.5417259400842
2025-04-16 17:06:40,1,36.8124552684677
2025-04-16 17:06:50,2,11.3064483862984
2025-04-16 17:07:00,3,-14.9811450479173
2025-04-16 17:07:10,4,-40.2331293232127
2025-04-16 17:07:20,1,36.1103805867878
2025-04-16 17:07:30,2,10.5569866656608
2025-04-16 17:07:40,3,-15.7261853896872
2025-04-16 17:07:50,4,-40.9222455071723
2025-04-16 17:08:00,1,35.4062530786468
2025-04-16 17:08:10,2,9.80692479456132
2025-04-16 17:08:20,3,-16.4703317190157
2025-04-16 17:08:30,4,-41.6090353166364
2025-04-16 17:08:40,1,34.7001127727451
2025-04-16 17:08:50,2,9.05630541300667
2025-04-16 17:09:00,3,-17.2135417321877
2025-04-16 17:09:10,4,-42.2934597085305
2025-04-16 17:09:20,1,33.9919998122064
2025-04-16 17:09:30,2,8.30517119269724
2025-04-16 17:09:40,3,-17.9557731787152
2025-04-16 17:09:50,4,-42.97547977425
2025-04-16 17:10:00,1,33.2819544522988
2025-04-16 17:10:10,2,7.55356483460023
2025-04-16 17:10:20,3,-18.6969838637416
2025-04-16 17:10:30,4,-43.6550567418742
2025-04-16 17:10:40,1,32.5700170581432
2025-04-16 17:10:50,2,6.80152906652468
2025-04-16 17:11:00,3,-19.4371316504378
2025-04-16 17:11:10,4,-44.3321519783678
2025-04-16 17:11:20,1,31.8562281024211
2025-04-16 17:11:30,2,6.04910664068957
2025-04-16 17:11:40,3,-20.1761744624007
2025-04-16 17:11:50,4,-45.00672699178
2025-04-16 17:12:00,1,31.1406281630728
2025-04-16 17:12:10,2,5.29634033129629
2025-04-16 17:12:20,3,-20.9140702860419
2025-04-16 17:12:30,4,-45.6787434334299
2025-04-16 17:12:40,1,30.4232579209896
2025-04-16 17:12:50,2,4.5432729320941
2025-04-16 17:13:00,3,-21.6507771729791
2025-04-16 17:13:10,4,-46.3481631000893
2025-04-16 17:13:20,1,29.7041581577035
2025-04-16 17:13:30,2,3.78994725395025
2025-04-16 17:13:40,3,-22.3862532424181
2025-04-16 17:13:50,4,-47.0149479361523
2025-04-16 17:14:00,1,28.983369753066
2025-04-16 17:14:10,2,3.03640612241338
2025-04-16 17:14:20,3,-23.1204566835366
2025-04-16 17:14:30,4,-47.6790600357993
2025-04-16 17:14:40,1,28.2609336829269
2025-04-16 17:14:50,2,2.28269237528178
2025-04-16 17:15:00,3,-23.8533457578579
2025-04-16 17:15:10,4,-48.3404616451533
2025-04-16 17:15:20,1,27.5368910168024
2025-04-16 17:15:30,2,1.52884886016528
2025-04-16 17:15:40,3,-24.5848788016267
2025-04-16 17:15:50,4,-48.9991151644237
2025-04-16 17:16:00,1,26.8112829155427
2025-04-16 17:16:10,2,0.774918432052267
2025-04-16 17:16:20,3,-25.3150142281752
2025-04-16 17:16:30,4,-49.6549831500465
2025-04-16 17:16:40,1,26.0841506289896
2025-04-16 17:16:50,2,0.0209439508706037
2025-04-16 17:17:00,3,-26.0437105302882
2025-04-16 17:17:10,4,-50.3080283168102
2025-04-16 17:17:20,1,25.3555354936341
2025-04-16 17:17:30,2,-0.73303172094608
2025-04-16 17:17:40,3,-26.770926282564
2025-04-16 17:17:50,4,-50.9582135399778
2025-04-16 17:18:00,1,24.6254789302639
2025-04-16 17:18:10,2,-1.48696572089788
2025-04-16 17:18:20,3,-27.4966201437665
2025-04-16 17:18:30,4,-51.6055018573954
2025-04-16 17:18:40,1,23.8940224416112
2025-04-16 17:18:50,2,-2.24081518885248
2025-04-16 17:19:00,3,-28.2207508591788
2025-04-16 17:19:10,4,-52.2498564715951
2025-04-16 17:19:20,1,23.1612076099906
2025-04-16 17:19:30,2,-2.99453726948449
2025-04-16 17:19:40,3,-28.9432772629449
2025-04-16 17:19:50,4,-52.8912407518851
2025-04-16 17:20:00,1,22.4270760949382
2025-04-16 17:20:10,2,-3.74808911470926
2025-04-16 17:20:20,3,-29.6641582804136
2025-04-16 17:20:30,4,-53.5296182364342
2025-04-16 17:20:40,1,21.6916696308405
2025-04-16 17:20:50,2,-4.5014278861198
2025-04-16 17:21:00,3,-30.3833529304699
2025-04-16 17:21:10,4,-54.1649526343424
2025-04-16 17:21:20,1,20.9550300245642
2025-04-16 17:21:30,2,-5.25451075742314
2025-04-16 17:21:40,3,-31.1008203278682
2025-04-16 17:21:50,4,-54.7972078277062
2025-04-16 17:22:00,1,20.2171991530773
2025-04-16 17:22:10,2,-6.00729491687247
2025-04-16 17:22:20,3,-31.8165196855534
2025-04-16 17:22:30,4,-55.4263478736694
2025-04-16 17:22:40,1,19.4782189610707
2025-04-16 17:22:50,2,-6.75973756970375
2025-04-16 17:23:00,3,-32.5304103169824
2025-04-16 17:23:10,4,-56.0523370064691
2025-04-16 17:23:20,1,18.7381314585725
2025-04-16 17:23:30,2,-7.51179594056574
2025-04-16 17:23:40,3,-33.2424516384344
2025-04-16 17:23:50,4,-56.6751396394663
2025-04-16 17:24:00,1,17.9969787185588
2025-04-16 17:24:10,2,-8.26342727595451
2025-04-16 17:24:20,3,-33.9526031713207
2025-04-16 17:24:30,4,-57.2947203671715
2025-04-16 17:24:40,1,17.2548028745647
2025-04-16 17:24:50,2,-9.01458884664111
2025-04-16 17:25:00,3,-34.6608245444834
2025-04-16 17:25:10,4,-57.9110439672552
2025-04-16 17:25:20,1,16.5116461182857
2025-04-16 17:25:30,2,-9.76523795010348
2025-04-16 17:25:40,3,-35.3670754964927
2025-04-16 17:25:50,4,-58.5240754025511
2025-04-16 17:26:00,1,15.7675506971823
2025-04-16 17:26:10,2,-10.5153319129512
2025-04-16 17:26:20,3,-36.0713158779333
2025-04-16 17:26:30,4,-59.1337798230491
2025-04-16 17:26:40,1,15.0225589120756
2025-04-16 17:26:50,2,-11.2648280933544
2025-04-16 17:27:00,3,-36.7735056536895
2025-04-16 17:27:10,4,-59.7401225678742
2025-04-16 17:27:20,1,14.276713114745
2025-04-16 17:27:30,2,-12.0136838834647
2025-04-16 17:27:40,3,-37.4736049052187
2025-04-16 17:27:50,4,-60.3430691672593
2025-04-16 17:28:00,1,13.5300557055179
2025-04-16 17:28:10,2,-12.7618567118407
2025-04-16 17:28:20,3,-38.1715738328218
2025-04-16 17:28:30,4,-60.9425853445023
2025-04-16 17:28:40,1,12.7826291308625
2025-04-16 17:28:50,2,-13.5093040458647
2025-04-16 17:29:00,3,-38.8673727579068
2025-04-16 17:29:10,4,-61.5386370179173
2025-04-16 17:29:20,1,12.0344758809711
2025-04-16 17:29:30,2,-14.2559833941642
2025-04-16 17:29:40,3,-39.5609621252422
2025-04-16 17:29:50,4,-62.1311903027695
2025-04-16 17:30:00,1,11.2856384873483
2025-04-16 17:30:10,2,-15.0018523090243
2025-04-16 17:30:20,3,-40.2523025052078
2025-04-16 17:30:30,4,-62.7202115132041
2025-04-16 17:30:40,1,10.5361595203898
2025-04-16 17:30:50,2,-15.7468683888023
2025-04-16 17:31:00,3,-40.9413545960344
2025-04-16 17:31:10,4,-63.3056671641585
2025-04-16 17:31:20,1,9.78608158696529
2025-04-16 17:31:30,2,-16.490989280339
2025-04-16 17:31:40,3,-41.6280792260402
2025-04-16 17:31:50,4,-63.8875239732688
2025-04-16 17:32:00,1,9.03544732799353
2025-04-16 17:32:10,2,-17.234172681364
2025-04-16 17:32:20,3,-42.3124373558548
2025-04-16 17:32:30,4,-64.4657488627591
2025-04-16 17:32:40,1,8.28429941602065
2025-04-16 17:32:50,2,-17.9763763429035
2025-04-16 17:33:00,3,-42.9943900806418
2025-04-16 17:33:10,4,-65.0403089613245
2025-04-16 17:33:20,1,7.53268055279327
2025-04-16 17:33:30,2,-18.7175580716791
2025-04-16 17:33:40,3,-43.6738986323074
2025-04-16 17:33:50,4,-65.6111716059973
2025-04-16 17:34:00,1,6.78063346682991
2025-04-16 17:34:10,2,-19.4576757325093
2025-04-16 17:34:20,3,-44.3509243817069
2025-04-16 17:34:30,4,-66.1783043440062
2025-04-16 17:34:40,1,6.02820091099437
2025-04-16 17:34:50,2,-20.196687250702
2025-04-16 17:35:00,3,-45.0254288408386
2025-04-16 17:35:10,4,-66.7416749346192
2025-04-16 17:35:20,1,5.2754256600625
2025-04-16 17:35:30,2,-20.9345506144494
2025-04-16 17:35:40,3,-45.6973736650337
2025-04-16 17:35:50,4,-67.3012513509774
2025-04-16 17:36:00,1,4.5223505082933
2025-04-16 17:36:10,2,-21.671223877213
2025-04-16 17:36:20,3,-46.3667206551342
2025-04-16 17:36:30,4,-67.8570017819164
2025-04-16 17:36:40,1,3.76901826699333
2025-04-16 17:36:50,2,-22.4066651601116
2025-04-16 17:37:00,3,-47.0334317596665
2025-04-16 17:37:10,4,-68.4088946337727
2025-04-16 17:37:20,1,3.01547176208574
2025-04-16 17:37:30,2,-23.1408326542989
2025-04-16 17:37:40,3,-47.6974690770027
2025-04-16 17:37:50,4,-68.9568985321822
2025-04-16 17:38:00,1,2.26175383167287
2025-04-16 17:38:10,2,-23.8736846233433
2025-04-16 17:38:20,3,-48.3587948575161
2025-04-16 17:38:30,4,-69.5009823238615
2025-04-16 17:38:40,1,1.5079073236038
2025-04-16 17:38:50,2,-24.6051794055973
2025-04-16 17:39:00,3,-49.0173715057282
2025-04-16 17:39:10,4,-70.0411150783808
2025-04-16 17:39:20,1,0.75397509303563
2025-04-16 17:39:30,2,-25.3352754165695
2025-04-16 17:39:40,3,-49.6731615824436
2025-04-16 17:39:50,4,-70.5772660899207
2025-04-16 17:40:00,1,1.10218211923262e-13
2025-04-16 17:40:10,2,-26.0639311512853
2025-04-16 17:40:20,3,-50.3261278068811
2025-04-16 17:40:30,4,-71.1094048790194
2025-04-16 17:40:40,1,-0.753975093035765
2025-04-16 17:40:50,2,-26.7911051866481
2025-04-16 17:41:00,3,-50.9762330587904
2025-04-16 17:41:10,4,-71.6375011943035
2025-04-16 17:41:20,1,-1.50790732360358
2025-04-16 17:41:30,2,-27.5167561837949
2025-04-16 17:41:40,3,-51.6234403805648
2025-04-16 17:41:50,4,-72.1615250142099
2025-04-16 17:42:00,1,-2.26175383167301
2025-04-16 17:42:10,2,-28.2408428904439
2025-04-16 17:42:20,3,-52.2677129793399
2025-04-16 17:42:30,4,-72.6814465486903
2025-04-16 17:42:40,1,-3.01547176208587
2025-04-16 17:42:50,2,-28.9633241432426
2025-04-16 17:43:00,3,-52.9090142290875
2025-04-16 17:43:10,4,-73.1972362409067
2025-04-16 17:43:20,1,-3.76901826699346
2025-04-16 17:43:30,2,-29.6841588701051
2025-04-16 17:43:40,3,-53.5473076726955
2025-04-16 17:43:50,4,-73.7088647689099
2025-04-16 17:44:00,1,-4.52235050829344
2025-04-16 17:44:10,2,-30.4033060925493
2025-04-16 17:44:20,3,-54.1825570240425
2025-04-16 17:44:30,4,-74.2163030473084
2025-04-16 17:44:40,1,-5.27542566006264
2025-04-16 17:44:50,2,-31.1207249280245
2025-04-16 17:45:00,3,-54.8147261700586
2025-04-16 17:45:10,4,-74.7195222289196
2025-04-16 17:45:20,1,-6.0282009109945
2025-04-16 17:45:30,2,-31.8363745922375
2025-04-16 17:45:40,3,-55.4437791727806
2025-04-16 17:45:50,4,-75.2184937064112
2025-04-16 17:46:00,1,-6.78063346683004
2025-04-16 17:46:10,2,-32.5502144014689
2025-04-16 17:46:20,3,-56.0696802713927
2025-04-16 17:46:30,4,-75.7131891139278
2025-04-16 17:46:40,1,-7.5326805527934
2025-04-16 17:46:50,2,-33.2622037748886
2025-04-16 17:47:00,3,-56.6923938842617
2025-04-16 17:47:10,4,-76.2035803287019
2025-04-16 17:47:20,1,-8.28429941602078
2025-04-16 17:47:30,2,-33.9723022368596
2025-04-16 17:47:40,3,-57.3118846109578
2025-04-16 17:47:50,4,-76.6896394726543
2025-04-16 17:48:00,1,-9.03544732799367
2025-04-16 17:48:10,2,-34.6804694192423
2025-04-16 17:48:20,3,-57.9281172342678
2025-04-16 17:48:30,4,-77.1713389139775
2025-04-16 17:48:40,1,-9.78608158696508
2025-04-16 17:48:50,2,-35.3866650636862
2025-04-16 17:49:00,3,-58.5410567221986
2025-04-16 17:49:10,4,-77.648651268708
2025-04-16 17:49:20,1,-10.5361595203899
2025-04-16 17:49:30,2,-36.0908490239217
2025-04-16 17:49:40,3,-59.1506682299657
2025-04-16 17:49:50,4,-78.1215494022814
2025-04-16 17:50:00,1,-11.2856384873481
2025-04-16 17:50:10,2,-36.7929812680394
2025-04-16 17:50:20,3,-59.7569171019774
2025-04-16 17:50:30,4,-78.5900064310766
2025-04-16 17:50:40,1,-12.0344758809712
2025-04-16 17:50:50,2,-37.4930218807673
2025-04-16 17:51:00,3,-60.3597688738018
2025-04-16 17:51:10,4,-79.0539957239427
2025-04-16 17:51:20,1,-12.7826291308622
2025-04-16 17:51:30,2,-38.1909310657409
2025-04-16 17:51:40,3,-60.9591892741289
2025-04-16 17:51:50,4,-79.5134909037142
2025-04-16 17:52:00,1,-13.5300557055181
2025-04-16 17:52:10,2,-38.8866691477633
2025-04-16 17:52:20,3,-61.5551442267164
2025-04-16 17:52:30,4,-79.968465848709
2025-04-16 17:52:40,1,-14.2767131147451
2025-04-16 17:52:50,2,-39.5801965750627
2025-04-16 17:53:00,3,-62.1475998523291
2025-04-16 17:53:10,4,-80.4188946942154
2025-04-16 17:53:20,1,-15.0225589120757
2025-04-16 17:53:30,2,-40.2714739215394
2025-04-16 17:53:40,3,-62.7365224706628
2025-04-16 17:53:50,4,-80.8647518339601
2025-04-16 17:54:00,1,-15.7675506971824
2025-04-16 17:54:10,2,-40.9604618890084
2025-04-16 17:54:20,3,-63.321878602261
2025-04-16 17:54:30,4,-81.3060119215661
2025-04-16 17:54:40,1,-16.5116461182858
2025-04-16 17:54:50,2,-41.6471213094321
2025-04-16 17:55:00,3,-63.9036349704161
2025-04-16 17:55:10,4,-81.742649871992
2025-04-16 17:55:20,1,-17.2548028745648
2025-04-16 17:55:30,2,-42.3314131471486
2025-04-16 17:55:40,3,-64.4817585030633
2025-04-16 17:55:50,4,-82.1746408629591
2025-04-16 17:56:00,1,-17.9969787185589
2025-04-16 17:56:10,2,-43.0132985010886
2025-04-16 17:56:20,3,-65.0562163346586
2025-04-16 17:56:30,4,-82.6019603363618
2025-04-16 17:56:40,1,-18.7381314585726
2025-04-16 17:56:50,2,-43.6927386069896
2025-04-16 17:57:00,3,-65.6269758080491
2025-04-16 17:57:10,4,-83.0245839996637
2025-04-16 17:57:20,1,-19.4782189610708
2025-04-16 17:57:30,2,-44.3696948395968
2025-04-16 17:57:40,3,-66.1940044763275
2025-04-16 17:57:50,4,-83.4424878272798
2025-04-16 17:58:00,1,-20.2171991530775
2025-04-16 17:58:10,2,-45.0441287148615
2025-04-16 17:58:20,3,-66.757270104679
2025-04-16 17:58:30,4,-83.8556480619404
2025-04-16 17:58:40,1,-20.955030024564
2025-04-16 17:58:50,2,-45.7160018921264
2025-04-16 17:59:00,3,-67.3167406722116
2025-04-16 17:59:10,4,-84.2640412160434
2025-04-16 17:59:20,1,-21.6916696308406
2025-04-16 17:59:30,2,-46.3852761763077
2025-04-16 17:59:40,3,-67.8723843737773
2025-04-16 17:59:50,4,-84.667644072988
2025-04-16 18:00:00,1,-22.427076094938
2025-04-16 18:00:10,2,-47.0519135200638
2025-04-16 18:00:20,3,-68.4241696217813
2025-04-16 18:00:30,4,-85.0664336884965
2025-04-16 18:00:40,1,-23.1612076099907
2025-04-16 18:00:50,2,-47.715876025961
2025-04-16 18:01:00,3,-68.9720650479756
2025-04-16 18:01:10,4,-85.4603873919162
2025-04-16 18:01:20,1,-23.8940224416109
2025-04-16 18:01:30,2,-48.3771259486255
2025-04-16 18:01:40,3,-69.516039505244
2025-04-16 18:01:50,4,-85.8494827875105
2025-04-16 18:02:00,1,-24.625478930264
2025-04-16 18:02:10,2,-49.0356256968902
2025-04-16 18:02:20,3,-70.0560620693716
2025-04-16 18:02:30,4,-86.2336977557304
2025-04-16 18:02:40,1,-25.3555354936339
2025-04-16 18:02:50,2,-49.6913378359327
2025-04-16 18:03:00,3,-70.592102040804
2025-04-16 18:03:10,4,-86.6130104544731
2025-04-16 18:03:20,1,-26.0841506289897
2025-04-16 18:03:30,2,-50.3442250894011
2025-04-16 18:03:40,3,-71.1241289463909
2025-04-16 18:03:50,4,-86.9873993203227
2025-04-16 18:04:00,1,-26.8112829155428
2025-04-16 18:04:10,2,-50.9942503415358
2025-04-16 18:04:20,3,-71.6521125411203
2025-04-16 18:04:30,4,-87.3568430697771
2025-04-16 18:04:40,1,-27.5368910168025
2025-04-16 18:04:50,2,-51.6413766392768
2025-04-16 18:05:00,3,-72.1760228098361
2025-04-16 18:05:10,4,-87.7213207004569
2025-04-16 18:05:20,1,-28.260933682927
2025-04-16 18:05:30,2,-52.2855671943669
2025-04-16 18:05:40,3,-72.6958299689462
2025-04-16 18:05:50,4,-88.0808114923004
2025-04-16 18:06:00,1,-28.9833697530661
2025-04-16 18:06:10,2,-52.926785385441
2025-04-16 18:06:20,3,-73.2115044681139
2025-04-16 18:06:30,4,-88.4352950087405
2025-04-16 18:06:40,1,-29.7041581577036
2025-04-16 18:06:50,2,-53.5649947601096
2025-04-16 18:07:00,3,-73.7230169919394
2025-04-16 18:07:10,4,-88.7847510978669
2025-04-16 18:07:20,1,-30.4232579209898
2025-04-16 18:07:30,2,-54.2001590370297
2025-04-16 18:07:40,3,-74.2303384616247
2025-04-16 18:07:50,4,-89.1291598935724
2025-04-16 18:08:00,1,-31.1406281630729
2025-04-16 18:08:10,2,-54.8322421079687
2025-04-16 18:08:20,3,-74.7334400366287
2025-04-16 18:08:30,4,-89.4685018166809
2025-04-16 18:08:40,1,-31.8562281024212
2025-04-16 18:08:50,2,-55.4612080398556
2025-04-16 18:09:00,3,-75.2322931163048
2025-04-16 18:09:10,4,-89.8027575760617
2025-04-16 18:09:20,1,-32.5700170581433
2025-04-16 18:09:30,2,-56.0870210768256
2025-04-16 18:09:40,3,-75.7268693415275
2025-04-16 18:09:50,4,-90.1319081697252
2025-04-16 18:10:00,1,-33.2819544522986
2025-04-16 18:10:10,2,-56.7096456422504
2025-04-16 18:10:20,3,-76.2171405963057
2025-04-16 18:10:30,4,-90.4559348859041
2025-04-16 18:10:40,1,-33.9919998122065
2025-04-16 18:10:50,2,-57.3290463407634
2025-04-16 18:11:00,3,-76.7030790093788
2025-04-16 18:11:10,4,-90.7748193041162
2025-04-16 18:11:20,1,-34.7001127727448
2025-04-16 18:11:30,2,-57.9451879602696
2025-04-16 18:11:40,3,-77.1846569558036
2025-04-16 18:11:50,4,-91.0885432962123
2025-04-16 18:12:00,1,-35.4062530786469
2025-04-16 18:12:10,2,-58.558035473948
2025-04-16 18:12:20,3,-77.6618470585225
2025-04-16 18:12:30,4,-91.3970890274061
2025-04-16 18:12:40,1,-36.1103805867876
2025-04-16 18:12:50,2,-59.1675540422443
2025-04-16 18:13:00,3,-78.1346221899218
2025-04-16 18:13:10,4,-91.700438957289
2025-04-16 18:13:20,1,-36.8124552684678
2025-04-16 18:13:30,2,-59.7737090148488
2025-04-16 18:13:40,3,-78.6029554733723
2025-04-16 18:13:50,4,-91.9985758408262
2025-04-16 18:14:00,1,-37.5124372116879
2025-04-16 18:14:10,2,-60.3764659326691
2025-04-16 18:14:20,3,-79.0668202847584
2025-04-16 18:14:30,4,-92.2914827293378
2025-04-16 18:14:40,1,-38.2102866234177
2025-04-16 18:14:50,2,-60.9757905297862
2025-04-16 18:15:00,3,-79.5261902539905
2025-04-16 18:15:10,4,-92.5791429714619
2025-04-16 18:15:20,1,-38.9059638318595
2025-04-16 18:15:30,2,-61.5716487354052
2025-04-16 18:15:40,3,-79.9810392665054
2025-04-16 18:15:50,4,-92.8615402141018
2025-04-16 18:16:00,1,-39.599429288701
2025-04-16 18:16:10,2,-62.1640066757899
2025-04-16 18:16:20,3,-80.4313414647496
2025-04-16 18:16:30,4,-93.1386584033546
2025-04-16 18:16:40,1,-40.2906435713664
2025-04-16 18:16:50,2,-62.7528306761902
2025-04-16 18:17:00,3,-80.8770712496504
2025-04-16 18:17:10,4,-93.4104817854249
2025-04-16 18:17:20,1,-40.9795673852549
2025-04-16 18:17:30,2,-63.3380872627551
2025-04-16 18:17:40,3,-81.3182032820699
2025-04-16 18:17:50,4,-93.6769949075199
2025-04-16 18:18:00,1,-41.6661615659769
2025-04-16 18:18:10,2,-63.9197431644369
2025-04-16 18:18:20,3,-81.7547124842473
2025-04-16 18:18:30,4,-93.9381826187277
2025-04-16 18:18:40,1,-42.3503870815781
2025-04-16 18:18:50,2,-64.4977653148811
2025-04-16 18:19:00,3,-82.1865740412225
2025-04-16 18:19:10,4,-94.1940300708791
2025-04-16 18:19:20,1,-43.032205034761
2025-04-16 18:19:30,2,-65.0721208543083
2025-04-16 18:19:40,3,-82.6137634022479
2025-04-16 18:19:50,4,-94.4445227193913
2025-04-16 18:20:00,1,-43.7115766650932
2025-04-16 18:20:10,2,-65.6427771313796
2025-04-16 18:20:20,3,-83.0362562821847
2025-04-16 18:20:30,4,-94.689646324095
2025-04-16 18:20:40,1,-44.3884633512141
2025-04-16 18:20:50,2,-66.2097017050555
2025-04-16 18:21:00,3,-83.4540286628816
2025-04-16 18:21:10,4,-94.9293869500435
2025-04-16 18:21:20,1,-45.0628266130272
2025-04-16 18:21:30,2,-66.7728623464378
2025-04-16 18:21:40,3,-83.8670567945424
2025-04-16 18:21:50,4,-95.1637309683055
2025-04-16 18:22:00,1,-45.7346281138909
2025-04-16 18:22:10,2,-67.3322270406031
2025-04-16 18:22:20,3,-84.2753171970743
2025-04-16 18:22:30,4,-95.3926650567394
2025-04-16 18:22:40,1,-46.4038296627947
2025-04-16 18:22:50,2,-67.8877639884229
2025-04-16 18:23:00,3,-84.6787866614239
2025-04-16 18:23:10,4,-95.6161762007509
2025-04-16 18:23:20,1,-47.0703932165333
2025-04-16 18:23:30,2,-68.4394416083701
2025-04-16 18:23:40,3,-85.0774422508957
2025-04-16 18:23:50,4,-95.8342516940326
2025-04-16 18:24:00,1,-47.7342808818668
2025-04-16 18:24:10,2,-68.9872285383161
2025-04-16 18:24:20,3,-85.4712613024572
2025-04-16 18:24:30,4,-96.046879139287
2025-04-16 18:24:40,1,-48.395454917676
2025-04-16 18:24:50,2,-69.5310936373119
2025-04-16 18:25:00,3,-85.8602214280259
2025-04-16 18:25:10,4,-96.2540464489301
2025-04-16 18:25:20,1,-49.0538777371089
2025-04-16 18:25:30,2,-70.0710059873603
2025-04-16 18:25:40,3,-86.2443005157432
2025-04-16 18:25:50,4,-96.4557418457798
2025-04-16 18:26:00,1,-49.7095119097151
2025-04-16 18:26:10,2,-70.6069348951713
2025-04-16 18:26:20,3,-86.6234767312303
2025-04-16 18:26:30,4,-96.6519538637247
2025-04-16 18:26:40,1,-50.3623201635762
2025-04-16 18:26:50,2,-71.1388498939095
2025-04-16 18:27:00,3,-86.997728518831
2025-04-16 18:27:10,4,-96.8426713483759
2025-04-16 18:27:20,1,-51.0122653874225
2025-04-16 18:27:30,2,-71.6667207449238
2025-04-16 18:27:40,3,-87.3670346028352
2025-04-16 18:27:50,4,-97.0278834577015
2025-04-16 18:28:00,1,-51.6593106327445
2025-04-16 18:28:10,2,-72.1905174394682
2025-04-16 18:28:20,3,-87.7313739886901
2025-04-16 18:28:30,4,-97.2075796626429
2025-04-16 18:28:40,1,-52.3034191158918
2025-04-16 18:28:50,2,-72.7102102004063
2025-04-16 18:29:00,3,-88.0907259641927
2025-04-16 18:29:10,4,-97.3817497477129
2025-04-16 18:29:20,1,-52.9445542201658
2025-04-16 18:29:30,2,-73.2257694839056
2025-04-16 18:29:40,3,-88.4450701006674
2025-04-16 18:29:50,4,-97.5503838115771
2025-04-16 18:30:00,1,-53.5826794978996
2025-04-16 18:30:10,2,-73.7371659811154
2025-04-16 18:30:20,3,-88.7943862541279
2025-04-16 18:30:30,4,-97.7134722676162
2025-04-16 18:30:40,1,-54.2177586725318
2025-04-16 18:30:50,2,-74.2443706198346
2025-04-16 18:31:00,3,-89.1386545664215
2025-04-16 18:31:10,4,-97.8710058444712
2025-04-16 18:31:20,1,-54.849755640667
2025-04-16 18:31:30,2,-74.7473545661627
2025-04-16 18:31:40,3,-89.4778554663591
2025-04-16 18:31:50,4,-98.0229755865708
2025-04-16 18:32:00,1,-55.4786344741298
2025-04-16 18:32:10,2,-75.2460892261408
2025-04-16 18:32:20,3,-89.8119696708263
2025-04-16 18:32:30,4,-98.1693728546399
2025-04-16 18:32:40,1,-56.1043594220058
2025-04-16 18:32:50,2,-75.7405462473755
2025-04-16 18:33:00,3,-90.1409781858813
2025-04-16 18:33:10,4,-98.3101893261912
2025-04-16 18:33:20,1,-56.7268949126757
2025-04-16 18:33:30,2,-76.2306975206516
2025-04-16 18:33:40,3,-90.4648623078333
2025-04-16 18:33:50,4,-98.4454169959981
2025-04-16 18:34:00,1,-57.3462055558354
2025-04-16 18:34:10,2,-76.7165151815302
2025-04-16 18:34:20,3,-90.7836036243068
2025-04-16 18:34:30,4,-98.5750481765498
2025-04-16 18:34:40,1,-57.9622561445103
2025-04-16 18:34:50,2,-77.1979716119317
2025-04-16 18:35:00,3,-91.0971840152873
2025-04-16 18:35:10,4,-98.6990754984885
2025-04-16 18:35:20,1,-58.5750116570546
2025-04-16 18:35:30,2,-77.6750394417076
2025-04-16 18:35:40,3,-91.4055856541526
2025-04-16 18:35:50,4,-98.8174919110281
2025-04-16 18:36:00,1,-59.184437259143
2025-04-16 18:36:10,2,-78.1476915501942
2025-04-16 18:36:20,3,-91.7087910086849
2025-04-16 18:36:30,4,-98.9302906823551
2025-04-16 18:36:40,1,-59.790498305752
2025-04-16 18:36:50,2,-78.6159010677569
2025-04-16 18:37:00,3,-92.0067828420688
2025-04-16 18:37:10,4,-99.0374654000115
2025-04-16 18:37:20,1,-60.3931603431277
2025-04-16 18:37:30,2,-79.0796413773153
2025-04-16 18:37:40,3,-92.29954421387
2025-04-16 18:37:50,4,-99.1390099712591
2025-04-16 18:38:00,1,-60.992389110746
2025-04-16 18:38:10,2,-79.5388861158581
2025-04-16 18:38:20,3,-92.5870584809995
2025-04-16 18:38:30,4,-99.2349186234257
2025-04-16 18:38:40,1,-61.5881505432588
2025-04-16 18:38:50,2,-79.9936091759408
2025-04-16 18:39:00,3,-92.8693092986583
2025-04-16 18:39:10,4,-99.325185904234
2025-04-16 18:39:20,1,-62.1804107724322
2025-04-16 18:39:30,2,-80.4437847071708
2025-04-16 18:39:40,3,-93.1462806212683
2025-04-16 18:39:50,4,-99.4098066821105
2025-04-16 18:40:00,1,-62.76913612907
2025-04-16 18:40:10,2,-80.8893871176753
2025-04-16 18:40:20,3,-93.417956703383
2025-04-16 18:40:30,4,-99.4887761464782
2025-04-16 18:40:40,1,-63.3542931449298
2025-04-16 18:40:50,2,-81.3303910755586
2025-04-16 18:41:00,3,-93.6843221005832
2025-04-16 18:41:10,4,-99.5620898080294
2025-04-16 18:41:20,1,-63.9358485546234
2025-04-16 18:41:30,2,-81.7667715103396
2025-04-16 18:41:40,3,-93.9453616703554
2025-04-16 18:41:50,4,-99.6297434989813
2025-04-16 18:42:00,1,-64.5137692975103
2025-04-16 18:42:10,2,-82.1985036143793
2025-04-16 18:42:20,3,-94.2010605729516
2025-04-16 18:42:30,4,-99.6917333733128
2025-04-16 18:42:40,1,-65.0880225195748
2025-04-16 18:42:50,2,-82.6255628442893
2025-04-16 18:43:00,3,-94.4514042722342
2025-04-16 18:43:10,4,-99.7480559069831
2025-04-16 18:43:20,1,-65.6585755752957
2025-04-16 18:43:30,2,-83.0479249223278
2025-04-16 18:43:40,3,-94.6963785365011
2025-04-16 18:43:50,4,-99.7987078981321
2025-04-16 18:44:00,1,-66.2253960295004
2025-04-16 18:44:10,2,-83.4655658377805
2025-04-16 18:44:20,3,-94.9359694392957
2025-04-16 18:44:30,4,-99.8436864672622
2025-04-16 18:44:40,1,-66.7884516592107
2025-04-16 18:44:50,2,-83.8784618483238
2025-04-16 18:45:00,3,-95.1701633601981
2025-04-16 18:45:10,4,-99.8829890574027
2025-04-16 18:45:20,1,-67.3477104554727
2025-04-16 18:45:30,2,-84.2865894813765
2025-04-16 18:45:40,3,-95.3989469855997
2025-04-16 18:45:50,4,-99.916613434254
2025-04-16 18:46:00,1,-67.9031406251774
2025-04-16 18:46:10,2,-84.6899255354325
2025-04-16 18:46:20,3,-95.6223073094596
2025-04-16 18:46:30,4,-99.9445576863158
2025-04-16 18:46:40,1,-68.454710592869
2025-04-16 18:46:50,2,-85.0884470813811
2025-04-16 18:47:00,3,-95.8402316340446
2025-04-16 18:47:10,4,-99.966820224995
2025-04-16 18:47:20,1,-69.0023890025377
2025-04-16 18:47:30,2,-85.4821314638092
2025-04-16 18:47:40,3,-96.0527075706506
2025-04-16 18:47:50,4,-99.9833997846963
2025-04-16 18:48:00,1,-69.5461447194048
2025-04-16 18:48:10,2,-85.8709563022909
2025-04-16 18:48:20,3,-96.259723040307
2025-04-16 18:48:30,4,-99.994295422894
2025-04-16 18:48:40,1,-70.0859468316901
2025-04-16 18:48:50,2,-86.2548994926576
2025-04-16 18:49:00,3,-96.4612662744632
2025-04-16 18:49:10,4,-99.9995065201858
2025-04-16 18:49:20,1,-70.6217646523718
2025-04-16 18:49:30,2,-86.6339392082571
2025-04-16 18:49:40,3,-96.6573258156584
2025-04-16 18:49:50,4,-99.9990327803279
2025-04-16 18:50:00,1,-71.1535677209285
2025-04-16 18:50:10,2,-87.008053901192
2025-04-16 18:50:20,3,-96.8478905181717
2025-04-16 18:50:30,4,-99.9928742302517
2025-04-16 18:50:40,1,-71.681325805073
2025-04-16 18:50:50,2,-87.3772223035466
2025-04-16 18:51:00,3,-97.0329495486566
2025-04-16 18:51:10,4,-99.9810312200625
2025-04-16 18:51:20,1,-72.2050089024693
2025-04-16 18:51:30,2,-87.7414234285947
2025-04-16 18:51:40,3,-97.2124923867569
2025-04-16 18:51:50,4,-99.9635044230194
2025-04-16 18:52:00,1,-72.7245872424396
2025-04-16 18:52:10,2,-88.1006365719934
2025-04-16 18:52:20,3,-97.386508825704
2025-04-16 18:52:30,4,-99.9402948354973
2025-04-16 18:52:40,1,-73.2400312876552
2025-04-16 18:52:50,2,-88.4548413129597
2025-04-16 18:53:00,3,-97.5549889728982
2025-04-16 18:53:10,4,-99.9114037769299
2025-04-16 18:53:20,1,-73.7513117358174
2025-04-16 18:53:30,2,-88.8040175154313
2025-04-16 18:53:40,3,-97.7179232504699
2025-04-16 18:53:50,4,-99.8768328897349
2025-04-16 18:54:00,1,-74.2583995213215
2025-04-16 18:54:10,2,-89.148145329212
2025-04-16 18:54:20,3,-97.8753023958254
2025-04-16 18:54:30,4,-99.8365841392207
2025-04-16 18:54:40,1,-74.7612658169107
2025-04-16 18:54:50,2,-89.4872051910993
2025-04-16 18:55:00,3,-98.0271174621722
2025-04-16 18:55:10,4,-99.7906598134745
2025-04-16 18:55:20,1,-75.2598820353139
2025-04-16 18:55:30,2,-89.8211778259974
2025-04-16 18:55:40,3,-98.1733598190285
2025-04-16 18:55:50,4,-99.7390625232324
2025-04-16 18:56:00,1,-75.7542198308709
2025-04-16 18:56:10,2,-90.1500442480117
2025-04-16 18:56:20,3,-98.3140211527134
2025-04-16 18:56:30,4,-99.6817952017306
2025-04-16 18:56:40,1,-76.2442511011449
2025-04-16 18:56:50,2,-90.4737857615299
2025-04-16 18:57:00,3,-98.4490934668197
2025-04-16 18:57:10,4,-99.6188611045392
2025-04-16 18:57:20,1,-76.7299479885182
2025-04-16 18:57:30,2,-90.792383962283
2025-04-16 18:57:40,3,-98.5785690826684
2025-04-16 18:57:50,4,-99.5502638093769
2025-04-16 18:58:00,1,-77.2112828817779
2025-04-16 18:58:10,2,-91.105820738393
2025-04-16 18:58:20,3,-98.7024406397454
2025-04-16 18:58:30,4,-99.4760072159074
2025-04-16 18:58:40,1,-77.6882284176837
2025-04-16 18:58:50,2,-91.4140782714015
2025-04-16 18:59:00,3,-98.8207010961195
2025-04-16 18:59:10,4,-99.3960955455179
2025-04-16 18:59:20,1,-78.1607574825253
2025-04-16 18:59:30,2,-91.7171390372833
2025-04-16 18:59:40,3,-98.9333437288432
2025-04-16 18:59:50,4,-99.3105333410793
2025-04-16 19:00:00,1,-78.6288432136619
2025-04-16 19:00:10,2,-92.0149858074424
2025-04-16 19:00:20,3,-99.0403621343348
2025-04-16 19:00:30,4,-99.2193254666873
2025-04-16 19:00:40,1,-79.0924590010509
2025-04-16 19:00:50,2,-92.3076016496915
2025-04-16 19:01:00,3,-99.1417502287419
2025-04-16 19:01:10,4,-99.1224771073869
2025-04-16 19:01:20,1,-79.5515784887595
2025-04-16 19:01:30,2,-92.5949699292142
2025-04-16 19:01:40,3,-99.2375022482883
2025-04-16 19:01:50,4,-99.0199937688766
2025-04-16 19:02:00,1,-80.0061755764639
2025-04-16 19:02:10,2,-92.8770743095114
2025-04-16 19:02:20,3,-99.3276127496007
2025-04-16 19:02:30,4,-98.9118812771962
2025-04-16 19:02:40,1,-80.4562244209323
2025-04-16 19:02:50,2,-93.1538987533292
2025-04-16 19:03:00,3,-99.4120766100184
2025-04-16 19:03:10,4,-98.7981457783949
2025-04-16 19:03:20,1,-80.9016994374948
2025-04-16 19:03:30,2,-93.425427523571
2025-04-16 19:03:40,3,-99.490889027885
2025-04-16 19:03:50,4,-98.6787937381827
2025-04-16 19:04:00,1,-81.3425753014968
2025-04-16 19:04:10,2,-93.6916451841926
2025-04-16 19:04:20,3,-99.5640455228206
2025-04-16 19:04:30,4,-98.5538319415621
2025-04-16 19:04:40,1,-81.7788269497401
2025-04-16 19:04:50,2,-93.9525366010784
2025-04-16 19:05:00,3,-99.6315419359772
2025-04-16 19:05:10,4,-98.4232674924429
2025-04-16 19:05:20,1,-82.2104295819064
2025-04-16 19:05:30,2,-94.2080869429034
2025-04-16 19:05:40,3,-99.6933744302747
2025-04-16 19:05:50,4,-98.2871078132379
2025-04-16 19:06:00,1,-82.6373586619676
2025-04-16 19:06:10,2,-94.4582816819749
2025-04-16 19:06:20,3,-99.7495394906191
2025-04-16 19:06:30,4,-98.1453606444414
2025-04-16 19:06:40,1,-83.0595899195814
2025-04-16 19:06:50,2,-94.7031065950594
2025-04-16 19:07:00,3,-99.8000339241024
2025-04-16 19:07:10,4,-97.9980340441888
2025-04-16 19:07:20,1,-83.4770993514695
2025-04-16 19:07:30,2,-94.9425477641904
2025-04-16 19:07:40,3,-99.8448548601842
2025-04-16 19:07:50,4,-97.8451363877989
2025-04-16 19:08:00,1,-83.8898632227841
2025-04-16 19:08:10,2,-95.1765915774605
2025-04-16 19:08:20,3,-99.8839997508546
2025-04-16 19:08:30,4,-97.6866763672972
2025-04-16 19:08:40,1,-84.2978580684549
2025-04-16 19:08:50,2,-95.405224729794
2025-04-16 19:09:00,3,-99.9174663707794
2025-04-16 19:09:10,4,-97.5226629909223
2025-04-16 19:09:20,1,-84.7010606945253
2025-04-16 19:09:30,2,-95.6284342237048
2025-04-16 19:09:40,3,-99.9452528174264
2025-04-16 19:09:50,4,-97.3531055826136
2025-04-16 19:10:00,1,-85.0994481794692
2025-04-16 19:10:10,2,-95.8462073700337
2025-04-16 19:10:20,3,-99.9673575111734
2025-04-16 19:10:30,4,-97.1780137814812
2025-04-16 19:10:40,1,-85.4929978754954
2025-04-16 19:10:50,2,-96.0585317886711
2025-04-16 19:11:00,3,-99.9837791953986
2025-04-16 19:11:10,4,-96.997397541258
2025-04-16 19:11:20,1,-85.8816874098338
2025-04-16 19:11:30,2,-96.2653954092599
2025-04-16 19:11:40,3,-99.9945169365512
2025-04-16 19:11:50,4,-96.8112671297337
2025-04-16 19:12:00,1,-86.2654946860088
2025-04-16 19:12:10,2,-96.4667864718822
2025-04-16 19:12:20,3,-99.9995701242052
2025-04-16 19:12:30,4,-96.6196331281715
2025-04-16 19:12:40,1,-86.6443978850937
2025-04-16 19:12:50,2,-96.6626935277274
2025-04-16 19:13:00,3,-99.9989384710936
2025-04-16 19:13:10,4,-96.4225064307058
2025-04-16 19:13:20,1,-87.0183754669526
2025-04-16 19:13:30,2,-96.8531054397437
2025-04-16 19:13:40,3,-99.9926220131251
2025-04-16 19:13:50,4,-96.2198982437238
2025-04-16 19:14:00,1,-87.3874061714639
2025-04-16 19:14:10,2,-97.0380113832704
2025-04-16 19:14:20,3,-99.9806211093818
2025-04-16 19:14:30,4,-96.0118200852277
2025-04-16 19:14:40,1,-87.7514690197297
2025-04-16 19:14:50,2,-97.2174008466539
2025-04-16 19:15:00,3,-99.9629364420989
2025-04-16 19:15:10,4,-95.7982837841806
2025-04-16 19:15:20,1,-88.1105433152676
2025-04-16 19:15:30,2,-97.391263631845
2025-04-16 19:15:40,3,-99.9395690166259
2025-04-16 19:15:50,4,-95.579301479833
2025-04-16 19:16:00,1,-88.4646086451882
2025-04-16 19:16:10,2,-97.5595898549786
2025-04-16 19:16:20,3,-99.9105201613694
2025-04-16 19:16:30,4,-95.354885621034
2025-04-16 19:16:40,1,-88.8136448813545
2025-04-16 19:16:50,2,-97.7223699469361
2025-04-16 19:17:00,3,-99.8757915277177
2025-04-16 19:17:10,4,-95.1250489655225
2025-04-16 19:17:20,1,-89.157632181527
2025-04-16 19:17:30,2,-97.8795946538884
2025-04-16 19:17:40,3,-99.8353850899468
2025-04-16 19:17:50,4,-94.8898045792027
2025-04-16 19:18:00,1,-89.4965509904916
2025-04-16 19:18:10,2,-98.0312550378231
2025-04-16 19:18:20,3,-99.7893031451082
2025-04-16 19:18:30,4,-94.6491658354008
2025-04-16 19:18:40,1,-89.8303820411704
2025-04-16 19:18:50,2,-98.1773424770516
2025-04-16 19:19:00,3,-99.7375483128985
2025-04-16 19:19:10,4,-94.4031464141049
2025-04-16 19:19:20,1,-90.1591063557187
2025-04-16 19:19:30,2,-98.3178486667001
2025-04-16 19:19:40,3,-99.6801235355099
2025-04-16 19:19:50,4,-94.1517603011877
2025-04-16 19:20:00,1,-90.4827052466019
2025-04-16 19:20:10,2,-98.4527656191809
2025-04-16 19:20:20,3,-99.6170320774638
2025-04-16 19:20:30,4,-93.8950217876106
2025-04-16 19:20:40,1,-90.8011603176596
2025-04-16 19:20:50,2,-98.5820856646473
2025-04-16 19:21:00,3,-99.5482775254244
2025-04-16 19:21:10,4,-93.6329454686123
2025-04-16 19:21:20,1,-91.11445346515
2025-04-16 19:21:30,2,-98.7058014514288
2025-04-16 19:21:40,3,-99.4738637879953
2025-04-16 19:21:50,4,-93.3655462428781
2025-04-16 19:22:00,1,-91.4225668787801
2025-04-16 19:22:10,2,-98.82390594645
2025-04-16 19:22:20,3,-99.3937950954973
2025-04-16 19:22:30,4,-93.0928393116936
2025-04-16 19:22:40,1,-91.7254830427176
2025-04-16 19:22:50,2,-98.9363924356293
2025-04-16 19:23:00,3,-99.3080759997276
2025-04-16 19:23:10,4,-92.81484017808
2025-04-16 19:23:20,1,-92.0231847365871
2025-04-16 19:23:30,2,-99.0432545242616
2025-04-16 19:23:40,3,-99.2167113737012
2025-04-16 19:23:50,4,-92.5315646459137
2025-04-16 19:24:00,1,-92.3156550364482
2025-04-16 19:24:10,2,-99.1444861373811
2025-04-16 19:24:20,3,-99.1197064113739
2025-04-16 19:24:30,4,-92.2430288190266
2025-04-16 19:24:40,1,-92.602877315759
2025-04-16 19:24:50,2,-99.240081520107
2025-04-16 19:25:00,3,-99.0170666273471
2025-04-16 19:25:10,4,-91.9492491002917
2025-04-16 19:25:20,1,-92.8848352463198
2025-04-16 19:25:30,2,-99.3300352379708
2025-04-16 19:25:40,3,-98.9087978565542
2025-04-16 19:25:50,4,-91.6502421906897
2025-04-16 19:26:00,1,-93.1615127992026
2025-04-16 19:26:10,2,-99.4143421772248
2025-04-16 19:26:20,3,-98.7949062539288
2025-04-16 19:26:30,4,-91.3460250883608
2025-04-16 19:26:40,1,-93.4328942456613
2025-04-16 19:26:50,2,-99.4929975451331
2025-04-16 19:27:00,3,-98.675398294055
2025-04-16 19:27:10,4,-91.0366150876367
2025-04-16 19:27:20,1,-93.6989641580263
2025-04-16 19:27:30,2,-99.5659968702442
2025-04-16 19:27:40,3,-98.5502807707993
2025-04-16 19:27:50,4,-90.7220297780593
2025-04-16 19:28:00,1,-93.9597074105821
2025-04-16 19:28:10,2,-99.6333360026448
2025-04-16 19:28:20,3,-98.4195607969242
2025-04-16 19:28:30,4,-90.4022870433791
2025-04-16 19:28:40,1,-94.2151091804259
2025-04-16 19:28:50,2,-99.6950111141959
2025-04-16 19:29:00,3,-98.283245803684
2025-04-16 19:29:10,4,-90.0774050605397
2025-04-16 19:29:20,1,-94.4651549483117
2025-04-16 19:29:30,2,-99.7510186987507
2025-04-16 19:29:40,3,-98.1413435404023
2025-04-16 19:29:50,4,-89.747402298644
2025-04-16 19:30:00,1,-94.7098304994744
2025-04-16 19:30:10,2,-99.8013555723534
2025-04-16 19:30:20,3,-97.9938620740316
2025-04-16 19:30:30,4,-89.4122975179039
2025-04-16 19:30:40,1,-94.9491219244389
2025-04-16 19:30:50,2,-99.8460188734207
2025-04-16 19:31:00,3,-97.8408097886942
2025-04-16 19:31:10,4,-89.0721097685748
2025-04-16 19:31:20,1,-95.1830156198101
2025-04-16 19:31:30,2,-99.885006062904
2025-04-16 19:31:40,3,-97.6821953852065
2025-04-16 19:31:50,4,-88.7268583898713
2025-04-16 19:32:00,1,-95.4114982890469
2025-04-16 19:32:10,2,-99.9183149244343
2025-04-16 19:32:20,3,-97.5180278805834
2025-04-16 19:32:30,4,-88.3765630088693
2025-04-16 19:32:40,1,-95.6345569432172
2025-04-16 19:32:50,2,-99.9459435644475
2025-04-16 19:33:00,3,-97.3483166075262
2025-04-16 19:33:10,4,-88.0212435393887
2025-04-16 19:33:20,1,-95.8521789017376
2025-04-16 19:33:30,2,-99.9678904122929
2025-04-16 19:33:40,3,-97.1730712138922
2025-04-16 19:33:50,4,-87.6609201808627
2025-04-16 19:34:00,1,-96.0643517930928
2025-04-16 19:34:10,2,-99.9841542203216
2025-04-16 19:34:20,3,-96.9923016621455
2025-04-16 19:34:30,4,-87.2956134171882
2025-04-16 19:34:40,1,-96.2710635555401
2025-04-16 19:34:50,2,-99.9947340639581
2025-04-16 19:35:00,3,-96.8060182287918
2025-04-16 19:35:10,4,-86.9253440155625
2025-04-16 19:35:20,1,-96.4723024377943
2025-04-16 19:35:30,2,-99.9996293417526
2025-04-16 19:35:40,3,-96.6142315037929
2025-04-16 19:35:50,4,-86.5501330253018
2025-04-16 19:36:00,1,-96.6680569996963
2025-04-16 19:36:10,2,-99.9988397754151
2025-04-16 19:36:20,3,-96.4169523899658
2025-04-16 19:36:30,4,-86.1700017766454
2025-04-16 19:36:40,1,-96.8583161128632
2025-04-16 19:36:50,2,-99.9923654098313
2025-04-16 19:37:00,3,-96.2141921023619
2025-04-16 19:37:10,4,-85.7849718795421
2025-04-16 19:37:20,1,-97.0430689613206
2025-04-16 19:37:30,2,-99.9802066130603
2025-04-16 19:37:40,3,-96.0059621676306
2025-04-16 19:37:50,4,-85.3950652224228
2025-04-16 19:38:00,1,-97.2223050421185
2025-04-16 19:38:10,2,-99.9623640763133
2025-04-16 19:38:20,3,-95.7922744233627
2025-04-16 19:38:30,4,-85.000303970955
2025-04-16 19:38:40,1,-97.3960141659269
2025-04-16 19:38:50,2,-99.9388388139144
2025-04-16 19:39:00,3,-95.5731410174187
2025-04-16 19:39:10,4,-84.6007105667841
2025-04-16 19:39:20,1,-97.5641864576166
2025-04-16 19:39:30,2,-99.909632163243
2025-04-16 19:39:40,3,-95.3485744072371
2025-04-16 19:39:50,4,-84.1963077262564
2025-04-16 19:40:00,1,-97.7268123568193
2025-04-16 19:40:10,2,-99.874745784658
2025-04-16 19:40:20,3,-95.1185873591271
2025-04-16 19:40:30,4,-83.7871184391281
2025-04-16 19:40:40,1,-97.8838826184721
2025-04-16 19:40:50,2,-99.8341816614028
2025-04-16 19:41:00,3,-94.8831929475423
2025-04-16 19:41:10,4,-83.3731659672589
2025-04-16 19:41:20,1,-98.035388313342
2025-04-16 19:41:30,2,-99.7879420994933
2025-04-16 19:41:40,3,-94.6424045543377
2025-04-16 19:41:50,4,-82.9544738432884
2025-04-16 19:42:00,1,-98.1813208285347
2025-04-16 19:42:10,2,-99.7360297275861
2025-04-16 19:42:20,3,-94.396235868009
2025-04-16 19:42:30,4,-82.5310658692999
2025-04-16 19:42:40,1,-98.3216718679833
2025-04-16 19:42:50,2,-99.6784474968297
2025-04-16 19:43:00,3,-94.1447008829141
2025-04-16 19:43:10,4,-82.1029661154656
2025-04-16 19:43:20,1,-98.4564334529205
2025-04-16 19:43:30,2,-99.6151986806963
2025-04-16 19:43:40,3,-93.8878138984779
2025-04-16 19:43:50,4,-81.6701989186799
2025-04-16 19:44:00,1,-98.5855979223319
2025-04-16 19:44:10,2,-99.5462868747957
2025-04-16 19:44:20,3,-93.625589518379
2025-04-16 19:44:30,4,-81.2327888811741
2025-04-16 19:44:40,1,-98.7091579333914
2025-04-16 19:44:50,2,-99.4717159966713
2025-04-16 19:45:00,3,-93.3580426497202
2025-04-16 19:45:10,4,-80.7907608691196
2025-04-16 19:45:20,1,-98.8271064618789
2025-04-16 19:45:30,2,-99.3914902855769
2025-04-16 19:45:40,3,-93.0851885021801
2025-04-16 19:45:50,4,-80.3441400112126
2025-04-16 19:46:00,1,-98.9394368025796
2025-04-16 19:46:10,2,-99.3056143022362
2025-04-16 19:46:20,3,-92.8070425871495
2025-04-16 19:46:30,4,-79.8929516972475
2025-04-16 19:46:40,1,-99.0461425696651
2025-04-16 19:46:50,2,-99.214092928583
2025-04-16 19:47:00,3,-92.5236207168483
2025-04-16 19:47:10,4,-79.437221576671
2025-04-16 19:47:20,1,-99.1472176970564
2025-04-16 19:47:30,2,-99.116931367484
2025-04-16 19:47:40,3,-92.2349390034283
2025-04-16 19:47:50,4,-78.9769755571269
2025-04-16 19:48:00,1,-99.2426564387686
2025-04-16 19:48:10,2,-99.014135142443
2025-04-16 19:48:20,3,-91.9410138580553
2025-04-16 19:48:30,4,-78.5122398029803
2025-04-16 19:48:40,1,-99.332453369238
2025-04-16 19:48:50,2,-98.9057100972868
2025-04-16 19:49:00,3,-91.6418619899779
2025-04-16 19:49:10,4,-78.043040733833
2025-04-16 19:49:20,1,-99.4166033836301
2025-04-16 19:49:30,2,-98.7916623958331
2025-04-16 19:49:40,3,-91.3375004055764
2025-04-16 19:49:50,4,-77.5694050230191
2025-04-16 19:50:00,1,-99.49510169813
2025-04-16 19:50:10,2,-98.67199852154
2025-04-16 19:50:20,3,-91.0279464073968
2025-04-16 19:50:30,4,-77.0913595960906
2025-04-16 19:50:40,1,-99.5679438502144
2025-04-16 19:50:50,2,-98.5467252771374
2025-04-16 19:51:00,3,-90.7132175931664
2025-04-16 19:51:10,4,-76.6089316292857
2025-04-16 19:51:20,1,-99.6351256989051
2025-04-16 19:51:30,2,-98.4158497842405
2025-04-16 19:51:40,3,-90.3933318547943
2025-04-16 19:51:50,4,-76.1221485479838
2025-04-16 19:52:00,1,-99.6966434250046
2025-04-16 19:52:10,2,-98.2793794829444
2025-04-16 19:52:20,3,-90.0683073773532
2025-04-16 19:52:30,4,-75.6310380251472
2025-04-16 19:52:40,1,-99.752493531313
2025-04-16 19:52:50,2,-98.1373221314021
2025-04-16 19:53:00,3,-89.7381626380467
2025-04-16 19:53:10,4,-75.1356279797466
2025-04-16 19:53:20,1,-99.8026728428272
2025-04-16 19:53:30,2,-97.9896858053824
2025-04-16 19:53:40,3,-89.4029164051583
2025-04-16 19:53:50,4,-74.6359465751759
2025-04-16 19:54:00,1,-99.8471785069208
2025-04-16 19:54:10,2,-97.8364788978113
2025-04-16 19:54:20,3,-89.0625877369843
2025-04-16 19:54:30,4,-74.1320222176489
2025-04-16 19:54:40,1,-99.8860079935069
2025-04-16 19:54:50,2,-97.6777101182952
2025-04-16 19:55:00,3,-88.7171959807509
2025-04-16 19:55:10,4,-73.6238835545865
2025-04-16 19:55:20,1,-99.9191590951814
2025-04-16 19:55:30,2,-97.513388492625
2025-04-16 19:55:40,3,-88.3667607715135
2025-04-16 19:55:50,4,-73.1115594729863
2025-04-16 19:56:00,1,-99.9466299273491
2025-04-16 19:56:10,2,-97.3435233622638
2025-04-16 19:56:20,3,-88.0113020310419
2025-04-16 19:56:30,4,-72.5950790977821
2025-04-16 19:56:40,1,-99.96841892833
2025-04-16 19:56:50,2,-97.1681243838151
2025-04-16 19:57:00,3,-87.6508399666858
2025-04-16 19:57:10,4,-72.0744717901867
2025-04-16 19:57:20,1,-99.9845248594489
2025-04-16 19:57:30,2,-96.9872015284746
2025-04-16 19:57:40,3,-87.2853950702282
2025-04-16 19:57:50,4,-71.5497671460242
2025-04-16 19:58:00,1,-99.9949468051052
2025-04-16 19:58:10,2,-96.8007650814626
2025-04-16 19:58:20,3,-86.9149881167184
2025-04-16 19:58:30,4,-71.0209949940458
2025-04-16 19:58:40,1,-99.9996841728254
2025-04-16 19:58:50,2,-96.6088256414399
2025-04-16 19:59:00,3,-86.5396401632927
2025-04-16 19:59:10,4,-70.4881853942362
2025-04-16 19:59:20,1,-99.9987366932966
2025-04-16 19:59:30,2,-96.4113941199048
2025-04-16 19:59:40,3,-86.1593725479761
2025-04-16 19:59:50,4,-69.9513686361023
2025-04-16 20:00:00,1,-99.9921044203816
2025-04-16 20:00:10,2,-96.2084817405734
2025-04-16 20:00:20,3,-85.7742068884702
2025-04-16 20:00:30,4,-69.4105752369535
2025-04-16 20:00:40,1,-99.9797877311163
2025-04-16 20:00:50,2,-96.0001000387406
2025-04-16 20:01:00,3,-85.3841650809232
2025-04-16 20:01:10,4,-68.8658359401658
2025-04-16 20:01:20,1,-99.9617873256878
2025-04-16 20:01:30,2,-95.7862608606256
2025-04-16 20:01:40,3,-84.9892692986865
2025-04-16 20:01:50,4,-68.3171817134334
2025-04-16 20:02:00,1,-99.9381042273949
2025-04-16 20:02:10,2,-95.5669763626972
2025-04-16 20:02:20,3,-84.5895419910526
2025-04-16 20:02:30,4,-67.7646437470102
2025-04-16 20:02:40,1,-99.9087397825899
2025-04-16 20:02:50,2,-95.3422590109837
2025-04-16 20:03:00,3,-84.1850058819803
2025-04-16 20:03:10,4,-67.2082534519341
2025-04-16 20:03:20,1,-99.8736956606017
2025-04-16 20:03:30,2,-95.1121215803634
2025-04-16 20:03:40,3,-83.7756839688024
2025-04-16 20:03:50,4,-66.6480424582439
2025-04-16 20:04:00,1,-99.8329738536417
2025-04-16 20:04:10,2,-94.8765771538393
2025-04-16 20:04:20,3,-83.3615995209173
2025-04-16 20:04:30,4,-66.084042613179
2025-04-16 20:04:40,1,-99.7865766766894
2025-04-16 20:04:50,2,-94.6356391217942
2025-04-16 20:05:00,3,-82.9427760784683
2025-04-16 20:05:10,4,-65.5162859793708
2025-04-16 20:05:20,1,-99.734506767362
2025-04-16 20:05:30,2,-94.3893211812307
2025-04-16 20:05:40,3,-82.5192374510031
2025-04-16 20:05:50,4,-64.9448048330182
2025-04-16 20:06:00,1,-99.6767670857636
2025-04-16 20:06:10,2,-94.1376373349918
2025-04-16 20:06:20,3,-82.0910077161221
2025-04-16 20:06:30,4,-64.3696316620545
2025-04-16 20:06:40,1,-99.6133609143173
2025-04-16 20:06:50,2,-93.8806018909645
2025-04-16 20:07:00,3,-81.6581112181081
2025-04-16 20:07:10,4,-63.7907991642985
2025-04-16 20:07:20,1,-99.5442918575783
2025-04-16 20:07:30,2,-93.6182294612677
2025-04-16 20:07:40,3,-81.220572566544
2025-04-16 20:07:50,4,-63.2083402455982
2025-04-16 20:08:00,1,-99.4695638420296
2025-04-16 20:08:10,2,-93.3505349614201
2025-04-16 20:08:20,3,-80.7784166349117
2025-04-16 20:08:30,4,-62.6222880179574
2025-04-16 20:08:40,1,-99.389181115858
2025-04-16 20:08:50,2,-93.0775336094934
2025-04-16 20:09:00,3,-80.3316685591805
2025-04-16 20:09:10,4,-62.0326757976556
2025-04-16 20:09:20,1,-99.3031482487132
2025-04-16 20:09:30,2,-92.7992409252462
2025-04-16 20:09:40,3,-79.8803537363759
2025-04-16 20:09:50,4,-61.4395371033525
2025-04-16 20:10:00,1,-99.2114701314478
2025-04-16 20:10:10,2,-92.5156727292428
2025-04-16 20:10:20,3,-79.4244978231376
2025-04-16 20:10:30,4,-60.8429056541834
2025-04-16 20:10:40,1,-99.114151975839
2025-04-16 20:10:50,2,-92.2268451419525
2025-04-16 20:11:00,3,-78.9641267342593
2025-04-16 20:11:10,4,-60.2428153678423
2025-04-16 20:11:20,1,-99.0111993142929
2025-04-16 20:11:30,2,-91.9327745828347
2025-04-16 20:11:40,3,-78.4992666412173
2025-04-16 20:11:50,4,-59.6393003586525
2025-04-16 20:12:00,1,-98.9026179995295
2025-04-16 20:12:10,2,-91.633477769404
2025-04-16 20:12:20,3,-78.0299439706809
2025-04-16 20:12:30,4,-59.0323949356294
2025-04-16 20:12:40,1,-98.7884142042502
2025-04-16 20:12:50,2,-91.328971716281
2025-04-16 20:13:00,3,-77.5561854030115
2025-04-16 20:13:10,4,-58.4221336005275
2025-04-16 20:13:20,1,-98.6685944207868
2025-04-16 20:13:30,2,-91.0192737342241
2025-04-16 20:13:40,3,-77.0780178707452
2025-04-16 20:13:50,4,-57.8085510458818
2025-04-16 20:14:00,1,-98.5431654607325
2025-04-16 20:14:10,2,-90.7044014291465
2025-04-16 20:14:20,3,-76.5954685570613
2025-04-16 20:14:30,4,-57.1916821530328
2025-04-16 20:14:40,1,-98.4121344545545
2025-04-16 20:14:50,2,-90.3843727011139
2025-04-16 20:15:00,3,-76.1085648942382
2025-04-16 20:15:10,4,-56.5715619901461
2025-04-16 20:15:20,1,-98.275508851189
2025-04-16 20:15:30,2,-90.0592057433283
2025-04-16 20:15:40,3,-75.6173345620924
2025-04-16 20:15:50,4,-55.9482258102165
2025-04-16 20:16:00,1,-98.1332964176173
2025-04-16 20:16:10,2,-89.7289190410931
2025-04-16 20:16:20,3,-75.1218054864066
2025-04-16 20:16:30,4,-55.3217090490662
2025-04-16 20:16:40,1,-97.9855052384247
2025-04-16 20:16:50,2,-89.3935313707617
2025-04-16 20:17:00,3,-74.6220058373402
2025-04-16 20:17:10,4,-54.692047323328
2025-04-16 20:17:20,1,-97.8321437153403
2025-04-16 20:17:30,2,-89.0530617986715
2025-04-16 20:17:40,3,-74.1179640278302
2025-04-16 20:17:50,4,-54.0592764284227
2025-04-16 20:18:00,1,-97.6732205667601
2025-04-16 20:18:10,2,-88.7075296800584
2025-04-16 20:18:20,3,-73.6097087119734
2025-04-16 20:18:30,4,-53.4234323365222
2025-04-16 20:18:40,1,-97.5087448272509
2025-04-16 20:18:50,2,-88.3569546579579
2025-04-16 20:19:00,3,-73.0972687834
2025-04-16 20:19:10,4,-52.7845511945067
2025-04-16 20:19:20,1,-97.3387258470367
2025-04-16 20:19:30,2,-88.001356662087
2025-04-16 20:19:40,3,-72.5806733736286
2025-04-16 20:19:50,4,-52.1426693219072
2025-04-16 20:20:00,1,-97.1631732914674
2025-04-16 20:20:10,2,-87.6407559077129
2025-04-16 20:20:20,3,-72.0599518504124
2025-04-16 20:20:30,4,-51.4978232088436
2025-04-16 20:20:40,1,-96.9820971404691
2025-04-16 20:20:50,2,-87.275172894502
2025-04-16 20:21:00,3,-71.5351338160676
2025-04-16 20:21:10,4,-50.8500495139476
2025-04-16 20:21:20,1,-96.7955076879769
2025-04-16 20:21:30,2,-86.9046284053562
2025-04-16 20:21:40,3,-71.0062491057926
2025-04-16 20:21:50,4,-50.1993850622809
2025-04-16 20:22:00,1,-96.6034155413497
2025-04-16 20:22:10,2,-86.5291435052299
2025-04-16 20:22:20,3,-70.4733277859696
2025-04-16 20:22:30,4,-49.5458668432407
2025-04-16 20:22:40,1,-96.4058316207671
2025-04-16 20:22:50,2,-86.1487395399338
2025-04-16 20:23:00,3,-69.9364001524579
2025-04-16 20:23:10,4,-48.8895320084563
2025-04-16 20:23:20,1,-96.2027671586086
2025-04-16 20:23:30,2,-85.7634381349202
2025-04-16 20:23:40,3,-69.3954967288692
2025-04-16 20:23:50,4,-48.230417869679
2025-04-16 20:24:00,1,-95.9942336988152
2025-04-16 20:24:10,2,-85.3732611940551
2025-04-16 20:24:20,3,-68.8506482648342
2025-04-16 20:24:30,4,-47.5685618966584
2025-04-16 20:24:40,1,-95.7802430962329
2025-04-16 20:24:50,2,-84.9782308983711
2025-04-16 20:25:00,3,-68.3018857342539
2025-04-16 20:25:10,4,-46.9040017150151
2025-04-16 20:25:20,1,-95.5608075159392
2025-04-16 20:25:30,2,-84.5783697048084
2025-04-16 20:25:40,3,-67.749240333538
2025-04-16 20:25:50,4,-46.236775104099
2025-04-16 20:26:00,1,-95.3359394325508
2025-04-16 20:26:10,2,-84.1737003449367
2025-04-16 20:26:20,3,-67.1927434798331
2025-04-16 20:26:30,4,-45.5669199948441
2025-04-16 20:26:40,1,-95.1056516295154
2025-04-16 20:26:50,2,-83.7642458236636
2025-04-16 20:27:00,3,-66.6324268092345
2025-04-16 20:27:10,4,-44.8944744676099
2025-04-16 20:27:20,1,-94.8699571983839
2025-04-16 20:27:30,2,-83.3500294179269
2025-04-16 20:27:40,3,-66.0683221749904
2025-04-16 20:27:50,4,-44.2194767500187
2025-04-16 20:28:00,1,-94.6288695380672
2025-04-16 20:28:10,2,-82.9310746753706
2025-04-16 20:28:20,3,-65.5004616456882
2025-04-16 20:28:30,4,-43.5419652147803
2025-04-16 20:28:40,1,-94.3824023540737
2025-04-16 20:28:50,2,-82.5074054130075
2025-04-16 20:29:00,3,-64.9288775034341
2025-04-16 20:29:10,4,-42.8619783775129
2025-04-16 20:29:20,1,-94.1305696577306
2025-04-16 20:29:30,2,-82.0790457158637
2025-04-16 20:29:40,3,-64.3536022420156
2025-04-16 20:29:50,4,-42.1795548945508
2025-04-16 20:30:00,1,-93.8733857653874
2025-04-16 20:30:10,2,-81.6460199356108
2025-04-16 20:30:20,3,-63.7746685650563
2025-04-16 20:30:30,4,-41.4947335607499
2025-04-16 20:30:40,1,-93.6108652976014
2025-04-16 20:30:50,2,-81.2083526891805
2025-04-16 20:31:00,3,-63.1921093841549
2025-04-16 20:31:10,4,-40.8075533072793
2025-04-16 20:31:20,1,-93.3430231783076
2025-04-16 20:31:30,2,-80.766068857366
2025-04-16 20:31:40,3,-62.6059578170162
2025-04-16 20:31:50,4,-40.1180531994103
2025-04-16 20:32:00,1,-93.0698746339693
2025-04-16 20:32:10,2,-80.3191935834067
2025-04-16 20:32:20,3,-62.0162471855659
2025-04-16 20:32:30,4,-39.426272434295
2025-04-16 20:32:40,1,-92.7914351927131
2025-04-16 20:32:50,2,-79.86775227156
2025-04-16 20:33:00,3,-61.4230110140592
2025-04-16 20:33:10,4,-38.7322503387368
2025-04-16 20:33:20,1,-92.5077206834458
2025-04-16 20:33:30,2,-79.4117705856554
2025-04-16 20:33:40,3,-60.8262830271722
2025-04-16 20:33:50,4,-38.0360263669569
2025-04-16 20:34:00,1,-92.218747234955
2025-04-16 20:34:10,2,-78.9512744476376
2025-04-16 20:34:20,3,-60.2260971480868
2025-04-16 20:34:30,4,-37.337640098349
2025-04-16 20:34:40,1,-91.9245312749914
2025-04-16 20:34:50,2,-78.4862900360908
2025-04-16 20:35:00,3,-59.6224874965616
2025-04-16 20:35:10,4,-36.6371312352316
2025-04-16 20:35:20,1,-91.6250895293362
2025-04-16 20:35:30,2,-78.0168437847525
2025-04-16 20:35:40,3,-59.015488386991
2025-04-16 20:35:50,4,-35.9345396005889
2025-04-16 20:36:00,1,-91.3204390208486
2025-04-16 20:36:10,2,-77.5429623810089
2025-04-16 20:36:20,3,-58.4051343264568
2025-04-16 20:36:30,4,-35.2299051358087
2025-04-16 20:36:40,1,-91.0105970684996
2025-04-16 20:36:50,2,-77.0646727643792
2025-04-16 20:37:00,3,-57.7914600127639
2025-04-16 20:37:10,4,-34.5232678984099
2025-04-16 20:37:20,1,-90.6955812863863
2025-04-16 20:37:30,2,-76.5820021249837
2025-04-16 20:37:40,3,-57.1745003324705
2025-04-16 20:37:50,4,-33.8146680597676
2025-04-16 20:38:00,1,-90.3754095827316
2025-04-16 20:38:10,2,-76.094977901997
2025-04-16 20:38:20,3,-56.5542903589022
2025-04-16 20:38:30,4,-33.1041459028268
2025-04-16 20:38:40,1,-90.0501001588649
2025-04-16 20:38:50,2,-75.6036277820902
2025-04-16 20:39:00,3,-55.9308653501606
2025-04-16 20:39:10,4,-32.391741819815
2025-04-16 20:39:20,1,-89.7196715081887
2025-04-16 20:39:30,2,-75.1079796978549
2025-04-16 20:39:40,3,-55.3042607471163
2025-04-16 20:39:50,4,-31.6774963099433
2025-04-16 20:40:00,1,-89.3841424151264
2025-04-16 20:40:10,2,-74.6080618262171
2025-04-16 20:40:20,3,-54.6745121713972
2025-04-16 20:40:30,4,-30.961449977107
2025-04-16 20:40:40,1,-89.0435319540544
2025-04-16 20:40:50,2,-74.1039025868333
2025-04-16 20:41:00,3,-54.0416554233602
2025-04-16 20:41:10,4,-30.2436435275741
2025-04-16 20:41:20,1,-88.6978594882186
2025-04-16 20:41:30,2,-73.5955306404772
2025-04-16 20:41:40,3,-53.405726480059
2025-04-16 20:41:50,4,-29.5241177676741
2025-04-16 20:42:00,1,-88.3471446686325
2025-04-16 20:42:10,2,-73.0829748874081
2025-04-16 20:42:20,3,-52.7667614931962
2025-04-16 20:42:30,4,-28.8029136014768
2025-04-16 20:42:40,1,-87.9914074329611
2025-04-16 20:42:50,2,-72.5662644657304
2025-04-16 20:43:00,3,-52.1247967870706
2025-04-16 20:43:10,4,-28.0800720284663
2025-04-16 20:43:20,1,-87.6306680043863
2025-04-16 20:43:30,2,-72.0454287497344
2025-04-16 20:43:40,3,-51.4798688565098
2025-04-16 20:43:50,4,-27.3556341412123
2025-04-16 20:44:00,1,-87.2649468904588
2025-04-16 20:44:10,2,-71.520497348229
2025-04-16 20:44:20,3,-50.8320143647976
2025-04-16 20:44:30,4,-26.6296411230315
2025-04-16 20:44:40,1,-86.8942648819306
2025-04-16 20:44:50,2,-70.9915001028562
2025-04-16 20:45:00,3,-50.1812701415889
2025-04-16 20:45:10,4,-25.902134245649
2025-04-16 20:45:20,1,-86.5186430515745
2025-04-16 20:45:30,2,-70.4584670863971
2025-04-16 20:45:40,3,-49.527673180815
2025-04-16 20:45:50,4,-25.1731548668495
2025-04-16 20:46:00,1,-86.1381027529849
2025-04-16 20:46:10,2,-69.9214286010593
2025-04-16 20:46:20,3,-48.8712606385826
2025-04-16 20:46:30,4,-24.4427444281287
2025-04-16 20:46:40,1,-85.7526656193653
2025-04-16 20:46:50,2,-69.3804151767574
2025-04-16 20:47:00,3,-48.2120698310595
2025-04-16 20:47:10,4,-23.7109444523348
2025-04-16 20:47:20,1,-85.3623535622966
2025-04-16 20:47:30,2,-68.8354575693753
2025-04-16 20:47:40,3,-47.550138232355
2025-04-16 20:47:50,4,-22.9777965413107
2025-04-16 20:48:00,1,-84.9671887704937
2025-04-16 20:48:10,2,-68.286586759018
2025-04-16 20:48:20,3,-46.8855034723876
2025-04-16 20:48:30,4,-22.2433423735262
2025-04-16 20:48:40,1,-84.5671937085419
2025-04-16 20:48:50,2,-67.7338339482516
2025-04-16 20:49:00,3,-46.2182033347482
2025-04-16 20:49:10,4,-21.5076237017114
2025-04-16 20:49:20,1,-84.1623911156214
2025-04-16 20:49:30,2,-67.177230560328
2025-04-16 20:49:40,3,-45.5482757545495
2025-04-16 20:49:50,4,-20.7706823504803
2025-04-16 20:50:00,1,-83.7528040042142
2025-04-16 20:50:10,2,-66.6168082373999
2025-04-16 20:50:20,3,-44.8757588162719
2025-04-16 20:50:30,4,-20.032560213956
2025-04-16 20:50:40,1,-83.3384556587951
2025-04-16 20:50:50,2,-66.0525988387204
2025-04-16 20:51:00,3,-44.2006907515964
2025-04-16 20:51:10,4,-19.2932992533865
2025-04-16 20:51:20,1,-82.9193696345093
2025-04-16 20:51:30,2,-65.4846344388338
2025-04-16 20:51:40,3,-43.5231099372329
2025-04-16 20:51:50,4,-18.5529414947612
2025-04-16 20:52:00,1,-82.4955697558322
2025-04-16 20:52:10,2,-64.9129473257502
2025-04-16 20:52:20,3,-42.8430548927368
2025-04-16 20:52:30,4,-17.8115290264209
2025-04-16 20:52:40,1,-82.0670801152158
2025-04-16 20:52:50,2,-64.3375699991118
2025-04-16 20:53:00,3,-42.1605642783215
2025-04-16 20:53:10,4,-17.0691039966645
2025-04-16 20:53:20,1,-81.6339250717183
2025-04-16 20:53:30,2,-63.7585351683436
2025-04-16 20:53:40,3,-41.4756768926575
2025-04-16 20:53:50,4,-16.3257086113548
2025-04-16 20:54:00,1,-81.1961292496204
2025-04-16 20:54:10,2,-63.1758757507956
2025-04-16 20:54:20,3,-40.78843167067
2025-04-16 20:54:30,4,-15.5813851315166
2025-04-16 20:54:40,1,-80.7537175370241
2025-04-16 20:54:50,2,-62.5896248698698
2025-04-16 20:55:00,3,-40.0988676813238
2025-04-16 20:55:10,4,-14.8361758709373
2025-04-16 20:55:20,1,-80.3067150844393
2025-04-16 20:55:30,2,-61.9998158531392
2025-04-16 20:55:40,3,-39.4070241254014
2025-04-16 20:55:50,4,-14.090123193758
2025-04-16 20:56:00,1,-79.8551473033524
2025-04-16 20:56:10,2,-61.4064822304506
2025-04-16 20:56:20,3,-38.7129403332772
2025-04-16 20:56:30,4,-13.3432695120686
2025-04-16 20:56:40,1,-79.3990398647836
2025-04-16 20:56:50,2,-60.8096577320214
2025-04-16 20:57:00,3,-38.0166557626784
2025-04-16 20:57:10,4,-12.5956572834932
2025-04-16 20:57:20,1,-78.9384186978254
2025-04-16 20:57:30,2,-60.2093762865191
2025-04-16 20:57:40,3,-37.318209996445
2025-04-16 20:57:50,4,-11.8473290087802
2025-04-16 20:58:00,1,-78.4733099881708
2025-04-16 20:58:10,2,-59.6056720191352
2025-04-16 20:58:20,3,-36.6176427402767
2025-04-16 20:58:30,4,-11.0983272293825
2025-04-16 20:58:40,1,-78.0037401766224
2025-04-16 20:58:50,2,-58.9985792496437
2025-04-16 20:59:00,3,-35.9149938204782
2025-04-16 20:59:10,4,-10.3486945250423
2025-04-16 20:59:20,1,-77.5297359575917
2025-04-16 20:59:30,2,-58.3881324904496
2025-04-16 20:59:40,3,-35.2103031816929
2025-04-16 20:59:50,4,-9.59847351136764
2025-04-16 21:00:00,1,-77.0513242775789
2025-04-16 21:00:10,2,-57.7743664446289
2025-04-16 21:00:20,3,-34.5036108846343
2025-04-16 21:00:30,4,-8.84770683741267
2025-04-16 21:00:40,1,-76.5685323336435
2025-04-16 21:00:50,2,-57.1573160039535
2025-04-16 21:01:00,3,-33.7949571038063
2025-04-16 21:01:10,4,-8.09643718325004
2025-04-16 21:01:20,1,-76.081387571857
2025-04-16 21:01:30,2,-56.5370162469096
2025-04-16 21:01:40,3,-33.0843821252218
2025-04-16 21:01:50,4,-7.34470725754763
2025-04-16 21:02:00,1,-75.5899176857419
2025-04-16 21:02:10,2,-55.9135024367017
2025-04-16 21:02:20,3,-32.3719263441097
2025-04-16 21:02:30,4,-6.59255979513768
2025-04-16 21:02:40,1,-75.0941506146991
2025-04-16 21:02:50,2,-55.2868100192501
2025-04-16 21:03:00,3,-31.6576302626215
2025-04-16 21:03:10,4,-5.84003755458992
2025-04-16 21:03:20,1,-74.5941145424181
2025-04-16 21:03:30,2,-54.6569746211734
2025-04-16 21:03:40,3,-30.9415344875259
2025-04-16 21:03:50,4,-5.08718331577971
2025-04-16 21:04:00,1,-74.0898378952759
2025-04-16 21:04:10,2,-54.0240320477655
2025-04-16 21:04:20,3,-30.2236797279032
2025-04-16 21:04:30,4,-4.33403987745499
2025-04-16 21:04:40,1,-73.5813493407197
2025-04-16 21:04:50,2,-53.3880182809579
2025-04-16 21:05:00,3,-29.5041067928282
2025-04-16 21:05:10,4,-3.58065005480573
2025-04-16 21:05:20,1,-73.0686777856388
2025-04-16 21:05:30,2,-52.7489694772765
2025-04-16 21:05:40,3,-28.7828565890524
2025-04-16 21:05:50,4,-2.82705667702709
2025-04-16 21:06:00,1,-72.5518523747197
2025-04-16 21:06:10,2,-52.1069219657839
2025-04-16 21:06:20,3,-28.0599701186783
2025-04-16 21:06:30,4,-2.0733025848875
2025-04-16 21:06:40,1,-72.0309024887907
2025-04-16 21:06:50,2,-51.4619122460162
2025-04-16 21:07:00,3,-27.3354884768264
2025-04-16 21:07:10,4,-1.31943062829034
2025-04-16 21:07:20,1,-71.5058577431503
2025-04-16 21:07:30,2,-50.8139769859059
2025-04-16 21:07:40,3,-26.6094528493023
2025-04-16 21:07:50,4,-0.565483663840869
2025-04-16 21:08:00,1,-70.9767479858848
2025-04-16 21:08:10,2,-50.1631530196995
2025-04-16 21:08:20,3,-25.881904510252
2025-04-16 21:08:30,4,0.188495447592997
2025-04-16 21:08:40,1,-70.4436032961703
2025-04-16 21:08:50,2,-49.5094773458624
2025-04-16 21:09:00,3,-25.1528848198185
2025-04-16 21:09:10,4,0.942463843314397
2025-04-16 21:09:20,1,-69.9064539825642
2025-04-16 21:09:30,2,-48.852987124975
2025-04-16 21:09:40,3,-24.422435221788
2025-04-16 21:09:50,4,1.69637866123707
2025-04-16 21:10:00,1,-69.3653305812805
2025-04-16 21:10:10,2,-48.193719677622
2025-04-16 21:10:20,3,-23.690597241236
2025-04-16 21:10:30,4,2.45019704231916
2025-04-16 21:10:40,1,-68.8202638544553
2025-04-16 21:10:50,2,-47.5317124822685
2025-04-16 21:11:00,3,-22.9574124821646
2025-04-16 21:11:10,4,3.20387613300252
2025-04-16 21:11:20,1,-68.2712847883977
2025-04-16 21:11:30,2,-46.8670031731318
2025-04-16 21:11:40,3,-22.2229226251398
2025-04-16 21:11:50,4,3.95737308764609
2025-04-16 21:12:00,1,-67.7184245918269
2025-04-16 21:12:10,2,-46.1996295380395
2025-04-16 21:12:20,3,-21.4871694249191
2025-04-16 21:12:30,4,4.71064507096438
2025-04-16 21:12:40,1,-67.1617146941004
2025-04-16 21:12:50,2,-45.5296295162839
2025-04-16 21:13:00,3,-20.750194708081
2025-04-16 21:13:10,4,5.46364926046018
2025-04-16 21:13:20,1,-66.6011867434251
2025-04-16 21:13:30,2,-44.8570411964623
2025-04-16 21:13:40,3,-20.0120403706438
2025-04-16 21:13:50,4,6.21634284885998
2025-04-16 21:14:00,1,-66.0368726050597
2025-04-16 21:14:10,2,-44.1819028143148
2025-04-16 21:14:20,3,-19.2727483756876
2025-04-16 21:14:30,4,6.96868304654859
2025-04-16 21:14:40,1,-65.468804359502
2025-04-16 21:14:50,2,-43.5042527505476
2025-04-16 21:15:00,3,-18.5323607509648
2025-04-16 21:15:10,4,7.7206270839992
2025-04-16 21:15:20,1,-64.8970143006664
2025-04-16 21:15:30,2,-42.8241295286542
2025-04-16 21:15:40,3,-17.7909195865143
2025-04-16 21:15:50,4,8.47213221420758
2025-04-16 21:16:00,1,-64.3215349340464
2025-04-16 21:16:10,2,-42.1415718127222
2025-04-16 21:16:20,3,-17.0484670322672
2025-04-16 21:16:30,4,9.22315571511937
2025-04-16 21:16:40,1,-63.742398974869
2025-04-16 21:16:50,2,-41.4566184052383
2025-04-16 21:17:00,3,-16.3050452956497
2025-04-16 21:17:10,4,9.97365489206162
2025-04-16 21:17:20,1,-63.1596393462322
2025-04-16 21:17:30,2,-40.7693082448799
2025-04-16 21:17:40,3,-15.5606966391862
2025-04-16 21:17:50,4,10.723587080167
2025-04-16 21:18:00,1,-62.5732891772359
2025-04-16 21:18:10,2,-40.0796804043034
2025-04-16 21:18:20,3,-14.8154633780937
2025-04-16 21:18:30,4,11.4729096468023
2025-04-16 21:18:40,1,-61.9833818010962
2025-04-16 21:18:50,2,-39.3877740879224
2025-04-16 21:19:00,3,-14.0693878778792
2025-04-16 21:19:10,4,12.2215799939889
2025-04-16 21:19:20,1,-61.3899507532529
2025-04-16 21:19:30,2,-38.6936286296774
2025-04-16 21:19:40,3,-13.3225125519286
2025-04-16 21:19:50,4,12.9695555608275
2025-04-16 21:20:00,1,-60.7930297694605
2025-04-16 21:20:10,2,-37.9972834908029
2025-04-16 21:20:20,3,-12.574879859098
2025-04-16 21:20:30,4,13.7167938259146
2025-04-16 21:20:40,1,-60.1926527838727
2025-04-16 21:20:50,2,-37.2987782575806
2025-04-16 21:21:00,3,-11.8265323012976
2025-04-16 21:21:10,4,14.4632523097629
2025-04-16 21:21:20,1,-59.588853927112
2025-04-16 21:21:30,2,-36.5981526390922
2025-04-16 21:21:40,3,-11.077512421078
2025-04-16 21:21:50,4,15.2088885772129
2025-04-16 21:22:00,1,-58.9816675243291
2025-04-16 21:22:10,2,-35.895446464959
2025-04-16 21:22:20,3,-10.327862799209
2025-04-16 21:22:30,4,15.9536602398488
2025-04-16 21:22:40,1,-58.3711280932529
2025-04-16 21:22:50,2,-35.1906996830804
2025-04-16 21:23:00,3,-9.57762605226184
2025-04-16 21:23:10,4,16.6975249584049
2025-04-16 21:23:20,1,-57.7572703422266
2025-04-16 21:23:30,2,-34.4839523573604
2025-04-16 21:23:40,3,-8.82684483018356
2025-04-16 21:23:50,4,17.4404404451746
2025-04-16 21:24:00,1,-57.1401291682365
2025-04-16 21:24:10,2,-33.7752446654324
2025-04-16 21:24:20,3,-8.07556181387532
2025-04-16 21:24:30,4,18.1823644664144
2025-04-16 21:24:40,1,-56.5197396549259
2025-04-16 21:24:50,2,-33.0646168963727
2025-04-16 21:25:00,3,-7.32381971276319
2025-04-16 21:25:10,4,18.9232548447432
2025-04-16 21:25:20,1,-55.8961370706028
2025-04-16 21:25:30,2,-32.3521094484128
2025-04-16 21:25:40,3,-6.57166126237265
2025-04-16 21:25:50,4,19.6630694615422
2025-04-16 21:26:00,1,-55.2693568662331
2025-04-16 21:26:10,2,-31.6377628266399
2025-04-16 21:26:20,3,-5.81912922189807
2025-04-16 21:26:30,4,20.4017662593472
2025-04-16 21:26:40,1,-54.639434673427
2025-04-16 21:26:50,2,-30.9216176406973
2025-04-16 21:27:00,3,-5.06626637177086
2025-04-16 21:27:10,4,21.1393032442416
2025-04-16 21:27:20,1,-54.0064063024115
2025-04-16 21:27:30,2,-30.2037146024727
2025-04-16 21:27:40,3,-4.31311551122992
2025-04-16 21:27:50,4,21.8756384882413
2025-04-16 21:28:00,1,-53.3703077399968
2025-04-16 21:28:10,2,-29.4840945237866
2025-04-16 21:28:20,3,-3.55971945588575
2025-04-16 21:28:30,4,22.6107301316808
2025-04-16 21:28:40,1,-52.7311751475282
2025-04-16 21:28:50,2,-28.7627983140707
2025-04-16 21:29:00,3,-2.80612103528925
2025-04-16 21:29:10,4,23.3445363855906
2025-04-16 21:29:20,1,-52.0890448588325
2025-04-16 21:29:30,2,-28.0398669780416
2025-04-16 21:29:40,3,-2.05236309049409
2025-04-16 21:29:50,4,24.0770155340747
2025-04-16 21:30:00,1,-51.4439533781506
2025-04-16 21:30:10,2,-27.3153416133719
2025-04-16 21:30:20,3,-1.2984884716241
2025-04-16 21:30:30,4,24.8081259366805
2025-04-16 21:30:40,1,-50.7959373780638
2025-04-16 21:30:50,2,-26.5892634083513
2025-04-16 21:31:00,3,-0.544540035434469
2025-04-16 21:31:10,4,25.5378260307675
2025-04-16 21:31:20,1,-50.1450336974086
2025-04-16 21:31:30,2,-25.8616736395476
2025-04-16 21:31:40,3,0.209439357121802
2025-04-16 21:31:50,4,26.2660743338685
2025-04-16 21:32:00,1,-49.4912793391812
2025-04-16 21:32:10,2,-25.1326136694579
2025-04-16 21:32:20,3,0.963406843333293
2025-04-16 21:32:30,4,26.9928294460498
2025-04-16 21:32:40,1,-48.8347114684362
2025-04-16 21:32:50,2,-24.4021249441593
2025-04-16 21:33:00,3,1.71731956116402
2025-04-16 21:33:10,4,27.7180500522621
2025-04-16 21:33:20,1,-48.1753674101714
2025-04-16 21:33:30,2,-23.6702489909506
2025-04-16 21:33:40,3,2.47113465169295
2025-04-16 21:33:50,4,28.4416949246922
2025-04-16 21:34:00,1,-47.5132846472084
2025-04-16 21:34:10,2,-22.9370274159937
2025-04-16 21:34:20,3,3.22480926154757
2025-04-16 21:34:30,4,29.1637229251043
2025-04-16 21:34:40,1,-46.8485008180592
2025-04-16 21:34:50,2,-22.2025019019462
2025-04-16 21:35:00,3,3.97830054534296
2025-04-16 21:35:10,4,29.8840930071795
2025-04-16 21:35:20,1,-46.181053714789
2025-04-16 21:35:30,2,-21.4667142055942
2025-04-16 21:35:40,3,4.73156566811461
2025-04-16 21:35:50,4,30.6027642188503
2025-04-16 21:36:00,1,-45.5109812808653
2025-04-16 21:36:10,2,-20.7297061554756
2025-04-16 21:36:20,3,5.48456180775637
2025-04-16 21:36:30,4,31.3196957046264
2025-04-16 21:36:40,1,-44.8383216090033
2025-04-16 21:36:50,2,-19.9915196495053
2025-04-16 21:37:00,3,6.23724615745236
2025-04-16 21:37:10,4,32.0348467079199
2025-04-16 21:37:20,1,-44.163112938998
2025-04-16 21:37:30,2,-19.2521966525906
2025-04-16 21:37:40,3,6.98957592811155
2025-04-16 21:37:50,4,32.7481765733597
2025-04-16 21:38:00,1,-43.4853936555529
2025-04-16 21:38:10,2,-18.5117791942477
2025-04-16 21:38:20,3,7.74150835080128
2025-04-16 21:38:30,4,33.4596447491049
2025-04-16 21:38:40,1,-42.805202286095
2025-04-16 21:38:50,2,-17.7703093662106
2025-04-16 21:39:00,3,8.4930006791762
2025-04-16 21:39:10,4,34.1692107891483
2025-04-16 21:39:20,1,-42.1225774985873
2025-04-16 21:39:30,2,-17.0278293200398
2025-04-16 21:39:40,3,9.24401019191114
2025-04-16 21:39:50,4,34.8768343556177
2025-04-16 21:40:00,1,-41.4375580993284
2025-04-16 21:40:10,2,-16.2843812647254
2025-04-16 21:40:20,3,9.99449419512693
2025-04-16 21:40:30,4,35.5824752210663
2025-04-16 21:40:40,1,-40.7501830307482
2025-04-16 21:40:50,2,-15.5400074642866
2025-04-16 21:41:00,3,10.7444100248203
2025-04-16 21:41:10,4,36.2860932707629
2025-04-16 21:41:20,1,-40.0604913691923
2025-04-16 21:41:30,2,-14.7947502353711
2025-04-16 21:41:40,3,11.4937150492865
2025-04-16 21:41:50,4,36.9876485049692
2025-04-16 21:42:00,1,-39.3685223227022
2025-04-16 21:42:10,2,-14.0486519448473
2025-04-16 21:42:20,3,12.2423666715457
2025-04-16 21:42:30,4,37.6871010412164
2025-04-16 21:42:40,1,-38.6743152287858
2025-04-16 21:42:50,2,-13.3017550073978
2025-04-16 21:43:00,3,12.9903223317615
2025-04-16 21:43:10,4,38.38441111657
2025-04-16 21:43:20,1,-37.97790955218
2025-04-16 21:43:30,2,-12.5541018831062
2025-04-16 21:43:40,3,13.7375395096636
2025-04-16 21:43:50,4,39.0795390898928
2025-04-16 21:44:00,1,-37.2793448826093
2025-04-16 21:44:10,2,-11.8057350750453
2025-04-16 21:44:20,3,14.483975726962
2025-04-16 21:44:30,4,39.7724454440962
2025-04-16 21:44:40,1,-36.5786609325331
2025-04-16 21:44:50,2,-11.0566971268588
2025-04-16 21:45:00,3,15.2295885497646
2025-04-16 21:45:10,4,40.4630907883877
2025-04-16 21:45:20,1,-35.87589753489
2025-04-16 21:45:30,2,-10.307030620345
2025-04-16 21:45:40,3,15.9743355909867
2025-04-16 21:45:50,4,41.1514358605111
2025-04-16 21:46:00,1,-35.1710946408312
2025-04-16 21:46:10,2,-9.55677817303365
2025-04-16 21:46:20,3,16.7181745127637
2025-04-16 21:46:30,4,41.8374415289762
2025-04-16 21:46:40,1,-34.4642923174518
2025-04-16 21:46:50,2,-8.80598243576571
2025-04-16 21:47:00,3,17.4610630288551
2025-04-16 21:47:10,4,42.5210687952862
2025-04-16 21:47:20,1,-33.7555307455105
2025-04-16 21:47:30,2,-8.05468609026611
2025-04-16 21:47:40,3,18.20295890705
2025-04-16 21:47:50,4,43.2022787961518
2025-04-16 21:48:00,1,-33.044850217148
2025-04-16 21:48:10,2,-7.30293184672007
2025-04-16 21:48:20,3,18.9438199715682
2025-04-16 21:48:30,4,43.8810328057033
2025-04-16 21:48:40,1,-32.3322911335936
2025-04-16 21:48:50,2,-6.5507624413423
2025-04-16 21:49:00,3,19.6836041054564
2025-04-16 21:49:10,4,44.5572922376897
2025-04-16 21:49:20,1,-31.6178940028714
2025-04-16 21:49:30,2,-5.79822063394994
2025-04-16 21:49:40,3,20.4222692529844
2025-04-16 21:49:50,4,45.2310186476743
2025-04-16 21:50:00,1,-30.9016994374947
2025-04-16 21:50:10,2,-5.0453492055307
2025-04-16 21:50:20,3,21.1597734220335
2025-04-16 21:50:30,4,45.9021737352184
2025-04-16 21:50:40,1,-30.1837481521597
2025-04-16 21:50:50,2,-4.29219095580973
2025-04-16 21:51:00,3,21.8960746864865
2025-04-16 21:51:10,4,46.5707193460605
2025-04-16 21:51:20,1,-29.4640809614286
2025-04-16 21:51:30,2,-3.538788700819
2025-04-16 21:51:40,3,22.6311311886085
2025-04-16 21:51:50,4,47.2366174742833
2025-04-16 21:52:00,1,-28.7427387774114
2025-04-16 21:52:10,2,-2.78518527046045
2025-04-16 21:52:20,3,23.3649011414287
2025-04-16 21:52:30,4,47.8998302644762
2025-04-16 21:52:40,1,-28.0197626074393
2025-04-16 21:52:50,2,-2.03142350607395
2025-04-16 21:53:00,3,24.0973428311137
2025-04-16 21:53:10,4,48.5603200138857
2025-04-16 21:53:20,1,-27.2951935517324
2025-04-16 21:53:30,2,-1.27754625799907
2025-04-16 21:53:40,3,24.8284146193416
2025-04-16 21:53:50,4,49.2180491745603
2025-04-16 21:54:00,1,-26.5690728010653
2025-04-16 21:54:10,2,-0.52359638314187
2025-04-16 21:54:20,3,25.5580749456658
2025-04-16 21:54:30,4,49.8729803554836
2025-04-16 21:54:40,1,-25.8414416344233
2025-04-16 21:54:50,2,0.230383257464279
2025-04-16 21:55:00,3,26.2862823298812
2025-04-16 21:55:10,4,50.5250763247005
2025-04-16 21:55:20,1,-25.1123414166582
2025-04-16 21:55:30,2,0.984349801092435
2025-04-16 21:55:40,3,27.0129953743788
2025-04-16 21:55:50,4,51.1743000114347
2025-04-16 21:56:00,1,-24.3818135961337
2025-04-16 21:56:10,2,1.73826038576162
2025-04-16 21:56:20,3,27.7381727665022
2025-04-16 21:56:30,4,51.8206145081942
2025-04-16 21:56:40,1,-23.6498997023725
2025-04-16 21:56:50,2,2.49207215267064
2025-04-16 21:57:00,3,28.461773280894
2025-04-16 21:57:10,4,52.4639830728716
2025-04-16 21:57:20,1,-22.9166413436922
2025-04-16 21:57:30,2,3.24574224863737
2025-04-16 21:57:40,3,29.18375578184
2025-04-16 21:57:50,4,53.1043691308306
2025-04-16 21:58:00,1,-22.1820802048426
2025-04-16 21:58:10,2,3.99922782853205
2025-04-16 21:58:20,3,29.9040792256088
2025-04-16 21:58:30,4,53.7417362769878
2025-04-16 21:58:40,1,-21.4462580446338
2025-04-16 21:58:50,2,4.75248605771586
2025-04-16 21:59:00,3,30.6227026627829
2025-04-16 21:59:10,4,54.3760482778793
2025-04-16 21:59:20,1,-20.7092166935642
2025-04-16 21:59:30,2,5.50547411447347
2025-04-16 21:59:40,3,31.3395852405894
2025-04-16 21:59:50,4,55.0072690737235
2025-04-16 22:00:00,1,-19.9709980514406
2025-04-16 22:00:10,2,6.25814919244852
2025-04-16 22:00:20,3,32.0546862052193
2025-04-16 22:00:30,4,55.6353627804686
2025-04-16 22:00:40,1,-19.2316440849984
2025-04-16 22:00:50,2,7.0104685030781
2025-04-16 22:01:00,3,32.7679649041474
2025-04-16 22:01:10,4,56.2602936918342
2025-04-16 22:01:20,1,-18.4911968255132
2025-04-16 22:01:30,2,7.7623892780228
2025-04-16 22:01:40,3,33.4793807884405
2025-04-16 22:01:50,4,56.8820262813403
2025-04-16 22:02:00,1,-17.7496983664139
2025-04-16 22:02:10,2,8.51386877160083
2025-04-16 22:02:20,3,34.1888934150651
2025-04-16 22:02:30,4,57.500525204328
2025-04-16 22:02:40,1,-17.0071908608889
2025-04-16 22:02:50,2,9.26486426321525
2025-04-16 22:03:00,3,34.8964624491842
2025-04-16 22:03:10,4,58.1157552999659
2025-04-16 22:03:20,1,-16.2637165194882
2025-04-16 22:03:30,2,10.0153330597854
2025-04-16 22:03:40,3,35.6020476664526
2025-04-16 22:03:50,4,58.7276815932531
2025-04-16 22:04:00,1,-15.5193176077266
2025-04-16 22:04:10,2,10.765232498171
2025-04-16 22:04:20,3,36.3056089553013
2025-04-16 22:04:30,4,59.3362692970053
2025-04-16 22:04:40,1,-14.7740364436782
2025-04-16 22:04:50,2,11.5145199476007
2025-04-16 22:05:00,3,37.0071063192198
2025-04-16 22:05:10,4,59.9414838138305
2025-04-16 22:05:20,1,-14.0279153955732
2025-04-16 22:05:30,2,12.2631528120921
2025-04-16 22:05:40,3,37.7064998790281
2025-04-16 22:05:50,4,60.5432907381001
2025-04-16 22:06:00,1,-13.2809968793868
2025-04-16 22:06:10,2,13.0110885328769
2025-04-16 22:06:20,3,38.4037498751457
2025-04-16 22:06:30,4,61.1416558579014
2025-04-16 22:06:40,1,-12.5333233564305
2025-04-16 22:06:50,2,13.7582845908167
2025-04-16 22:07:00,3,39.0988166698495
2025-04-16 22:07:10,4,61.7365451569847
2025-04-16 22:07:20,1,-11.7849373309355
2025-04-16 22:07:30,2,14.5046985088236
2025-04-16 22:07:40,3,39.7916607495299
2025-04-16 22:07:50,4,62.327924816694
2025-04-16 22:08:00,1,-11.0358813476392
2025-04-16 22:08:10,2,15.2502878542717
2025-04-16 22:08:20,3,40.4822427269344
2025-04-16 22:08:30,4,62.9157612178934
2025-04-16 22:08:40,1,-10.2861979893641
2025-04-16 22:08:50,2,15.9950102414125
2025-04-16 22:09:00,3,41.1705233434082
2025-04-16 22:09:10,4,63.5000209428758
2025-04-16 22:09:20,1,-9.53592987459896
2025-04-16 22:09:30,2,16.7388233337815
2025-04-16 22:09:40,3,41.8564634711267
2025-04-16 22:09:50,4,64.0806707772641
2025-04-16 22:10:00,1,-8.78511965507425
2025-04-16 22:10:10,2,17.4816848466077
2025-04-16 22:10:20,3,42.5400241153177
2025-04-16 22:10:30,4,64.6576777118966
2025-04-16 22:10:40,1,-8.03381001333954
2025-04-16 22:10:50,2,18.2235525492151
2025-04-16 22:11:00,3,43.2211664164806
2025-04-16 22:11:10,4,65.2310089447076
2025-04-16 22:11:20,1,-7.28204366033452
2025-04-16 22:11:30,2,18.9643842674244
2025-04-16 22:11:40,3,43.899851652593
2025-04-16 22:11:50,4,65.8006318825893
2025-04-16 22:12:00,1,-6.52986333296372
2025-04-16 22:12:10,2,19.7041378859518
2025-04-16 22:12:20,3,44.5760412413147
2025-04-16 22:12:30,4,66.366514143246
2025-04-16 22:12:40,1,-5.77731179166411
2025-04-16 22:12:50,2,20.4427713508005
2025-04-16 22:13:00,3,45.2496967421786
2025-04-16 22:13:10,4,66.9286235570329
2025-04-16 22:13:20,1,-5.02443181797677
2025-04-16 22:13:30,2,21.1802426716545
2025-04-16 22:13:40,3,45.920779858778
2025-04-16 22:13:50,4,67.486928168788
2025-04-16 22:14:00,1,-4.27126621211369
2025-04-16 22:14:10,2,21.9165099242625
2025-04-16 22:14:20,3,46.5892524409418
2025-04-16 22:14:30,4,68.0413962396469
2025-04-16 22:14:40,1,-3.51785779052362
2025-04-16 22:14:50,2,22.6515312528243
2025-04-16 22:15:00,3,47.2550764869054
2025-04-16 22:15:10,4,68.5919962488475
2025-04-16 22:15:20,1,-2.76424938346046
2025-04-16 22:15:30,2,23.3852648723676
2025-04-16 22:15:40,3,47.9182141454686
2025-04-16 22:15:50,4,69.1386968955206
2025-04-16 22:16:00,1,-2.01048383254561
2025-04-16 22:16:10,2,24.1176690711257
2025-04-16 22:16:20,3,48.5786277181501
2025-04-16 22:16:30,4,69.6814671004717
2025-04-16 22:16:40,1,-1.25660398833531
2025-04-16 22:16:50,2,24.8487022129066
2025-04-16 22:17:00,3,49.2362796613278
2025-04-16 22:17:10,4,70.2202760079469
2025-04-16 22:17:20,1,-0.502652707881764
2025-04-16 22:17:30,2,25.5783227394622
2025-04-16 22:17:40,3,49.8911325883759
2025-04-16 22:17:50,4,70.7550929873851
2025-04-16 22:18:00,1,0.251327147700306
2025-04-16 22:18:10,2,26.3064891728485
2025-04-16 22:18:20,3,50.5431492717879
2025-04-16 22:18:30,4,71.2858876351625
2025-04-16 22:18:40,1,1.00529271567316
2025-04-16 22:18:50,2,27.0331601177859
2025-04-16 22:19:00,3,51.1922926452939
2025-04-16 22:19:10,4,71.8126297763187
2025-04-16 22:19:20,1,1.75920113410988
2025-04-16 22:19:30,2,27.75829426401
2025-04-16 22:19:40,3,51.8385258059688
2025-04-16 22:19:50,4,72.3352894662736
2025-04-16 22:20:00,1,2.51300954433382
2025-04-16 22:20:10,2,28.4818503886228
2025-04-16 22:20:20,3,52.4818120163279
2025-04-16 22:20:30,4,72.8538369925273
2025-04-16 22:20:40,1,3.26667509335227
2025-04-16 22:20:50,2,29.2037873584336
2025-04-16 22:21:00,3,53.1221147064178
2025-04-16 22:21:10,4,73.3682428763525
2025-04-16 22:21:20,1,4.02015493629537
2025-04-16 22:21:30,2,29.9240641322984
2025-04-16 22:21:40,3,53.7593974758932
2025-04-16 22:21:50,4,73.8784778744681
2025-04-16 22:22:00,1,4.77340623884903
2025-04-16 22:22:10,2,30.6426397634542
2025-04-16 22:22:20,3,54.3936240960883
2025-04-16 22:22:30,4,74.3845129807026
2025-04-16 22:22:40,1,5.52638617969275
2025-04-16 22:22:50,2,31.3594734018444
2025-04-16 22:23:00,3,55.0247585120739
2025-04-16 22:23:10,4,74.8863194276415
2025-04-16 22:23:20,1,6.27905195293153
2025-04-16 22:23:30,2,32.0745242964435
2025-04-16 22:23:40,3,55.6527648447102
2025-04-16 22:23:50,4,75.3838686882652
2025-04-16 22:24:00,1,7.03136077053039
2025-04-16 22:24:10,2,32.7877517975714
2025-04-16 22:24:20,3,56.2776073926825
2025-04-16 22:24:30,4,75.8771324775688
2025-04-16 22:24:40,1,7.78326986474783
2025-04-16 22:24:50,2,33.4991153592067
2025-04-16 22:25:00,3,56.8992506345348
2025-04-16 22:25:10,4,76.3660827541713
2025-04-16 22:25:20,1,8.53473649056468
2025-04-16 22:25:30,2,34.2085745412892
2025-04-16 22:25:40,3,57.5176592306868
2025-04-16 22:25:50,4,76.8506917219076
2025-04-16 22:26:00,1,9.28571792811693
2025-04-16 22:26:10,2,34.9160890120213
2025-04-16 22:26:20,3,58.132798025444
2025-04-16 22:26:30,4,77.3309318314117
2025-04-16 22:26:40,1,10.0361714851215
2025-04-16 22:26:50,2,35.6216185501584
2025-04-16 22:27:00,3,58.7446320489938
2025-04-16 22:27:10,4,77.806775781681
2025-04-16 22:27:20,1,10.7860544993058
2025-04-16 22:27:30,2,36.325123047298
2025-04-16 22:27:40,3,59.3531265193975
2025-04-16 22:27:50,4,78.2781965216276
2025-04-16 22:28:00,1,11.5353243408308
2025-04-16 22:28:10,2,37.0265625101571
2025-04-16 22:28:20,3,59.958246844565
2025-04-16 22:28:30,4,78.7451672516183
2025-04-16 22:28:40,1,12.2839384147165
2025-04-16 22:28:50,2,37.7258970628484
2025-04-16 22:29:00,3,60.5599586242206
2025-04-16 22:29:10,4,79.2076614249965
2025-04-16 22:29:20,1,13.0318541632614
2025-04-16 22:29:30,2,38.4230869491445
2025-04-16 22:29:40,3,61.1582276518611
2025-04-16 22:29:50,4,79.6656527495924
2025-04-16 22:30:00,1,13.7790290684639
2025-04-16 22:30:10,2,39.1180925347409
2025-04-16 22:30:20,3,61.7530199166988
2025-04-16 22:30:30,4,80.1191151892156
2025-04-16 22:30:40,1,14.5254206544372
2025-04-16 22:30:50,2,39.8108743095066
2025-04-16 22:31:00,3,62.3443016055958
2025-04-16 22:31:10,4,80.5680229651381
2025-04-16 22:31:20,1,15.2709864898264
2025-04-16 22:31:30,2,40.5013928897311
2025-04-16 22:31:40,3,62.932039104984
2025-04-16 22:31:50,4,81.012350557558
2025-04-16 22:32:00,1,16.0156841902181
2025-04-16 22:32:10,2,41.1896090203647
2025-04-16 22:32:20,3,63.5161990027792
2025-04-16 22:32:30,4,81.452072707051
2025-04-16 22:32:40,1,16.7594714205525
2025-04-16 22:32:50,2,41.8754835772473
2025-04-16 22:33:00,3,64.0967480902788
2025-04-16 22:33:10,4,81.8871644160049
2025-04-16 22:33:20,1,17.5023058975278
2025-04-16 22:33:30,2,42.5589775693356
2025-04-16 22:33:40,3,64.6736533640503
2025-04-16 22:33:50,4,82.3176009500427
2025-04-16 22:34:00,1,18.244145392005
2025-04-16 22:34:10,2,43.2400521409169
2025-04-16 22:34:20,3,65.2468820278053
2025-04-16 22:34:30,4,82.7433578394279
2025-04-16 22:34:40,1,18.9849477314096
2025-04-16 22:34:50,2,43.9186685738203
2025-04-16 22:35:00,3,65.8164014942677
2025-04-16 22:35:10,4,83.1644108804555
2025-04-16 22:35:20,1,19.7246708021263
2025-04-16 22:35:30,2,44.5947882896159
2025-04-16 22:35:40,3,66.3821793870233
2025-04-16 22:35:50,4,83.580736136827
2025-04-16 22:36:00,1,20.4632725518964
2025-04-16 22:36:10,2,45.2683728518097
2025-04-16 22:36:20,3,66.9441835423623
2025-04-16 22:36:30,4,83.992309941013
2025-04-16 22:36:40,1,21.2007109922054
2025-04-16 22:36:50,2,45.9393839680269
2025-04-16 22:37:00,3,67.5023820111048
2025-04-16 22:37:10,4,84.3991088955981
2025-04-16 22:37:20,1,21.9369442006727
2025-04-16 22:37:30,2,46.6077834921905
2025-04-16 22:37:40,3,68.0567430604209
2025-04-16 22:37:50,4,84.8011098746092
2025-04-16 22:38:00,1,22.6719303234321
2025-04-16 22:38:10,2,47.273533426688
2025-04-16 22:38:20,3,68.6072351756327
2025-04-16 22:38:30,4,85.1982900248329
2025-04-16 22:38:40,1,23.4056275775139
2025-04-16 22:38:50,2,47.9365959245336
2025-04-16 22:39:00,3,69.1538270620044
2025-04-16 22:39:10,4,85.5906267671131
2025-04-16 22:39:20,1,24.1379942532176
2025-04-16 22:39:30,2,48.5969332915174
2025-04-16 22:39:40,3,69.6964876465247
2025-04-16 22:39:50,4,85.9780977976352
2025-04-16 22:40:00,1,24.8689887164856
2025-04-16 22:40:10,2,49.254507988351
2025-04-16 22:40:20,3,70.2351860796707
2025-04-16 22:40:30,4,86.3606810891927
2025-04-16 22:40:40,1,25.5985694112672
2025-04-16 22:40:50,2,49.9092826327988
2025-04-16 22:41:00,3,70.7698917371633
2025-04-16 22:41:10,4,86.7383548924415
2025-04-16 22:41:20,1,26.3266948618841
2025-04-16 22:41:30,2,50.5612200018046
2025-04-16 22:41:40,3,71.3005742217055
2025-04-16 22:41:50,4,87.1110977371351
2025-04-16 22:42:00,1,27.0533236753853
2025-04-16 22:42:10,2,51.2102830336084
2025-04-16 22:42:20,3,71.8272033647139
2025-04-16 22:42:30,4,87.4788884333454
2025-04-16 22:42:40,1,27.7784145439028
2025-04-16 22:42:50,2,51.8564348298512
2025-04-16 22:43:00,3,72.3497492280317
2025-04-16 22:43:10,4,87.8417060726664
2025-04-16 22:43:20,1,28.5019262469975
2025-04-16 22:43:30,2,52.4996386576749
2025-04-16 22:43:40,3,72.8681821056313
2025-04-16 22:43:50,4,88.1995300294049
2025-04-16 22:44:00,1,29.223817654005
2025-04-16 22:44:10,2,53.1398579518084
2025-04-16 22:44:20,3,73.3824725253016
2025-04-16 22:44:30,4,88.5523399617512
2025-04-16 22:44:40,1,29.9440477263716
2025-04-16 22:44:50,2,53.7770563166483
2025-04-16 22:45:00,3,73.8925912503259
2025-04-16 22:45:10,4,88.9001158129364
2025-04-16 22:45:20,1,30.6625755199882
2025-04-16 22:45:30,2,54.4111975283259
2025-04-16 22:45:40,3,74.3985092811423
2025-04-16 22:45:50,4,89.2428378123718
2025-04-16 22:46:00,1,31.3793601875189
2025-04-16 22:46:10,2,55.0422455367688
2025-04-16 22:46:20,3,74.9001978569932
2025-04-16 22:46:30,4,89.5804864767737
2025-04-16 22:46:40,1,32.0943609807209
2025-04-16 22:46:50,2,55.6701644677477
2025-04-16 22:47:00,3,75.3976284575583
2025-04-16 22:47:10,4,89.9130426112713
2025-04-16 22:47:20,1,32.8075372527636
2025-04-16 22:47:30,2,56.2949186249181
2025-04-16 22:47:40,3,75.8907728045791
2025-04-16 22:47:50,4,90.2404873104958
2025-04-16 22:48:00,1,33.5188484605366
2025-04-16 22:48:10,2,56.9164724918483
2025-04-16 22:48:20,3,76.3796028634641
2025-04-16 22:48:30,4,90.5628019596577
2025-04-16 22:48:40,1,34.2282541669572
2025-04-16 22:48:50,2,57.5347907340394
2025-04-16 22:49:00,3,76.8640908448839
2025-04-16 22:49:10,4,90.8799682356039
2025-04-16 22:49:20,1,34.9357140432666
2025-04-16 22:49:30,2,58.1498382009316
2025-04-16 22:49:40,3,77.3442092063488
2025-04-16 22:49:50,4,91.1919681078592
2025-04-16 22:50:00,1,35.6411878713252
2025-04-16 22:50:10,2,58.761579927906
2025-04-16 22:50:20,3,77.8199306537777
2025-04-16 22:50:30,4,91.498783839651
2025-04-16 22:50:40,1,36.344635545896
2025-04-16 22:50:50,2,59.3699811382702
2025-04-16 22:51:00,3,78.2912281430481
2025-04-16 22:51:10,4,91.8003979889187
2025-04-16 22:51:20,1,37.0460170769277
2025-04-16 22:51:30,2,59.9750072452359
2025-04-16 22:51:40,3,78.7580748815319
2025-04-16 22:51:50,4,92.0967934093046
2025-04-16 22:52:00,1,37.745292591825
2025-04-16 22:52:10,2,60.5766238538835
2025-04-16 22:52:20,3,79.2204443296219
2025-04-16 22:52:30,4,92.3879532511287
2025-04-16 22:52:40,1,38.4424223377181
2025-04-16 22:52:50,2,61.1747967631202
2025-04-16 22:53:00,3,79.6783102022383
2025-04-16 22:53:10,4,92.6738609623461
2025-04-16 22:53:20,1,39.1373666837201
2025-04-16 22:53:30,2,61.769491967623
2025-04-16 22:53:40,3,80.1316464703237
2025-04-16 22:53:50,4,92.954500289489
2025-04-16 22:54:00,1,39.8300861231823
2025-04-16 22:54:10,2,62.36067565977
2025-04-16 22:54:20,3,80.5804273623216
2025-04-16 22:54:30,4,93.2298552785899
2025-04-16 22:54:40,1,40.520541275938
2025-04-16 22:54:50,2,62.9483142315658
2025-04-16 22:55:00,3,81.0246273656436
2025-04-16 22:55:10,4,93.4999102760891
2025-04-16 22:55:20,1,41.2086928905421
2025-04-16 22:55:30,2,63.5323742765498
2025-04-16 22:55:40,3,81.4642212281182
2025-04-16 22:55:50,4,93.7646499297235
2025-04-16 22:56:00,1,41.8945018465037
2025-04-16 22:56:10,2,64.1128225916962
2025-04-16 22:56:20,3,81.8991839594275
2025-04-16 22:56:30,4,94.0240591894011
2025-04-16 22:56:40,1,42.5779291565073
2025-04-16 22:56:50,2,64.6896261792995
2025-04-16 22:57:00,3,82.3294908325256
2025-04-16 22:57:10,4,94.2781233080551
2025-04-16 22:57:20,1,43.2589359686322
2025-04-16 22:57:30,2,65.262752248854
2025-04-16 22:57:40,3,82.7551173850472
2025-04-16 22:57:50,4,94.5268278424825
2025-04-16 22:58:00,1,43.9374835685586
2025-04-16 22:58:10,2,65.8321682189151
2025-04-16 22:58:20,3,83.1760394206965
2025-04-16 22:58:30,4,94.7701586541661
2025-04-16 22:58:40,1,44.6135333817707
2025-04-16 22:58:50,2,66.397841718953
2025-04-16 22:59:00,3,83.5922330106236
2025-04-16 22:59:10,4,95.0081019100771
2025-04-16 22:59:20,1,45.2870469757472
2025-04-16 22:59:30,2,66.9597405911907
2025-04-16 22:59:40,3,84.0036744947832
2025-04-16 22:59:50,4,95.2406440834624
2025-04-16 23:00:00,1,45.9579860621489
2025-04-16 23:00:10,2,67.5178328924352
2025-04-16 23:00:20,3,84.4103404832818
2025-04-16 23:00:30,4,95.4677719546125
2025-04-16 23:00:40,1,46.6263124989924
2025-04-16 23:00:50,2,68.0720868958915
2025-04-16 23:01:00,3,84.8122078577066
2025-04-16 23:01:10,4,95.6894726116142
2025-04-16 23:01:20,1,47.2919882928213
2025-04-16 23:01:30,2,68.6224710929672
2025-04-16 23:01:40,3,85.2092537724382
2025-04-16 23:01:50,4,95.9057334510841
2025-04-16 23:02:00,1,47.9549756008635
2025-04-16 23:02:10,2,69.1689541950614
2025-04-16 23:02:20,3,85.6014556559521
2025-04-16 23:02:30,4,96.1165421788852
2025-04-16 23:02:40,1,48.6152367331847
2025-04-16 23:02:50,2,69.7115051353471
2025-04-16 23:03:00,3,85.9887912120997
2025-04-16 23:03:10,4,96.3218868108251
2025-04-16 23:03:20,1,49.272734154829
2025-04-16 23:03:30,2,70.250093070535
2025-04-16 23:03:40,3,86.3712384213773
2025-04-16 23:03:50,4,96.5217556733383
2025-04-16 23:04:00,1,49.9274304879549
2025-04-16 23:04:10,2,70.7846873826261
2025-04-16 23:04:20,3,86.7487755421757
2025-04-16 23:04:30,4,96.7161374041496
2025-04-16 23:04:40,1,50.5792885139581
2025-04-16 23:04:50,2,71.3152576806549
2025-04-16 23:05:00,3,87.121381112019
2025-04-16 23:05:10,4,96.9050209529197
2025-04-16 23:05:20,1,51.228271175588
2025-04-16 23:05:30,2,71.841773802415
2025-04-16 23:05:40,3,87.4890339487826
2025-04-16 23:05:50,4,97.0883955818731
2025-04-16 23:06:00,1,51.8743415790559
2025-04-16 23:06:10,2,72.3642058161752
2025-04-16 23:06:20,3,87.8517131518989
2025-04-16 23:06:30,4,97.2662508664095
2025-04-16 23:06:40,1,52.5174629961296
2025-04-16 23:06:50,2,72.8825240223788
2025-04-16 23:07:00,3,88.2093981035433
2025-04-16 23:07:10,4,97.4385766956959
2025-04-16 23:07:20,1,53.1575988662239
2025-04-16 23:07:30,2,73.3966989553348
2025-04-16 23:07:40,3,88.5620684698087
2025-04-16 23:07:50,4,97.6053632732409
2025-04-16 23:08:00,1,53.7947127984771
2025-04-16 23:08:10,2,73.9067013848915
2025-04-16 23:08:20,3,88.9097042018602
2025-04-16 23:08:30,4,97.7666011174524
2025-04-16 23:08:40,1,54.4287685738214
2025-04-16 23:08:50,2,74.4125023180986
2025-04-16 23:09:00,3,89.2522855370755
2025-04-16 23:09:10,4,97.9222810621765
2025-04-16 23:09:20,1,55.0597301470401
2025-04-16 23:09:30,2,74.914073000854
2025-04-16 23:09:40,3,89.5897930001667
2025-04-16 23:09:50,4,98.0723942572181
2025-04-16 23:10:00,1,55.6875616488186
2025-04-16 23:10:10,2,75.4113849195409
2025-04-16 23:10:20,3,89.9222074042901
2025-04-16 23:10:30,4,98.2169321688446
2025-04-16 23:10:40,1,56.3122273877829
2025-04-16 23:10:50,2,75.9044098026476
2025-04-16 23:11:00,3,90.2495098521343
2025-04-16 23:11:10,4,98.3558865802702
2025-04-16 23:11:20,1,56.9336918525265
2025-04-16 23:11:30,2,76.3931196223731
2025-04-16 23:11:40,3,90.5716817369968
2025-04-16 23:11:50,4,98.4892495921241
2025-04-16 23:12:00,1,57.551919713633
2025-04-16 23:12:10,2,76.8774865962233
2025-04-16 23:12:20,3,90.8887047438399
2025-04-16 23:12:30,4,98.6170136228988
2025-04-16 23:12:40,1,58.1668758256818
2025-04-16 23:12:50,2,77.3574831885893
2025-04-16 23:13:00,3,91.2005608503336
2025-04-16 23:13:10,4,98.7391714093815
2025-04-16 23:13:20,1,58.7785252292475
2025-04-16 23:13:30,2,77.8330821123108
2025-04-16 23:13:40,3,91.5072323278779
2025-04-16 23:13:50,4,98.8557160070666
2025-04-16 23:14:00,1,59.3868331528847
2025-04-16 23:14:10,2,78.3042563302305
2025-04-16 23:14:20,3,91.808701742613
2025-04-16 23:14:30,4,98.9666407905508
2025-04-16 23:14:40,1,59.9917650151087
2025-04-16 23:14:50,2,78.7709790567293
2025-04-16 23:15:00,3,92.104951956409
2025-04-16 23:15:10,4,99.0719394539097
2025-04-16 23:15:20,1,60.5932864263589
2025-04-16 23:15:30,2,79.2332237592498
2025-04-16 23:15:40,3,92.3959661278409
2025-04-16 23:15:50,4,99.1716060110563
2025-04-16 23:16:00,1,61.1913631909529
2025-04-16 23:16:10,2,79.6909641598028
2025-04-16 23:16:20,3,92.6817277131447
2025-04-16 23:16:30,4,99.265634796081
2025-04-16 23:16:40,1,61.7859613090334
2025-04-16 23:16:50,2,80.144174236464
2025-04-16 23:17:00,3,92.9622204671599
2025-04-16 23:17:10,4,99.3540204635743
2025-04-16 23:17:20,1,62.3770469784989
2025-04-16 23:17:30,2,80.5928282248515
2025-04-16 23:17:40,3,93.2374284442514
2025-04-16 23:17:50,4,99.4367579889301
2025-04-16 23:18:00,1,62.9645865969263
2025-04-16 23:18:10,2,81.0369006195912
2025-04-16 23:18:20,3,93.507335999217
2025-04-16 23:18:30,4,99.5138426686316
2025-04-16 23:18:40,1,63.5485467634792
2025-04-16 23:18:50,2,81.4763661757653
2025-04-16 23:19:00,3,93.7719277881755
2025-04-16 23:19:10,4,99.5852701205185
2025-04-16 23:19:20,1,64.1288942808099
2025-04-16 23:19:30,2,81.9111999103496
2025-04-16 23:19:40,3,94.0311887694406
2025-04-16 23:19:50,4,99.6510362840367
2025-04-16 23:20:00,1,64.7055961569442
2025-04-16 23:20:10,2,82.3413771036325
2025-04-16 23:20:20,3,94.2851042043752
2025-04-16 23:20:30,4,99.7111374204684
2025-04-16 23:20:40,1,65.2786196071586
2025-04-16 23:20:50,2,82.7668733006209
2025-04-16 23:21:00,3,94.5336596582286
2025-04-16 23:21:10,4,99.7655701131449
2025-04-16 23:21:20,1,65.8479320558411
2025-04-16 23:21:30,2,83.1876643124286
2025-04-16 23:21:40,3,94.7768410009587
2025-04-16 23:21:50,4,99.8143312676411
2025-04-16 23:22:00,1,66.4135011383469
2025-04-16 23:22:10,2,83.6037262176543
2025-04-16 23:22:20,3,95.0146344080337
2025-04-16 23:22:30,4,99.8574181119509
2025-04-16 23:22:40,1,66.9752947028362
2025-04-16 23:22:50,2,84.0150353637399
2025-04-16 23:23:00,3,95.2470263612194
2025-04-16 23:23:10,4,99.8948281966456
2025-04-16 23:23:20,1,67.5332808121026
2025-04-16 23:23:30,2,84.421568368314
2025-04-16 23:23:40,3,95.474003649346
2025-04-16 23:23:50,4,99.9265593950121
2025-04-16 23:24:00,1,68.0874277453869
2025-04-16 23:24:10,2,84.8233021205239
2025-04-16 23:24:20,3,95.6955533690608
2025-04-16 23:24:30,4,99.9526099031745
2025-04-16 23:24:40,1,68.6377040001833
2025-04-16 23:24:50,2,85.220213782347
2025-04-16 23:25:00,3,95.9116629255609
2025-04-16 23:25:10,4,99.9729782401967
2025-04-16 23:25:20,1,69.1840782940291
2025-04-16 23:25:30,2,85.612280789891
2025-04-16 23:25:40,3,96.1223200333096
2025-04-16 23:25:50,4,99.9876632481661
2025-04-16 23:26:00,1,69.7265195662812
2025-04-16 23:26:10,2,85.9994808546741
2025-04-16 23:26:20,3,96.3275127167337
2025-04-16 23:26:30,4,99.9966640922597
2025-04-16 23:26:40,1,70.2649969798849
2025-04-16 23:26:50,2,86.381791964895
2025-04-16 23:27:00,3,96.5272293109062
2025-04-16 23:27:10,4,99.9999802607918
2025-04-16 23:27:20,1,70.7994799231251
2025-04-16 23:27:30,2,86.7591923866825
2025-04-16 23:27:40,3,96.7214584622077
2025-04-16 23:27:50,4,99.9976115652427
2025-04-16 23:28:00,1,71.3299380113675
2025-04-16 23:28:10,2,87.1316606653315
2025-04-16 23:28:20,3,96.910189128973
2025-04-16 23:28:30,4,99.9895581402694
2025-04-16 23:28:40,1,71.8563410887838
2025-04-16 23:28:50,2,87.4991756265218
2025-04-16 23:29:00,3,97.0934105821178
2025-04-16 23:29:10,4,99.9758204436984
2025-04-16 23:29:20,1,72.378659230069
2025-04-16 23:29:30,2,87.8617163775237
2025-04-16 23:29:40,3,97.2711124057496
2025-04-16 23:29:50,4,99.9563992564992
2025-04-16 23:30:00,1,72.896862742141
2025-04-16 23:30:10,2,88.2192623083841
2025-04-16 23:30:20,3,97.4432844977594
2025-04-16 23:30:30,4,99.93129568274
2025-04-16 23:30:40,1,73.410922165829
2025-04-16 23:30:50,2,88.5717930930992
2025-04-16 23:31:00,3,97.6099170703957
2025-04-16 23:31:10,4,99.9005111495252
2025-04-16 23:31:20,1,73.9208082775469
2025-04-16 23:31:30,2,88.9192886907683
2025-04-16 23:31:40,3,97.7710006508213
2025-04-16 23:31:50,4,99.8640474069141
2025-04-16 23:32:00,1,74.4264920909569
2025-04-16 23:32:10,2,89.2617293467356
2025-04-16 23:32:20,3,97.9265260816518
2025-04-16 23:32:30,4,99.8219065278212
2025-04-16 23:32:40,1,74.927944858616
2025-04-16 23:32:50,2,89.5990955937115
2025-04-16 23:33:00,3,98.0764845214764
2025-04-16 23:33:10,4,99.7740909078987
2025-04-16 23:33:20,1,75.4251380736105
2025-04-16 23:33:30,2,89.9313682528792
2025-04-16 23:33:40,3,98.2208674453596
2025-04-16 23:33:50,4,99.7206032654002
2025-04-16 23:34:00,1,75.9180434711757
2025-04-16 23:34:10,2,90.2585284349861
2025-04-16 23:34:20,3,98.3596666453268
2025-04-16 23:34:30,4,99.661446641026
2025-04-16 23:34:40,1,76.4066330303044
2025-04-16 23:34:50,2,90.5805575414169
2025-04-16 23:35:00,3,98.4928742308308
2025-04-16 23:35:10,4,99.5966243977505
2025-04-16 23:35:20,1,76.8908789753394
2025-04-16 23:35:30,2,90.8974372652513
2025-04-16 23:35:40,3,98.6204826291999
2025-04-16 23:35:50,4,99.5261402206308
2025-04-16 23:36:00,1,77.3707537775504
2025-04-16 23:36:10,2,91.2091495923035
2025-04-16 23:36:20,3,98.7424845860684
2025-04-16 23:36:30,4,99.4499981165975
2025-04-16 23:36:40,1,77.8462301567023
2025-04-16 23:36:50,2,91.5156768021482
2025-04-16 23:37:00,3,98.8588731657897
2025-04-16 23:37:10,4,99.3682024142264
2025-04-16 23:37:20,1,78.3172810826039
2025-04-16 23:37:30,2,91.8170014691267
2025-04-16 23:37:40,3,98.96964175183
2025-04-16 23:37:50,4,99.2807577634931
2025-04-16 23:38:00,1,78.7838797766454
2025-04-16 23:38:10,2,92.1131064633381
2025-04-16 23:38:20,3,99.0747840471444
2025-04-16 23:38:30,4,99.1876691355078
2025-04-16 23:38:40,1,79.2459997133192
2025-04-16 23:38:50,2,92.4039749516122
2025-04-16 23:39:00,3,99.1742940745351
2025-04-16 23:39:10,4,99.0889418222339
2025-04-16 23:39:20,1,79.7036146217301
2025-04-16 23:39:30,2,92.6895903984676
2025-04-16 23:39:40,3,99.2681661769913
2025-04-16 23:39:50,4,98.9845814361859
2025-04-16 23:40:00,1,80.1566984870875
2025-04-16 23:40:10,2,92.9699365670513
2025-04-16 23:40:20,3,99.3563950180103
2025-04-16 23:40:30,4,98.874593910111
2025-04-16 23:40:40,1,80.6052255521849
2025-04-16 23:40:50,2,93.2449975200617
2025-04-16 23:41:00,3,99.4389755819017
2025-04-16 23:41:10,4,98.758985496652
2025-04-16 23:41:20,1,81.0491703188623
2025-04-16 23:41:30,2,93.514757620654
2025-04-16 23:41:40,3,99.5159031740716
2025-04-16 23:41:50,4,98.6377627679912
2025-04-16 23:42:00,1,81.4885075494586
2025-04-16 23:42:10,2,93.7792015333302
2025-04-16 23:42:20,3,99.58717342129
2025-04-16 23:42:30,4,98.5109326154775
2025-04-16 23:42:40,1,81.9232122682444
2025-04-16 23:42:50,2,94.0383142248104
2025-04-16 23:43:00,3,99.6527822719396
2025-04-16 23:43:10,4,98.3785022492338
2025-04-16 23:43:20,1,82.3532597628429
2025-04-16 23:43:30,2,94.2920809648876
2025-04-16 23:43:40,3,99.7127259962455
2025-04-16 23:43:50,4,98.2404791977482
2025-04-16 23:44:00,1,82.7786255856328
2025-04-16 23:44:10,2,94.5404873272642
2025-04-16 23:44:20,3,99.7670011864879
2025-04-16 23:44:30,4,98.096871307445
2025-04-16 23:44:40,1,83.199285555141
2025-04-16 23:44:50,2,94.7835191903736
2025-04-16 23:45:00,3,99.8156047571954
2025-04-16 23:45:10,4,97.9476867422392
2025-04-16 23:45:20,1,83.6152157574151
2025-04-16 23:45:30,2,95.0211627381822
2025-04-16 23:45:40,3,99.8585339453205
2025-04-16 23:45:50,4,97.7929339830722
2025-04-16 23:46:00,1,84.0263925473843
2025-04-16 23:46:10,2,95.2534044609742
2025-04-16 23:46:20,3,99.8957863103966
2025-04-16 23:46:30,4,97.6326218274299
2025-04-16 23:46:40,1,84.4327925502015
2025-04-16 23:46:50,2,95.4802311561209
2025-04-16 23:47:00,3,99.9273597346771
2025-04-16 23:47:10,4,97.4667593888421
2025-04-16 23:47:20,1,84.8343926625748
2025-04-16 23:47:30,2,95.7016299288305
2025-04-16 23:47:40,3,99.9532524232554
2025-04-16 23:47:50,4,97.295356096365
2025-04-16 23:48:00,1,85.2311700540794
2025-04-16 23:48:10,2,95.9175881928814
2025-04-16 23:48:20,3,99.973462904167
2025-04-16 23:48:30,4,97.1184216940444
2025-04-16 23:48:40,1,85.6231021684547
2025-04-16 23:48:50,2,96.1280936713369
2025-04-16 23:49:00,3,99.9879900284733
2025-04-16 23:49:10,4,96.935966240363
2025-04-16 23:49:20,1,86.0101667248888
2025-04-16 23:49:30,2,96.3331343972447
2025-04-16 23:49:40,3,99.9968329703269
2025-04-16 23:49:50,4,96.7480001076672
2025-04-16 23:50:00,1,86.3923417192834
2025-04-16 23:50:10,2,96.5326987143157
2025-04-16 23:50:20,3,99.9999912270184
2025-04-16 23:50:30,4,96.5545339815781
2025-04-16 23:50:40,1,86.7696054255055
2025-04-16 23:50:50,2,96.7267752775878
2025-04-16 23:51:00,3,99.9974646190053
2025-04-16 23:51:10,4,96.3555788603846
2025-04-16 23:51:20,1,87.1419363966213
2025-04-16 23:51:30,2,96.9153530540695
2025-04-16 23:51:40,3,99.9892532899217
2025-04-16 23:51:50,4,96.1511460544169
2025-04-16 23:52:00,1,87.5093134661173
2025-04-16 23:52:10,2,97.0984213233688
2025-04-16 23:52:20,3,99.9753577065707
2025-04-16 23:52:30,4,95.9412471854044
2025-04-16 23:52:40,1,87.8717157491023
2025-04-16 23:52:50,2,97.2759696783011
2025-04-16 23:53:00,3,99.9557786588975
2025-04-16 23:53:10,4,95.7258941858148
2025-04-16 23:53:20,1,88.2291226434954
2025-04-16 23:53:30,2,97.4479880254821
2025-04-16 23:53:40,3,99.9305172599445
2025-04-16 23:53:50,4,95.5050992981762
2025-04-16 23:54:00,1,88.5815138311958
2025-04-16 23:54:10,2,97.6144665859003
2025-04-16 23:54:20,3,99.8995749457881
2025-04-16 23:54:30,4,95.2788750743801
2025-04-16 23:54:40,1,88.9288692792396
2025-04-16 23:54:50,2,97.775395895474
2025-04-16 23:55:00,3,99.8629534754574
2025-04-16 23:55:10,4,95.0472343749686
2025-04-16 23:55:20,1,89.2711692409381
2025-04-16 23:55:30,2,97.9307668055891
2025-04-16 23:55:40,3,99.8206549308334
2025-04-16 23:55:50,4,94.8101903684032
2025-04-16 23:56:00,1,89.608394257
2025-04-16 23:56:10,2,98.0805704836184
2025-04-16 23:56:20,3,99.7726817165314
2025-04-16 23:56:30,4,94.5677565303164
2025-04-16 23:56:40,1,89.9405251566371
2025-04-16 23:56:50,2,98.2247984134251
2025-04-16 23:57:00,3,99.719036559764
2025-04-16 23:57:10,4,94.3199466427451
2025-04-16 23:57:20,1,90.2675430586558
2025-04-16 23:57:30,2,98.3634423958456
2025-04-16 23:57:40,3,99.659722510186
2025-04-16 23:57:50,4,94.0667747933471
2025-04-16 23:58:00,1,90.5894293725296
2025-04-16 23:58:10,2,98.4964945491566
2025-04-16 23:58:20,3,99.5947429397212
2025-04-16 23:58:30,4,93.8082553746007
2025-04-16 23:58:40,1,90.9061657994546
2025-04-16 23:58:50,2,98.6239473095223
2025-04-16 23:59:00,3,99.5241015423707
2025-04-16 23:59:10,4,93.5444030829868
2025-04-16 23:59:20,1,91.2177343333924
2025-04-16 23:59:30,2,98.7457934314252
2025-04-16 23:59:40,3,99.4478023340025
2025-04-16 23:59:50,4,93.2752329181523
