Timestamp,Channel,Voltage_mV
2025-04-01 00:00:00,1,0
2025-04-01 00:00:10,2,31.895930929807
2025-04-01 00:00:20,3,60.4599114862375
2025-04-01 00:00:30,4,82.7080574274562
2025-04-01 00:00:40,1,24.8689887164855
2025-04-01 00:00:50,2,54.4639035015027
2025-04-01 00:01:00,3,78.369345732584
2025-04-01 00:01:10,4,94.0880768954225
2025-04-01 00:01:20,1,48.1753674101715
2025-04-01 00:01:30,2,73.6097087119734
2025-04-01 00:01:40,3,91.3545457642601
2025-04-01 00:01:50,4,99.556196460308
2025-04-01 00:02:00,1,68.4547105928689
2025-04-01 00:02:10,2,88.1303452064992
2025-04-01 00:02:20,3,98.5996037070505
2025-04-01 00:02:30,4,98.7688340595138
2025-04-01 00:02:40,1,84.4327925502015
2025-04-01 00:02:50,2,97.1134279909636
2025-04-01 00:03:00,3,99.6492859249504
2025-04-01 00:03:10,4,91.7754625683981
2025-04-01 00:03:20,1,95.1056516295154
2025-04-01 00:03:30,2,99.9945169365512
2025-04-01 00:03:40,3,94.4376370237481
2025-04-01 00:03:50,4,79.0155012375691
2025-04-01 00:04:00,1,99.8026728428271
2025-04-01 00:04:10,2,96.5925826289068
2025-04-01 00:04:20,3,83.29212407101
2025-04-01 00:04:30,4,61.2907053652976
2025-04-01 00:04:40,1,98.2287250728689
2025-04-01 00:04:50,2,87.121381112019
2025-04-01 00:05:00,3,66.9130606358858
2025-04-01 00:05:10,4,39.7147890634781
2025-04-01 00:05:20,1,90.482705246602
2025-04-01 00:05:30,2,72.1760228098362
2025-04-01 00:05:40,3,46.3296035119862
2025-04-01 00:05:50,4,15.6434465040231
2025-04-01 00:06:00,1,77.0513242775789
2025-04-01 00:06:10,2,52.6955795496677
2025-04-01 00:06:20,3,22.8350870110656
2025-04-01 00:06:30,4,-9.41083133185145
2025-04-01 00:06:40,1,58.7785252292473
2025-04-01 00:06:50,2,29.9040792256087
2025-04-01 00:07:00,3,-2.09424198833569
2025-04-01 00:07:10,4,-33.8737920245291
2025-04-01 00:07:20,1,36.8124552684678
2025-04-01 00:07:30,2,5.23359562429438
2025-04-01 00:07:40,3,-26.8919820615266
2025-04-01 00:07:50,4,-56.2083377852131
2025-04-01 00:08:00,1,12.5333233564304
2025-04-01 00:08:10,2,-19.7657340379127
2025-04-01 00:08:20,3,-50
2025-04-01 00:08:30,4,-75.0111069630459
2025-04-01 00:08:40,1,-12.5333233564304
2025-04-01 00:08:50,2,-43.5231099372328
2025-04-01 00:09:00,3,-69.9663340513365
2025-04-01 00:09:10,4,-89.1006524188368
2025-04-01 00:09:20,1,-36.8124552684678
2025-04-01 00:09:30,2,-64.5457687723951
2025-04-01 00:09:40,3,-85.5364260160507
2025-04-01 00:09:50,4,-97.5916761938747
2025-04-01 00:10:00,1,-58.7785252292473
2025-04-01 00:10:10,2,-81.5127795728554
2025-04-01 00:10:20,3,-95.7319497532067
2025-04-01 00:10:30,4,-99.9506560365732
2025-04-01 00:10:40,1,-77.0513242775789
2025-04-01 00:10:50,2,-93.3580426497202
2025-04-01 00:11:00,3,-99.9122830098858
2025-04-01 00:11:10,4,-96.0293685676943
2025-04-01 00:11:20,1,-90.4827052466019
2025-04-01 00:11:30,2,-99.3372765600396
2025-04-01 00:11:40,3,-97.8147600733806
2025-04-01 00:11:50,4,-86.0742027003943
2025-04-01 00:12:00,1,-98.2287250728689
2025-04-01 00:12:10,2,-99.0747840471444
2025-04-01 00:12:20,3,-89.5711760239413
2025-04-01 00:12:30,4,-70.7106781186548
2025-04-01 00:12:40,1,-99.8026728428271
2025-04-01 00:12:50,2,-92.5870584809995
2025-04-01 00:13:00,3,-75.6995055651756
2025-04-01 00:13:10,4,-50.9041415750371
2025-04-01 00:13:20,1,-95.1056516295154
2025-04-01 00:13:30,2,-80.2817475191114
2025-04-01 00:13:40,3,-57.0713567684432
2025-04-01 00:13:50,4,-27.8991106039229
2025-04-01 00:14:00,1,-84.4327925502015
2025-04-01 00:14:10,2,-62.9320391049838
2025-04-01 00:14:20,3,-34.8572047321815
2025-04-01 00:14:30,4,-3.14107590781284
2025-04-01 00:14:40,1,-68.4547105928688
2025-04-01 00:14:50,2,-41.6280792260401
2025-04-01 00:15:00,3,-10.4528463267653
2025-04-01 00:15:10,4,21.8143241396543
2025-04-01 00:15:20,1,-48.1753674101715
2025-04-01 00:15:30,2,-17.7084740319583
2025-04-01 00:15:40,3,14.6083028562412
2025-04-01 00:15:50,4,45.3990499739547
2025-04-01 00:16:00,1,-24.8689887164855
2025-04-01 00:16:10,2,7.32381971276313
2025-04-01 00:16:20,3,38.7515586452104
2025-04-01 00:16:30,4,66.1311865323652
2025-04-01 00:16:40,1,-2.44929359829471e-14
2025-04-01 00:16:50,2,31.895930929807
2025-04-01 00:17:00,3,60.4599114862375
2025-04-01 00:17:10,4,82.7080574274562
2025-04-01 00:17:20,1,24.8689887164855
2025-04-01 00:17:30,2,54.4639035015027
2025-04-01 00:17:40,3,78.369345732584
2025-04-01 00:17:50,4,94.0880768954225
2025-04-01 00:18:00,1,48.1753674101716
2025-04-01 00:18:10,2,73.6097087119734
2025-04-01 00:18:20,3,91.3545457642601
2025-04-01 00:18:30,4,99.556196460308
2025-04-01 00:18:40,1,68.4547105928689
2025-04-01 00:18:50,2,88.1303452064992
2025-04-01 00:19:00,3,98.5996037070505
2025-04-01 00:19:10,4,98.7688340595138
2025-04-01 00:19:20,1,84.4327925502015
2025-04-01 00:19:30,2,97.1134279909636
2025-04-01 00:19:40,3,99.6492859249504
2025-04-01 00:19:50,4,91.7754625683981
2025-04-01 00:20:00,1,95.1056516295154
2025-04-01 00:20:10,2,99.9945169365512
2025-04-01 00:20:20,3,94.4376370237481
2025-04-01 00:20:30,4,79.0155012375691
2025-04-01 00:20:40,1,99.8026728428271
2025-04-01 00:20:50,2,96.5925826289068
2025-04-01 00:21:00,3,83.2921240710099
2025-04-01 00:21:10,4,61.2907053652977
2025-04-01 00:21:20,1,98.2287250728689
2025-04-01 00:21:30,2,87.121381112019
2025-04-01 00:21:40,3,66.9130606358859
2025-04-01 00:21:50,4,39.714789063478
2025-04-01 00:22:00,1,90.4827052466019
2025-04-01 00:22:10,2,72.1760228098362
2025-04-01 00:22:20,3,46.3296035119862
2025-04-01 00:22:30,4,15.6434465040232
2025-04-01 00:22:40,1,77.051324277579
2025-04-01 00:22:50,2,52.6955795496677
2025-04-01 00:23:00,3,22.8350870110656
2025-04-01 00:23:10,4,-9.41083133185152
2025-04-01 00:23:20,1,58.7785252292473
2025-04-01 00:23:30,2,29.9040792256086
2025-04-01 00:23:40,3,-2.09424198833571
2025-04-01 00:23:50,4,-33.8737920245291
2025-04-01 00:24:00,1,36.8124552684678
2025-04-01 00:24:10,2,5.23359562429445
2025-04-01 00:24:20,3,-26.8919820615266
2025-04-01 00:24:30,4,-56.2083377852132
2025-04-01 00:24:40,1,12.5333233564304
2025-04-01 00:24:50,2,-19.7657340379126
2025-04-01 00:25:00,3,-49.9999999999999
2025-04-01 00:25:10,4,-75.011106963046
2025-04-01 00:25:20,1,-12.5333233564305
2025-04-01 00:25:30,2,-43.5231099372328
2025-04-01 00:25:40,3,-69.9663340513365
2025-04-01 00:25:50,4,-89.1006524188367
2025-04-01 00:26:00,1,-36.8124552684679
2025-04-01 00:26:10,2,-64.5457687723951
2025-04-01 00:26:20,3,-85.5364260160507
2025-04-01 00:26:30,4,-97.5916761938748
2025-04-01 00:26:40,1,-58.7785252292473
2025-04-01 00:26:50,2,-81.5127795728555
2025-04-01 00:27:00,3,-95.7319497532067
2025-04-01 00:27:10,4,-99.9506560365732
2025-04-01 00:27:20,1,-77.0513242775789
2025-04-01 00:27:30,2,-93.3580426497201
2025-04-01 00:27:40,3,-99.9122830098858
2025-04-01 00:27:50,4,-96.0293685676943
2025-04-01 00:28:00,1,-90.482705246602
2025-04-01 00:28:10,2,-99.3372765600396
2025-04-01 00:28:20,3,-97.8147600733806
2025-04-01 00:28:30,4,-86.0742027003944
2025-04-01 00:28:40,1,-98.2287250728689
2025-04-01 00:28:50,2,-99.0747840471444
2025-04-01 00:29:00,3,-89.5711760239413
2025-04-01 00:29:10,4,-70.7106781186548
2025-04-01 00:29:20,1,-99.8026728428271
2025-04-01 00:29:30,2,-92.5870584809995
2025-04-01 00:29:40,3,-75.6995055651757
2025-04-01 00:29:50,4,-50.9041415750371
2025-04-01 00:30:00,1,-95.1056516295154
2025-04-01 00:30:10,2,-80.2817475191114
2025-04-01 00:30:20,3,-57.0713567684432
2025-04-01 00:30:30,4,-27.899110603923
2025-04-01 00:30:40,1,-84.4327925502015
2025-04-01 00:30:50,2,-62.9320391049838
2025-04-01 00:31:00,3,-34.8572047321815
2025-04-01 00:31:10,4,-3.14107590781268
2025-04-01 00:31:20,1,-68.4547105928688
2025-04-01 00:31:30,2,-41.6280792260402
2025-04-01 00:31:40,3,-10.4528463267655
2025-04-01 00:31:50,4,21.8143241396543
2025-04-01 00:32:00,1,-48.1753674101715
2025-04-01 00:32:10,2,-17.7084740319583
2025-04-01 00:32:20,3,14.6083028562411
2025-04-01 00:32:30,4,45.3990499739546
2025-04-01 00:32:40,1,-24.8689887164854
2025-04-01 00:32:50,2,7.3238197127632
2025-04-01 00:33:00,3,38.7515586452103
2025-04-01 00:33:10,4,66.1311865323652
2025-04-01 00:33:20,1,-4.89858719658941e-14
2025-04-01 00:33:30,2,31.8959309298071
2025-04-01 00:33:40,3,60.4599114862375
2025-04-01 00:33:50,4,82.7080574274561
2025-04-01 00:34:00,1,24.8689887164855
2025-04-01 00:34:10,2,54.4639035015026
2025-04-01 00:34:20,3,78.369345732584
2025-04-01 00:34:30,4,94.0880768954226
2025-04-01 00:34:40,1,48.1753674101715
2025-04-01 00:34:50,2,73.6097087119734
2025-04-01 00:35:00,3,91.35454576426
2025-04-01 00:35:10,4,99.556196460308
2025-04-01 00:35:20,1,68.4547105928689
2025-04-01 00:35:30,2,88.1303452064992
2025-04-01 00:35:40,3,98.5996037070505
2025-04-01 00:35:50,4,98.7688340595138
2025-04-01 00:36:00,1,84.4327925502016
2025-04-01 00:36:10,2,97.1134279909636
2025-04-01 00:36:20,3,99.6492859249504
2025-04-01 00:36:30,4,91.7754625683981
2025-04-01 00:36:40,1,95.1056516295153
2025-04-01 00:36:50,2,99.9945169365512
2025-04-01 00:37:00,3,94.4376370237481
2025-04-01 00:37:10,4,79.0155012375691
2025-04-01 00:37:20,1,99.8026728428271
2025-04-01 00:37:30,2,96.5925826289069
2025-04-01 00:37:40,3,83.2921240710099
2025-04-01 00:37:50,4,61.2907053652975
2025-04-01 00:38:00,1,98.2287250728689
2025-04-01 00:38:10,2,87.121381112019
2025-04-01 00:38:20,3,66.9130606358859
2025-04-01 00:38:30,4,39.7147890634781
2025-04-01 00:38:40,1,90.4827052466019
2025-04-01 00:38:50,2,72.1760228098362
2025-04-01 00:39:00,3,46.3296035119862
2025-04-01 00:39:10,4,15.6434465040229
2025-04-01 00:39:20,1,77.0513242775789
2025-04-01 00:39:30,2,52.6955795496677
2025-04-01 00:39:40,3,22.8350870110656
2025-04-01 00:39:50,4,-9.4108313318515
2025-04-01 00:40:00,1,58.7785252292472
2025-04-01 00:40:10,2,29.9040792256086
2025-04-01 00:40:20,3,-2.09424198833568
2025-04-01 00:40:30,4,-33.8737920245291
2025-04-01 00:40:40,1,36.8124552684678
2025-04-01 00:40:50,2,5.2335956242943
2025-04-01 00:41:00,3,-26.8919820615266
2025-04-01 00:41:10,4,-56.2083377852132
2025-04-01 00:41:20,1,12.5333233564304
2025-04-01 00:41:30,2,-19.7657340379126
2025-04-01 00:41:40,3,-50.0000000000002
2025-04-01 00:41:50,4,-75.0111069630459
2025-04-01 00:42:00,1,-12.5333233564305
2025-04-01 00:42:10,2,-43.5231099372327
2025-04-01 00:42:20,3,-69.9663340513366
2025-04-01 00:42:30,4,-89.1006524188369
2025-04-01 00:42:40,1,-36.8124552684679
2025-04-01 00:42:50,2,-64.5457687723952
2025-04-01 00:43:00,3,-85.5364260160506
2025-04-01 00:43:10,4,-97.5916761938748
2025-04-01 00:43:20,1,-58.7785252292473
2025-04-01 00:43:30,2,-81.5127795728555
2025-04-01 00:43:40,3,-95.7319497532067
2025-04-01 00:43:50,4,-99.9506560365732
2025-04-01 00:44:00,1,-77.051324277579
2025-04-01 00:44:10,2,-93.3580426497203
2025-04-01 00:44:20,3,-99.9122830098858
2025-04-01 00:44:30,4,-96.0293685676943
2025-04-01 00:44:40,1,-90.482705246602
2025-04-01 00:44:50,2,-99.3372765600397
2025-04-01 00:45:00,3,-97.8147600733806
2025-04-01 00:45:10,4,-86.0742027003944
2025-04-01 00:45:20,1,-98.2287250728688
2025-04-01 00:45:30,2,-99.0747840471443
2025-04-01 00:45:40,3,-89.5711760239412
2025-04-01 00:45:50,4,-70.7106781186546
2025-04-01 00:46:00,1,-99.8026728428271
2025-04-01 00:46:10,2,-92.5870584809994
2025-04-01 00:46:20,3,-75.6995055651757
2025-04-01 00:46:30,4,-50.9041415750371
2025-04-01 00:46:40,1,-95.1056516295154
2025-04-01 00:46:50,2,-80.2817475191114
2025-04-01 00:47:00,3,-57.071356768443
2025-04-01 00:47:10,4,-27.8991106039227
2025-04-01 00:47:20,1,-84.4327925502014
2025-04-01 00:47:30,2,-62.9320391049836
2025-04-01 00:47:40,3,-34.8572047321815
2025-04-01 00:47:50,4,-3.14107590781271
2025-04-01 00:48:00,1,-68.4547105928689
2025-04-01 00:48:10,2,-41.62807922604
2025-04-01 00:48:20,3,-10.4528463267655
2025-04-01 00:48:30,4,21.8143241396542
2025-04-01 00:48:40,1,-48.1753674101713
2025-04-01 00:48:50,2,-17.708474031958
2025-04-01 00:49:00,3,14.6083028562412
2025-04-01 00:49:10,4,45.3990499739549
2025-04-01 00:49:20,1,-24.8689887164854
2025-04-01 00:49:30,2,7.32381971276335
2025-04-01 00:49:40,3,38.7515586452102
2025-04-01 00:49:50,4,66.1311865323652
2025-04-01 00:50:00,1,-7.34788079488412e-14
2025-04-01 00:50:10,2,31.895930929807
2025-04-01 00:50:20,3,60.4599114862376
2025-04-01 00:50:30,4,82.7080574274563
2025-04-01 00:50:40,1,24.8689887164856
2025-04-01 00:50:50,2,54.4639035015029
2025-04-01 00:51:00,3,78.369345732584
2025-04-01 00:51:10,4,94.0880768954226
2025-04-01 00:51:20,1,48.1753674101715
2025-04-01 00:51:30,2,73.6097087119735
2025-04-01 00:51:40,3,91.35454576426
2025-04-01 00:51:50,4,99.556196460308
2025-04-01 00:52:00,1,68.454710592869
2025-04-01 00:52:10,2,88.1303452064994
2025-04-01 00:52:20,3,98.5996037070505
2025-04-01 00:52:30,4,98.7688340595138
2025-04-01 00:52:40,1,84.4327925502015
2025-04-01 00:52:50,2,97.1134279909637
2025-04-01 00:53:00,3,99.6492859249504
2025-04-01 00:53:10,4,91.7754625683981
2025-04-01 00:53:20,1,95.1056516295153
2025-04-01 00:53:30,2,99.9945169365512
2025-04-01 00:53:40,3,94.4376370237481
2025-04-01 00:53:50,4,79.0155012375689
2025-04-01 00:54:00,1,99.8026728428272
2025-04-01 00:54:10,2,96.5925826289068
2025-04-01 00:54:20,3,83.2921240710099
2025-04-01 00:54:30,4,61.2907053652976
2025-04-01 00:54:40,1,98.2287250728689
2025-04-01 00:54:50,2,87.1213811120189
2025-04-01 00:55:00,3,66.9130606358859
2025-04-01 00:55:10,4,39.7147890634781
2025-04-01 00:55:20,1,90.4827052466019
2025-04-01 00:55:30,2,72.176022809836
2025-04-01 00:55:40,3,46.3296035119861
2025-04-01 00:55:50,4,15.6434465040229
2025-04-01 00:56:00,1,77.0513242775789
2025-04-01 00:56:10,2,52.6955795496676
2025-04-01 00:56:20,3,22.8350870110656
2025-04-01 00:56:30,4,-9.41083133185147
2025-04-01 00:56:40,1,58.7785252292474
2025-04-01 00:56:50,2,29.9040792256086
2025-04-01 00:57:00,3,-2.09424198833584
2025-04-01 00:57:10,4,-33.8737920245294
2025-04-01 00:57:20,1,36.8124552684677
2025-04-01 00:57:30,2,5.23359562429414
2025-04-01 00:57:40,3,-26.8919820615266
2025-04-01 00:57:50,4,-56.2083377852131
2025-04-01 00:58:00,1,12.5333233564304
2025-04-01 00:58:10,2,-19.7657340379127
2025-04-01 00:58:20,3,-49.9999999999999
2025-04-01 00:58:30,4,-75.0111069630459
2025-04-01 00:58:40,1,-12.5333233564306
2025-04-01 00:58:50,2,-43.523109937233
2025-04-01 00:59:00,3,-69.9663340513366
2025-04-01 00:59:10,4,-89.1006524188369
2025-04-01 00:59:20,1,-36.8124552684679
2025-04-01 00:59:30,2,-64.5457687723952
2025-04-01 00:59:40,3,-85.5364260160506
2025-04-01 00:59:50,4,-97.5916761938747
2025-04-01 01:00:00,1,-58.7785252292473
2025-04-01 01:00:10,2,-81.5127795728554
2025-04-01 01:00:20,3,-95.7319497532068
2025-04-01 01:00:30,4,-99.9506560365732
2025-04-01 01:00:40,1,-77.051324277579
2025-04-01 01:00:50,2,-93.3580426497203
2025-04-01 01:01:00,3,-99.9122830098858
2025-04-01 01:01:10,4,-96.0293685676943
2025-04-01 01:01:20,1,-90.482705246602
2025-04-01 01:01:30,2,-99.3372765600397
2025-04-01 01:01:40,3,-97.8147600733806
2025-04-01 01:01:50,4,-86.0742027003944
2025-04-01 01:02:00,1,-98.2287250728689
2025-04-01 01:02:10,2,-99.0747840471443
2025-04-01 01:02:20,3,-89.5711760239413
2025-04-01 01:02:30,4,-70.7106781186546
2025-04-01 01:02:40,1,-99.8026728428271
2025-04-01 01:02:50,2,-92.5870584809994
2025-04-01 01:03:00,3,-75.6995055651757
2025-04-01 01:03:10,4,-50.9041415750371
2025-04-01 01:03:20,1,-95.1056516295154
2025-04-01 01:03:30,2,-80.2817475191112
2025-04-01 01:03:40,3,-57.0713567684431
2025-04-01 01:03:50,4,-27.8991106039227
2025-04-01 01:04:00,1,-84.4327925502014
2025-04-01 01:04:10,2,-62.9320391049836
2025-04-01 01:04:20,3,-34.8572047321815
2025-04-01 01:04:30,4,-3.14107590781273
2025-04-01 01:04:40,1,-68.4547105928689
2025-04-01 01:04:50,2,-41.62807922604
2025-04-01 01:05:00,3,-10.4528463267655
2025-04-01 01:05:10,4,21.8143241396546
2025-04-01 01:05:20,1,-48.1753674101714
2025-04-01 01:05:30,2,-17.708474031958
2025-04-01 01:05:40,3,14.6083028562412
2025-04-01 01:05:50,4,45.3990499739548
2025-04-01 01:06:00,1,-24.8689887164854
2025-04-01 01:06:10,2,7.32381971276332
2025-04-01 01:06:20,3,38.7515586452102
2025-04-01 01:06:30,4,66.1311865323652
2025-04-01 01:06:40,1,-9.79717439317883e-14
2025-04-01 01:06:50,2,31.8959309298073
2025-04-01 01:07:00,3,60.4599114862376
2025-04-01 01:07:10,4,82.7080574274563
2025-04-01 01:07:20,1,24.8689887164856
2025-04-01 01:07:30,2,54.4639035015029
2025-04-01 01:07:40,3,78.369345732584
2025-04-01 01:07:50,4,94.0880768954226
2025-04-01 01:08:00,1,48.1753674101715
2025-04-01 01:08:10,2,73.6097087119735
2025-04-01 01:08:20,3,91.35454576426
2025-04-01 01:08:30,4,99.556196460308
2025-04-01 01:08:40,1,68.454710592869
2025-04-01 01:08:50,2,88.1303452064994
2025-04-01 01:09:00,3,98.5996037070505
2025-04-01 01:09:10,4,98.7688340595138
2025-04-01 01:09:20,1,84.4327925502015
2025-04-01 01:09:30,2,97.1134279909636
2025-04-01 01:09:40,3,99.6492859249504
2025-04-01 01:09:50,4,91.7754625683981
2025-04-01 01:10:00,1,95.1056516295153
2025-04-01 01:10:10,2,99.9945169365512
2025-04-01 01:10:20,3,94.4376370237481
2025-04-01 01:10:30,4,79.0155012375689
2025-04-01 01:10:40,1,99.8026728428272
2025-04-01 01:10:50,2,96.5925826289068
2025-04-01 01:11:00,3,83.29212407101
2025-04-01 01:11:10,4,61.2907053652976
2025-04-01 01:11:20,1,98.2287250728689
2025-04-01 01:11:30,2,87.1213811120189
2025-04-01 01:11:40,3,66.9130606358859
2025-04-01 01:11:50,4,39.7147890634778
2025-04-01 01:12:00,1,90.4827052466019
2025-04-01 01:12:10,2,72.176022809836
2025-04-01 01:12:20,3,46.3296035119861
2025-04-01 01:12:30,4,15.6434465040229
2025-04-01 01:12:40,1,77.0513242775789
2025-04-01 01:12:50,2,52.6955795496676
2025-04-01 01:13:00,3,22.8350870110657
2025-04-01 01:13:10,4,-9.41083133185145
2025-04-01 01:13:20,1,58.7785252292474
2025-04-01 01:13:30,2,29.9040792256083
2025-04-01 01:13:40,3,-2.09424198833581
2025-04-01 01:13:50,4,-33.8737920245294
2025-04-01 01:14:00,1,36.8124552684677
2025-04-01 01:14:10,2,5.23359562429417
2025-04-01 01:14:20,3,-26.8919820615265
2025-04-01 01:14:30,4,-56.2083377852131
2025-04-01 01:14:40,1,12.5333233564305
2025-04-01 01:14:50,2,-19.7657340379127
2025-04-01 01:15:00,3,-49.9999999999999
2025-04-01 01:15:10,4,-75.0111069630461
2025-04-01 01:15:20,1,-12.5333233564306
2025-04-01 01:15:30,2,-43.523109937233
2025-04-01 01:15:40,3,-69.9663340513366
2025-04-01 01:15:50,4,-89.1006524188369
2025-04-01 01:16:00,1,-36.8124552684678
2025-04-01 01:16:10,2,-64.5457687723952
2025-04-01 01:16:20,3,-85.5364260160506
2025-04-01 01:16:30,4,-97.5916761938747
2025-04-01 01:16:40,1,-58.7785252292472
2025-04-01 01:16:50,2,-81.5127795728556
2025-04-01 01:17:00,3,-95.7319497532068
2025-04-01 01:17:10,4,-99.9506560365732
2025-04-01 01:17:20,1,-77.051324277579
2025-04-01 01:17:30,2,-93.3580426497202
2025-04-01 01:17:40,3,-99.9122830098858
2025-04-01 01:17:50,4,-96.0293685676943
2025-04-01 01:18:00,1,-90.4827052466019
2025-04-01 01:18:10,2,-99.3372765600396
2025-04-01 01:18:20,3,-97.8147600733805
2025-04-01 01:18:30,4,-86.0742027003942
2025-04-01 01:18:40,1,-98.2287250728689
2025-04-01 01:18:50,2,-99.0747840471443
2025-04-01 01:19:00,3,-89.5711760239413
2025-04-01 01:19:10,4,-70.7106781186546
2025-04-01 01:19:20,1,-99.8026728428271
2025-04-01 01:19:30,2,-92.5870584809994
2025-04-01 01:19:40,3,-75.6995055651757
2025-04-01 01:19:50,4,-50.9041415750371
2025-04-01 01:20:00,1,-95.1056516295153
2025-04-01 01:20:10,2,-80.2817475191112
2025-04-01 01:20:20,3,-57.0713567684431
2025-04-01 01:20:30,4,-27.8991106039227
2025-04-01 01:20:40,1,-84.4327925502015
2025-04-01 01:20:50,2,-62.9320391049836
2025-04-01 01:21:00,3,-34.8572047321816
2025-04-01 01:21:10,4,-3.14107590781276
2025-04-01 01:21:20,1,-68.4547105928689
2025-04-01 01:21:30,2,-41.6280792260401
2025-04-01 01:21:40,3,-10.4528463267652
2025-04-01 01:21:50,4,21.8143241396545
2025-04-01 01:22:00,1,-48.1753674101714
2025-04-01 01:22:10,2,-17.7084740319581
2025-04-01 01:22:20,3,14.6083028562412
2025-04-01 01:22:30,4,45.3990499739548
2025-04-01 01:22:40,1,-24.8689887164855
2025-04-01 01:22:50,2,7.3238197127633
2025-04-01 01:23:00,3,38.7515586452102
2025-04-01 01:23:10,4,66.1311865323652
2025-04-01 01:23:20,1,2.32806687965315e-13
2025-04-01 01:23:30,2,31.8959309298073
2025-04-01 01:23:40,3,60.4599114862376
2025-04-01 01:23:50,4,82.7080574274561
2025-04-01 01:24:00,1,24.8689887164856
2025-04-01 01:24:10,2,54.4639035015029
2025-04-01 01:24:20,3,78.369345732584
2025-04-01 01:24:30,4,94.0880768954224
2025-04-01 01:24:40,1,48.1753674101715
2025-04-01 01:24:50,2,73.6097087119735
2025-04-01 01:25:00,3,91.3545457642603
2025-04-01 01:25:10,4,99.556196460308
2025-04-01 01:25:20,1,68.454710592869
2025-04-01 01:25:30,2,88.1303452064992
2025-04-01 01:25:40,3,98.5996037070505
2025-04-01 01:25:50,4,98.7688340595138
2025-04-01 01:26:00,1,84.4327925502015
2025-04-01 01:26:10,2,97.1134279909637
2025-04-01 01:26:20,3,99.6492859249504
2025-04-01 01:26:30,4,91.7754625683981
2025-04-01 01:26:40,1,95.1056516295153
2025-04-01 01:26:50,2,99.9945169365512
2025-04-01 01:27:00,3,94.4376370237481
2025-04-01 01:27:10,4,79.0155012375691
2025-04-01 01:27:20,1,99.8026728428271
2025-04-01 01:27:30,2,96.5925826289068
2025-04-01 01:27:40,3,83.2921240710096
2025-04-01 01:27:50,4,61.2907053652979
2025-04-01 01:28:00,1,98.2287250728688
2025-04-01 01:28:10,2,87.1213811120189
2025-04-01 01:28:20,3,66.9130606358854
2025-04-01 01:28:30,4,39.7147890634785
2025-04-01 01:28:40,1,90.4827052466019
2025-04-01 01:28:50,2,72.1760228098363
2025-04-01 01:29:00,3,46.3296035119858
2025-04-01 01:29:10,4,15.643446504023
2025-04-01 01:29:20,1,77.0513242775789
2025-04-01 01:29:30,2,52.6955795496674
2025-04-01 01:29:40,3,22.8350870110653
2025-04-01 01:29:50,4,-9.41083133185142
2025-04-01 01:30:00,1,58.7785252292474
2025-04-01 01:30:10,2,29.9040792256083
2025-04-01 01:30:20,3,-2.09424198833579
2025-04-01 01:30:30,4,-33.873792024529
2025-04-01 01:30:40,1,36.812455268468
2025-04-01 01:30:50,2,5.23359562429419
2025-04-01 01:31:00,3,-26.8919820615272
2025-04-01 01:31:10,4,-56.2083377852128
2025-04-01 01:31:20,1,12.5333233564301
2025-04-01 01:31:30,2,-19.7657340379127
2025-04-01 01:31:40,3,-50.0000000000004
2025-04-01 01:31:50,4,-75.0111069630457
2025-04-01 01:32:00,1,-12.5333233564306
2025-04-01 01:32:10,2,-43.5231099372327
2025-04-01 01:32:20,3,-69.9663340513368
2025-04-01 01:32:30,4,-89.1006524188368
2025-04-01 01:32:40,1,-36.8124552684678
2025-04-01 01:32:50,2,-64.5457687723954
2025-04-01 01:33:00,3,-85.5364260160508
2025-04-01 01:33:10,4,-97.5916761938747
2025-04-01 01:33:20,1,-58.7785252292472
2025-04-01 01:33:30,2,-81.5127795728556
2025-04-01 01:33:40,3,-95.7319497532067
2025-04-01 01:33:50,4,-99.9506560365732
2025-04-01 01:34:00,1,-77.0513242775792
2025-04-01 01:34:10,2,-93.3580426497202
2025-04-01 01:34:20,3,-99.9122830098859
2025-04-01 01:34:30,4,-96.0293685676944
2025-04-01 01:34:40,1,-90.4827052466021
2025-04-01 01:34:50,2,-99.3372765600396
2025-04-01 01:35:00,3,-97.8147600733805
2025-04-01 01:35:10,4,-86.0742027003946
2025-04-01 01:35:20,1,-98.2287250728689
2025-04-01 01:35:30,2,-99.0747840471444
2025-04-01 01:35:40,3,-89.5711760239411
2025-04-01 01:35:50,4,-70.7106781186547
2025-04-01 01:36:00,1,-99.8026728428271
2025-04-01 01:36:10,2,-92.5870584809993
2025-04-01 01:36:20,3,-75.6995055651755
2025-04-01 01:36:30,4,-50.9041415750371
2025-04-01 01:36:40,1,-95.1056516295154
2025-04-01 01:36:50,2,-80.2817475191113
2025-04-01 01:37:00,3,-57.0713567684431
2025-04-01 01:37:10,4,-27.8991106039231
2025-04-01 01:37:20,1,-84.4327925502013
2025-04-01 01:37:30,2,-62.9320391049836
2025-04-01 01:37:40,3,-34.8572047321809
2025-04-01 01:37:50,4,-3.14107590781314
2025-04-01 01:38:00,1,-68.4547105928687
2025-04-01 01:38:10,2,-41.6280792260401
2025-04-01 01:38:20,3,-10.4528463267648
2025-04-01 01:38:30,4,21.8143241396538
2025-04-01 01:38:40,1,-48.1753674101714
2025-04-01 01:38:50,2,-17.7084740319584
2025-04-01 01:39:00,3,14.6083028562415
2025-04-01 01:39:10,4,45.3990499739548
2025-04-01 01:39:20,1,-24.8689887164855
2025-04-01 01:39:30,2,7.32381971276363
2025-04-01 01:39:40,3,38.7515586452105
2025-04-01 01:39:50,4,66.1311865323652
2025-04-01 01:40:00,1,-1.46957615897682e-13
2025-04-01 01:40:10,2,31.8959309298073
2025-04-01 01:40:20,3,60.4599114862376
2025-04-01 01:40:30,4,82.7080574274561
2025-04-01 01:40:40,1,24.8689887164859
2025-04-01 01:40:50,2,54.4639035015029
2025-04-01 01:41:00,3,78.3693457325844
2025-04-01 01:41:10,4,94.0880768954224
2025-04-01 01:41:20,1,48.1753674101718
2025-04-01 01:41:30,2,73.6097087119735
2025-04-01 01:41:40,3,91.3545457642603
2025-04-01 01:41:50,4,99.556196460308
2025-04-01 01:42:00,1,68.454710592869
2025-04-01 01:42:10,2,88.1303452064992
2025-04-01 01:42:20,3,98.5996037070505
2025-04-01 01:42:30,4,98.7688340595138
2025-04-01 01:42:40,1,84.4327925502015
2025-04-01 01:42:50,2,97.1134279909637
2025-04-01 01:43:00,3,99.6492859249504
2025-04-01 01:43:10,4,91.7754625683981
2025-04-01 01:43:20,1,95.1056516295153
2025-04-01 01:43:30,2,99.9945169365512
2025-04-01 01:43:40,3,94.4376370237481
2025-04-01 01:43:50,4,79.0155012375691
2025-04-01 01:44:00,1,99.8026728428272
2025-04-01 01:44:10,2,96.5925826289068
2025-04-01 01:44:20,3,83.2921240710096
2025-04-01 01:44:30,4,61.2907053652979
2025-04-01 01:44:40,1,98.2287250728688
2025-04-01 01:44:50,2,87.1213811120189
2025-04-01 01:45:00,3,66.9130606358855
2025-04-01 01:45:10,4,39.7147890634785
2025-04-01 01:45:20,1,90.4827052466019
2025-04-01 01:45:30,2,72.1760228098363
2025-04-01 01:45:40,3,46.3296035119859
2025-04-01 01:45:50,4,15.643446504023
2025-04-01 01:46:00,1,77.0513242775789
2025-04-01 01:46:10,2,52.6955795496674
2025-04-01 01:46:20,3,22.8350870110654
2025-04-01 01:46:30,4,-9.4108313318514
2025-04-01 01:46:40,1,58.7785252292474
2025-04-01 01:46:50,2,29.9040792256084
2025-04-01 01:47:00,3,-2.09424198833576
2025-04-01 01:47:10,4,-33.873792024529
2025-04-01 01:47:20,1,36.8124552684674
2025-04-01 01:47:30,2,5.23359562429422
2025-04-01 01:47:40,3,-26.8919820615272
2025-04-01 01:47:50,4,-56.2083377852128
2025-04-01 01:48:00,1,12.5333233564302
2025-04-01 01:48:10,2,-19.7657340379126
2025-04-01 01:48:20,3,-50.0000000000004
2025-04-01 01:48:30,4,-75.0111069630456
2025-04-01 01:48:40,1,-12.5333233564305
2025-04-01 01:48:50,2,-43.5231099372333
2025-04-01 01:49:00,3,-69.9663340513368
2025-04-01 01:49:10,4,-89.1006524188368
2025-04-01 01:49:20,1,-36.8124552684678
2025-04-01 01:49:30,2,-64.5457687723954
2025-04-01 01:49:40,3,-85.5364260160508
2025-04-01 01:49:50,4,-97.5916761938747
2025-04-01 01:50:00,1,-58.7785252292472
2025-04-01 01:50:10,2,-81.5127795728556
2025-04-01 01:50:20,3,-95.7319497532067
2025-04-01 01:50:30,4,-99.9506560365732
2025-04-01 01:50:40,1,-77.0513242775792
2025-04-01 01:50:50,2,-93.3580426497202
2025-04-01 01:51:00,3,-99.9122830098859
2025-04-01 01:51:10,4,-96.0293685676944
2025-04-01 01:51:20,1,-90.4827052466021
2025-04-01 01:51:30,2,-99.3372765600396
2025-04-01 01:51:40,3,-97.8147600733805
2025-04-01 01:51:50,4,-86.0742027003946
2025-04-01 01:52:00,1,-98.2287250728689
2025-04-01 01:52:10,2,-99.0747840471443
2025-04-01 01:52:20,3,-89.5711760239411
2025-04-01 01:52:30,4,-70.7106781186547
2025-04-01 01:52:40,1,-99.8026728428271
2025-04-01 01:52:50,2,-92.5870584809993
2025-04-01 01:53:00,3,-75.6995055651755
2025-04-01 01:53:10,4,-50.9041415750372
2025-04-01 01:53:20,1,-95.1056516295154
2025-04-01 01:53:30,2,-80.2817475191113
2025-04-01 01:53:40,3,-57.0713567684431
2025-04-01 01:53:50,4,-27.8991106039231
2025-04-01 01:54:00,1,-84.4327925502013
2025-04-01 01:54:10,2,-62.9320391049836
2025-04-01 01:54:20,3,-34.8572047321809
2025-04-01 01:54:30,4,-3.14107590781316
2025-04-01 01:54:40,1,-68.4547105928687
2025-04-01 01:54:50,2,-41.6280792260401
2025-04-01 01:55:00,3,-10.4528463267649
2025-04-01 01:55:10,4,21.8143241396538
2025-04-01 01:55:20,1,-48.1753674101714
2025-04-01 01:55:30,2,-17.7084740319578
2025-04-01 01:55:40,3,14.6083028562415
2025-04-01 01:55:50,4,45.3990499739548
2025-04-01 01:56:00,1,-24.8689887164855
2025-04-01 01:56:10,2,7.32381971276361
2025-04-01 01:56:20,3,38.7515586452105
2025-04-01 01:56:30,4,66.1311865323651
2025-04-01 01:56:40,1,-1.71450551880629e-13
2025-04-01 01:56:50,2,31.8959309298073
2025-04-01 01:57:00,3,60.4599114862375
2025-04-01 01:57:10,4,82.7080574274561
2025-04-01 01:57:20,1,24.8689887164859
2025-04-01 01:57:30,2,54.4639035015028
2025-04-01 01:57:40,3,78.3693457325844
2025-04-01 01:57:50,4,94.0880768954224
2025-04-01 01:58:00,1,48.1753674101718
2025-04-01 01:58:10,2,73.6097087119734
2025-04-01 01:58:20,3,91.3545457642603
2025-04-01 01:58:30,4,99.556196460308
2025-04-01 01:58:40,1,68.4547105928689
2025-04-01 01:58:50,2,88.1303452064995
2025-04-01 01:59:00,3,98.5996037070505
2025-04-01 01:59:10,4,98.7688340595138
2025-04-01 01:59:20,1,84.4327925502015
2025-04-01 01:59:30,2,97.1134279909637
2025-04-01 01:59:40,3,99.6492859249504
2025-04-01 01:59:50,4,91.7754625683981
2025-04-01 02:00:00,1,95.1056516295153
2025-04-01 02:00:10,2,99.9945169365512
2025-04-01 02:00:20,3,94.4376370237481
2025-04-01 02:00:30,4,79.0155012375692
2025-04-01 02:00:40,1,99.8026728428272
2025-04-01 02:00:50,2,96.5925826289068
2025-04-01 02:01:00,3,83.2921240710096
2025-04-01 02:01:10,4,61.2907053652979
2025-04-01 02:01:20,1,98.2287250728688
2025-04-01 02:01:30,2,87.1213811120189
2025-04-01 02:01:40,3,66.9130606358855
2025-04-01 02:01:50,4,39.7147890634785
2025-04-01 02:02:00,1,90.4827052466019
2025-04-01 02:02:10,2,72.1760228098358
2025-04-01 02:02:20,3,46.3296035119859
2025-04-01 02:02:30,4,15.643446504023
2025-04-01 02:02:40,1,77.0513242775789
2025-04-01 02:02:50,2,52.6955795496674
2025-04-01 02:03:00,3,22.8350870110654
2025-04-01 02:03:10,4,-9.41083133185137
2025-04-01 02:03:20,1,58.7785252292475
2025-04-01 02:03:30,2,29.9040792256084
2025-04-01 02:03:40,3,-2.09424198833574
2025-04-01 02:03:50,4,-33.8737920245289
2025-04-01 02:04:00,1,36.8124552684674
2025-04-01 02:04:10,2,5.23359562429424
2025-04-01 02:04:20,3,-26.8919820615272
2025-04-01 02:04:30,4,-56.2083377852128
2025-04-01 02:04:40,1,12.5333233564302
2025-04-01 02:04:50,2,-19.7657340379126
2025-04-01 02:05:00,3,-50.0000000000004
2025-04-01 02:05:10,4,-75.0111069630456
2025-04-01 02:05:20,1,-12.5333233564305
2025-04-01 02:05:30,2,-43.5231099372333
2025-04-01 02:05:40,3,-69.9663340513368
2025-04-01 02:05:50,4,-89.1006524188368
2025-04-01 02:06:00,1,-36.8124552684678
2025-04-01 02:06:10,2,-64.5457687723954
2025-04-01 02:06:20,3,-85.5364260160508
2025-04-01 02:06:30,4,-97.5916761938747
2025-04-01 02:06:40,1,-58.7785252292472
2025-04-01 02:06:50,2,-81.5127795728556
2025-04-01 02:07:00,3,-95.7319497532069
2025-04-01 02:07:10,4,-99.9506560365732
2025-04-01 02:07:20,1,-77.0513242775792
2025-04-01 02:07:30,2,-93.3580426497202
2025-04-01 02:07:40,3,-99.9122830098859
2025-04-01 02:07:50,4,-96.0293685676944
2025-04-01 02:08:00,1,-90.4827052466021
2025-04-01 02:08:10,2,-99.3372765600396
2025-04-01 02:08:20,3,-97.8147600733805
2025-04-01 02:08:30,4,-86.0742027003946
2025-04-01 02:08:40,1,-98.2287250728689
2025-04-01 02:08:50,2,-99.0747840471443
2025-04-01 02:09:00,3,-89.5711760239411
2025-04-01 02:09:10,4,-70.7106781186547
2025-04-01 02:09:20,1,-99.8026728428271
2025-04-01 02:09:30,2,-92.5870584809993
2025-04-01 02:09:40,3,-75.6995055651755
2025-04-01 02:09:50,4,-50.9041415750372
2025-04-01 02:10:00,1,-95.1056516295154
2025-04-01 02:10:10,2,-80.2817475191113
2025-04-01 02:10:20,3,-57.0713567684426
2025-04-01 02:10:30,4,-27.8991106039231
2025-04-01 02:10:40,1,-84.4327925502013
2025-04-01 02:10:50,2,-62.9320391049836
2025-04-01 02:11:00,3,-34.857204732181
2025-04-01 02:11:10,4,-3.14107590781319
2025-04-01 02:11:20,1,-68.4547105928687
2025-04-01 02:11:30,2,-41.6280792260401
2025-04-01 02:11:40,3,-10.4528463267649
2025-04-01 02:11:50,4,21.8143241396538
2025-04-01 02:12:00,1,-48.1753674101714
2025-04-01 02:12:10,2,-17.7084740319578
2025-04-01 02:12:20,3,14.6083028562415
2025-04-01 02:12:30,4,45.3990499739547
2025-04-01 02:12:40,1,-24.8689887164855
2025-04-01 02:12:50,2,7.32381971276358
2025-04-01 02:13:00,3,38.7515586452105
2025-04-01 02:13:10,4,66.1311865323651
2025-04-01 02:13:20,1,-1.95943487863577e-13
2025-04-01 02:13:30,2,31.8959309298073
2025-04-01 02:13:40,3,60.4599114862381
2025-04-01 02:13:50,4,82.7080574274561
2025-04-01 02:14:00,1,24.8689887164858
2025-04-01 02:14:10,2,54.4639035015028
2025-04-01 02:14:20,3,78.3693457325843
2025-04-01 02:14:30,4,94.0880768954224
2025-04-01 02:14:40,1,48.1753674101717
2025-04-01 02:14:50,2,73.6097087119734
2025-04-01 02:15:00,3,91.3545457642603
2025-04-01 02:15:10,4,99.556196460308
2025-04-01 02:15:20,1,68.4547105928689
2025-04-01 02:15:30,2,88.1303452064995
2025-04-01 02:15:40,3,98.5996037070505
2025-04-01 02:15:50,4,98.7688340595138
2025-04-01 02:16:00,1,84.4327925502015
2025-04-01 02:16:10,2,97.1134279909637
2025-04-01 02:16:20,3,99.6492859249504
2025-04-01 02:16:30,4,91.7754625683982
2025-04-01 02:16:40,1,95.1056516295153
2025-04-01 02:16:50,2,99.9945169365512
2025-04-01 02:17:00,3,94.4376370237479
2025-04-01 02:17:10,4,79.0155012375692
2025-04-01 02:17:20,1,99.8026728428272
2025-04-01 02:17:30,2,96.5925826289068
2025-04-01 02:17:40,3,83.2921240710096
2025-04-01 02:17:50,4,61.2907053652979
2025-04-01 02:18:00,1,98.2287250728688
2025-04-01 02:18:10,2,87.121381112019
2025-04-01 02:18:20,3,66.9130606358855
2025-04-01 02:18:30,4,39.7147890634785
2025-04-01 02:18:40,1,90.4827052466019
2025-04-01 02:18:50,2,72.1760228098358
2025-04-01 02:19:00,3,46.3296035119859
2025-04-01 02:19:10,4,15.643446504023
2025-04-01 02:19:20,1,77.051324277579
2025-04-01 02:19:30,2,52.6955795496674
2025-04-01 02:19:40,3,22.8350870110654
2025-04-01 02:19:50,4,-9.41083133185135
2025-04-01 02:20:00,1,58.7785252292475
2025-04-01 02:20:10,2,29.9040792256084
2025-04-01 02:20:20,3,-2.09424198833642
2025-04-01 02:20:30,4,-33.8737920245289
2025-04-01 02:20:40,1,36.8124552684675
2025-04-01 02:20:50,2,5.23359562429427
2025-04-01 02:21:00,3,-26.8919820615271
2025-04-01 02:21:10,4,-56.2083377852128
2025-04-01 02:21:20,1,12.5333233564302
2025-04-01 02:21:30,2,-19.7657340379126
2025-04-01 02:21:40,3,-50.0000000000004
2025-04-01 02:21:50,4,-75.0111069630461
2025-04-01 02:22:00,1,-12.5333233564305
2025-04-01 02:22:10,2,-43.5231099372332
2025-04-01 02:22:20,3,-69.9663340513368
2025-04-01 02:22:30,4,-89.1006524188368
2025-04-01 02:22:40,1,-36.8124552684677
2025-04-01 02:22:50,2,-64.5457687723954
2025-04-01 02:23:00,3,-85.5364260160507
2025-04-01 02:23:10,4,-97.5916761938747
2025-04-01 02:23:20,1,-58.7785252292471
2025-04-01 02:23:30,2,-81.5127795728556
2025-04-01 02:23:40,3,-95.7319497532069
2025-04-01 02:23:50,4,-99.9506560365732
2025-04-01 02:24:00,1,-77.0513242775791
2025-04-01 02:24:10,2,-93.3580426497202
2025-04-01 02:24:20,3,-99.9122830098859
2025-04-01 02:24:30,4,-96.0293685676944
2025-04-01 02:24:40,1,-90.4827052466021
2025-04-01 02:24:50,2,-99.3372765600396
2025-04-01 02:25:00,3,-97.8147600733805
2025-04-01 02:25:10,4,-86.0742027003943
2025-04-01 02:25:20,1,-98.2287250728689
2025-04-01 02:25:30,2,-99.0747840471443
2025-04-01 02:25:40,3,-89.5711760239412
2025-04-01 02:25:50,4,-70.7106781186547
2025-04-01 02:26:00,1,-99.8026728428271
2025-04-01 02:26:10,2,-92.5870584809993
2025-04-01 02:26:20,3,-75.6995055651756
2025-04-01 02:26:30,4,-50.9041415750372
2025-04-01 02:26:40,1,-95.1056516295154
2025-04-01 02:26:50,2,-80.2817475191113
2025-04-01 02:27:00,3,-57.0713567684426
2025-04-01 02:27:10,4,-27.8991106039232
2025-04-01 02:27:20,1,-84.4327925502013
2025-04-01 02:27:30,2,-62.9320391049837
2025-04-01 02:27:40,3,-34.857204732181
2025-04-01 02:27:50,4,-3.14107590781321
2025-04-01 02:28:00,1,-68.4547105928687
2025-04-01 02:28:10,2,-41.6280792260401
2025-04-01 02:28:20,3,-10.4528463267649
2025-04-01 02:28:30,4,21.8143241396544
2025-04-01 02:28:40,1,-48.1753674101715
2025-04-01 02:28:50,2,-17.7084740319578
2025-04-01 02:29:00,3,14.6083028562414
2025-04-01 02:29:10,4,45.3990499739547
2025-04-01 02:29:20,1,-24.8689887164856
2025-04-01 02:29:30,2,7.32381971276356
2025-04-01 02:29:40,3,38.7515586452104
2025-04-01 02:29:50,4,66.1311865323651
2025-04-01 02:30:00,1,-2.20436423846524e-13
2025-04-01 02:30:10,2,31.8959309298072
2025-04-01 02:30:20,3,60.459911486238
2025-04-01 02:30:30,4,82.7080574274561
2025-04-01 02:30:40,1,24.8689887164858
2025-04-01 02:30:50,2,54.4639035015028
2025-04-01 02:31:00,3,78.3693457325843
2025-04-01 02:31:10,4,94.0880768954224
2025-04-01 02:31:20,1,48.1753674101717
2025-04-01 02:31:30,2,73.6097087119734
2025-04-01 02:31:40,3,91.3545457642603
2025-04-01 02:31:50,4,99.556196460308
2025-04-01 02:32:00,1,68.4547105928689
2025-04-01 02:32:10,2,88.1303452064995
2025-04-01 02:32:20,3,98.5996037070505
2025-04-01 02:32:30,4,98.7688340595138
2025-04-01 02:32:40,1,84.4327925502015
2025-04-01 02:32:50,2,97.1134279909637
2025-04-01 02:33:00,3,99.6492859249504
2025-04-01 02:33:10,4,91.7754625683982
2025-04-01 02:33:20,1,95.1056516295153
2025-04-01 02:33:30,2,99.9945169365512
2025-04-01 02:33:40,3,94.4376370237479
2025-04-01 02:33:50,4,79.0155012375692
2025-04-01 02:34:00,1,99.8026728428272
2025-04-01 02:34:10,2,96.5925826289068
2025-04-01 02:34:20,3,83.2921240710096
2025-04-01 02:34:30,4,61.290705365298
2025-04-01 02:34:40,1,98.2287250728688
2025-04-01 02:34:50,2,87.121381112019
2025-04-01 02:35:00,3,66.9130606358855
2025-04-01 02:35:10,4,39.7147890634779
2025-04-01 02:35:20,1,90.4827052466019
2025-04-01 02:35:30,2,72.1760228098359
2025-04-01 02:35:40,3,46.3296035119859
2025-04-01 02:35:50,4,15.6434465040231
2025-04-01 02:36:00,1,77.051324277579
2025-04-01 02:36:10,2,52.6955795496674
2025-04-01 02:36:20,3,22.8350870110654
2025-04-01 02:36:30,4,-9.41083133185133
2025-04-01 02:36:40,1,58.7785252292469
2025-04-01 02:36:50,2,29.9040792256084
2025-04-01 02:37:00,3,-2.0942419883364
2025-04-01 02:37:10,4,-33.8737920245289
2025-04-01 02:37:20,1,36.8124552684675
2025-04-01 02:37:30,2,5.23359562429429
2025-04-01 02:37:40,3,-26.8919820615271
2025-04-01 02:37:50,4,-56.2083377852127
2025-04-01 02:38:00,1,12.5333233564302
2025-04-01 02:38:10,2,-19.7657340379126
2025-04-01 02:38:20,3,-50.0000000000004
2025-04-01 02:38:30,4,-75.0111069630461
2025-04-01 02:38:40,1,-12.5333233564305
2025-04-01 02:38:50,2,-43.5231099372332
2025-04-01 02:39:00,3,-69.9663340513367
2025-04-01 02:39:10,4,-89.1006524188368
2025-04-01 02:39:20,1,-36.8124552684677
2025-04-01 02:39:30,2,-64.5457687723953
2025-04-01 02:39:40,3,-85.5364260160507
2025-04-01 02:39:50,4,-97.5916761938747
2025-04-01 02:40:00,1,-58.7785252292477
2025-04-01 02:40:10,2,-81.5127795728555
2025-04-01 02:40:20,3,-95.7319497532069
2025-04-01 02:40:30,4,-99.9506560365732
2025-04-01 02:40:40,1,-77.0513242775791
2025-04-01 02:40:50,2,-93.3580426497202
2025-04-01 02:41:00,3,-99.9122830098859
2025-04-01 02:41:10,4,-96.0293685676944
2025-04-01 02:41:20,1,-90.482705246602
2025-04-01 02:41:30,2,-99.3372765600396
2025-04-01 02:41:40,3,-97.8147600733805
2025-04-01 02:41:50,4,-86.0742027003943
2025-04-01 02:42:00,1,-98.2287250728689
2025-04-01 02:42:10,2,-99.0747840471443
2025-04-01 02:42:20,3,-89.5711760239412
2025-04-01 02:42:30,4,-70.7106781186547
2025-04-01 02:42:40,1,-99.8026728428272
2025-04-01 02:42:50,2,-92.5870584809993
2025-04-01 02:43:00,3,-75.6995055651756
2025-04-01 02:43:10,4,-50.9041415750372
2025-04-01 02:43:20,1,-95.1056516295152
2025-04-01 02:43:30,2,-80.2817475191113
2025-04-01 02:43:40,3,-57.0713567684426
2025-04-01 02:43:50,4,-27.8991106039232
2025-04-01 02:44:00,1,-84.4327925502013
2025-04-01 02:44:10,2,-62.9320391049837
2025-04-01 02:44:20,3,-34.857204732181
2025-04-01 02:44:30,4,-3.14107590781323
2025-04-01 02:44:40,1,-68.4547105928687
2025-04-01 02:44:50,2,-41.6280792260402
2025-04-01 02:45:00,3,-10.4528463267649
2025-04-01 02:45:10,4,21.8143241396544
2025-04-01 02:45:20,1,-48.1753674101715
2025-04-01 02:45:30,2,-17.7084740319578
2025-04-01 02:45:40,3,14.6083028562414
2025-04-01 02:45:50,4,45.3990499739547
2025-04-01 02:46:00,1,-24.8689887164856
2025-04-01 02:46:10,2,7.32381971276353
2025-04-01 02:46:20,3,38.7515586452104
2025-04-01 02:46:30,4,66.1311865323651
2025-04-01 02:46:40,1,4.6561337593063e-13
2025-04-01 02:46:50,2,31.8959309298072
2025-04-01 02:47:00,3,60.459911486238
2025-04-01 02:47:10,4,82.708057427456
2025-04-01 02:47:20,1,24.8689887164858
2025-04-01 02:47:30,2,54.4639035015028
2025-04-01 02:47:40,3,78.3693457325843
2025-04-01 02:47:50,4,94.0880768954226
2025-04-01 02:48:00,1,48.1753674101717
2025-04-01 02:48:10,2,73.6097087119734
2025-04-01 02:48:20,3,91.3545457642603
2025-04-01 02:48:30,4,99.556196460308
2025-04-01 02:48:40,1,68.4547105928689
2025-04-01 02:48:50,2,88.1303452064995
2025-04-01 02:49:00,3,98.5996037070505
2025-04-01 02:49:10,4,98.7688340595138
2025-04-01 02:49:20,1,84.4327925502015
2025-04-01 02:49:30,2,97.1134279909637
2025-04-01 02:49:40,3,99.6492859249504
2025-04-01 02:49:50,4,91.7754625683982
2025-04-01 02:50:00,1,95.1056516295155
2025-04-01 02:50:10,2,99.9945169365512
2025-04-01 02:50:20,3,94.4376370237481
2025-04-01 02:50:30,4,79.0155012375692
2025-04-01 02:50:40,1,99.8026728428272
2025-04-01 02:50:50,2,96.5925826289068
2025-04-01 02:51:00,3,83.29212407101
2025-04-01 02:51:10,4,61.290705365298
2025-04-01 02:51:20,1,98.2287250728688
2025-04-01 02:51:30,2,87.121381112019
2025-04-01 02:51:40,3,66.913060635885
2025-04-01 02:51:50,4,39.7147890634786
2025-04-01 02:52:00,1,90.4827052466019
2025-04-01 02:52:10,2,72.1760228098364
2025-04-01 02:52:20,3,46.3296035119853
2025-04-01 02:52:30,4,15.6434465040238
2025-04-01 02:52:40,1,77.051324277579
2025-04-01 02:52:50,2,52.6955795496681
2025-04-01 02:53:00,3,22.8350870110648
2025-04-01 02:53:10,4,-9.41083133185201
2025-04-01 02:53:20,1,58.7785252292475
2025-04-01 02:53:30,2,29.9040792256091
2025-04-01 02:53:40,3,-2.09424198833637
2025-04-01 02:53:50,4,-33.8737920245295
2025-04-01 02:54:00,1,36.8124552684682
2025-04-01 02:54:10,2,5.23359562429502
2025-04-01 02:54:20,3,-26.8919820615271
2025-04-01 02:54:30,4,-56.2083377852133
2025-04-01 02:54:40,1,12.533323356431
2025-04-01 02:54:50,2,-19.7657340379118
2025-04-01 02:55:00,3,-50.0000000000003
2025-04-01 02:55:10,4,-75.011106963046
2025-04-01 02:55:20,1,-12.5333233564312
2025-04-01 02:55:30,2,-43.5231099372319
2025-04-01 02:55:40,3,-69.9663340513367
2025-04-01 02:55:50,4,-89.1006524188368
2025-04-01 02:56:00,1,-36.8124552684683
2025-04-01 02:56:10,2,-64.5457687723942
2025-04-01 02:56:20,3,-85.5364260160507
2025-04-01 02:56:30,4,-97.5916761938747
2025-04-01 02:56:40,1,-58.7785252292477
2025-04-01 02:56:50,2,-81.5127795728555
2025-04-01 02:57:00,3,-95.7319497532067
2025-04-01 02:57:10,4,-99.9506560365732
2025-04-01 02:57:20,1,-77.0513242775791
2025-04-01 02:57:30,2,-93.3580426497202
2025-04-01 02:57:40,3,-99.9122830098858
2025-04-01 02:57:50,4,-96.0293685676944
2025-04-01 02:58:00,1,-90.482705246602
2025-04-01 02:58:10,2,-99.3372765600396
2025-04-01 02:58:20,3,-97.8147600733803
2025-04-01 02:58:30,4,-86.0742027003947
2025-04-01 02:58:40,1,-98.2287250728689
2025-04-01 02:58:50,2,-99.0747840471444
2025-04-01 02:59:00,3,-89.5711760239409
2025-04-01 02:59:10,4,-70.7106781186553
2025-04-01 02:59:20,1,-99.8026728428272
2025-04-01 02:59:30,2,-92.5870584809996
2025-04-01 02:59:40,3,-75.6995055651751
2025-04-01 02:59:50,4,-50.9041415750366
2025-04-01 03:00:00,1,-95.1056516295154
2025-04-01 03:00:10,2,-80.2817475191118
2025-04-01 03:00:20,3,-57.0713567684426
2025-04-01 03:00:30,4,-27.8991106039225
2025-04-01 03:00:40,1,-84.4327925502017
2025-04-01 03:00:50,2,-62.9320391049842
2025-04-01 03:01:00,3,-34.857204732181
2025-04-01 03:01:10,4,-3.14107590781255
2025-04-01 03:01:20,1,-68.4547105928693
2025-04-01 03:01:30,2,-41.6280792260408
2025-04-01 03:01:40,3,-10.452846326765
2025-04-01 03:01:50,4,21.8143241396544
2025-04-01 03:02:00,1,-48.1753674101709
2025-04-01 03:02:10,2,-17.7084740319593
2025-04-01 03:02:20,3,14.6083028562414
2025-04-01 03:02:30,4,45.3990499739547
2025-04-01 03:02:40,1,-24.8689887164849
2025-04-01 03:02:50,2,7.32381971276209
2025-04-01 03:03:00,3,38.7515586452104
2025-04-01 03:03:10,4,66.1311865323651
2025-04-01 03:03:20,1,4.41120439947682e-13
2025-04-01 03:03:30,2,31.8959309298072
2025-04-01 03:03:40,3,60.4599114862375
2025-04-01 03:03:50,4,82.708057427456
2025-04-01 03:04:00,1,24.8689887164858
2025-04-01 03:04:10,2,54.4639035015028
2025-04-01 03:04:20,3,78.3693457325839
2025-04-01 03:04:30,4,94.0880768954224
2025-04-01 03:04:40,1,48.1753674101717
2025-04-01 03:04:50,2,73.6097087119734
2025-04-01 03:05:00,3,91.3545457642605
2025-04-01 03:05:10,4,99.5561964603079
2025-04-01 03:05:20,1,68.4547105928689
2025-04-01 03:05:30,2,88.1303452064991
2025-04-01 03:05:40,3,98.5996037070506
2025-04-01 03:05:50,4,98.7688340595139
2025-04-01 03:06:00,1,84.4327925502014
2025-04-01 03:06:10,2,97.1134279909635
2025-04-01 03:06:20,3,99.6492859249504
2025-04-01 03:06:30,4,91.7754625683979
2025-04-01 03:06:40,1,95.1056516295153
2025-04-01 03:06:50,2,99.9945169365512
2025-04-01 03:07:00,3,94.4376370237479
2025-04-01 03:07:10,4,79.0155012375688
2025-04-01 03:07:20,1,99.8026728428271
2025-04-01 03:07:30,2,96.592582628907
2025-04-01 03:07:40,3,83.2921240710097
2025-04-01 03:07:50,4,61.2907053652974
2025-04-01 03:08:00,1,98.2287250728687
2025-04-01 03:08:10,2,87.1213811120193
2025-04-01 03:08:20,3,66.9130606358855
2025-04-01 03:08:30,4,39.7147890634779
2025-04-01 03:08:40,1,90.4827052466017
2025-04-01 03:08:50,2,72.1760228098369
2025-04-01 03:09:00,3,46.329603511986
2025-04-01 03:09:10,4,15.6434465040231
2025-04-01 03:09:20,1,77.0513242775786
2025-04-01 03:09:30,2,52.6955795496687
2025-04-01 03:09:40,3,22.8350870110655
2025-04-01 03:09:50,4,-9.41083133185127
2025-04-01 03:10:00,1,58.778525229247
2025-04-01 03:10:10,2,29.9040792256085
2025-04-01 03:10:20,3,-2.09424198833564
2025-04-01 03:10:30,4,-33.8737920245289
2025-04-01 03:10:40,1,36.8124552684675
2025-04-01 03:10:50,2,5.23359562429434
2025-04-01 03:11:00,3,-26.8919820615264
2025-04-01 03:11:10,4,-56.2083377852127
2025-04-01 03:11:20,1,12.5333233564303
2025-04-01 03:11:30,2,-19.7657340379125
2025-04-01 03:11:40,3,-50.0000000000009
2025-04-01 03:11:50,4,-75.0111069630456
2025-04-01 03:12:00,1,-12.5333233564304
2025-04-01 03:12:10,2,-43.5231099372325
2025-04-01 03:12:20,3,-69.9663340513372
2025-04-01 03:12:30,4,-89.1006524188365
2025-04-01 03:12:40,1,-36.8124552684677
2025-04-01 03:12:50,2,-64.5457687723948
2025-04-01 03:13:00,3,-85.5364260160511
2025-04-01 03:13:10,4,-97.5916761938749
2025-04-01 03:13:20,1,-58.7785252292471
2025-04-01 03:13:30,2,-81.5127795728551
2025-04-01 03:13:40,3,-95.7319497532069
2025-04-01 03:13:50,4,-99.9506560365731
2025-04-01 03:14:00,1,-77.0513242775786
2025-04-01 03:14:10,2,-93.3580426497199
2025-04-01 03:14:20,3,-99.9122830098859
2025-04-01 03:14:30,4,-96.0293685676942
2025-04-01 03:14:40,1,-90.4827052466023
2025-04-01 03:14:50,2,-99.3372765600395
2025-04-01 03:15:00,3,-97.8147600733805
2025-04-01 03:15:10,4,-86.0742027003943
2025-04-01 03:15:20,1,-98.228725072869
2025-04-01 03:15:30,2,-99.0747840471445
2025-04-01 03:15:40,3,-89.5711760239412
2025-04-01 03:15:50,4,-70.7106781186548
2025-04-01 03:16:00,1,-99.8026728428271
2025-04-01 03:16:10,2,-92.5870584809999
2025-04-01 03:16:20,3,-75.6995055651756
2025-04-01 03:16:30,4,-50.9041415750373
2025-04-01 03:16:40,1,-95.1056516295152
2025-04-01 03:16:50,2,-80.2817475191113
2025-04-01 03:17:00,3,-57.0713567684432
2025-04-01 03:17:10,4,-27.8991106039232
2025-04-01 03:17:20,1,-84.4327925502014
2025-04-01 03:17:30,2,-62.9320391049837
2025-04-01 03:17:40,3,-34.8572047321817
2025-04-01 03:17:50,4,-3.14107590781328
2025-04-01 03:18:00,1,-68.4547105928688
2025-04-01 03:18:10,2,-41.6280792260402
2025-04-01 03:18:20,3,-10.4528463267643
2025-04-01 03:18:30,4,21.8143241396537
2025-04-01 03:18:40,1,-48.1753674101715
2025-04-01 03:18:50,2,-17.7084740319586
2025-04-01 03:19:00,3,14.6083028562421
2025-04-01 03:19:10,4,45.399049973954
2025-04-01 03:19:20,1,-24.8689887164856
2025-04-01 03:19:30,2,7.32381971276277
2025-04-01 03:19:40,3,38.751558645211
2025-04-01 03:19:50,4,66.1311865323656
2025-04-01 03:20:00,1,-2.93915231795365e-13
2025-04-01 03:20:10,2,31.8959309298065
2025-04-01 03:20:20,3,60.459911486238
2025-04-01 03:20:30,4,82.7080574274564
2025-04-01 03:20:40,1,24.8689887164851
2025-04-01 03:20:50,2,54.4639035015021
2025-04-01 03:21:00,3,78.3693457325843
2025-04-01 03:21:10,4,94.0880768954226
2025-04-01 03:21:20,1,48.1753674101723
2025-04-01 03:21:30,2,73.6097087119729
2025-04-01 03:21:40,3,91.3545457642602
2025-04-01 03:21:50,4,99.556196460308
2025-04-01 03:22:00,1,68.4547105928694
2025-04-01 03:22:10,2,88.1303452064988
2025-04-01 03:22:20,3,98.5996037070505
2025-04-01 03:22:30,4,98.7688340595138
2025-04-01 03:22:40,1,84.4327925502018
2025-04-01 03:22:50,2,97.1134279909637
2025-04-01 03:23:00,3,99.6492859249504
2025-04-01 03:23:10,4,91.7754625683982
2025-04-01 03:23:20,1,95.1056516295155
2025-04-01 03:23:30,2,99.9945169365512
2025-04-01 03:23:40,3,94.4376370237481
2025-04-01 03:23:50,4,79.0155012375692
2025-04-01 03:24:00,1,99.8026728428272
2025-04-01 03:24:10,2,96.5925826289068
2025-04-01 03:24:20,3,83.2921240710101
2025-04-01 03:24:30,4,61.290705365298
2025-04-01 03:24:40,1,98.2287250728689
2025-04-01 03:24:50,2,87.121381112019
2025-04-01 03:25:00,3,66.913060635885
2025-04-01 03:25:10,4,39.7147890634786
2025-04-01 03:25:20,1,90.482705246602
2025-04-01 03:25:30,2,72.1760228098364
2025-04-01 03:25:40,3,46.3296035119854
2025-04-01 03:25:50,4,15.6434465040238
2025-04-01 03:26:00,1,77.051324277579
2025-04-01 03:26:10,2,52.6955795496681
2025-04-01 03:26:20,3,22.8350870110648
2025-04-01 03:26:30,4,-9.41083133185196
2025-04-01 03:26:40,1,58.7785252292476
2025-04-01 03:26:50,2,29.9040792256092
2025-04-01 03:27:00,3,-2.09424198833633
2025-04-01 03:27:10,4,-33.8737920245295
2025-04-01 03:27:20,1,36.8124552684682
2025-04-01 03:27:30,2,5.23359562429507
2025-04-01 03:27:40,3,-26.891982061527
2025-04-01 03:27:50,4,-56.2083377852133
2025-04-01 03:28:00,1,12.5333233564296
2025-04-01 03:28:10,2,-19.7657340379118
2025-04-01 03:28:20,3,-50.0000000000003
2025-04-01 03:28:30,4,-75.011106963046
2025-04-01 03:28:40,1,-12.5333233564311
2025-04-01 03:28:50,2,-43.5231099372319
2025-04-01 03:29:00,3,-69.9663340513367
2025-04-01 03:29:10,4,-89.1006524188368
2025-04-01 03:29:20,1,-36.8124552684683
2025-04-01 03:29:30,2,-64.5457687723953
2025-04-01 03:29:40,3,-85.5364260160507
2025-04-01 03:29:50,4,-97.5916761938747
2025-04-01 03:30:00,1,-58.7785252292476
2025-04-01 03:30:10,2,-81.5127795728555
2025-04-01 03:30:20,3,-95.7319497532067
2025-04-01 03:30:30,4,-99.9506560365732
2025-04-01 03:30:40,1,-77.0513242775791
2025-04-01 03:30:50,2,-93.3580426497202
2025-04-01 03:31:00,3,-99.9122830098858
2025-04-01 03:31:10,4,-96.0293685676944
2025-04-01 03:31:20,1,-90.482705246602
2025-04-01 03:31:30,2,-99.3372765600396
2025-04-01 03:31:40,3,-97.8147600733803
2025-04-01 03:31:50,4,-86.0742027003947
2025-04-01 03:32:00,1,-98.2287250728689
2025-04-01 03:32:10,2,-99.0747840471444
2025-04-01 03:32:20,3,-89.5711760239409
2025-04-01 03:32:30,4,-70.7106781186553
2025-04-01 03:32:40,1,-99.8026728428272
2025-04-01 03:32:50,2,-92.5870584809996
2025-04-01 03:33:00,3,-75.6995055651751
2025-04-01 03:33:10,4,-50.9041415750367
2025-04-01 03:33:20,1,-95.1056516295154
2025-04-01 03:33:30,2,-80.2817475191118
2025-04-01 03:33:40,3,-57.0713567684427
2025-04-01 03:33:50,4,-27.8991106039226
2025-04-01 03:34:00,1,-84.4327925502018
2025-04-01 03:34:10,2,-62.9320391049843
2025-04-01 03:34:20,3,-34.8572047321811
2025-04-01 03:34:30,4,-3.1410759078126
2025-04-01 03:34:40,1,-68.4547105928683
2025-04-01 03:34:50,2,-41.6280792260409
2025-04-01 03:35:00,3,-10.452846326765
2025-04-01 03:35:10,4,21.8143241396543
2025-04-01 03:35:20,1,-48.1753674101709
2025-04-01 03:35:30,2,-17.7084740319593
2025-04-01 03:35:40,3,14.6083028562414
2025-04-01 03:35:50,4,45.3990499739546
2025-04-01 03:36:00,1,-24.868988716485
2025-04-01 03:36:10,2,7.32381971276346
2025-04-01 03:36:20,3,38.7515586452103
2025-04-01 03:36:30,4,66.131186532365
2025-04-01 03:36:40,1,3.92134567981788e-13
2025-04-01 03:36:50,2,31.8959309298071
2025-04-01 03:37:00,3,60.4599114862374
2025-04-01 03:37:10,4,82.708057427456
2025-04-01 03:37:20,1,24.8689887164857
2025-04-01 03:37:30,2,54.4639035015027
2025-04-01 03:37:40,3,78.3693457325847
2025-04-01 03:37:50,4,94.0880768954224
2025-04-01 03:38:00,1,48.1753674101716
2025-04-01 03:38:10,2,73.6097087119733
2025-04-01 03:38:20,3,91.3545457642605
2025-04-01 03:38:30,4,99.5561964603079
2025-04-01 03:38:40,1,68.4547105928688
2025-04-01 03:38:50,2,88.1303452064991
2025-04-01 03:39:00,3,98.5996037070506
2025-04-01 03:39:10,4,98.7688340595139
2025-04-01 03:39:20,1,84.4327925502014
2025-04-01 03:39:30,2,97.1134279909635
2025-04-01 03:39:40,3,99.6492859249504
2025-04-01 03:39:50,4,91.7754625683979
2025-04-01 03:40:00,1,95.1056516295153
2025-04-01 03:40:10,2,99.9945169365512
2025-04-01 03:40:20,3,94.4376370237479
2025-04-01 03:40:30,4,79.0155012375688
2025-04-01 03:40:40,1,99.8026728428271
2025-04-01 03:40:50,2,96.592582628907
2025-04-01 03:41:00,3,83.2921240710097
2025-04-01 03:41:10,4,61.2907053652975
2025-04-01 03:41:20,1,98.2287250728687
2025-04-01 03:41:30,2,87.1213811120194
2025-04-01 03:41:40,3,66.9130606358856
2025-04-01 03:41:50,4,39.714789063478
2025-04-01 03:42:00,1,90.4827052466017
2025-04-01 03:42:10,2,72.1760228098369
2025-04-01 03:42:20,3,46.329603511986
2025-04-01 03:42:30,4,15.6434465040232
2025-04-01 03:42:40,1,77.0513242775786
2025-04-01 03:42:50,2,52.6955795496675
2025-04-01 03:43:00,3,22.8350870110655
2025-04-01 03:43:10,4,-9.41083133185123
2025-04-01 03:43:20,1,58.778525229247
2025-04-01 03:43:30,2,29.9040792256085
2025-04-01 03:43:40,3,-2.09424198833559
2025-04-01 03:43:50,4,-33.8737920245288
2025-04-01 03:44:00,1,36.8124552684676
2025-04-01 03:44:10,2,5.23359562429439
2025-04-01 03:44:20,3,-26.8919820615277
2025-04-01 03:44:30,4,-56.2083377852126
2025-04-01 03:44:40,1,12.5333233564303
2025-04-01 03:44:50,2,-19.7657340379125
2025-04-01 03:45:00,3,-50.0000000000009
2025-04-01 03:45:10,4,-75.0111069630455
2025-04-01 03:45:20,1,-12.5333233564304
2025-04-01 03:45:30,2,-43.5231099372325
2025-04-01 03:45:40,3,-69.9663340513372
2025-04-01 03:45:50,4,-89.1006524188364
2025-04-01 03:46:00,1,-36.8124552684676
2025-04-01 03:46:10,2,-64.5457687723947
2025-04-01 03:46:20,3,-85.5364260160511
2025-04-01 03:46:30,4,-97.5916761938749
2025-04-01 03:46:40,1,-58.778525229247
2025-04-01 03:46:50,2,-81.5127795728551
2025-04-01 03:47:00,3,-95.7319497532069
2025-04-01 03:47:10,4,-99.9506560365732
2025-04-01 03:47:20,1,-77.0513242775786
2025-04-01 03:47:30,2,-93.3580426497199
2025-04-01 03:47:40,3,-99.9122830098859
2025-04-01 03:47:50,4,-96.0293685676942
2025-04-01 03:48:00,1,-90.4827052466023
2025-04-01 03:48:10,2,-99.3372765600395
2025-04-01 03:48:20,3,-97.8147600733805
2025-04-01 03:48:30,4,-86.0742027003943
2025-04-01 03:48:40,1,-98.228725072869
2025-04-01 03:48:50,2,-99.0747840471445
2025-04-01 03:49:00,3,-89.5711760239412
2025-04-01 03:49:10,4,-70.7106781186548
2025-04-01 03:49:20,1,-99.8026728428271
2025-04-01 03:49:30,2,-92.5870584809994
2025-04-01 03:49:40,3,-75.6995055651756
2025-04-01 03:49:50,4,-50.9041415750373
2025-04-01 03:50:00,1,-95.1056516295152
2025-04-01 03:50:10,2,-80.2817475191114
2025-04-01 03:50:20,3,-57.0713567684433
2025-04-01 03:50:30,4,-27.8991106039233
2025-04-01 03:50:40,1,-84.4327925502014
2025-04-01 03:50:50,2,-62.9320391049838
2025-04-01 03:51:00,3,-34.8572047321804
2025-04-01 03:51:10,4,-3.14107590781333
2025-04-01 03:51:20,1,-68.4547105928688
2025-04-01 03:51:30,2,-41.6280792260403
2025-04-01 03:51:40,3,-10.4528463267643
2025-04-01 03:51:50,4,21.8143241396536
2025-04-01 03:52:00,1,-48.1753674101716
2025-04-01 03:52:10,2,-17.7084740319586
2025-04-01 03:52:20,3,14.608302856242
2025-04-01 03:52:30,4,45.399049973954
2025-04-01 03:52:40,1,-24.8689887164857
2025-04-01 03:52:50,2,7.32381971276273
2025-04-01 03:53:00,3,38.751558645211
2025-04-01 03:53:10,4,66.1311865323656
2025-04-01 03:53:20,1,-3.42901103761259e-13
2025-04-01 03:53:30,2,31.8959309298064
2025-04-01 03:53:40,3,60.4599114862379
2025-04-01 03:53:50,4,82.7080574274564
2025-04-01 03:54:00,1,24.868988716485
2025-04-01 03:54:10,2,54.4639035015021
2025-04-01 03:54:20,3,78.3693457325843
2025-04-01 03:54:30,4,94.0880768954226
2025-04-01 03:54:40,1,48.1753674101722
2025-04-01 03:54:50,2,73.6097087119728
2025-04-01 03:55:00,3,91.3545457642602
2025-04-01 03:55:10,4,99.556196460308
2025-04-01 03:55:20,1,68.4547105928693
2025-04-01 03:55:30,2,88.1303452064987
2025-04-01 03:55:40,3,98.5996037070505
2025-04-01 03:55:50,4,98.7688340595138
2025-04-01 03:56:00,1,84.4327925502018
2025-04-01 03:56:10,2,97.1134279909637
2025-04-01 03:56:20,3,99.6492859249504
2025-04-01 03:56:30,4,91.7754625683982
2025-04-01 03:56:40,1,95.1056516295155
2025-04-01 03:56:50,2,99.9945169365512
2025-04-01 03:57:00,3,94.4376370237481
2025-04-01 03:57:10,4,79.0155012375693
2025-04-01 03:57:20,1,99.8026728428272
2025-04-01 03:57:30,2,96.5925826289068
2025-04-01 03:57:40,3,83.2921240710093
2025-04-01 03:57:50,4,61.2907053652981
2025-04-01 03:58:00,1,98.2287250728689
2025-04-01 03:58:10,2,87.121381112019
2025-04-01 03:58:20,3,66.9130606358851
2025-04-01 03:58:30,4,39.7147890634787
2025-04-01 03:58:40,1,90.482705246602
2025-04-01 03:58:50,2,72.1760228098364
2025-04-01 03:59:00,3,46.3296035119854
2025-04-01 03:59:10,4,15.6434465040225
2025-04-01 03:59:20,1,77.0513242775791
2025-04-01 03:59:30,2,52.6955795496681
2025-04-01 03:59:40,3,22.8350870110649
2025-04-01 03:59:50,4,-9.41083133185191
2025-04-01 04:00:00,1,58.7785252292476
2025-04-01 04:00:10,2,29.9040792256092
2025-04-01 04:00:20,3,-2.09424198833628
2025-04-01 04:00:30,4,-33.8737920245295
2025-04-01 04:00:40,1,36.8124552684683
2025-04-01 04:00:50,2,5.23359562429512
2025-04-01 04:01:00,3,-26.891982061527
2025-04-01 04:01:10,4,-56.2083377852132
2025-04-01 04:01:20,1,12.5333233564296
2025-04-01 04:01:30,2,-19.7657340379117
2025-04-01 04:01:40,3,-50.0000000000003
2025-04-01 04:01:50,4,-75.011106963046
2025-04-01 04:02:00,1,-12.5333233564311
2025-04-01 04:02:10,2,-43.5231099372318
2025-04-01 04:02:20,3,-69.9663340513366
2025-04-01 04:02:30,4,-89.1006524188367
2025-04-01 04:02:40,1,-36.8124552684683
2025-04-01 04:02:50,2,-64.5457687723952
2025-04-01 04:03:00,3,-85.5364260160507
2025-04-01 04:03:10,4,-97.5916761938747
2025-04-01 04:03:20,1,-58.7785252292476
2025-04-01 04:03:30,2,-81.5127795728555
2025-04-01 04:03:40,3,-95.7319497532067
2025-04-01 04:03:50,4,-99.9506560365732
2025-04-01 04:04:00,1,-77.0513242775791
2025-04-01 04:04:10,2,-93.3580426497202
2025-04-01 04:04:20,3,-99.9122830098859
2025-04-01 04:04:30,4,-96.0293685676944
2025-04-01 04:04:40,1,-90.482705246602
2025-04-01 04:04:50,2,-99.3372765600396
2025-04-01 04:05:00,3,-97.8147600733804
2025-04-01 04:05:10,4,-86.0742027003947
2025-04-01 04:05:20,1,-98.2287250728689
2025-04-01 04:05:30,2,-99.0747840471444
2025-04-01 04:05:40,3,-89.5711760239409
2025-04-01 04:05:50,4,-70.7106781186543
2025-04-01 04:06:00,1,-99.8026728428272
2025-04-01 04:06:10,2,-92.5870584809996
2025-04-01 04:06:20,3,-75.6995055651752
2025-04-01 04:06:30,4,-50.9041415750367
2025-04-01 04:06:40,1,-95.1056516295155
2025-04-01 04:06:50,2,-80.2817475191118
2025-04-01 04:07:00,3,-57.0713567684427
2025-04-01 04:07:10,4,-27.8991106039226
2025-04-01 04:07:20,1,-84.4327925502018
2025-04-01 04:07:30,2,-62.9320391049843
2025-04-01 04:07:40,3,-34.8572047321811
2025-04-01 04:07:50,4,-3.14107590781265
2025-04-01 04:08:00,1,-68.4547105928683
2025-04-01 04:08:10,2,-41.6280792260409
2025-04-01 04:08:20,3,-10.4528463267651
2025-04-01 04:08:30,4,21.8143241396543
2025-04-01 04:08:40,1,-48.175367410171
2025-04-01 04:08:50,2,-17.7084740319593
2025-04-01 04:09:00,3,14.6083028562413
2025-04-01 04:09:10,4,45.3990499739546
2025-04-01 04:09:20,1,-24.868988716485
2025-04-01 04:09:30,2,7.32381971276341
2025-04-01 04:09:40,3,38.7515586452103
2025-04-01 04:09:50,4,66.131186532365
2025-04-01 04:10:00,1,3.43148696015894e-13
2025-04-01 04:10:10,2,31.8959309298071
2025-04-01 04:10:20,3,60.4599114862374
2025-04-01 04:10:30,4,82.708057427456
2025-04-01 04:10:40,1,24.8689887164857
2025-04-01 04:10:50,2,54.4639035015027
2025-04-01 04:11:00,3,78.3693457325847
2025-04-01 04:11:10,4,94.0880768954224
2025-04-01 04:11:20,1,48.1753674101716
2025-04-01 04:11:30,2,73.6097087119733
2025-04-01 04:11:40,3,91.3545457642605
2025-04-01 04:11:50,4,99.5561964603079
2025-04-01 04:12:00,1,68.4547105928688
2025-04-01 04:12:10,2,88.1303452064991
2025-04-01 04:12:20,3,98.5996037070506
2025-04-01 04:12:30,4,98.7688340595137
2025-04-01 04:12:40,1,84.4327925502014
2025-04-01 04:12:50,2,97.1134279909635
2025-04-01 04:13:00,3,99.6492859249504
2025-04-01 04:13:10,4,91.7754625683979
2025-04-01 04:13:20,1,95.1056516295152
2025-04-01 04:13:30,2,99.9945169365512
2025-04-01 04:13:40,3,94.4376370237479
2025-04-01 04:13:50,4,79.0155012375688
2025-04-01 04:14:00,1,99.8026728428272
2025-04-01 04:14:10,2,96.592582628907
2025-04-01 04:14:20,3,83.2921240710097
2025-04-01 04:14:30,4,61.2907053652975
2025-04-01 04:14:40,1,98.2287250728687
2025-04-01 04:14:50,2,87.1213811120194
2025-04-01 04:15:00,3,66.9130606358856
2025-04-01 04:15:10,4,39.714789063478
2025-04-01 04:15:20,1,90.4827052466017
2025-04-01 04:15:30,2,72.176022809837
2025-04-01 04:15:40,3,46.3296035119861
2025-04-01 04:15:50,4,15.6434465040232
2025-04-01 04:16:00,1,77.0513242775786
2025-04-01 04:16:10,2,52.6955795496676
2025-04-01 04:16:20,3,22.8350870110656
2025-04-01 04:16:30,4,-9.41083133185118
2025-04-01 04:16:40,1,58.778525229247
2025-04-01 04:16:50,2,29.9040792256086
2025-04-01 04:17:00,3,-2.09424198833554
2025-04-01 04:17:10,4,-33.8737920245288
2025-04-01 04:17:20,1,36.8124552684676
2025-04-01 04:17:30,2,5.23359562429444
2025-04-01 04:17:40,3,-26.8919820615277
2025-04-01 04:17:50,4,-56.2083377852126
2025-04-01 04:18:00,1,12.5333233564304
2025-04-01 04:18:10,2,-19.7657340379124
2025-04-01 04:18:20,3,-50.0000000000008
2025-04-01 04:18:30,4,-75.0111069630455
2025-04-01 04:18:40,1,-12.5333233564303
2025-04-01 04:18:50,2,-43.5231099372324
2025-04-01 04:19:00,3,-69.9663340513371
2025-04-01 04:19:10,4,-89.1006524188371
2025-04-01 04:19:20,1,-36.8124552684676
2025-04-01 04:19:30,2,-64.5457687723947
2025-04-01 04:19:40,3,-85.536426016051
2025-04-01 04:19:50,4,-97.5916761938748
2025-04-01 04:20:00,1,-58.778525229247
2025-04-01 04:20:10,2,-81.5127795728551
2025-04-01 04:20:20,3,-95.7319497532069
2025-04-01 04:20:30,4,-99.9506560365732
2025-04-01 04:20:40,1,-77.0513242775795
2025-04-01 04:20:50,2,-93.3580426497199
2025-04-01 04:21:00,3,-99.9122830098859
2025-04-01 04:21:10,4,-96.0293685676943
2025-04-01 04:21:20,1,-90.4827052466023
2025-04-01 04:21:30,2,-99.3372765600395
2025-04-01 04:21:40,3,-97.8147600733805
2025-04-01 04:21:50,4,-86.0742027003944
2025-04-01 04:22:00,1,-98.228725072869
2025-04-01 04:22:10,2,-99.0747840471445
2025-04-01 04:22:20,3,-89.5711760239412
2025-04-01 04:22:30,4,-70.7106781186548
2025-04-01 04:22:40,1,-99.8026728428271
2025-04-01 04:22:50,2,-92.5870584809994
2025-04-01 04:23:00,3,-75.6995055651757
2025-04-01 04:23:10,4,-50.9041415750374
2025-04-01 04:23:20,1,-95.1056516295153
2025-04-01 04:23:30,2,-80.2817475191114
2025-04-01 04:23:40,3,-57.0713567684433
2025-04-01 04:23:50,4,-27.8991106039233
2025-04-01 04:24:00,1,-84.4327925502014
2025-04-01 04:24:10,2,-62.9320391049838
2025-04-01 04:24:20,3,-34.8572047321805
2025-04-01 04:24:30,4,-3.14107590781338
2025-04-01 04:24:40,1,-68.4547105928688
2025-04-01 04:24:50,2,-41.6280792260403
2025-04-01 04:25:00,3,-10.4528463267644
2025-04-01 04:25:10,4,21.8143241396536
2025-04-01 04:25:20,1,-48.1753674101716
2025-04-01 04:25:30,2,-17.7084740319587
2025-04-01 04:25:40,3,14.608302856242
2025-04-01 04:25:50,4,45.3990499739552
2025-04-01 04:26:00,1,-24.8689887164857
2025-04-01 04:26:10,2,7.32381971276268
2025-04-01 04:26:20,3,38.7515586452109
2025-04-01 04:26:30,4,66.1311865323655
2025-04-01 04:26:40,1,-3.91886975727153e-13
2025-04-01 04:26:50,2,31.8959309298064
2025-04-01 04:27:00,3,60.4599114862379
2025-04-01 04:27:10,4,82.7080574274564
2025-04-01 04:27:20,1,24.8689887164863
2025-04-01 04:27:30,2,54.4639035015021
2025-04-01 04:27:40,3,78.3693457325842
2025-04-01 04:27:50,4,94.0880768954226
2025-04-01 04:28:00,1,48.1753674101722
2025-04-01 04:28:10,2,73.6097087119728
2025-04-01 04:28:20,3,91.3545457642602
2025-04-01 04:28:30,4,99.556196460308
2025-04-01 04:28:40,1,68.4547105928693
2025-04-01 04:28:50,2,88.1303452064994
2025-04-01 04:29:00,3,98.5996037070505
2025-04-01 04:29:10,4,98.7688340595138
2025-04-01 04:29:20,1,84.4327925502018
2025-04-01 04:29:30,2,97.1134279909637
2025-04-01 04:29:40,3,99.6492859249504
2025-04-01 04:29:50,4,91.7754625683982
2025-04-01 04:30:00,1,95.1056516295154
2025-04-01 04:30:10,2,99.9945169365512
2025-04-01 04:30:20,3,94.4376370237482
2025-04-01 04:30:30,4,79.0155012375693
2025-04-01 04:30:40,1,99.8026728428272
2025-04-01 04:30:50,2,96.5925826289068
2025-04-01 04:31:00,3,83.2921240710093
2025-04-01 04:31:10,4,61.2907053652981
2025-04-01 04:31:20,1,98.2287250728689
2025-04-01 04:31:30,2,87.1213811120191
2025-04-01 04:31:40,3,66.9130606358851
2025-04-01 04:31:50,4,39.7147890634787
2025-04-01 04:32:00,1,90.482705246602
2025-04-01 04:32:10,2,72.1760228098365
2025-04-01 04:32:20,3,46.3296035119855
2025-04-01 04:32:30,4,15.6434465040225
2025-04-01 04:32:40,1,77.0513242775791
2025-04-01 04:32:50,2,52.6955795496682
2025-04-01 04:33:00,3,22.8350870110649
2025-04-01 04:33:10,4,-9.41083133185186
2025-04-01 04:33:20,1,58.7785252292476
2025-04-01 04:33:30,2,29.9040792256093
2025-04-01 04:33:40,3,-2.09424198833623
2025-04-01 04:33:50,4,-33.8737920245294
2025-04-01 04:34:00,1,36.812455268467
2025-04-01 04:34:10,2,5.23359562429517
2025-04-01 04:34:20,3,-26.8919820615269
2025-04-01 04:34:30,4,-56.2083377852132
2025-04-01 04:34:40,1,12.5333233564297
2025-04-01 04:34:50,2,-19.7657340379117
2025-04-01 04:35:00,3,-50.0000000000002
2025-04-01 04:35:10,4,-75.011106963046
2025-04-01 04:35:20,1,-12.533323356431
2025-04-01 04:35:30,2,-43.5231099372331
2025-04-01 04:35:40,3,-69.9663340513366
2025-04-01 04:35:50,4,-89.1006524188367
2025-04-01 04:36:00,1,-36.8124552684682
2025-04-01 04:36:10,2,-64.5457687723952
2025-04-01 04:36:20,3,-85.5364260160506
2025-04-01 04:36:30,4,-97.5916761938747
2025-04-01 04:36:40,1,-58.7785252292476
2025-04-01 04:36:50,2,-81.5127795728555
2025-04-01 04:37:00,3,-95.7319497532067
2025-04-01 04:37:10,4,-99.9506560365732
2025-04-01 04:37:20,1,-77.051324277579
2025-04-01 04:37:30,2,-93.3580426497201
2025-04-01 04:37:40,3,-99.9122830098859
2025-04-01 04:37:50,4,-96.0293685676945
2025-04-01 04:38:00,1,-90.482705246602
2025-04-01 04:38:10,2,-99.3372765600396
2025-04-01 04:38:20,3,-97.8147600733804
2025-04-01 04:38:30,4,-86.0742027003947
2025-04-01 04:38:40,1,-98.2287250728689
2025-04-01 04:38:50,2,-99.0747840471444
2025-04-01 04:39:00,3,-89.5711760239409
2025-04-01 04:39:10,4,-70.7106781186544
2025-04-01 04:39:20,1,-99.8026728428272
2025-04-01 04:39:30,2,-92.5870584809997
2025-04-01 04:39:40,3,-75.6995055651752
2025-04-01 04:39:50,4,-50.9041415750368
2025-04-01 04:40:00,1,-95.1056516295155
2025-04-01 04:40:10,2,-80.2817475191118
2025-04-01 04:40:20,3,-57.0713567684427
2025-04-01 04:40:30,4,-27.8991106039227
2025-04-01 04:40:40,1,-84.432792550201
2025-04-01 04:40:50,2,-62.9320391049844
2025-04-01 04:41:00,3,-34.8572047321812
2025-04-01 04:41:10,4,-3.1410759078127
2025-04-01 04:41:20,1,-68.4547105928683
2025-04-01 04:41:30,2,-41.628079226041
2025-04-01 04:41:40,3,-10.4528463267651
2025-04-01 04:41:50,4,21.8143241396542
2025-04-01 04:42:00,1,-48.175367410171
2025-04-01 04:42:10,2,-17.708474031958
2025-04-01 04:42:20,3,14.6083028562413
2025-04-01 04:42:30,4,45.3990499739545
2025-04-01 04:42:40,1,-24.8689887164851
2025-04-01 04:42:50,2,7.32381971276336
2025-04-01 04:43:00,3,38.7515586452103
2025-04-01 04:43:10,4,66.131186532365
2025-04-01 04:43:20,1,2.9416282405e-13
2025-04-01 04:43:30,2,31.895930929807
2025-04-01 04:43:40,3,60.4599114862385
2025-04-01 04:43:50,4,82.7080574274559
2025-04-01 04:44:00,1,24.8689887164856
2025-04-01 04:44:10,2,54.4639035015026
2025-04-01 04:44:20,3,78.3693457325846
2025-04-01 04:44:30,4,94.0880768954223
2025-04-01 04:44:40,1,48.1753674101715
2025-04-01 04:44:50,2,73.6097087119733
2025-04-01 04:45:00,3,91.3545457642605
2025-04-01 04:45:10,4,99.5561964603079
2025-04-01 04:45:20,1,68.4547105928688
2025-04-01 04:45:30,2,88.130345206499
2025-04-01 04:45:40,3,98.5996037070506
2025-04-01 04:45:50,4,98.7688340595137
2025-04-01 04:46:00,1,84.4327925502014
2025-04-01 04:46:10,2,97.1134279909635
2025-04-01 04:46:20,3,99.6492859249504
2025-04-01 04:46:30,4,91.7754625683979
2025-04-01 04:46:40,1,95.1056516295152
2025-04-01 04:46:50,2,99.9945169365512
2025-04-01 04:47:00,3,94.4376370237479
2025-04-01 04:47:10,4,79.0155012375689
2025-04-01 04:47:20,1,99.8026728428272
2025-04-01 04:47:30,2,96.592582628907
2025-04-01 04:47:40,3,83.2921240710097
2025-04-01 04:47:50,4,61.2907053652975
2025-04-01 04:48:00,1,98.2287250728687
2025-04-01 04:48:10,2,87.1213811120194
2025-04-01 04:48:20,3,66.9130606358857
2025-04-01 04:48:30,4,39.7147890634781
2025-04-01 04:48:40,1,90.4827052466017
2025-04-01 04:48:50,2,72.176022809836
2025-04-01 04:49:00,3,46.3296035119861
2025-04-01 04:49:10,4,15.6434465040232
2025-04-01 04:49:20,1,77.0513242775786
2025-04-01 04:49:30,2,52.6955795496676
2025-04-01 04:49:40,3,22.8350870110656
2025-04-01 04:49:50,4,-9.41083133185113
2025-04-01 04:50:00,1,58.7785252292471
2025-04-01 04:50:10,2,29.9040792256086
2025-04-01 04:50:20,3,-2.09424198833691
2025-04-01 04:50:30,4,-33.8737920245287
2025-04-01 04:50:40,1,36.8124552684677
2025-04-01 04:50:50,2,5.23359562429449
2025-04-01 04:51:00,3,-26.8919820615276
2025-04-01 04:51:10,4,-56.2083377852126
2025-04-01 04:51:20,1,12.5333233564304
2025-04-01 04:51:30,2,-19.7657340379124
2025-04-01 04:51:40,3,-50.0000000000008
2025-04-01 04:51:50,4,-75.0111069630455
2025-04-01 04:52:00,1,-12.5333233564303
2025-04-01 04:52:10,2,-43.5231099372324
2025-04-01 04:52:20,3,-69.9663340513371
2025-04-01 04:52:30,4,-89.100652418837
2025-04-01 04:52:40,1,-36.8124552684675
2025-04-01 04:52:50,2,-64.5457687723947
2025-04-01 04:53:00,3,-85.536426016051
2025-04-01 04:53:10,4,-97.5916761938748
2025-04-01 04:53:20,1,-58.778525229247
2025-04-01 04:53:30,2,-81.512779572855
2025-04-01 04:53:40,3,-95.7319497532069
2025-04-01 04:53:50,4,-99.9506560365732
2025-04-01 04:54:00,1,-77.0513242775795
2025-04-01 04:54:10,2,-93.3580426497199
2025-04-01 04:54:20,3,-99.9122830098859
2025-04-01 04:54:30,4,-96.0293685676943
2025-04-01 04:54:40,1,-90.4827052466023
2025-04-01 04:54:50,2,-99.3372765600395
2025-04-01 04:55:00,3,-97.8147600733805
2025-04-01 04:55:10,4,-86.0742027003944
2025-04-01 04:55:20,1,-98.228725072869
2025-04-01 04:55:30,2,-99.0747840471443
2025-04-01 04:55:40,3,-89.5711760239413
2025-04-01 04:55:50,4,-70.7106781186549
2025-04-01 04:56:00,1,-99.8026728428271
2025-04-01 04:56:10,2,-92.5870584809994
2025-04-01 04:56:20,3,-75.6995055651757
2025-04-01 04:56:30,4,-50.9041415750374
2025-04-01 04:56:40,1,-95.1056516295153
2025-04-01 04:56:50,2,-80.2817475191114
2025-04-01 04:57:00,3,-57.0713567684422
2025-04-01 04:57:10,4,-27.8991106039234
2025-04-01 04:57:20,1,-84.4327925502014
2025-04-01 04:57:30,2,-62.9320391049838
2025-04-01 04:57:40,3,-34.8572047321805
2025-04-01 04:57:50,4,-3.14107590781343
2025-04-01 04:58:00,1,-68.4547105928689
2025-04-01 04:58:10,2,-41.6280792260403
2025-04-01 04:58:20,3,-10.4528463267644
2025-04-01 04:58:30,4,21.8143241396549
2025-04-01 04:58:40,1,-48.1753674101717
2025-04-01 04:58:50,2,-17.7084740319587
2025-04-01 04:59:00,3,14.6083028562419
2025-04-01 04:59:10,4,45.3990499739552
2025-04-01 04:59:20,1,-24.8689887164858
2025-04-01 04:59:30,2,7.32381971276263
2025-04-01 04:59:40,3,38.7515586452109
2025-04-01 04:59:50,4,66.1311865323655
2025-04-01 05:00:00,1,-4.40872847693047e-13
2025-04-01 05:00:10,2,31.8959309298063
2025-04-01 05:00:20,3,60.4599114862379
2025-04-01 05:00:30,4,82.7080574274563
2025-04-01 05:00:40,1,24.8689887164863
2025-04-01 05:00:50,2,54.463903501502
2025-04-01 05:01:00,3,78.3693457325842
2025-04-01 05:01:10,4,94.0880768954226
2025-04-01 05:01:20,1,48.1753674101721
2025-04-01 05:01:30,2,73.6097087119728
2025-04-01 05:01:40,3,91.3545457642602
2025-04-01 05:01:50,4,99.556196460308
2025-04-01 05:02:00,1,68.4547105928693
2025-04-01 05:02:10,2,88.1303452064994
2025-04-01 05:02:20,3,98.5996037070505
2025-04-01 05:02:30,4,98.7688340595138
2025-04-01 05:02:40,1,84.4327925502017
2025-04-01 05:02:50,2,97.1134279909636
2025-04-01 05:03:00,3,99.6492859249504
2025-04-01 05:03:10,4,91.7754625683983
2025-04-01 05:03:20,1,95.1056516295154
2025-04-01 05:03:30,2,99.9945169365512
2025-04-01 05:03:40,3,94.4376370237477
2025-04-01 05:03:50,4,79.0155012375693
2025-04-01 05:04:00,1,99.8026728428272
2025-04-01 05:04:10,2,96.5925826289069
2025-04-01 05:04:20,3,83.2921240710094
2025-04-01 05:04:30,4,61.2907053652981
2025-04-01 05:04:40,1,98.2287250728689
2025-04-01 05:04:50,2,87.1213811120191
2025-04-01 05:05:00,3,66.9130606358851
2025-04-01 05:05:10,4,39.7147890634775
2025-04-01 05:05:20,1,90.482705246602
2025-04-01 05:05:30,2,72.1760228098365
2025-04-01 05:05:40,3,46.3296035119855
2025-04-01 05:05:50,4,15.6434465040226
2025-04-01 05:06:00,1,77.0513242775791
2025-04-01 05:06:10,2,52.6955795496682
2025-04-01 05:06:20,3,22.835087011065
2025-04-01 05:06:30,4,-9.41083133185181
2025-04-01 05:06:40,1,58.7785252292477
2025-04-01 05:06:50,2,29.9040792256093
2025-04-01 05:07:00,3,-2.09424198833618
2025-04-01 05:07:10,4,-33.8737920245294
2025-04-01 05:07:20,1,36.812455268467
2025-04-01 05:07:30,2,5.23359562429522
2025-04-01 05:07:40,3,-26.8919820615269
2025-04-01 05:07:50,4,-56.2083377852131
2025-04-01 05:08:00,1,12.5333233564297
2025-04-01 05:08:10,2,-19.7657340379117
2025-04-01 05:08:20,3,-50.0000000000002
2025-04-01 05:08:30,4,-75.0111069630459
2025-04-01 05:08:40,1,-12.533323356431
2025-04-01 05:08:50,2,-43.523109937233
2025-04-01 05:09:00,3,-69.9663340513366
2025-04-01 05:09:10,4,-89.1006524188367
2025-04-01 05:09:20,1,-36.8124552684682
2025-04-01 05:09:30,2,-64.5457687723952
2025-04-01 05:09:40,3,-85.5364260160506
2025-04-01 05:09:50,4,-97.5916761938747
2025-04-01 05:10:00,1,-58.7785252292475
2025-04-01 05:10:10,2,-81.5127795728554
2025-04-01 05:10:20,3,-95.7319497532071
2025-04-01 05:10:30,4,-99.9506560365732
2025-04-01 05:10:40,1,-77.051324277579
2025-04-01 05:10:50,2,-93.3580426497201
2025-04-01 05:11:00,3,-99.9122830098859
2025-04-01 05:11:10,4,-96.0293685676945
2025-04-01 05:11:20,1,-90.4827052466019
2025-04-01 05:11:30,2,-99.3372765600396
2025-04-01 05:11:40,3,-97.8147600733804
2025-04-01 05:11:50,4,-86.074202700394
2025-04-01 05:12:00,1,-98.2287250728688
2025-04-01 05:12:10,2,-99.0747840471444
2025-04-01 05:12:20,3,-89.571176023941
2025-04-01 05:12:30,4,-70.7106781186544
2025-04-01 05:12:40,1,-99.8026728428272
2025-04-01 05:12:50,2,-92.5870584809997
2025-04-01 05:13:00,3,-75.6995055651752
2025-04-01 05:13:10,4,-50.9041415750368
2025-04-01 05:13:20,1,-95.1056516295151
2025-04-01 05:13:30,2,-80.2817475191119
2025-04-01 05:13:40,3,-57.0713567684428
2025-04-01 05:13:50,4,-27.8991106039227
2025-04-01 05:14:00,1,-84.4327925502011
2025-04-01 05:14:10,2,-62.9320391049844
2025-04-01 05:14:20,3,-34.8572047321812
2025-04-01 05:14:30,4,-3.14107590781274
2025-04-01 05:14:40,1,-68.4547105928684
2025-04-01 05:14:50,2,-41.628079226041
2025-04-01 05:15:00,3,-10.4528463267652
2025-04-01 05:15:10,4,21.8143241396542
2025-04-01 05:15:20,1,-48.1753674101711
2025-04-01 05:15:30,2,-17.708474031958
2025-04-01 05:15:40,3,14.6083028562412
2025-04-01 05:15:50,4,45.3990499739545
2025-04-01 05:16:00,1,-24.8689887164851
2025-04-01 05:16:10,2,7.32381971276331
2025-04-01 05:16:20,3,38.7515586452102
2025-04-01 05:16:30,4,66.1311865323649
2025-04-01 05:16:40,1,2.45176952084106e-13
2025-04-01 05:16:50,2,31.895930929807
2025-04-01 05:17:00,3,60.4599114862384
2025-04-01 05:17:10,4,82.7080574274559
2025-04-01 05:17:20,1,24.8689887164856
2025-04-01 05:17:30,2,54.4639035015026
2025-04-01 05:17:40,3,78.3693457325846
2025-04-01 05:17:50,4,94.0880768954223
2025-04-01 05:18:00,1,48.1753674101715
2025-04-01 05:18:10,2,73.6097087119732
2025-04-01 05:18:20,3,91.3545457642605
2025-04-01 05:18:30,4,99.5561964603081
2025-04-01 05:18:40,1,68.4547105928687
2025-04-01 05:18:50,2,88.130345206499
2025-04-01 05:19:00,3,98.5996037070506
2025-04-01 05:19:10,4,98.7688340595137
2025-04-01 05:19:20,1,84.4327925502013
2025-04-01 05:19:30,2,97.1134279909635
2025-04-01 05:19:40,3,99.6492859249504
2025-04-01 05:19:50,4,91.775462568398
2025-04-01 05:20:00,1,95.1056516295156
2025-04-01 05:20:10,2,99.9945169365512
2025-04-01 05:20:20,3,94.437637023748
2025-04-01 05:20:30,4,79.0155012375689
2025-04-01 05:20:40,1,99.8026728428272
2025-04-01 05:20:50,2,96.5925826289071
2025-04-01 05:21:00,3,83.2921240710098
2025-04-01 05:21:10,4,61.2907053652976
2025-04-01 05:21:20,1,98.2287250728687
2025-04-01 05:21:30,2,87.1213811120194
2025-04-01 05:21:40,3,66.9130606358857
2025-04-01 05:21:50,4,39.7147890634781
2025-04-01 05:22:00,1,90.4827052466017
2025-04-01 05:22:10,2,72.176022809836
2025-04-01 05:22:20,3,46.3296035119861
2025-04-01 05:22:30,4,15.6434465040233
2025-04-01 05:22:40,1,77.0513242775787
2025-04-01 05:22:50,2,52.6955795496676
2025-04-01 05:23:00,3,22.8350870110657
2025-04-01 05:23:10,4,-9.41083133185108
2025-04-01 05:23:20,1,58.7785252292471
2025-04-01 05:23:30,2,29.9040792256087
2025-04-01 05:23:40,3,-2.09424198833686
2025-04-01 05:23:50,4,-33.8737920245287
2025-04-01 05:24:00,1,36.8124552684677
2025-04-01 05:24:10,2,5.23359562429453
2025-04-01 05:24:20,3,-26.8919820615276
2025-04-01 05:24:30,4,-56.2083377852125
2025-04-01 05:24:40,1,12.5333233564305
2025-04-01 05:24:50,2,-19.7657340379123
2025-04-01 05:25:00,3,-50.0000000000008
2025-04-01 05:25:10,4,-75.0111069630464
2025-04-01 05:25:20,1,-12.5333233564302
2025-04-01 05:25:30,2,-43.5231099372324
2025-04-01 05:25:40,3,-69.9663340513371
2025-04-01 05:25:50,4,-89.100652418837
2025-04-01 05:26:00,1,-36.8124552684675
2025-04-01 05:26:10,2,-64.5457687723946
2025-04-01 05:26:20,3,-85.536426016051
2025-04-01 05:26:30,4,-97.5916761938748
2025-04-01 05:26:40,1,-58.7785252292481
2025-04-01 05:26:50,2,-81.512779572855
2025-04-01 05:27:00,3,-95.7319497532069
2025-04-01 05:27:10,4,-99.9506560365732
2025-04-01 05:27:20,1,-77.0513242775794
2025-04-01 05:27:30,2,-93.3580426497199
2025-04-01 05:27:40,3,-99.9122830098859
2025-04-01 05:27:50,4,-96.0293685676943
2025-04-01 05:28:00,1,-90.4827052466022
2025-04-01 05:28:10,2,-99.3372765600397
2025-04-01 05:28:20,3,-97.8147600733805
2025-04-01 05:28:30,4,-86.0742027003944
2025-04-01 05:28:40,1,-98.228725072869
2025-04-01 05:28:50,2,-99.0747840471443
2025-04-01 05:29:00,3,-89.5711760239413
2025-04-01 05:29:10,4,-70.7106781186549
2025-04-01 05:29:20,1,-99.8026728428271
2025-04-01 05:29:30,2,-92.5870584809994
2025-04-01 05:29:40,3,-75.6995055651757
2025-04-01 05:29:50,4,-50.9041415750374
2025-04-01 05:30:00,1,-95.1056516295153
2025-04-01 05:30:10,2,-80.2817475191115
2025-04-01 05:30:20,3,-57.0713567684422
2025-04-01 05:30:30,4,-27.8991106039234
2025-04-01 05:30:40,1,-84.4327925502015
2025-04-01 05:30:50,2,-62.9320391049839
2025-04-01 05:31:00,3,-34.8572047321806
2025-04-01 05:31:10,4,-3.14107590781348
2025-04-01 05:31:20,1,-68.4547105928689
2025-04-01 05:31:30,2,-41.6280792260404
2025-04-01 05:31:40,3,-10.4528463267645
2025-04-01 05:31:50,4,21.8143241396549
2025-04-01 05:32:00,1,-48.1753674101717
2025-04-01 05:32:10,2,-17.7084740319588
2025-04-01 05:32:20,3,14.6083028562419
2025-04-01 05:32:30,4,45.3990499739551
2025-04-01 05:32:40,1,-24.8689887164858
2025-04-01 05:32:50,2,7.32381971276258
2025-04-01 05:33:00,3,38.7515586452108
2025-04-01 05:33:10,4,66.1311865323654
2025-04-01 05:33:20,1,9.31226751861259e-13
2025-04-01 05:33:30,2,31.8959309298063
2025-04-01 05:33:40,3,60.4599114862378
2025-04-01 05:33:50,4,82.7080574274563
2025-04-01 05:34:00,1,24.8689887164862
2025-04-01 05:34:10,2,54.463903501502
2025-04-01 05:34:20,3,78.3693457325842
2025-04-01 05:34:30,4,94.0880768954226
2025-04-01 05:34:40,1,48.1753674101721
2025-04-01 05:34:50,2,73.6097087119737
2025-04-01 05:35:00,3,91.3545457642602
2025-04-01 05:35:10,4,99.556196460308
2025-04-01 05:35:20,1,68.4547105928692
2025-04-01 05:35:30,2,88.1303452064993
2025-04-01 05:35:40,3,98.5996037070505
2025-04-01 05:35:50,4,98.7688340595138
2025-04-01 05:36:00,1,84.4327925502017
2025-04-01 05:36:10,2,97.1134279909636
2025-04-01 05:36:20,3,99.6492859249504
2025-04-01 05:36:30,4,91.7754625683983
2025-04-01 05:36:40,1,95.1056516295154
2025-04-01 05:36:50,2,99.9945169365512
2025-04-01 05:37:00,3,94.4376370237477
2025-04-01 05:37:10,4,79.0155012375694
2025-04-01 05:37:20,1,99.8026728428271
2025-04-01 05:37:30,2,96.5925826289069
2025-04-01 05:37:40,3,83.2921240710094
2025-04-01 05:37:50,4,61.2907053652982
2025-04-01 05:38:00,1,98.2287250728689
2025-04-01 05:38:10,2,87.1213811120191
2025-04-01 05:38:20,3,66.9130606358862
2025-04-01 05:38:30,4,39.7147890634775
2025-04-01 05:38:40,1,90.4827052466021
2025-04-01 05:38:50,2,72.1760228098365
2025-04-01 05:39:00,3,46.3296035119855
2025-04-01 05:39:10,4,15.6434465040212
2025-04-01 05:39:20,1,77.0513242775791
2025-04-01 05:39:30,2,52.6955795496671
2025-04-01 05:39:40,3,22.8350870110664
2025-04-01 05:39:50,4,-9.41083133185176
2025-04-01 05:40:00,1,58.7785252292466
2025-04-01 05:40:10,2,29.9040792256067
2025-04-01 05:40:20,3,-2.09424198833613
2025-04-01 05:40:30,4,-33.873792024528
2025-04-01 05:40:40,1,36.8124552684684
2025-04-01 05:40:50,2,5.23359562429385
2025-04-01 05:41:00,3,-26.8919820615255
2025-04-01 05:41:10,4,-56.2083377852131
2025-04-01 05:41:20,1,12.5333233564298
2025-04-01 05:41:30,2,-19.7657340379144
2025-04-01 05:41:40,3,-50.0000000000001
2025-04-01 05:41:50,4,-75.0111069630468
2025-04-01 05:42:00,1,-12.5333233564295
2025-04-01 05:42:10,2,-43.523109937233
2025-04-01 05:42:20,3,-69.9663340513355
2025-04-01 05:42:30,4,-89.1006524188367
2025-04-01 05:42:40,1,-36.8124552684681
2025-04-01 05:42:50,2,-64.5457687723962
2025-04-01 05:43:00,3,-85.5364260160506
2025-04-01 05:43:10,4,-97.591676193875
2025-04-01 05:43:20,1,-58.7785252292486
2025-04-01 05:43:30,2,-81.5127795728554
2025-04-01 05:43:40,3,-95.7319497532062
2025-04-01 05:43:50,4,-99.9506560365732
2025-04-01 05:44:00,1,-77.051324277579
2025-04-01 05:44:10,2,-93.3580426497206
2025-04-01 05:44:20,3,-99.9122830098858
2025-04-01 05:44:30,4,-96.0293685676941
2025-04-01 05:44:40,1,-90.4827052466025
2025-04-01 05:44:50,2,-99.3372765600399
2025-04-01 05:45:00,3,-97.814760073381
2025-04-01 05:45:10,4,-86.0742027003948
2025-04-01 05:45:20,1,-98.2287250728688
2025-04-01 05:45:30,2,-99.0747840471442
2025-04-01 05:45:40,3,-89.5711760239416
2025-04-01 05:45:50,4,-70.7106781186544
2025-04-01 05:46:00,1,-99.8026728428271
2025-04-01 05:46:10,2,-92.5870584809986
2025-04-01 05:46:20,3,-75.6995055651753
2025-04-01 05:46:30,4,-50.9041415750381
2025-04-01 05:46:40,1,-95.1056516295155
2025-04-01 05:46:50,2,-80.2817475191111
2025-04-01 05:47:00,3,-57.071356768444
2025-04-01 05:47:10,4,-27.8991106039228
2025-04-01 05:47:20,1,-84.4327925502011
2025-04-01 05:47:30,2,-62.9320391049822
2025-04-01 05:47:40,3,-34.8572047321813
2025-04-01 05:47:50,4,-3.14107590781421
2025-04-01 05:48:00,1,-68.4547105928694
2025-04-01 05:48:10,2,-41.6280792260398
2025-04-01 05:48:20,3,-10.4528463267666
2025-04-01 05:48:30,4,21.8143241396542
2025-04-01 05:48:40,1,-48.1753674101711
2025-04-01 05:48:50,2,-17.7084740319567
2025-04-01 05:49:00,3,14.6083028562412
2025-04-01 05:49:10,4,45.3990499739557
2025-04-01 05:49:20,1,-24.8689887164865
2025-04-01 05:49:30,2,7.32381971276326
2025-04-01 05:49:40,3,38.7515586452089
2025-04-01 05:49:50,4,66.1311865323649
2025-04-01 05:50:00,1,1.96191080118212e-13
2025-04-01 05:50:10,2,31.8959309298083
2025-04-01 05:50:20,3,60.4599114862373
2025-04-01 05:50:30,4,82.7080574274567
2025-04-01 05:50:40,1,24.8689887164869
2025-04-01 05:50:50,2,54.4639035015025
2025-04-01 05:51:00,3,78.3693457325828
2025-04-01 05:51:10,4,94.0880768954223
2025-04-01 05:51:20,1,48.1753674101714
2025-04-01 05:51:30,2,73.6097087119742
2025-04-01 05:51:40,3,91.3545457642599
2025-04-01 05:51:50,4,99.5561964603081
2025-04-01 05:52:00,1,68.4547105928697
2025-04-01 05:52:10,2,88.1303452065003
2025-04-01 05:52:20,3,98.5996037070501
2025-04-01 05:52:30,4,98.7688340595139
2025-04-01 05:52:40,1,84.4327925502013
2025-04-01 05:52:50,2,97.1134279909638
2025-04-01 05:53:00,3,99.6492859249505
2025-04-01 05:53:10,4,91.775462568398
2025-04-01 05:53:20,1,95.1056516295156
2025-04-01 05:53:30,2,99.9945169365512
2025-04-01 05:53:40,3,94.437637023748
2025-04-01 05:53:50,4,79.0155012375698
2025-04-01 05:54:00,1,99.8026728428271
2025-04-01 05:54:10,2,96.5925826289067
2025-04-01 05:54:20,3,83.2921240710106
2025-04-01 05:54:30,4,61.2907053652976
2025-04-01 05:54:40,1,98.2287250728688
2025-04-01 05:54:50,2,87.1213811120181
2025-04-01 05:55:00,3,66.9130606358857
2025-04-01 05:55:10,4,39.7147890634769
2025-04-01 05:55:20,1,90.4827052466024
2025-04-01 05:55:30,2,72.1760228098361
2025-04-01 05:55:40,3,46.3296035119874
2025-04-01 05:55:50,4,15.6434465040233
2025-04-01 05:56:00,1,77.0513242775787
2025-04-01 05:56:10,2,52.6955795496665
2025-04-01 05:56:20,3,22.8350870110657
2025-04-01 05:56:30,4,-9.41083133185245
2025-04-01 05:56:40,1,58.778525229246
2025-04-01 05:56:50,2,29.9040792256087
2025-04-01 05:57:00,3,-2.09424198833397
2025-04-01 05:57:10,4,-33.8737920245286
2025-04-01 05:57:20,1,36.8124552684678
2025-04-01 05:57:30,2,5.23359562429316
2025-04-01 05:57:40,3,-26.8919820615261
2025-04-01 05:57:50,4,-56.2083377852137
2025-04-01 05:58:00,1,12.5333233564291
2025-04-01 05:58:10,2,-19.7657340379151
2025-04-01 05:58:20,3,-49.9999999999983
2025-04-01 05:58:30,4,-75.0111069630454
2025-04-01 05:58:40,1,-12.5333233564302
2025-04-01 05:58:50,2,-43.5231099372336
2025-04-01 05:59:00,3,-69.966334051336
2025-04-01 05:59:10,4,-89.100652418837
2025-04-01 05:59:20,1,-36.8124552684688
2025-04-01 05:59:30,2,-64.5457687723968
2025-04-01 05:59:40,3,-85.536426016051
2025-04-01 05:59:50,4,-97.5916761938745
2025-04-01 06:00:00,1,-58.7785252292469
2025-04-01 06:00:10,2,-81.5127795728558
2025-04-01 06:00:20,3,-95.7319497532064
2025-04-01 06:00:30,4,-99.9506560365732
2025-04-01 06:00:40,1,-77.0513242775794
2025-04-01 06:00:50,2,-93.3580426497209
2025-04-01 06:01:00,3,-99.9122830098859
2025-04-01 06:01:10,4,-96.0293685676939
2025-04-01 06:01:20,1,-90.4827052466016
2025-04-01 06:01:30,2,-99.3372765600397
2025-04-01 06:01:40,3,-97.8147600733808
2025-04-01 06:01:50,4,-86.0742027003944
2025-04-01 06:02:00,1,-98.228725072869
2025-04-01 06:02:10,2,-99.0747840471441
2025-04-01 06:02:20,3,-89.5711760239413
2025-04-01 06:02:30,4,-70.7106781186539
2025-04-01 06:02:40,1,-99.8026728428272
2025-04-01 06:02:50,2,-92.5870584809994
2025-04-01 06:03:00,3,-75.6995055651767
2025-04-01 06:03:10,4,-50.9041415750375
2025-04-01 06:03:20,1,-95.1056516295153
2025-04-01 06:03:30,2,-80.2817475191107
2025-04-01 06:03:40,3,-57.0713567684434
2025-04-01 06:03:50,4,-27.8991106039221
2025-04-01 06:04:00,1,-84.4327925502007
2025-04-01 06:04:10,2,-62.9320391049839
2025-04-01 06:04:20,3,-34.8572047321833
2025-04-01 06:04:30,4,-3.14107590781353
2025-04-01 06:04:40,1,-68.4547105928689
2025-04-01 06:04:50,2,-41.6280792260391
2025-04-01 06:05:00,3,-10.4528463267659
2025-04-01 06:05:10,4,21.8143241396548
2025-04-01 06:05:20,1,-48.1753674101705
2025-04-01 06:05:30,2,-17.708474031956
2025-04-01 06:05:40,3,14.608302856239
2025-04-01 06:05:50,4,45.3990499739538
2025-04-01 06:06:00,1,-24.8689887164859
2025-04-01 06:06:10,2,7.32381971276395
2025-04-01 06:06:20,3,38.7515586452095
2025-04-01 06:06:30,4,66.1311865323654
2025-04-01 06:06:40,1,8.82240879895365e-13
2025-04-01 06:06:50,2,31.8959309298089
2025-04-01 06:07:00,3,60.4599114862378
2025-04-01 06:07:10,4,82.7080574274555
2025-04-01 06:07:20,1,24.8689887164848
2025-04-01 06:07:30,2,54.4639035015031
2025-04-01 06:07:40,3,78.3693457325833
2025-04-01 06:07:50,4,94.0880768954225
2025-04-01 06:08:00,1,48.1753674101721
2025-04-01 06:08:10,2,73.6097087119746
2025-04-01 06:08:20,3,91.3545457642601
2025-04-01 06:08:30,4,99.5561964603081
2025-04-01 06:08:40,1,68.4547105928682
2025-04-01 06:08:50,2,88.1303452064993
2025-04-01 06:09:00,3,98.5996037070502
2025-04-01 06:09:10,4,98.7688340595138
2025-04-01 06:09:20,1,84.4327925502017
2025-04-01 06:09:30,2,97.113427990964
2025-04-01 06:09:40,3,99.6492859249504
2025-04-01 06:09:50,4,91.7754625683977
2025-04-01 06:10:00,1,95.1056516295158
2025-04-01 06:10:10,2,99.9945169365512
2025-04-01 06:10:20,3,94.4376370237487
2025-04-01 06:10:30,4,79.0155012375694
2025-04-01 06:10:40,1,99.8026728428271
2025-04-01 06:10:50,2,96.5925826289065
2025-04-01 06:11:00,3,83.2921240710102
2025-04-01 06:11:10,4,61.2907053652971
2025-04-01 06:11:20,1,98.2287250728686
2025-04-01 06:11:30,2,87.1213811120177
2025-04-01 06:11:40,3,66.9130606358873
2025-04-01 06:11:50,4,39.7147890634788
2025-04-01 06:12:00,1,90.4827052466021
2025-04-01 06:12:10,2,72.1760228098356
2025-04-01 06:12:20,3,46.3296035119868
2025-04-01 06:12:30,4,15.6434465040227
2025-04-01 06:12:40,1,77.0513242775783
2025-04-01 06:12:50,2,52.6955795496659
2025-04-01 06:13:00,3,22.8350870110651
2025-04-01 06:13:10,4,-9.4108313318503
2025-04-01 06:13:20,1,58.7785252292478
2025-04-01 06:13:30,2,29.9040792256081
2025-04-01 06:13:40,3,-2.09424198833466
2025-04-01 06:13:50,4,-33.8737920245293
2025-04-01 06:14:00,1,36.8124552684671
2025-04-01 06:14:10,2,5.23359562429248
2025-04-01 06:14:20,3,-26.8919820615268
2025-04-01 06:14:30,4,-56.2083377852142
2025-04-01 06:14:40,1,12.5333233564313
2025-04-01 06:14:50,2,-19.765734037913
2025-04-01 06:15:00,3,-49.9999999999989
2025-04-01 06:15:10,4,-75.0111069630459
2025-04-01 06:15:20,1,-12.5333233564309
2025-04-01 06:15:30,2,-43.5231099372342
2025-04-01 06:15:40,3,-69.9663340513365
2025-04-01 06:15:50,4,-89.1006524188373
2025-04-01 06:16:00,1,-36.8124552684694
2025-04-01 06:16:10,2,-64.5457687723951
2025-04-01 06:16:20,3,-85.5364260160498
2025-04-01 06:16:30,4,-97.5916761938746
2025-04-01 06:16:40,1,-58.7785252292474
2025-04-01 06:16:50,2,-81.5127795728562
2025-04-01 06:17:00,3,-95.7319497532066
2025-04-01 06:17:10,4,-99.9506560365731
2025-04-01 06:17:20,1,-77.0513242775798
2025-04-01 06:17:30,2,-93.3580426497201
2025-04-01 06:17:40,3,-99.9122830098858
2025-04-01 06:17:50,4,-96.0293685676945
2025-04-01 06:18:00,1,-90.4827052466019
2025-04-01 06:18:10,2,-99.3372765600398
2025-04-01 06:18:20,3,-97.8147600733807
2025-04-01 06:18:30,4,-86.0742027003941
2025-04-01 06:18:40,1,-98.2287250728691
2025-04-01 06:18:50,2,-99.074784047144
2025-04-01 06:19:00,3,-89.5711760239423
2025-04-01 06:19:10,4,-70.7106781186555
2025-04-01 06:19:20,1,-99.8026728428272
2025-04-01 06:19:30,2,-92.5870584809992
2025-04-01 06:19:40,3,-75.6995055651762
2025-04-01 06:19:50,4,-50.9041415750369
2025-04-01 06:20:00,1,-95.1056516295151
2025-04-01 06:20:10,2,-80.2817475191102
2025-04-01 06:20:20,3,-57.0713567684429
2025-04-01 06:20:30,4,-27.8991106039242
2025-04-01 06:20:40,1,-84.4327925502019
2025-04-01 06:20:50,2,-62.9320391049834
2025-04-01 06:21:00,3,-34.8572047321826
2025-04-01 06:21:10,4,-3.14107590781284
2025-04-01 06:21:20,1,-68.4547105928685
2025-04-01 06:21:30,2,-41.6280792260385
2025-04-01 06:21:40,3,-10.4528463267653
2025-04-01 06:21:50,4,21.8143241396555
2025-04-01 06:22:00,1,-48.1753674101724
2025-04-01 06:22:10,2,-17.7084740319581
2025-04-01 06:22:20,3,14.6083028562397
2025-04-01 06:22:30,4,45.3990499739544
2025-04-01 06:22:40,1,-24.8689887164852
2025-04-01 06:22:50,2,7.32381971276463
2025-04-01 06:23:00,3,38.7515586452101
2025-04-01 06:23:10,4,66.1311865323659
2025-04-01 06:23:20,1,1.56829067967252e-12
2025-04-01 06:23:30,2,31.8959309298069
2025-04-01 06:23:40,3,60.4599114862361
2025-04-01 06:23:50,4,82.7080574274559
2025-04-01 06:24:00,1,24.8689887164855
2025-04-01 06:24:10,2,54.4639035015037
2025-04-01 06:24:20,3,78.3693457325837
2025-04-01 06:24:30,4,94.0880768954228
2025-04-01 06:24:40,1,48.1753674101727
2025-04-01 06:24:50,2,73.6097087119751
2025-04-01 06:25:00,3,91.3545457642593
2025-04-01 06:25:10,4,99.5561964603079
2025-04-01 06:25:20,1,68.4547105928687
2025-04-01 06:25:30,2,88.1303452064997
2025-04-01 06:25:40,3,98.5996037070504
2025-04-01 06:25:50,4,98.7688340595137
2025-04-01 06:26:00,1,84.432792550202
2025-04-01 06:26:10,2,97.1134279909641
2025-04-01 06:26:20,3,99.6492859249504
2025-04-01 06:26:30,4,91.7754625683986
2025-04-01 06:26:40,1,95.1056516295152
2025-04-01 06:26:50,2,99.9945169365512
2025-04-01 06:27:00,3,94.4376370237485
2025-04-01 06:27:10,4,79.015501237569
2025-04-01 06:27:20,1,99.8026728428272
2025-04-01 06:27:30,2,96.5925826289063
2025-04-01 06:27:40,3,83.2921240710098
2025-04-01 06:27:50,4,61.2907053652965
2025-04-01 06:28:00,1,98.228725072869
2025-04-01 06:28:10,2,87.1213811120188
2025-04-01 06:28:20,3,66.9130606358868
2025-04-01 06:28:30,4,39.7147890634782
2025-04-01 06:28:40,1,90.4827052466018
2025-04-01 06:28:50,2,72.1760228098351
2025-04-01 06:29:00,3,46.3296035119862
2025-04-01 06:29:10,4,15.643446504022
2025-04-01 06:29:20,1,77.0513242775778
2025-04-01 06:29:30,2,52.6955795496677
2025-04-01 06:29:40,3,22.8350870110672
2025-04-01 06:29:50,4,-9.41083133185098
2025-04-01 06:30:00,1,58.7785252292472
2025-04-01 06:30:10,2,29.9040792256074
2025-04-01 06:30:20,3,-2.09424198833535
2025-04-01 06:30:30,4,-33.8737920245299
2025-04-01 06:30:40,1,36.8124552684665
2025-04-01 06:30:50,2,5.23359562429179
2025-04-01 06:31:00,3,-26.8919820615247
2025-04-01 06:31:10,4,-56.2083377852124
2025-04-01 06:31:20,1,12.5333233564306
2025-04-01 06:31:30,2,-19.7657340379136
2025-04-01 06:31:40,3,-49.9999999999995
2025-04-01 06:31:50,4,-75.0111069630463
2025-04-01 06:32:00,1,-12.5333233564315
2025-04-01 06:32:10,2,-43.5231099372348
2025-04-01 06:32:20,3,-69.966334051335
2025-04-01 06:32:30,4,-89.1006524188363
2025-04-01 06:32:40,1,-36.8124552684674
2025-04-01 06:32:50,2,-64.5457687723956
2025-04-01 06:33:00,3,-85.5364260160502
2025-04-01 06:33:10,4,-97.5916761938748
2025-04-01 06:33:20,1,-58.778525229248
2025-04-01 06:33:30,2,-81.5127795728566
2025-04-01 06:33:40,3,-95.7319497532068
2025-04-01 06:33:50,4,-99.9506560365732
2025-04-01 06:34:00,1,-77.0513242775785
2025-04-01 06:34:10,2,-93.3580426497203
2025-04-01 06:34:20,3,-99.9122830098858
2025-04-01 06:34:30,4,-96.0293685676943
2025-04-01 06:34:40,1,-90.4827052466022
2025-04-01 06:34:50,2,-99.3372765600398
2025-04-01 06:35:00,3,-97.8147600733805
2025-04-01 06:35:10,4,-86.0742027003937
2025-04-01 06:35:20,1,-98.2287250728687
2025-04-01 06:35:30,2,-99.0747840471443
2025-04-01 06:35:40,3,-89.5711760239419
2025-04-01 06:35:50,4,-70.710678118655
2025-04-01 06:36:00,1,-99.8026728428271
2025-04-01 06:36:10,2,-92.5870584809989
2025-04-01 06:36:20,3,-75.6995055651758
2025-04-01 06:36:30,4,-50.9041415750363
2025-04-01 06:36:40,1,-95.1056516295149
2025-04-01 06:36:50,2,-80.2817475191115
2025-04-01 06:37:00,3,-57.0713567684446
2025-04-01 06:37:10,4,-27.8991106039235
2025-04-01 06:37:20,1,-84.4327925502015
2025-04-01 06:37:30,2,-62.9320391049828
2025-04-01 06:37:40,3,-34.857204732182
2025-04-01 06:37:50,4,-3.14107590781216
2025-04-01 06:38:00,1,-68.4547105928679
2025-04-01 06:38:10,2,-41.6280792260379
2025-04-01 06:38:20,3,-10.4528463267674
2025-04-01 06:38:30,4,21.8143241396534
2025-04-01 06:38:40,1,-48.1753674101718
2025-04-01 06:38:50,2,-17.7084740319575
2025-04-01 06:39:00,3,14.6083028562404
2025-04-01 06:39:10,4,45.399049973955
2025-04-01 06:39:20,1,-24.8689887164845
2025-04-01 06:39:30,2,7.32381971276532
2025-04-01 06:39:40,3,38.7515586452107
2025-04-01 06:39:50,4,66.1311865323643
2025-04-01 06:40:00,1,-5.8783046359073e-13
2025-04-01 06:40:10,2,31.8959309298076
2025-04-01 06:40:20,3,60.4599114862366
2025-04-01 06:40:30,4,82.7080574274562
2025-04-01 06:40:40,1,24.8689887164861
2025-04-01 06:40:50,2,54.4639035015043
2025-04-01 06:41:00,3,78.3693457325841
2025-04-01 06:41:10,4,94.088076895423
2025-04-01 06:41:20,1,48.1753674101708
2025-04-01 06:41:30,2,73.6097087119736
2025-04-01 06:41:40,3,91.3545457642595
2025-04-01 06:41:50,4,99.556196460308
2025-04-01 06:42:00,1,68.4547105928692
2025-04-01 06:42:10,2,88.1303452065
2025-04-01 06:42:20,3,98.5996037070505
2025-04-01 06:42:30,4,98.7688340595136
2025-04-01 06:42:40,1,84.4327925502024
2025-04-01 06:42:50,2,97.1134279909636
2025-04-01 06:43:00,3,99.6492859249506
2025-04-01 06:43:10,4,91.7754625683983
2025-04-01 06:43:20,1,95.1056516295154
2025-04-01 06:43:30,2,99.9945169365512
2025-04-01 06:43:40,3,94.4376370237482
2025-04-01 06:43:50,4,79.0155012375685
2025-04-01 06:44:00,1,99.8026728428272
2025-04-01 06:44:10,2,96.5925826289062
2025-04-01 06:44:20,3,83.292124071011
2025-04-01 06:44:30,4,61.2907053652983
2025-04-01 06:44:40,1,98.2287250728689
2025-04-01 06:44:50,2,87.1213811120185
2025-04-01 06:45:00,3,66.9130606358863
2025-04-01 06:45:10,4,39.7147890634776
2025-04-01 06:45:20,1,90.4827052466015
2025-04-01 06:45:30,2,72.1760228098346
2025-04-01 06:45:40,3,46.3296035119856
2025-04-01 06:45:50,4,15.6434465040241
2025-04-01 06:46:00,1,77.0513242775792
2025-04-01 06:46:10,2,52.6955795496671
2025-04-01 06:46:20,3,22.8350870110665
2025-04-01 06:46:30,4,-9.41083133185167
2025-04-01 06:46:40,1,58.7785252292466
2025-04-01 06:46:50,2,29.9040792256068
2025-04-01 06:47:00,3,-2.09424198833603
2025-04-01 06:47:10,4,-33.8737920245279
2025-04-01 06:47:20,1,36.8124552684685
2025-04-01 06:47:30,2,5.23359562429395
2025-04-01 06:47:40,3,-26.8919820615254
2025-04-01 06:47:50,4,-56.208337785213
2025-04-01 06:48:00,1,12.5333233564299
2025-04-01 06:48:10,2,-19.7657340379143
2025-04-01 06:48:20,3,-50
2025-04-01 06:48:30,4,-75.0111069630468
2025-04-01 06:48:40,1,-12.5333233564294
2025-04-01 06:48:50,2,-43.5231099372329
2025-04-01 06:49:00,3,-69.9663340513355
2025-04-01 06:49:10,4,-89.1006524188366
2025-04-01 06:49:20,1,-36.812455268468
2025-04-01 06:49:30,2,-64.5457687723961
2025-04-01 06:49:40,3,-85.5364260160505
2025-04-01 06:49:50,4,-97.5916761938749
2025-04-01 06:50:00,1,-58.7785252292485
2025-04-01 06:50:10,2,-81.5127795728553
2025-04-01 06:50:20,3,-95.7319497532062
2025-04-01 06:50:30,4,-99.9506560365732
2025-04-01 06:50:40,1,-77.0513242775789
2025-04-01 06:50:50,2,-93.3580426497206
2025-04-01 06:51:00,3,-99.9122830098858
2025-04-01 06:51:10,4,-96.0293685676941
2025-04-01 06:51:20,1,-90.4827052466025
2025-04-01 06:51:30,2,-99.3372765600399
2025-04-01 06:51:40,3,-97.814760073381
2025-04-01 06:51:50,4,-86.0742027003948
2025-04-01 06:52:00,1,-98.2287250728688
2025-04-01 06:52:10,2,-99.0747840471442
2025-04-01 06:52:20,3,-89.5711760239416
2025-04-01 06:52:30,4,-70.7106781186545
2025-04-01 06:52:40,1,-99.8026728428271
2025-04-01 06:52:50,2,-92.5870584809987
2025-04-01 06:53:00,3,-75.6995055651753
2025-04-01 06:53:10,4,-50.9041415750382
2025-04-01 06:53:20,1,-95.1056516295155
2025-04-01 06:53:30,2,-80.2817475191111
2025-04-01 06:53:40,3,-57.0713567684441
2025-04-01 06:53:50,4,-27.8991106039228
2025-04-01 06:54:00,1,-84.4327925502012
2025-04-01 06:54:10,2,-62.9320391049823
2025-04-01 06:54:20,3,-34.8572047321814
2025-04-01 06:54:30,4,-3.14107590781147
2025-04-01 06:54:40,1,-68.4547105928695
2025-04-01 06:54:50,2,-41.6280792260399
2025-04-01 06:55:00,3,-10.4528463267667
2025-04-01 06:55:10,4,21.8143241396541
2025-04-01 06:55:20,1,-48.1753674101712
2025-04-01 06:55:30,2,-17.7084740319568
2025-04-01 06:55:40,3,14.6083028562411
2025-04-01 06:55:50,4,45.3990499739556
2025-04-01 06:56:00,1,-24.8689887164839
2025-04-01 06:56:10,2,7.32381971276317
2025-04-01 06:56:20,3,38.7515586452088
2025-04-01 06:56:30,4,66.1311865323648
2025-04-01 06:56:40,1,9.82193361864236e-14
2025-04-01 06:56:50,2,31.8959309298082
2025-04-01 06:57:00,3,60.4599114862372
2025-04-01 06:57:10,4,82.7080574274566
2025-04-01 06:57:20,1,24.8689887164868
2025-04-01 06:57:30,2,54.4639035015049
2025-04-01 06:57:40,3,78.3693457325828
2025-04-01 06:57:50,4,94.0880768954223
2025-04-01 06:58:00,1,48.1753674101714
2025-04-01 06:58:10,2,73.6097087119741
2025-04-01 06:58:20,3,91.3545457642598
2025-04-01 06:58:30,4,99.556196460308
2025-04-01 06:58:40,1,68.4547105928697
2025-04-01 06:58:50,2,88.1303452065003
2025-04-01 06:59:00,3,98.5996037070506
2025-04-01 06:59:10,4,98.7688340595139
2025-04-01 06:59:20,1,84.4327925502013
2025-04-01 06:59:30,2,97.1134279909638
2025-04-01 06:59:40,3,99.6492859249505
2025-04-01 06:59:50,4,91.775462568398
2025-04-01 07:00:00,1,95.1056516295156
2025-04-01 07:00:10,2,99.9945169365512
2025-04-01 07:00:20,3,94.437637023748
2025-04-01 07:00:30,4,79.0155012375681
2025-04-01 07:00:40,1,99.8026728428271
2025-04-01 07:00:50,2,96.5925826289067
2025-04-01 07:01:00,3,83.2921240710106
2025-04-01 07:01:10,4,61.2907053652977
2025-04-01 07:01:20,1,98.2287250728688
2025-04-01 07:01:30,2,87.1213811120181
2025-04-01 07:01:40,3,66.9130606358858
2025-04-01 07:01:50,4,39.7147890634769
2025-04-01 07:02:00,1,90.4827052466024
2025-04-01 07:02:10,2,72.1760228098361
2025-04-01 07:02:20,3,46.3296035119875
2025-04-01 07:02:30,4,15.6434465040234
2025-04-01 07:02:40,1,77.0513242775788
2025-04-01 07:02:50,2,52.6955795496666
2025-04-01 07:03:00,3,22.8350870110658
2025-04-01 07:03:10,4,-9.41083133185235
2025-04-01 07:03:20,1,58.7785252292461
2025-04-01 07:03:30,2,29.9040792256088
2025-04-01 07:03:40,3,-2.09424198833388
2025-04-01 07:03:50,4,-33.8737920245285
2025-04-01 07:04:00,1,36.8124552684679
2025-04-01 07:04:10,2,5.23359562429326
2025-04-01 07:04:20,3,-26.891982061526
2025-04-01 07:04:30,4,-56.2083377852136
2025-04-01 07:04:40,1,12.5333233564292
2025-04-01 07:04:50,2,-19.765734037915
2025-04-01 07:05:00,3,-49.9999999999982
2025-04-01 07:05:10,4,-75.0111069630453
2025-04-01 07:05:20,1,-12.5333233564301
2025-04-01 07:05:30,2,-43.5231099372335
2025-04-01 07:05:40,3,-69.9663340513359
2025-04-01 07:05:50,4,-89.1006524188369
2025-04-01 07:06:00,1,-36.8124552684687
2025-04-01 07:06:10,2,-64.5457687723967
2025-04-01 07:06:20,3,-85.5364260160509
2025-04-01 07:06:30,4,-97.5916761938745
2025-04-01 07:06:40,1,-58.7785252292468
2025-04-01 07:06:50,2,-81.5127795728557
2025-04-01 07:07:00,3,-95.7319497532064
2025-04-01 07:07:10,4,-99.9506560365732
2025-04-01 07:07:20,1,-77.0513242775793
2025-04-01 07:07:30,2,-93.3580426497208
2025-04-01 07:07:40,3,-99.9122830098858
2025-04-01 07:07:50,4,-96.0293685676939
2025-04-01 07:08:00,1,-90.4827052466016
2025-04-01 07:08:10,2,-99.3372765600397
2025-04-01 07:08:20,3,-97.8147600733809
2025-04-01 07:08:30,4,-86.0742027003945
2025-04-01 07:08:40,1,-98.2287250728689
2025-04-01 07:08:50,2,-99.0747840471441
2025-04-01 07:09:00,3,-89.5711760239413
2025-04-01 07:09:10,4,-70.710678118654
2025-04-01 07:09:20,1,-99.8026728428271
2025-04-01 07:09:30,2,-92.5870584809995
2025-04-01 07:09:40,3,-75.6995055651768
2025-04-01 07:09:50,4,-50.9041415750376
2025-04-01 07:10:00,1,-95.1056516295153
2025-04-01 07:10:10,2,-80.2817475191107
2025-04-01 07:10:20,3,-57.0713567684435
2025-04-01 07:10:30,4,-27.8991106039222
2025-04-01 07:10:40,1,-84.4327925502008
2025-04-01 07:10:50,2,-62.9320391049818
2025-04-01 07:11:00,3,-34.8572047321834
2025-04-01 07:11:10,4,-3.14107590781363
2025-04-01 07:11:20,1,-68.454710592869
2025-04-01 07:11:30,2,-41.6280792260392
2025-04-01 07:11:40,3,-10.452846326766
2025-04-01 07:11:50,4,21.8143241396547
2025-04-01 07:12:00,1,-48.1753674101706
2025-04-01 07:12:10,2,-17.7084740319561
2025-04-01 07:12:20,3,14.6083028562417
2025-04-01 07:12:30,4,45.3990499739537
2025-04-01 07:12:40,1,-24.868988716486
2025-04-01 07:12:50,2,7.32381971276385
2025-04-01 07:13:00,3,38.7515586452094
2025-04-01 07:13:10,4,66.1311865323653
2025-04-01 07:13:20,1,7.84269135963577e-13
2025-04-01 07:13:30,2,31.8959309298089
2025-04-01 07:13:40,3,60.4599114862377
2025-04-01 07:13:50,4,82.708057427457
2025-04-01 07:14:00,1,24.8689887164847
2025-04-01 07:14:10,2,54.463903501503
2025-04-01 07:14:20,3,78.3693457325832
2025-04-01 07:14:30,4,94.0880768954225
2025-04-01 07:14:40,1,48.175367410172
2025-04-01 07:14:50,2,73.6097087119746
2025-04-01 07:15:00,3,91.3545457642601
2025-04-01 07:15:10,4,99.5561964603081
2025-04-01 07:15:20,1,68.4547105928702
2025-04-01 07:15:30,2,88.1303452064993
2025-04-01 07:15:40,3,98.5996037070502
2025-04-01 07:15:50,4,98.7688340595138
2025-04-01 07:16:00,1,84.4327925502016
2025-04-01 07:16:10,2,97.1134279909639
2025-04-01 07:16:20,3,99.6492859249505
2025-04-01 07:16:30,4,91.7754625683978
2025-04-01 07:16:40,1,95.1056516295158
2025-04-01 07:16:50,2,99.9945169365512
2025-04-01 07:17:00,3,94.4376370237487
2025-04-01 07:17:10,4,79.0155012375694
2025-04-01 07:17:20,1,99.8026728428271
2025-04-01 07:17:30,2,96.5925826289065
2025-04-01 07:17:40,3,83.2921240710102
2025-04-01 07:17:50,4,61.2907053652972
2025-04-01 07:18:00,1,98.2287250728686
2025-04-01 07:18:10,2,87.1213811120178
2025-04-01 07:18:20,3,66.9130606358874
2025-04-01 07:18:30,4,39.7147890634789
2025-04-01 07:18:40,1,90.4827052466021
2025-04-01 07:18:50,2,72.1760228098357
2025-04-01 07:19:00,3,46.3296035119869
2025-04-01 07:19:10,4,15.6434465040228
2025-04-01 07:19:20,1,77.0513242775783
2025-04-01 07:19:30,2,52.695579549666
2025-04-01 07:19:40,3,22.8350870110652
2025-04-01 07:19:50,4,-9.4108313318502
2025-04-01 07:20:00,1,58.7785252292478
2025-04-01 07:20:10,2,29.9040792256082
2025-04-01 07:20:20,3,-2.09424198833456
2025-04-01 07:20:30,4,-33.8737920245292
2025-04-01 07:20:40,1,36.8124552684672
2025-04-01 07:20:50,2,5.23359562429258
2025-04-01 07:21:00,3,-26.8919820615267
2025-04-01 07:21:10,4,-56.2083377852141
2025-04-01 07:21:20,1,12.5333233564313
2025-04-01 07:21:30,2,-19.7657340379129
2025-04-01 07:21:40,3,-49.9999999999988
2025-04-01 07:21:50,4,-75.0111069630458
2025-04-01 07:22:00,1,-12.5333233564308
2025-04-01 07:22:10,2,-43.5231099372341
2025-04-01 07:22:20,3,-69.9663340513364
2025-04-01 07:22:30,4,-89.1006524188373
2025-04-01 07:22:40,1,-36.8124552684693
2025-04-01 07:22:50,2,-64.545768772395
2025-04-01 07:23:00,3,-85.5364260160498
2025-04-01 07:23:10,4,-97.5916761938746
2025-04-01 07:23:20,1,-58.7785252292474
2025-04-01 07:23:30,2,-81.5127795728561
2025-04-01 07:23:40,3,-95.7319497532066
2025-04-01 07:23:50,4,-99.9506560365731
2025-04-01 07:24:00,1,-77.0513242775798
2025-04-01 07:24:10,2,-93.3580426497211
2025-04-01 07:24:20,3,-99.9122830098858
2025-04-01 07:24:30,4,-96.0293685676945
2025-04-01 07:24:40,1,-90.4827052466019
2025-04-01 07:24:50,2,-99.3372765600398
2025-04-01 07:25:00,3,-97.8147600733807
2025-04-01 07:25:10,4,-86.0742027003941
2025-04-01 07:25:20,1,-98.2287250728691
2025-04-01 07:25:30,2,-99.0747840471441
2025-04-01 07:25:40,3,-89.571176023941
2025-04-01 07:25:50,4,-70.7106781186555
2025-04-01 07:26:00,1,-99.8026728428272
2025-04-01 07:26:10,2,-92.5870584809992
2025-04-01 07:26:20,3,-75.6995055651763
2025-04-01 07:26:30,4,-50.904141575037
2025-04-01 07:26:40,1,-95.1056516295151
2025-04-01 07:26:50,2,-80.2817475191103
2025-04-01 07:27:00,3,-57.0713567684429
2025-04-01 07:27:10,4,-27.8991106039215
2025-04-01 07:27:20,1,-84.4327925502019
2025-04-01 07:27:30,2,-62.9320391049835
2025-04-01 07:27:40,3,-34.8572047321827
2025-04-01 07:27:50,4,-3.14107590781294
2025-04-01 07:28:00,1,-68.4547105928685
2025-04-01 07:28:10,2,-41.6280792260386
2025-04-01 07:28:20,3,-10.4528463267654
2025-04-01 07:28:30,4,21.8143241396554
2025-04-01 07:28:40,1,-48.17536741017
2025-04-01 07:28:50,2,-17.7084740319582
2025-04-01 07:29:00,3,14.6083028562396
2025-04-01 07:29:10,4,45.3990499739543
2025-04-01 07:29:20,1,-24.8689887164853
2025-04-01 07:29:30,2,7.32381971276453
2025-04-01 07:29:40,3,38.75155864521
2025-04-01 07:29:50,4,66.1311865323658
2025-04-01 07:30:00,1,1.47031893574073e-12
2025-04-01 07:30:10,2,31.8959309298095
2025-04-01 07:30:20,3,60.459911486236
2025-04-01 07:30:30,4,82.7080574274558
2025-04-01 07:30:40,1,24.8689887164854
2025-04-01 07:30:50,2,54.4639035015036
2025-04-01 07:31:00,3,78.3693457325836
2025-04-01 07:31:10,4,94.0880768954227
2025-04-01 07:31:20,1,48.1753674101726
2025-04-01 07:31:30,2,73.609708711975
2025-04-01 07:31:40,3,91.3545457642592
2025-04-01 07:31:50,4,99.5561964603079
2025-04-01 07:32:00,1,68.4547105928686
2025-04-01 07:32:10,2,88.1303452064996
2025-04-01 07:32:20,3,98.5996037070503
2025-04-01 07:32:30,4,98.7688340595137
2025-04-01 07:32:40,1,84.432792550202
2025-04-01 07:32:50,2,97.1134279909641
2025-04-01 07:33:00,3,99.6492859249504
2025-04-01 07:33:10,4,91.7754625683986
2025-04-01 07:33:20,1,95.1056516295152
2025-04-01 07:33:30,2,99.9945169365512
2025-04-01 07:33:40,3,94.4376370237485
2025-04-01 07:33:50,4,79.015501237569
2025-04-01 07:34:00,1,99.8026728428272
2025-04-01 07:34:10,2,96.5925826289064
2025-04-01 07:34:20,3,83.2921240710099
2025-04-01 07:34:30,4,61.2907053652966
2025-04-01 07:34:40,1,98.2287250728691
2025-04-01 07:34:50,2,87.1213811120188
2025-04-01 07:35:00,3,66.9130606358869
2025-04-01 07:35:10,4,39.7147890634783
2025-04-01 07:35:20,1,90.4827052466018
2025-04-01 07:35:30,2,72.1760228098352
2025-04-01 07:35:40,3,46.3296035119863
2025-04-01 07:35:50,4,15.6434465040221
2025-04-01 07:36:00,1,77.0513242775779
2025-04-01 07:36:10,2,52.6955795496678
2025-04-01 07:36:20,3,22.8350870110673
2025-04-01 07:36:30,4,-9.41083133185088
2025-04-01 07:36:40,1,58.7785252292473
2025-04-01 07:36:50,2,29.9040792256075
2025-04-01 07:37:00,3,-2.09424198833525
2025-04-01 07:37:10,4,-33.8737920245298
2025-04-01 07:37:20,1,36.8124552684666
2025-04-01 07:37:30,2,5.23359562429189
2025-04-01 07:37:40,3,-26.8919820615246
2025-04-01 07:37:50,4,-56.2083377852124
2025-04-01 07:38:00,1,12.5333233564307
2025-04-01 07:38:10,2,-19.7657340379135
2025-04-01 07:38:20,3,-49.9999999999994
2025-04-01 07:38:30,4,-75.0111069630462
2025-04-01 07:38:40,1,-12.5333233564314
2025-04-01 07:38:50,2,-43.5231099372347
2025-04-01 07:39:00,3,-69.9663340513369
2025-04-01 07:39:10,4,-89.1006524188363
2025-04-01 07:39:20,1,-36.8124552684673
2025-04-01 07:39:30,2,-64.5457687723955
2025-04-01 07:39:40,3,-85.5364260160501
2025-04-01 07:39:50,4,-97.5916761938748
2025-04-01 07:40:00,1,-58.7785252292479
2025-04-01 07:40:10,2,-81.5127795728565
2025-04-01 07:40:20,3,-95.7319497532068
2025-04-01 07:40:30,4,-99.9506560365731
2025-04-01 07:40:40,1,-77.0513242775784
2025-04-01 07:40:50,2,-93.3580426497203
2025-04-01 07:41:00,3,-99.9122830098858
2025-04-01 07:41:10,4,-96.0293685676943
2025-04-01 07:41:20,1,-90.4827052466022
2025-04-01 07:41:30,2,-99.3372765600398
2025-04-01 07:41:40,3,-97.8147600733806
2025-04-01 07:41:50,4,-86.0742027003938
2025-04-01 07:42:00,1,-98.2287250728692
2025-04-01 07:42:10,2,-99.0747840471443
2025-04-01 07:42:20,3,-89.571176023942
2025-04-01 07:42:30,4,-70.710678118655
2025-04-01 07:42:40,1,-99.8026728428271
2025-04-01 07:42:50,2,-92.587058480999
2025-04-01 07:43:00,3,-75.6995055651759
2025-04-01 07:43:10,4,-50.9041415750364
2025-04-01 07:43:20,1,-95.1056516295149
2025-04-01 07:43:30,2,-80.2817475191099
2025-04-01 07:43:40,3,-57.0713567684447
2025-04-01 07:43:50,4,-27.8991106039236
2025-04-01 07:44:00,1,-84.4327925502016
2025-04-01 07:44:10,2,-62.9320391049829
2025-04-01 07:44:20,3,-34.8572047321821
2025-04-01 07:44:30,4,-3.14107590781225
2025-04-01 07:44:40,1,-68.454710592868
2025-04-01 07:44:50,2,-41.628079226038
2025-04-01 07:45:00,3,-10.4528463267675
2025-04-01 07:45:10,4,21.8143241396533
2025-04-01 07:45:20,1,-48.1753674101719
2025-04-01 07:45:30,2,-17.7084740319576
2025-04-01 07:45:40,3,14.6083028562403
2025-04-01 07:45:50,4,45.3990499739549
2025-04-01 07:46:00,1,-24.8689887164846
2025-04-01 07:46:10,2,7.32381971276522
2025-04-01 07:46:20,3,38.7515586452107
2025-04-01 07:46:30,4,66.1311865323642
2025-04-01 07:46:40,1,-6.85802207522518e-13
2025-04-01 07:46:50,2,31.8959309298075
2025-04-01 07:47:00,3,60.4599114862365
2025-04-01 07:47:10,4,82.7080574274562
2025-04-01 07:47:20,1,24.8689887164861
2025-04-01 07:47:30,2,54.4639035015042
2025-04-01 07:47:40,3,78.369345732584
2025-04-01 07:47:50,4,94.088076895423
2025-04-01 07:48:00,1,48.1753674101707
2025-04-01 07:48:10,2,73.6097087119736
2025-04-01 07:48:20,3,91.3545457642595
2025-04-01 07:48:30,4,99.556196460308
2025-04-01 07:48:40,1,68.4547105928691
2025-04-01 07:48:50,2,88.1303452064999
2025-04-01 07:49:00,3,98.5996037070505
2025-04-01 07:49:10,4,98.7688340595136
2025-04-01 07:49:20,1,84.4327925502024
2025-04-01 07:49:30,2,97.1134279909636
2025-04-01 07:49:40,3,99.6492859249506
2025-04-01 07:49:50,4,91.7754625683983
2025-04-01 07:50:00,1,95.1056516295154
2025-04-01 07:50:10,2,99.9945169365512
2025-04-01 07:50:20,3,94.4376370237483
2025-04-01 07:50:30,4,79.0155012375686
2025-04-01 07:50:40,1,99.8026728428272
2025-04-01 07:50:50,2,96.5925826289062
2025-04-01 07:51:00,3,83.2921240710111
2025-04-01 07:51:10,4,61.2907053652983
2025-04-01 07:51:20,1,98.2287250728689
2025-04-01 07:51:30,2,87.1213811120185
2025-04-01 07:51:40,3,66.9130606358864
2025-04-01 07:51:50,4,39.7147890634777
2025-04-01 07:52:00,1,90.4827052466015
2025-04-01 07:52:10,2,72.1760228098347
2025-04-01 07:52:20,3,46.3296035119857
2025-04-01 07:52:30,4,15.6434465040242
2025-04-01 07:52:40,1,77.0513242775793
2025-04-01 07:52:50,2,52.6955795496672
2025-04-01 07:53:00,3,22.8350870110666
2025-04-01 07:53:10,4,-9.41083133185157
2025-04-01 07:53:20,1,58.7785252292467
2025-04-01 07:53:30,2,29.9040792256068
2025-04-01 07:53:40,3,-2.09424198833593
2025-04-01 07:53:50,4,-33.8737920245305
2025-04-01 07:54:00,1,36.8124552684686
2025-04-01 07:54:10,2,5.23359562429405
2025-04-01 07:54:20,3,-26.8919820615253
2025-04-01 07:54:30,4,-56.2083377852129
2025-04-01 07:54:40,1,12.53332335643
2025-04-01 07:54:50,2,-19.7657340379142
2025-04-01 07:55:00,3,-50
2025-04-01 07:55:10,4,-75.0111069630467
2025-04-01 07:55:20,1,-12.5333233564321
2025-04-01 07:55:30,2,-43.5231099372328
2025-04-01 07:55:40,3,-69.9663340513354
2025-04-01 07:55:50,4,-89.1006524188366
2025-04-01 07:56:00,1,-36.8124552684679
2025-04-01 07:56:10,2,-64.5457687723961
2025-04-01 07:56:20,3,-85.5364260160505
2025-04-01 07:56:30,4,-97.5916761938749
2025-04-01 07:56:40,1,-58.7785252292485
2025-04-01 07:56:50,2,-81.5127795728569
2025-04-01 07:57:00,3,-95.7319497532062
2025-04-01 07:57:10,4,-99.9506560365732
2025-04-01 07:57:20,1,-77.0513242775788
2025-04-01 07:57:30,2,-93.3580426497205
2025-04-01 07:57:40,3,-99.9122830098858
2025-04-01 07:57:50,4,-96.0293685676941
2025-04-01 07:58:00,1,-90.4827052466024
2025-04-01 07:58:10,2,-99.3372765600399
2025-04-01 07:58:20,3,-97.8147600733804
2025-04-01 07:58:30,4,-86.0742027003949
2025-04-01 07:58:40,1,-98.2287250728688
2025-04-01 07:58:50,2,-99.0747840471443
2025-04-01 07:59:00,3,-89.5711760239417
2025-04-01 07:59:10,4,-70.7106781186546
2025-04-01 07:59:20,1,-99.8026728428271
2025-04-01 07:59:30,2,-92.5870584809987
2025-04-01 07:59:40,3,-75.6995055651754
2025-04-01 07:59:50,4,-50.9041415750382
2025-04-01 08:00:00,1,-95.1056516295156
2025-04-01 08:00:10,2,-80.2817475191112
2025-04-01 08:00:20,3,-57.0713567684441
2025-04-01 08:00:30,4,-27.8991106039229
2025-04-01 08:00:40,1,-84.4327925502012
2025-04-01 08:00:50,2,-62.9320391049824
2025-04-01 08:01:00,3,-34.8572047321814
2025-04-01 08:01:10,4,-3.14107590781157
2025-04-01 08:01:20,1,-68.4547105928696
2025-04-01 08:01:30,2,-41.62807922604
2025-04-01 08:01:40,3,-10.4528463267668
2025-04-01 08:01:50,4,21.814324139654
2025-04-01 08:02:00,1,-48.1753674101713
2025-04-01 08:02:10,2,-17.7084740319569
2025-04-01 08:02:20,3,14.608302856241
2025-04-01 08:02:30,4,45.3990499739555
2025-04-01 08:02:40,1,-24.868988716484
2025-04-01 08:02:50,2,7.32381971276307
2025-04-01 08:03:00,3,38.7515586452087
2025-04-01 08:03:10,4,66.1311865323648
2025-04-01 08:03:20,1,2.47592254635343e-16
2025-04-01 08:03:30,2,31.8959309298081
2025-04-01 08:03:40,3,60.4599114862371
2025-04-01 08:03:50,4,82.7080574274566
2025-04-01 08:04:00,1,24.8689887164867
2025-04-01 08:04:10,2,54.4639035015048
2025-04-01 08:04:20,3,78.3693457325827
2025-04-01 08:04:30,4,94.0880768954222
2025-04-01 08:04:40,1,48.1753674101713
2025-04-01 08:04:50,2,73.609708711974
2025-04-01 08:05:00,3,91.3545457642598
2025-04-01 08:05:10,4,99.556196460308
2025-04-01 08:05:20,1,68.4547105928696
2025-04-01 08:05:30,2,88.1303452065003
2025-04-01 08:05:40,3,98.5996037070506
2025-04-01 08:05:50,4,98.7688340595139
2025-04-01 08:06:00,1,84.4327925502012
2025-04-01 08:06:10,2,97.1134279909638
2025-04-01 08:06:20,3,99.6492859249505
2025-04-01 08:06:30,4,91.7754625683981
2025-04-01 08:06:40,1,95.1056516295156
2025-04-01 08:06:50,2,99.9945169365512
2025-04-01 08:07:00,3,94.437637023748
2025-04-01 08:07:10,4,79.0155012375682
2025-04-01 08:07:20,1,99.8026728428271
2025-04-01 08:07:30,2,96.5925826289067
2025-04-01 08:07:40,3,83.2921240710107
2025-04-01 08:07:50,4,61.2907053652978
2025-04-01 08:08:00,1,98.2287250728688
2025-04-01 08:08:10,2,87.1213811120182
2025-04-01 08:08:20,3,66.9130606358859
2025-04-01 08:08:30,4,39.714789063477
2025-04-01 08:08:40,1,90.4827052466012
2025-04-01 08:08:50,2,72.1760228098362
2025-04-01 08:09:00,3,46.3296035119876
2025-04-01 08:09:10,4,15.6434465040235
2025-04-01 08:09:20,1,77.0513242775788
2025-04-01 08:09:30,2,52.6955795496666
2025-04-01 08:09:40,3,22.8350870110659
2025-04-01 08:09:50,4,-9.41083133185225
2025-04-01 08:10:00,1,58.7785252292462
2025-04-01 08:10:10,2,29.9040792256062
2025-04-01 08:10:20,3,-2.09424198833378
2025-04-01 08:10:30,4,-33.8737920245284
2025-04-01 08:10:40,1,36.8124552684679
2025-04-01 08:10:50,2,5.23359562429336
2025-04-01 08:11:00,3,-26.891982061526
2025-04-01 08:11:10,4,-56.2083377852135
2025-04-01 08:11:20,1,12.5333233564293
2025-04-01 08:11:30,2,-19.7657340379149
2025-04-01 08:11:40,3,-50.0000000000006
2025-04-01 08:11:50,4,-75.0111069630453
2025-04-01 08:12:00,1,-12.53332335643
2025-04-01 08:12:10,2,-43.5231099372334
2025-04-01 08:12:20,3,-69.9663340513359
2025-04-01 08:12:30,4,-89.1006524188369
2025-04-01 08:12:40,1,-36.8124552684686
2025-04-01 08:12:50,2,-64.5457687723966
2025-04-01 08:13:00,3,-85.5364260160509
2025-04-01 08:13:10,4,-97.5916761938751
2025-04-01 08:13:20,1,-58.7785252292467
2025-04-01 08:13:30,2,-81.5127795728557
2025-04-01 08:13:40,3,-95.7319497532064
2025-04-01 08:13:50,4,-99.9506560365732
2025-04-01 08:14:00,1,-77.0513242775793
2025-04-01 08:14:10,2,-93.3580426497208
2025-04-01 08:14:20,3,-99.9122830098858
2025-04-01 08:14:30,4,-96.029368567694
2025-04-01 08:14:40,1,-90.4827052466015
2025-04-01 08:14:50,2,-99.3372765600397
2025-04-01 08:15:00,3,-97.8147600733809
2025-04-01 08:15:10,4,-86.0742027003945
2025-04-01 08:15:20,1,-98.2287250728689
2025-04-01 08:15:30,2,-99.0747840471442
2025-04-01 08:15:40,3,-89.5711760239414
2025-04-01 08:15:50,4,-70.7106781186541
2025-04-01 08:16:00,1,-99.8026728428271
2025-04-01 08:16:10,2,-92.5870584809995
2025-04-01 08:16:20,3,-75.6995055651768
2025-04-01 08:16:30,4,-50.9041415750377
2025-04-01 08:16:40,1,-95.1056516295154
2025-04-01 08:16:50,2,-80.2817475191108
2025-04-01 08:17:00,3,-57.0713567684436
2025-04-01 08:17:10,4,-27.8991106039223
2025-04-01 08:17:20,1,-84.4327925502008
2025-04-01 08:17:30,2,-62.9320391049819
2025-04-01 08:17:40,3,-34.8572047321835
2025-04-01 08:17:50,4,-3.14107590781372
2025-04-01 08:18:00,1,-68.4547105928691
2025-04-01 08:18:10,2,-41.6280792260393
2025-04-01 08:18:20,3,-10.4528463267661
2025-04-01 08:18:30,4,21.8143241396546
2025-04-01 08:18:40,1,-48.1753674101707
2025-04-01 08:18:50,2,-17.7084740319562
2025-04-01 08:19:00,3,14.6083028562416
2025-04-01 08:19:10,4,45.3990499739536
2025-04-01 08:19:20,1,-24.8689887164861
2025-04-01 08:19:30,2,7.32381971276375
2025-04-01 08:19:40,3,38.7515586452093
2025-04-01 08:19:50,4,66.1311865323653
2025-04-01 08:20:00,1,6.86297392031788e-13
2025-04-01 08:20:10,2,31.8959309298088
2025-04-01 08:20:20,3,60.4599114862376
2025-04-01 08:20:30,4,82.708057427457
2025-04-01 08:20:40,1,24.8689887164846
2025-04-01 08:20:50,2,54.463903501503
2025-04-01 08:21:00,3,78.3693457325831
2025-04-01 08:21:10,4,94.0880768954225
2025-04-01 08:21:20,1,48.1753674101719
2025-04-01 08:21:30,2,73.6097087119745
2025-04-01 08:21:40,3,91.3545457642601
2025-04-01 08:21:50,4,99.5561964603081
2025-04-01 08:22:00,1,68.4547105928701
2025-04-01 08:22:10,2,88.1303452064992
2025-04-01 08:22:20,3,98.5996037070502
2025-04-01 08:22:30,4,98.7688340595138
2025-04-01 08:22:40,1,84.4327925502016
2025-04-01 08:22:50,2,97.1134279909639
2025-04-01 08:23:00,3,99.6492859249505
2025-04-01 08:23:10,4,91.7754625683978
2025-04-01 08:23:20,1,95.1056516295158
2025-04-01 08:23:30,2,99.9945169365512
2025-04-01 08:23:40,3,94.4376370237487
2025-04-01 08:23:50,4,79.0155012375695
2025-04-01 08:24:00,1,99.8026728428271
2025-04-01 08:24:10,2,96.5925826289066
2025-04-01 08:24:20,3,83.2921240710103
2025-04-01 08:24:30,4,61.2907053652972
2025-04-01 08:24:40,1,98.2287250728687
2025-04-01 08:24:50,2,87.1213811120178
2025-04-01 08:25:00,3,66.9130606358854
2025-04-01 08:25:10,4,39.714789063479
2025-04-01 08:25:20,1,90.4827052466022
2025-04-01 08:25:30,2,72.1760228098357
2025-04-01 08:25:40,3,46.329603511987
2025-04-01 08:25:50,4,15.6434465040229
2025-04-01 08:26:00,1,77.0513242775784
2025-04-01 08:26:10,2,52.6955795496661
2025-04-01 08:26:20,3,22.8350870110653
2025-04-01 08:26:30,4,-9.41083133185293
2025-04-01 08:26:40,1,58.7785252292479
2025-04-01 08:26:50,2,29.9040792256083
2025-04-01 08:27:00,3,-2.09424198833446
2025-04-01 08:27:10,4,-33.8737920245291
2025-04-01 08:27:20,1,36.8124552684673
2025-04-01 08:27:30,2,5.23359562429268
2025-04-01 08:27:40,3,-26.8919820615266
2025-04-01 08:27:50,4,-56.2083377852141
2025-04-01 08:28:00,1,12.5333233564286
2025-04-01 08:28:10,2,-19.7657340379128
2025-04-01 08:28:20,3,-49.9999999999987
2025-04-01 08:28:30,4,-75.0111069630457
2025-04-01 08:28:40,1,-12.5333233564307
2025-04-01 08:28:50,2,-43.523109937234
2025-04-01 08:29:00,3,-69.9663340513364
2025-04-01 08:29:10,4,-89.1006524188372
2025-04-01 08:29:20,1,-36.8124552684692
2025-04-01 08:29:30,2,-64.545768772395
2025-04-01 08:29:40,3,-85.5364260160497
2025-04-01 08:29:50,4,-97.5916761938746
2025-04-01 08:30:00,1,-58.7785252292473
2025-04-01 08:30:10,2,-81.5127795728561
2025-04-01 08:30:20,3,-95.7319497532066
2025-04-01 08:30:30,4,-99.9506560365731
2025-04-01 08:30:40,1,-77.0513242775797
2025-04-01 08:30:50,2,-93.358042649721
2025-04-01 08:31:00,3,-99.9122830098858
2025-04-01 08:31:10,4,-96.0293685676946
2025-04-01 08:31:20,1,-90.4827052466018
2025-04-01 08:31:30,2,-99.3372765600397
2025-04-01 08:31:40,3,-97.8147600733807
2025-04-01 08:31:50,4,-86.0742027003942
2025-04-01 08:32:00,1,-98.2287250728691
2025-04-01 08:32:10,2,-99.0747840471441
2025-04-01 08:32:20,3,-89.5711760239411
2025-04-01 08:32:30,4,-70.7106781186556
2025-04-01 08:32:40,1,-99.8026728428272
2025-04-01 08:32:50,2,-92.5870584809993
2025-04-01 08:33:00,3,-75.6995055651764
2025-04-01 08:33:10,4,-50.9041415750371
2025-04-01 08:33:20,1,-95.1056516295152
2025-04-01 08:33:30,2,-80.2817475191104
2025-04-01 08:33:40,3,-57.071356768443
2025-04-01 08:33:50,4,-27.8991106039216
2025-04-01 08:34:00,1,-84.432792550202
2025-04-01 08:34:10,2,-62.9320391049835
2025-04-01 08:34:20,3,-34.8572047321828
2025-04-01 08:34:30,4,-3.14107590781304
2025-04-01 08:34:40,1,-68.4547105928686
2025-04-01 08:34:50,2,-41.6280792260387
2025-04-01 08:35:00,3,-10.4528463267655
2025-04-01 08:35:10,4,21.8143241396553
2025-04-01 08:35:20,1,-48.1753674101701
2025-04-01 08:35:30,2,-17.7084740319583
2025-04-01 08:35:40,3,14.6083028562395
2025-04-01 08:35:50,4,45.3990499739542
2025-04-01 08:36:00,1,-24.8689887164854
2025-04-01 08:36:10,2,7.32381971276444
2025-04-01 08:36:20,3,38.7515586452099
2025-04-01 08:36:30,4,66.1311865323658
2025-04-01 08:36:40,1,1.37234719180894e-12
2025-04-01 08:36:50,2,31.8959309298094
2025-04-01 08:37:00,3,60.4599114862359
2025-04-01 08:37:10,4,82.7080574274557
2025-04-01 08:37:20,1,24.8689887164853
2025-04-01 08:37:30,2,54.4639035015035
2025-04-01 08:37:40,3,78.3693457325836
2025-04-01 08:37:50,4,94.0880768954227
2025-04-01 08:38:00,1,48.1753674101725
2025-04-01 08:38:10,2,73.609708711975
2025-04-01 08:38:20,3,91.3545457642603
2025-04-01 08:38:30,4,99.5561964603079
2025-04-01 08:38:40,1,68.4547105928685
2025-04-01 08:38:50,2,88.1303452064996
2025-04-01 08:39:00,3,98.5996037070503
2025-04-01 08:39:10,4,98.7688340595138
2025-04-01 08:39:20,1,84.4327925502019
2025-04-01 08:39:30,2,97.1134279909641
2025-04-01 08:39:40,3,99.6492859249504
2025-04-01 08:39:50,4,91.7754625683975
2025-04-01 08:40:00,1,95.1056516295151
2025-04-01 08:40:10,2,99.9945169365512
2025-04-01 08:40:20,3,94.4376370237485
2025-04-01 08:40:30,4,79.0155012375691
2025-04-01 08:40:40,1,99.8026728428272
2025-04-01 08:40:50,2,96.5925826289064
2025-04-01 08:41:00,3,83.2921240710099
2025-04-01 08:41:10,4,61.2907053652967
2025-04-01 08:41:20,1,98.2287250728685
2025-04-01 08:41:30,2,87.1213811120189
2025-04-01 08:41:40,3,66.913060635887
2025-04-01 08:41:50,4,39.7147890634784
2025-04-01 08:42:00,1,90.4827052466019
2025-04-01 08:42:10,2,72.1760228098352
2025-04-01 08:42:20,3,46.3296035119864
2025-04-01 08:42:30,4,15.6434465040222
2025-04-01 08:42:40,1,77.051324277578
2025-04-01 08:42:50,2,52.6955795496655
2025-04-01 08:43:00,3,22.8350870110674
2025-04-01 08:43:10,4,-9.41083133185079
2025-04-01 08:43:20,1,58.7785252292474
2025-04-01 08:43:30,2,29.9040792256076
2025-04-01 08:43:40,3,-2.09424198833515
2025-04-01 08:43:50,4,-33.8737920245297
2025-04-01 08:44:00,1,36.8124552684667
2025-04-01 08:44:10,2,5.23359562429199
2025-04-01 08:44:20,3,-26.8919820615245
2025-04-01 08:44:30,4,-56.2083377852123
2025-04-01 08:44:40,1,12.5333233564308
2025-04-01 08:44:50,2,-19.7657340379134
2025-04-01 08:45:00,3,-49.9999999999993
2025-04-01 08:45:10,4,-75.0111069630462
2025-04-01 08:45:20,1,-12.5333233564313
2025-04-01 08:45:30,2,-43.5231099372347
2025-04-01 08:45:40,3,-69.9663340513369
2025-04-01 08:45:50,4,-89.1006524188362
2025-04-01 08:46:00,1,-36.8124552684672
2025-04-01 08:46:10,2,-64.5457687723955
2025-04-01 08:46:20,3,-85.5364260160501
2025-04-01 08:46:30,4,-97.5916761938748
2025-04-01 08:46:40,1,-58.7785252292478
2025-04-01 08:46:50,2,-81.5127795728565
2025-04-01 08:47:00,3,-95.7319497532068
2025-04-01 08:47:10,4,-99.9506560365731
2025-04-01 08:47:20,1,-77.0513242775783
2025-04-01 08:47:30,2,-93.3580426497203
2025-04-01 08:47:40,3,-99.9122830098858
2025-04-01 08:47:50,4,-96.0293685676944
2025-04-01 08:48:00,1,-90.4827052466021
2025-04-01 08:48:10,2,-99.3372765600398
2025-04-01 08:48:20,3,-97.8147600733806
2025-04-01 08:48:30,4,-86.0742027003938
2025-04-01 08:48:40,1,-98.2287250728692
2025-04-01 08:48:50,2,-99.0747840471444
2025-04-01 08:49:00,3,-89.571176023942
2025-04-01 08:49:10,4,-70.7106781186551
2025-04-01 08:49:20,1,-99.8026728428271
2025-04-01 08:49:30,2,-92.587058480999
2025-04-01 08:49:40,3,-75.6995055651759
2025-04-01 08:49:50,4,-50.9041415750365
2025-04-01 08:50:00,1,-95.1056516295149
2025-04-01 08:50:10,2,-80.2817475191099
2025-04-01 08:50:20,3,-57.0713567684448
2025-04-01 08:50:30,4,-27.8991106039237
2025-04-01 08:50:40,1,-84.4327925502016
2025-04-01 08:50:50,2,-62.932039104983
2025-04-01 08:51:00,3,-34.8572047321822
2025-04-01 08:51:10,4,-3.14107590781235
2025-04-01 08:51:20,1,-68.4547105928681
2025-04-01 08:51:30,2,-41.6280792260381
2025-04-01 08:51:40,3,-10.4528463267648
2025-04-01 08:51:50,4,21.8143241396532
2025-04-01 08:52:00,1,-48.175367410172
2025-04-01 08:52:10,2,-17.7084740319577
2025-04-01 08:52:20,3,14.6083028562402
2025-04-01 08:52:30,4,45.3990499739549
2025-04-01 08:52:40,1,-24.8689887164847
2025-04-01 08:52:50,2,7.32381971276512
2025-04-01 08:53:00,3,38.7515586452106
2025-04-01 08:53:10,4,66.1311865323663
2025-04-01 08:53:20,1,-7.83773951454306e-13
2025-04-01 08:53:30,2,31.8959309298074
2025-04-01 08:53:40,3,60.4599114862365
2025-04-01 08:53:50,4,82.7080574274561
2025-04-01 08:54:00,1,24.868988716486
2025-04-01 08:54:10,2,54.4639035015041
2025-04-01 08:54:20,3,78.369345732584
2025-04-01 08:54:30,4,94.0880768954229
2025-04-01 08:54:40,1,48.1753674101731
2025-04-01 08:54:50,2,73.6097087119735
2025-04-01 08:55:00,3,91.3545457642595
2025-04-01 08:55:10,4,99.556196460308
2025-04-01 08:55:20,1,68.454710592869
2025-04-01 08:55:30,2,88.1303452064999
2025-04-01 08:55:40,3,98.5996037070504
2025-04-01 08:55:50,4,98.7688340595136
2025-04-01 08:56:00,1,84.4327925502023
2025-04-01 08:56:10,2,97.1134279909642
2025-04-01 08:56:20,3,99.6492859249506
2025-04-01 08:56:30,4,91.7754625683984
2025-04-01 08:56:40,1,95.1056516295153
2025-04-01 08:56:50,2,99.9945169365512
2025-04-01 08:57:00,3,94.4376370237483
2025-04-01 08:57:10,4,79.0155012375687
2025-04-01 08:57:20,1,99.8026728428272
2025-04-01 08:57:30,2,96.5925826289062
2025-04-01 08:57:40,3,83.2921240710096
2025-04-01 08:57:50,4,61.2907053652984
2025-04-01 08:58:00,1,98.2287250728689
2025-04-01 08:58:10,2,87.1213811120186
2025-04-01 08:58:20,3,66.9130606358865
2025-04-01 08:58:30,4,39.7147890634778
2025-04-01 08:58:40,1,90.4827052466016
2025-04-01 08:58:50,2,72.1760228098348
2025-04-01 08:59:00,3,46.3296035119858
2025-04-01 08:59:10,4,15.6434465040243
2025-04-01 08:59:20,1,77.0513242775793
2025-04-01 08:59:30,2,52.6955795496673
2025-04-01 08:59:40,3,22.8350870110667
2025-04-01 08:59:50,4,-9.41083133185147
2025-04-01 09:00:00,1,58.7785252292468
2025-04-01 09:00:10,2,29.9040792256069
2025-04-01 09:00:20,3,-2.09424198833584
2025-04-01 09:00:30,4,-33.8737920245304
2025-04-01 09:00:40,1,36.8124552684687
2025-04-01 09:00:50,2,5.23359562429414
2025-04-01 09:01:00,3,-26.8919820615252
2025-04-01 09:01:10,4,-56.2083377852129
2025-04-01 09:01:20,1,12.5333233564301
2025-04-01 09:01:30,2,-19.7657340379141
2025-04-01 09:01:40,3,-49.9999999999999
2025-04-01 09:01:50,4,-75.0111069630466
2025-04-01 09:02:00,1,-12.533323356432
2025-04-01 09:02:10,2,-43.5231099372327
2025-04-01 09:02:20,3,-69.9663340513353
2025-04-01 09:02:30,4,-89.1006524188365
2025-04-01 09:02:40,1,-36.8124552684679
2025-04-01 09:02:50,2,-64.545768772396
2025-04-01 09:03:00,3,-85.5364260160504
2025-04-01 09:03:10,4,-97.5916761938749
2025-04-01 09:03:20,1,-58.7785252292484
2025-04-01 09:03:30,2,-81.5127795728569
2025-04-01 09:03:40,3,-95.7319497532062
2025-04-01 09:03:50,4,-99.9506560365732
2025-04-01 09:04:00,1,-77.0513242775788
2025-04-01 09:04:10,2,-93.3580426497205
2025-04-01 09:04:20,3,-99.9122830098858
2025-04-01 09:04:30,4,-96.0293685676942
2025-04-01 09:04:40,1,-90.4827052466024
2025-04-01 09:04:50,2,-99.3372765600399
2025-04-01 09:05:00,3,-97.8147600733804
2025-04-01 09:05:10,4,-86.0742027003949
2025-04-01 09:05:20,1,-98.2287250728688
2025-04-01 09:05:30,2,-99.0747840471443
2025-04-01 09:05:40,3,-89.5711760239417
2025-04-01 09:05:50,4,-70.7106781186546
2025-04-01 09:06:00,1,-99.8026728428271
2025-04-01 09:06:10,2,-92.5870584809987
2025-04-01 09:06:20,3,-75.6995055651755
2025-04-01 09:06:30,4,-50.9041415750359
2025-04-01 09:06:40,1,-95.1056516295156
2025-04-01 09:06:50,2,-80.2817475191112
2025-04-01 09:07:00,3,-57.0713567684442
2025-04-01 09:07:10,4,-27.899110603923
2025-04-01 09:07:20,1,-84.4327925502013
2025-04-01 09:07:30,2,-62.9320391049825
2025-04-01 09:07:40,3,-34.8572047321815
2025-04-01 09:07:50,4,-3.14107590781167
2025-04-01 09:08:00,1,-68.4547105928676
2025-04-01 09:08:10,2,-41.62807922604
2025-04-01 09:08:20,3,-10.4528463267669
2025-04-01 09:08:30,4,21.8143241396539
2025-04-01 09:08:40,1,-48.1753674101714
2025-04-01 09:08:50,2,-17.708474031957
2025-04-01 09:09:00,3,14.6083028562409
2025-04-01 09:09:10,4,45.3990499739555
2025-04-01 09:09:20,1,-24.8689887164841
2025-04-01 09:09:30,2,7.32381971276581
2025-04-01 09:09:40,3,38.7515586452086
2025-04-01 09:09:50,4,66.1311865323647
2025-04-01 09:10:00,1,-9.77241516771529e-14
2025-04-01 09:10:10,2,31.895930929808
2025-04-01 09:10:20,3,60.459911486237
2025-04-01 09:10:30,4,82.7080574274565
2025-04-01 09:10:40,1,24.8689887164866
2025-04-01 09:10:50,2,54.4639035015047
2025-04-01 09:11:00,3,78.3693457325844
2025-04-01 09:11:10,4,94.0880768954222
2025-04-01 09:11:20,1,48.1753674101712
2025-04-01 09:11:30,2,73.609708711974
2025-04-01 09:11:40,3,91.3545457642597
2025-04-01 09:11:50,4,99.556196460308
2025-04-01 09:12:00,1,68.4547105928695
2025-04-01 09:12:10,2,88.1303452065002
2025-04-01 09:12:20,3,98.5996037070506
2025-04-01 09:12:30,4,98.7688340595135
2025-04-01 09:12:40,1,84.4327925502012
2025-04-01 09:12:50,2,97.1134279909637
2025-04-01 09:13:00,3,99.6492859249505
2025-04-01 09:13:10,4,91.7754625683981
2025-04-01 09:13:20,1,95.1056516295155
2025-04-01 09:13:30,2,99.9945169365512
2025-04-01 09:13:40,3,94.4376370237481
2025-04-01 09:13:50,4,79.0155012375682
2025-04-01 09:14:00,1,99.8026728428271
2025-04-01 09:14:10,2,96.5925826289068
2025-04-01 09:14:20,3,83.2921240710107
2025-04-01 09:14:30,4,61.2907053652979
2025-04-01 09:14:40,1,98.2287250728688
2025-04-01 09:14:50,2,87.1213811120182
2025-04-01 09:15:00,3,66.9130606358859
2025-04-01 09:15:10,4,39.7147890634771
2025-04-01 09:15:20,1,90.4827052466013
2025-04-01 09:15:30,2,72.1760228098363
2025-04-01 09:15:40,3,46.3296035119877
2025-04-01 09:15:50,4,15.6434465040236
2025-04-01 09:16:00,1,77.0513242775789
2025-04-01 09:16:10,2,52.6955795496667
2025-04-01 09:16:20,3,22.835087011066
2025-04-01 09:16:30,4,-9.41083133185215
2025-04-01 09:16:40,1,58.7785252292462
2025-04-01 09:16:50,2,29.9040792256063
2025-04-01 09:17:00,3,-2.09424198833368
2025-04-01 09:17:10,4,-33.8737920245283
2025-04-01 09:17:20,1,36.812455268468
2025-04-01 09:17:30,2,5.23359562429346
2025-04-01 09:17:40,3,-26.8919820615259
2025-04-01 09:17:50,4,-56.2083377852134
2025-04-01 09:18:00,1,12.5333233564294
2025-04-01 09:18:10,2,-19.7657340379148
2025-04-01 09:18:20,3,-50.0000000000005
2025-04-01 09:18:30,4,-75.0111069630452
2025-04-01 09:18:40,1,-12.5333233564299
2025-04-01 09:18:50,2,-43.5231099372333
2025-04-01 09:19:00,3,-69.9663340513358
2025-04-01 09:19:10,4,-89.1006524188369
2025-04-01 09:19:20,1,-36.8124552684685
2025-04-01 09:19:30,2,-64.5457687723965
2025-04-01 09:19:40,3,-85.5364260160508
2025-04-01 09:19:50,4,-97.5916761938751
2025-04-01 09:20:00,1,-58.7785252292466
2025-04-01 09:20:10,2,-81.5127795728556
2025-04-01 09:20:20,3,-95.7319497532064
2025-04-01 09:20:30,4,-99.9506560365732
2025-04-01 09:20:40,1,-77.0513242775792
2025-04-01 09:20:50,2,-93.3580426497208
2025-04-01 09:21:00,3,-99.9122830098858
2025-04-01 09:21:10,4,-96.029368567694
2025-04-01 09:21:20,1,-90.4827052466027
2025-04-01 09:21:30,2,-99.3372765600396
2025-04-01 09:21:40,3,-97.8147600733809
2025-04-01 09:21:50,4,-86.0742027003946
2025-04-01 09:22:00,1,-98.2287250728689
2025-04-01 09:22:10,2,-99.0747840471442
2025-04-01 09:22:20,3,-89.5711760239414
2025-04-01 09:22:30,4,-70.7106781186541
2025-04-01 09:22:40,1,-99.8026728428271
2025-04-01 09:22:50,2,-92.5870584809985
2025-04-01 09:23:00,3,-75.6995055651769
2025-04-01 09:23:10,4,-50.9041415750377
2025-04-01 09:23:20,1,-95.1056516295154
2025-04-01 09:23:30,2,-80.2817475191108
2025-04-01 09:23:40,3,-57.0713567684437
2025-04-01 09:23:50,4,-27.8991106039224
2025-04-01 09:24:00,1,-84.4327925502009
2025-04-01 09:24:10,2,-62.9320391049819
2025-04-01 09:24:20,3,-34.8572047321809
2025-04-01 09:24:30,4,-3.14107590781382
2025-04-01 09:24:40,1,-68.4547105928692
2025-04-01 09:24:50,2,-41.6280792260394
2025-04-01 09:25:00,3,-10.4528463267662
2025-04-01 09:25:10,4,21.8143241396545
2025-04-01 09:25:20,1,-48.1753674101708
2025-04-01 09:25:30,2,-17.7084740319563
2025-04-01 09:25:40,3,14.6083028562415
2025-04-01 09:25:50,4,45.3990499739561
2025-04-01 09:26:00,1,-24.8689887164861
2025-04-01 09:26:10,2,7.32381971276365
2025-04-01 09:26:20,3,38.7515586452092
2025-04-01 09:26:30,4,66.1311865323652
2025-04-01 09:26:40,1,5.883256481e-13
2025-04-01 09:26:50,2,31.8959309298087
2025-04-01 09:27:00,3,60.4599114862376
2025-04-01 09:27:10,4,82.7080574274569
2025-04-01 09:27:20,1,24.8689887164873
2025-04-01 09:27:30,2,54.4639035015029
2025-04-01 09:27:40,3,78.3693457325831
2025-04-01 09:27:50,4,94.0880768954224
2025-04-01 09:28:00,1,48.1753674101718
2025-04-01 09:28:10,2,73.6097087119744
2025-04-01 09:28:20,3,91.35454576426
2025-04-01 09:28:30,4,99.5561964603081
2025-04-01 09:28:40,1,68.45471059287
2025-04-01 09:28:50,2,88.1303452064992
2025-04-01 09:29:00,3,98.5996037070502
2025-04-01 09:29:10,4,98.7688340595139
2025-04-01 09:29:20,1,84.4327925502015
2025-04-01 09:29:30,2,97.1134279909639
2025-04-01 09:29:40,3,99.6492859249505
2025-04-01 09:29:50,4,91.7754625683978
2025-04-01 09:30:00,1,95.1056516295157
2025-04-01 09:30:10,2,99.9945169365512
2025-04-01 09:30:20,3,94.4376370237488
2025-04-01 09:30:30,4,79.0155012375696
2025-04-01 09:30:40,1,99.8026728428271
2025-04-01 09:30:50,2,96.5925826289066
2025-04-01 09:31:00,3,83.2921240710104
2025-04-01 09:31:10,4,61.2907053652973
2025-04-01 09:31:20,1,98.2287250728687
2025-04-01 09:31:30,2,87.1213811120179
2025-04-01 09:31:40,3,66.9130606358854
2025-04-01 09:31:50,4,39.7147890634791
2025-04-01 09:32:00,1,90.4827052466022
2025-04-01 09:32:10,2,72.1760228098358
2025-04-01 09:32:20,3,46.3296035119871
2025-04-01 09:32:30,4,15.643446504023
2025-04-01 09:32:40,1,77.0513242775785
2025-04-01 09:32:50,2,52.6955795496661
2025-04-01 09:33:00,3,22.8350870110653
2025-04-01 09:33:10,4,-9.41083133185283
2025-04-01 09:33:20,1,58.778525229248
2025-04-01 09:33:30,2,29.9040792256083
2025-04-01 09:33:40,3,-2.09424198833437
2025-04-01 09:33:50,4,-33.873792024529
2025-04-01 09:34:00,1,36.8124552684674
2025-04-01 09:34:10,2,5.23359562429277
2025-04-01 09:34:20,3,-26.8919820615265
2025-04-01 09:34:30,4,-56.208337785214
2025-04-01 09:34:40,1,12.5333233564287
2025-04-01 09:34:50,2,-19.7657340379127
2025-04-01 09:35:00,3,-49.9999999999986
2025-04-01 09:35:10,4,-75.0111069630457
2025-04-01 09:35:20,1,-12.5333233564306
2025-04-01 09:35:30,2,-43.5231099372339
2025-04-01 09:35:40,3,-69.9663340513363
2025-04-01 09:35:50,4,-89.1006524188372
2025-04-01 09:36:00,1,-36.8124552684691
2025-04-01 09:36:10,2,-64.5457687723971
2025-04-01 09:36:20,3,-85.5364260160497
2025-04-01 09:36:30,4,-97.5916761938746
2025-04-01 09:36:40,1,-58.7785252292472
2025-04-01 09:36:50,2,-81.512779572856
2025-04-01 09:37:00,3,-95.7319497532065
2025-04-01 09:37:10,4,-99.9506560365731
2025-04-01 09:37:20,1,-77.0513242775797
2025-04-01 09:37:30,2,-93.358042649721
2025-04-01 09:37:40,3,-99.9122830098859
2025-04-01 09:37:50,4,-96.0293685676946
2025-04-01 09:38:00,1,-90.4827052466018
2025-04-01 09:38:10,2,-99.3372765600397
2025-04-01 09:38:20,3,-97.8147600733808
2025-04-01 09:38:30,4,-86.0742027003942
2025-04-01 09:38:40,1,-98.228725072869
2025-04-01 09:38:50,2,-99.0747840471441
2025-04-01 09:39:00,3,-89.5711760239411
2025-04-01 09:39:10,4,-70.7106781186537
2025-04-01 09:39:20,1,-99.8026728428272
2025-04-01 09:39:30,2,-92.5870584809993
2025-04-01 09:39:40,3,-75.6995055651764
2025-04-01 09:39:50,4,-50.9041415750371
2025-04-01 09:40:00,1,-95.1056516295152
2025-04-01 09:40:10,2,-80.2817475191104
2025-04-01 09:40:20,3,-57.0713567684431
2025-04-01 09:40:30,4,-27.8991106039217
2025-04-01 09:40:40,1,-84.4327925502005
2025-04-01 09:40:50,2,-62.9320391049836
2025-04-01 09:41:00,3,-34.8572047321829
2025-04-01 09:41:10,4,-3.14107590781314
2025-04-01 09:41:20,1,-68.4547105928687
2025-04-01 09:41:30,2,-41.6280792260388
2025-04-01 09:41:40,3,-10.4528463267656
2025-04-01 09:41:50,4,21.8143241396552
2025-04-01 09:42:00,1,-48.1753674101702
2025-04-01 09:42:10,2,-17.7084740319556
2025-04-01 09:42:20,3,14.6083028562394
2025-04-01 09:42:30,4,45.3990499739542
2025-04-01 09:42:40,1,-24.8689887164855
2025-04-01 09:42:50,2,7.32381971276434
2025-04-01 09:43:00,3,38.7515586452098
2025-04-01 09:43:10,4,66.1311865323657
2025-04-01 09:43:20,1,1.27437544787715e-12
2025-04-01 09:43:30,2,31.8959309298093
2025-04-01 09:43:40,3,60.4599114862359
2025-04-01 09:43:50,4,82.7080574274557
2025-04-01 09:44:00,1,24.8689887164852
2025-04-01 09:44:10,2,54.4639035015035
2025-04-01 09:44:20,3,78.3693457325835
2025-04-01 09:44:30,4,94.0880768954227
2025-04-01 09:44:40,1,48.1753674101724
2025-04-01 09:44:50,2,73.6097087119749
2025-04-01 09:45:00,3,91.3545457642603
2025-04-01 09:45:10,4,99.5561964603079
2025-04-01 09:45:20,1,68.4547105928685
2025-04-01 09:45:30,2,88.1303452064995
2025-04-01 09:45:40,3,98.5996037070503
2025-04-01 09:45:50,4,98.7688340595138
2025-04-01 09:46:00,1,84.4327925502019
2025-04-01 09:46:10,2,97.1134279909641
2025-04-01 09:46:20,3,99.6492859249504
2025-04-01 09:46:30,4,91.7754625683976
2025-04-01 09:46:40,1,95.1056516295151
2025-04-01 09:46:50,2,99.9945169365512
2025-04-01 09:47:00,3,94.4376370237486
2025-04-01 09:47:10,4,79.0155012375691
2025-04-01 09:47:20,1,99.8026728428272
2025-04-01 09:47:30,2,96.5925826289064
2025-04-01 09:47:40,3,83.29212407101
2025-04-01 09:47:50,4,61.2907053652968
2025-04-01 09:48:00,1,98.2287250728686
2025-04-01 09:48:10,2,87.1213811120189
2025-04-01 09:48:20,3,66.913060635887
2025-04-01 09:48:30,4,39.7147890634785
2025-04-01 09:48:40,1,90.4827052466019
2025-04-01 09:48:50,2,72.1760228098353
2025-04-01 09:49:00,3,46.3296035119865
2025-04-01 09:49:10,4,15.6434465040223
2025-04-01 09:49:20,1,77.051324277578
2025-04-01 09:49:30,2,52.6955795496656
2025-04-01 09:49:40,3,22.8350870110674
2025-04-01 09:49:50,4,-9.41083133185069
2025-04-01 09:50:00,1,58.7785252292474
2025-04-01 09:50:10,2,29.9040792256077
2025-04-01 09:50:20,3,-2.09424198833505
2025-04-01 09:50:30,4,-33.8737920245296
2025-04-01 09:50:40,1,36.8124552684668
2025-04-01 09:50:50,2,5.23359562429209
2025-04-01 09:51:00,3,-26.8919820615272
2025-04-01 09:51:10,4,-56.2083377852122
2025-04-01 09:51:20,1,12.5333233564309
2025-04-01 09:51:30,2,-19.7657340379133
2025-04-01 09:51:40,3,-49.9999999999992
2025-04-01 09:51:50,4,-75.0111069630461
2025-04-01 09:52:00,1,-12.5333233564313
2025-04-01 09:52:10,2,-43.5231099372346
2025-04-01 09:52:20,3,-69.9663340513368
2025-04-01 09:52:30,4,-89.1006524188375
2025-04-01 09:52:40,1,-36.8124552684671
2025-04-01 09:52:50,2,-64.5457687723954
2025-04-01 09:53:00,3,-85.53642601605
2025-04-01 09:53:10,4,-97.5916761938747
2025-04-01 09:53:20,1,-58.7785252292478
2025-04-01 09:53:30,2,-81.5127795728564
2025-04-01 09:53:40,3,-95.7319497532067
2025-04-01 09:53:50,4,-99.9506560365731
2025-04-01 09:54:00,1,-77.0513242775801
2025-04-01 09:54:10,2,-93.3580426497202
2025-04-01 09:54:20,3,-99.9122830098858
2025-04-01 09:54:30,4,-96.0293685676944
2025-04-01 09:54:40,1,-90.4827052466021
2025-04-01 09:54:50,2,-99.3372765600398
2025-04-01 09:55:00,3,-97.8147600733806
2025-04-01 09:55:10,4,-86.0742027003939
2025-04-01 09:55:20,1,-98.2287250728692
2025-04-01 09:55:30,2,-99.074784047144
2025-04-01 09:55:40,3,-89.5711760239421
2025-04-01 09:55:50,4,-70.7106781186552
2025-04-01 09:56:00,1,-99.8026728428271
2025-04-01 09:56:10,2,-92.587058480999
2025-04-01 09:56:20,3,-75.699505565176
2025-04-01 09:56:30,4,-50.9041415750366
2025-04-01 09:56:40,1,-95.105651629515
2025-04-01 09:56:50,2,-80.28174751911
2025-04-01 09:57:00,3,-57.0713567684425
2025-04-01 09:57:10,4,-27.8991106039238
2025-04-01 09:57:20,1,-84.4327925502017
2025-04-01 09:57:30,2,-62.9320391049831
2025-04-01 09:57:40,3,-34.8572047321823
2025-04-01 09:57:50,4,-3.14107590781245
2025-04-01 09:58:00,1,-68.4547105928682
2025-04-01 09:58:10,2,-41.6280792260382
2025-04-01 09:58:20,3,-10.4528463267649
2025-04-01 09:58:30,4,21.8143241396531
2025-04-01 09:58:40,1,-48.1753674101721
2025-04-01 09:58:50,2,-17.7084740319578
2025-04-01 09:59:00,3,14.6083028562401
2025-04-01 09:59:10,4,45.3990499739548
2025-04-01 09:59:20,1,-24.8689887164848
2025-04-01 09:59:30,2,7.32381971276502
2025-04-01 09:59:40,3,38.7515586452105
2025-04-01 09:59:50,4,66.1311865323662
2025-04-01 10:00:00,1,-8.81745695386094e-13
2025-04-01 10:00:10,2,31.8959309298073
2025-04-01 10:00:20,3,60.4599114862364
2025-04-01 10:00:30,4,82.7080574274561
2025-04-01 10:00:40,1,24.8689887164859
2025-04-01 10:00:50,2,54.463903501504
2025-04-01 10:01:00,3,78.3693457325839
2025-04-01 10:01:10,4,94.0880768954229
2025-04-01 10:01:20,1,48.175367410173
2025-04-01 10:01:30,2,73.6097087119734
2025-04-01 10:01:40,3,91.3545457642594
2025-04-01 10:01:50,4,99.556196460308
2025-04-01 10:02:00,1,68.4547105928689
2025-04-01 10:02:10,2,88.1303452064998
2025-04-01 10:02:20,3,98.5996037070504
2025-04-01 10:02:30,4,98.7688340595136
2025-04-01 10:02:40,1,84.4327925502023
2025-04-01 10:02:50,2,97.1134279909642
2025-04-01 10:03:00,3,99.6492859249506
2025-04-01 10:03:10,4,91.7754625683984
2025-04-01 10:03:20,1,95.1056516295153
2025-04-01 10:03:30,2,99.9945169365512
2025-04-01 10:03:40,3,94.4376370237483
2025-04-01 10:03:50,4,79.0155012375687
2025-04-01 10:04:00,1,99.8026728428272
2025-04-01 10:04:10,2,96.5925826289062
2025-04-01 10:04:20,3,83.2921240710096
2025-04-01 10:04:30,4,61.2907053652985
2025-04-01 10:04:40,1,98.228725072869
2025-04-01 10:04:50,2,87.1213811120186
2025-04-01 10:05:00,3,66.9130606358865
2025-04-01 10:05:10,4,39.7147890634779
2025-04-01 10:05:20,1,90.4827052466016
2025-04-01 10:05:30,2,72.1760228098348
2025-04-01 10:05:40,3,46.3296035119859
2025-04-01 10:05:50,4,15.6434465040216
2025-04-01 10:06:00,1,77.0513242775794
2025-04-01 10:06:10,2,52.6955795496674
2025-04-01 10:06:20,3,22.8350870110668
2025-04-01 10:06:30,4,-9.41083133185137
2025-04-01 10:06:40,1,58.7785252292469
2025-04-01 10:06:50,2,29.904079225607
2025-04-01 10:07:00,3,-2.09424198833574
2025-04-01 10:07:10,4,-33.8737920245303
2025-04-01 10:07:20,1,36.8124552684661
2025-04-01 10:07:30,2,5.23359562429424
2025-04-01 10:07:40,3,-26.8919820615251
2025-04-01 10:07:50,4,-56.2083377852128
2025-04-01 10:08:00,1,12.5333233564302
2025-04-01 10:08:10,2,-19.765734037914
2025-04-01 10:08:20,3,-49.9999999999998
2025-04-01 10:08:30,4,-75.0111069630466
2025-04-01 10:08:40,1,-12.5333233564319
2025-04-01 10:08:50,2,-43.5231099372352
2025-04-01 10:09:00,3,-69.9663340513352
2025-04-01 10:09:10,4,-89.1006524188365
2025-04-01 10:09:20,1,-36.8124552684678
2025-04-01 10:09:30,2,-64.5457687723959
2025-04-01 10:09:40,3,-85.5364260160504
2025-04-01 10:09:50,4,-97.5916761938749
2025-04-01 10:10:00,1,-58.7785252292483
2025-04-01 10:10:10,2,-81.5127795728568
2025-04-01 10:10:20,3,-95.7319497532069
2025-04-01 10:10:30,4,-99.9506560365732
2025-04-01 10:10:40,1,-77.0513242775787
2025-04-01 10:10:50,2,-93.3580426497205
2025-04-01 10:11:00,3,-99.9122830098858
2025-04-01 10:11:10,4,-96.0293685676942
2025-04-01 10:11:20,1,-90.4827052466024
2025-04-01 10:11:30,2,-99.3372765600399
2025-04-01 10:11:40,3,-97.8147600733805
2025-04-01 10:11:50,4,-86.0742027003935
2025-04-01 10:12:00,1,-98.2287250728688
2025-04-01 10:12:10,2,-99.0747840471443
2025-04-01 10:12:20,3,-89.5711760239418
2025-04-01 10:12:30,4,-70.7106781186547
2025-04-01 10:12:40,1,-99.8026728428271
2025-04-01 10:12:50,2,-92.5870584809988
2025-04-01 10:13:00,3,-75.6995055651755
2025-04-01 10:13:10,4,-50.904141575036
2025-04-01 10:13:20,1,-95.1056516295156
2025-04-01 10:13:30,2,-80.2817475191113
2025-04-01 10:13:40,3,-57.0713567684443
2025-04-01 10:13:50,4,-27.8991106039231
2025-04-01 10:14:00,1,-84.4327925502013
2025-04-01 10:14:10,2,-62.9320391049825
2025-04-01 10:14:20,3,-34.8572047321816
2025-04-01 10:14:30,4,-3.14107590781176
2025-04-01 10:14:40,1,-68.4547105928677
2025-04-01 10:14:50,2,-41.6280792260401
2025-04-01 10:15:00,3,-10.452846326767
2025-04-01 10:15:10,4,21.8143241396538
2025-04-01 10:15:20,1,-48.1753674101714
2025-04-01 10:15:30,2,-17.7084740319571
2025-04-01 10:15:40,3,14.6083028562408
2025-04-01 10:15:50,4,45.3990499739554
2025-04-01 10:16:00,1,-24.8689887164842
2025-04-01 10:16:10,2,7.32381971276571
2025-04-01 10:16:20,3,38.7515586452085
2025-04-01 10:16:30,4,66.1311865323646
2025-04-01 10:16:40,1,-1.95695895608941e-13
2025-04-01 10:16:50,2,31.8959309298079
2025-04-01 10:17:00,3,60.4599114862369
2025-04-01 10:17:10,4,82.7080574274565
2025-04-01 10:17:20,1,24.8689887164865
2025-04-01 10:17:30,2,54.4639035015046
2025-04-01 10:17:40,3,78.3693457325843
2025-04-01 10:17:50,4,94.0880768954222
2025-04-01 10:18:00,1,48.1753674101711
2025-04-01 10:18:10,2,73.6097087119739
2025-04-01 10:18:20,3,91.3545457642597
2025-04-01 10:18:30,4,99.556196460308
2025-04-01 10:18:40,1,68.4547105928694
2025-04-01 10:18:50,2,88.1303452065002
2025-04-01 10:19:00,3,98.5996037070505
2025-04-01 10:19:10,4,98.7688340595135
2025-04-01 10:19:20,1,84.4327925502011
2025-04-01 10:19:30,2,97.1134279909637
2025-04-01 10:19:40,3,99.6492859249505
2025-04-01 10:19:50,4,91.7754625683982
2025-04-01 10:20:00,1,95.1056516295155
2025-04-01 10:20:10,2,99.9945169365512
2025-04-01 10:20:20,3,94.4376370237481
2025-04-01 10:20:30,4,79.0155012375683
2025-04-01 10:20:40,1,99.8026728428273
2025-04-01 10:20:50,2,96.5925826289068
2025-04-01 10:21:00,3,83.2921240710108
2025-04-01 10:21:10,4,61.2907053652979
2025-04-01 10:21:20,1,98.2287250728688
2025-04-01 10:21:30,2,87.1213811120183
2025-04-01 10:21:40,3,66.913060635886
2025-04-01 10:21:50,4,39.7147890634772
2025-04-01 10:22:00,1,90.4827052466013
2025-04-01 10:22:10,2,72.1760228098344
2025-04-01 10:22:20,3,46.3296035119878
2025-04-01 10:22:30,4,15.6434465040237
2025-04-01 10:22:40,1,77.051324277579
2025-04-01 10:22:50,2,52.6955795496668
2025-04-01 10:23:00,3,22.8350870110661
2025-04-01 10:23:10,4,-9.41083133185206
2025-04-01 10:23:20,1,58.7785252292463
2025-04-01 10:23:30,2,29.9040792256064
2025-04-01 10:23:40,3,-2.09424198833642
2025-04-01 10:23:50,4,-33.8737920245283
2025-04-01 10:24:00,1,36.8124552684681
2025-04-01 10:24:10,2,5.23359562429356
2025-04-01 10:24:20,3,-26.8919820615258
2025-04-01 10:24:30,4,-56.2083377852133
2025-04-01 10:24:40,1,12.5333233564295
2025-04-01 10:24:50,2,-19.7657340379147
2025-04-01 10:25:00,3,-50.0000000000004
2025-04-01 10:25:10,4,-75.011106963047
2025-04-01 10:25:20,1,-12.5333233564298
2025-04-01 10:25:30,2,-43.5231099372332
2025-04-01 10:25:40,3,-69.9663340513357
2025-04-01 10:25:50,4,-89.1006524188368
2025-04-01 10:26:00,1,-36.8124552684684
2025-04-01 10:26:10,2,-64.5457687723965
2025-04-01 10:26:20,3,-85.5364260160507
2025-04-01 10:26:30,4,-97.591676193875
2025-04-01 10:26:40,1,-58.7785252292489
2025-04-01 10:26:50,2,-81.5127795728556
2025-04-01 10:27:00,3,-95.7319497532063
2025-04-01 10:27:10,4,-99.9506560365732
2025-04-01 10:27:20,1,-77.0513242775791
2025-04-01 10:27:30,2,-93.3580426497207
2025-04-01 10:27:40,3,-99.9122830098858
2025-04-01 10:27:50,4,-96.029368567694
2025-04-01 10:28:00,1,-90.4827052466026
2025-04-01 10:28:10,2,-99.3372765600396
2025-04-01 10:28:20,3,-97.8147600733809
2025-04-01 10:28:30,4,-86.0742027003946
2025-04-01 10:28:40,1,-98.2287250728689
2025-04-01 10:28:50,2,-99.0747840471442
2025-04-01 10:29:00,3,-89.5711760239415
2025-04-01 10:29:10,4,-70.7106781186542
2025-04-01 10:29:20,1,-99.8026728428271
2025-04-01 10:29:30,2,-92.5870584809985
2025-04-01 10:29:40,3,-75.6995055651769
2025-04-01 10:29:50,4,-50.9041415750378
2025-04-01 10:30:00,1,-95.1056516295154
2025-04-01 10:30:10,2,-80.2817475191109
2025-04-01 10:30:20,3,-57.0713567684437
2025-04-01 10:30:30,4,-27.8991106039225
2025-04-01 10:30:40,1,-84.4327925502009
2025-04-01 10:30:50,2,-62.932039104982
2025-04-01 10:31:00,3,-34.857204732181
2025-04-01 10:31:10,4,-3.14107590781392
2025-04-01 10:31:20,1,-68.4547105928692
2025-04-01 10:31:30,2,-41.6280792260395
2025-04-01 10:31:40,3,-10.4528463267663
2025-04-01 10:31:50,4,21.8143241396544
2025-04-01 10:32:00,1,-48.1753674101708
2025-04-01 10:32:10,2,-17.7084740319564
2025-04-01 10:32:20,3,14.6083028562414
2025-04-01 10:32:30,4,45.399049973956
2025-04-01 10:32:40,1,-24.8689887164862
2025-04-01 10:32:50,2,7.32381971276356
2025-04-01 10:33:00,3,38.7515586452091
2025-04-01 10:33:10,4,66.1311865323651
2025-04-01 10:33:20,1,4.90353904168212e-13
2025-04-01 10:33:30,2,31.8959309298086
2025-04-01 10:33:40,3,60.4599114862375
2025-04-01 10:33:50,4,82.7080574274569
2025-04-01 10:34:00,1,24.8689887164872
2025-04-01 10:34:10,2,54.4639035015028
2025-04-01 10:34:20,3,78.369345732583
2025-04-01 10:34:30,4,94.0880768954224
2025-04-01 10:34:40,1,48.1753674101717
2025-04-01 10:34:50,2,73.6097087119744
2025-04-01 10:35:00,3,91.35454576426
2025-04-01 10:35:10,4,99.5561964603081
2025-04-01 10:35:20,1,68.4547105928699
2025-04-01 10:35:30,2,88.1303452065005
2025-04-01 10:35:40,3,98.5996037070502
2025-04-01 10:35:50,4,98.7688340595139
2025-04-01 10:36:00,1,84.4327925502015
2025-04-01 10:36:10,2,97.1134279909639
2025-04-01 10:36:20,3,99.6492859249505
2025-04-01 10:36:30,4,91.7754625683979
2025-04-01 10:36:40,1,95.1056516295157
2025-04-01 10:36:50,2,99.9945169365512
2025-04-01 10:37:00,3,94.4376370237479
2025-04-01 10:37:10,4,79.0155012375696
2025-04-01 10:37:20,1,99.8026728428271
2025-04-01 10:37:30,2,96.5925826289066
2025-04-01 10:37:40,3,83.2921240710104
2025-04-01 10:37:50,4,61.2907053652974
2025-04-01 10:38:00,1,98.2287250728687
2025-04-01 10:38:10,2,87.1213811120179
2025-04-01 10:38:20,3,66.9130606358855
2025-04-01 10:38:30,4,39.7147890634766
2025-04-01 10:38:40,1,90.4827052466022
2025-04-01 10:38:50,2,72.1760228098359
2025-04-01 10:39:00,3,46.3296035119872
2025-04-01 10:39:10,4,15.6434465040231
2025-04-01 10:39:20,1,77.0513242775785
2025-04-01 10:39:30,2,52.6955795496662
2025-04-01 10:39:40,3,22.8350870110654
2025-04-01 10:39:50,4,-9.41083133185274
2025-04-01 10:40:00,1,58.7785252292458
2025-04-01 10:40:10,2,29.9040792256084
2025-04-01 10:40:20,3,-2.09424198833427
2025-04-01 10:40:30,4,-33.8737920245289
2025-04-01 10:40:40,1,36.8124552684675
2025-04-01 10:40:50,2,5.23359562429287
2025-04-01 10:41:00,3,-26.8919820615264
2025-04-01 10:41:10,4,-56.2083377852139
2025-04-01 10:41:20,1,12.5333233564288
2025-04-01 10:41:30,2,-19.7657340379154
2025-04-01 10:41:40,3,-49.9999999999985
2025-04-01 10:41:50,4,-75.0111069630456
2025-04-01 10:42:00,1,-12.5333233564305
2025-04-01 10:42:10,2,-43.5231099372339
2025-04-01 10:42:20,3,-69.9663340513362
2025-04-01 10:42:30,4,-89.1006524188371
2025-04-01 10:42:40,1,-36.812455268469
2025-04-01 10:42:50,2,-64.545768772397
2025-04-01 10:43:00,3,-85.5364260160496
2025-04-01 10:43:10,4,-97.5916761938746
2025-04-01 10:43:20,1,-58.7785252292471
2025-04-01 10:43:30,2,-81.512779572856
2025-04-01 10:43:40,3,-95.7319497532065
2025-04-01 10:43:50,4,-99.9506560365731
2025-04-01 10:44:00,1,-77.0513242775796
2025-04-01 10:44:10,2,-93.358042649721
2025-04-01 10:44:20,3,-99.9122830098859
2025-04-01 10:44:30,4,-96.0293685676946
2025-04-01 10:44:40,1,-90.4827052466017
2025-04-01 10:44:50,2,-99.3372765600397
2025-04-01 10:45:00,3,-97.8147600733808
2025-04-01 10:45:10,4,-86.0742027003943
2025-04-01 10:45:20,1,-98.228725072869
2025-04-01 10:45:30,2,-99.0747840471441
2025-04-01 10:45:40,3,-89.5711760239412
2025-04-01 10:45:50,4,-70.7106781186537
2025-04-01 10:46:00,1,-99.8026728428272
2025-04-01 10:46:10,2,-92.5870584809993
2025-04-01 10:46:20,3,-75.6995055651765
2025-04-01 10:46:30,4,-50.9041415750372
2025-04-01 10:46:40,1,-95.1056516295152
2025-04-01 10:46:50,2,-80.2817475191105
2025-04-01 10:47:00,3,-57.0713567684432
2025-04-01 10:47:10,4,-27.8991106039218
2025-04-01 10:47:20,1,-84.4327925502006
2025-04-01 10:47:30,2,-62.9320391049837
2025-04-01 10:47:40,3,-34.857204732183
2025-04-01 10:47:50,4,-3.14107590781323
2025-04-01 10:48:00,1,-68.4547105928687
2025-04-01 10:48:10,2,-41.6280792260389
2025-04-01 10:48:20,3,-10.4528463267657
2025-04-01 10:48:30,4,21.8143241396551
2025-04-01 10:48:40,1,-48.1753674101702
2025-04-01 10:48:50,2,-17.7084740319557
2025-04-01 10:49:00,3,14.6083028562393
2025-04-01 10:49:10,4,45.3990499739541
2025-04-01 10:49:20,1,-24.8689887164856
2025-04-01 10:49:30,2,7.32381971276424
2025-04-01 10:49:40,3,38.7515586452098
2025-04-01 10:49:50,4,66.1311865323656
2025-04-01 10:50:00,1,1.17640370394537e-12
2025-04-01 10:50:10,2,31.8959309298092
2025-04-01 10:50:20,3,60.459911486238
2025-04-01 10:50:30,4,82.7080574274556
2025-04-01 10:50:40,1,24.8689887164851
2025-04-01 10:50:50,2,54.4639035015034
2025-04-01 10:51:00,3,78.3693457325834
2025-04-01 10:51:10,4,94.0880768954226
2025-04-01 10:51:20,1,48.1753674101723
2025-04-01 10:51:30,2,73.6097087119748
2025-04-01 10:51:40,3,91.3545457642603
2025-04-01 10:51:50,4,99.5561964603082
2025-04-01 10:52:00,1,68.4547105928684
2025-04-01 10:52:10,2,88.1303452064995
2025-04-01 10:52:20,3,98.5996037070503
2025-04-01 10:52:30,4,98.7688340595138
2025-04-01 10:52:40,1,84.4327925502018
2025-04-01 10:52:50,2,97.113427990964
2025-04-01 10:53:00,3,99.6492859249504
2025-04-01 10:53:10,4,91.7754625683976
2025-04-01 10:53:20,1,95.1056516295159
2025-04-01 10:53:30,2,99.9945169365512
2025-04-01 10:53:40,3,94.4376370237486
2025-04-01 10:53:50,4,79.0155012375692
2025-04-01 10:54:00,1,99.8026728428272
2025-04-01 10:54:10,2,96.5925826289064
2025-04-01 10:54:20,3,83.29212407101
2025-04-01 10:54:30,4,61.2907053652969
2025-04-01 10:54:40,1,98.2287250728686
2025-04-01 10:54:50,2,87.1213811120176
2025-04-01 10:55:00,3,66.9130606358871
2025-04-01 10:55:10,4,39.7147890634786
2025-04-01 10:55:20,1,90.4827052466019
2025-04-01 10:55:30,2,72.1760228098354
2025-04-01 10:55:40,3,46.3296035119866
2025-04-01 10:55:50,4,15.6434465040224
2025-04-01 10:56:00,1,77.0513242775781
2025-04-01 10:56:10,2,52.6955795496656
2025-04-01 10:56:20,3,22.8350870110648
2025-04-01 10:56:30,4,-9.41083133185059
2025-04-01 10:56:40,1,58.7785252292475
2025-04-01 10:56:50,2,29.9040792256078
2025-04-01 10:57:00,3,-2.09424198833495
2025-04-01 10:57:10,4,-33.8737920245295
2025-04-01 10:57:20,1,36.8124552684668
2025-04-01 10:57:30,2,5.23359562429219
2025-04-01 10:57:40,3,-26.8919820615271
2025-04-01 10:57:50,4,-56.2083377852121
2025-04-01 10:58:00,1,12.533323356431
2025-04-01 10:58:10,2,-19.7657340379132
2025-04-01 10:58:20,3,-49.9999999999991
2025-04-01 10:58:30,4,-75.011106963046
2025-04-01 10:58:40,1,-12.5333233564312
2025-04-01 10:58:50,2,-43.5231099372345
2025-04-01 10:59:00,3,-69.9663340513367
2025-04-01 10:59:10,4,-89.1006524188374
2025-04-01 10:59:20,1,-36.812455268467
2025-04-01 10:59:30,2,-64.5457687723953
2025-04-01 10:59:40,3,-85.53642601605
2025-04-01 10:59:50,4,-97.5916761938747
2025-04-01 11:00:00,1,-58.7785252292477
2025-04-01 11:00:10,2,-81.5127795728564
2025-04-01 11:00:20,3,-95.7319497532067
2025-04-01 11:00:30,4,-99.9506560365731
2025-04-01 11:00:40,1,-77.05132427758
2025-04-01 11:00:50,2,-93.3580426497202
2025-04-01 11:01:00,3,-99.9122830098858
2025-04-01 11:01:10,4,-96.0293685676944
2025-04-01 11:01:20,1,-90.482705246602
2025-04-01 11:01:30,2,-99.3372765600398
2025-04-01 11:01:40,3,-97.8147600733806
2025-04-01 11:01:50,4,-86.0742027003939
2025-04-01 11:02:00,1,-98.2287250728691
2025-04-01 11:02:10,2,-99.074784047144
2025-04-01 11:02:20,3,-89.5711760239421
2025-04-01 11:02:30,4,-70.7106781186553
2025-04-01 11:02:40,1,-99.8026728428272
2025-04-01 11:02:50,2,-92.5870584809991
2025-04-01 11:03:00,3,-75.699505565176
2025-04-01 11:03:10,4,-50.9041415750366
2025-04-01 11:03:20,1,-95.105651629515
2025-04-01 11:03:30,2,-80.2817475191101
2025-04-01 11:03:40,3,-57.0713567684426
2025-04-01 11:03:50,4,-27.8991106039239
2025-04-01 11:04:00,1,-84.4327925502017
2025-04-01 11:04:10,2,-62.9320391049831
2025-04-01 11:04:20,3,-34.8572047321824
2025-04-01 11:04:30,4,-3.14107590781255
2025-04-01 11:04:40,1,-68.4547105928682
2025-04-01 11:04:50,2,-41.6280792260383
2025-04-01 11:05:00,3,-10.452846326765
2025-04-01 11:05:10,4,21.8143241396558
2025-04-01 11:05:20,1,-48.1753674101721
2025-04-01 11:05:30,2,-17.7084740319579
2025-04-01 11:05:40,3,14.60830285624
2025-04-01 11:05:50,4,45.3990499739547
2025-04-01 11:06:00,1,-24.8689887164849
2025-04-01 11:06:10,2,7.32381971276493
2025-04-01 11:06:20,3,38.7515586452104
2025-04-01 11:06:30,4,66.1311865323661
2025-04-01 11:06:40,1,1.86245350372252e-12
2025-04-01 11:06:50,2,31.8959309298072
2025-04-01 11:07:00,3,60.4599114862363
2025-04-01 11:07:10,4,82.708057427456
2025-04-01 11:07:20,1,24.8689887164858
2025-04-01 11:07:30,2,54.4639035015039
2025-04-01 11:07:40,3,78.3693457325839
2025-04-01 11:07:50,4,94.0880768954229
2025-04-01 11:08:00,1,48.1753674101729
2025-04-01 11:08:10,2,73.6097087119753
2025-04-01 11:08:20,3,91.3545457642594
2025-04-01 11:08:30,4,99.5561964603079
2025-04-01 11:08:40,1,68.4547105928689
2025-04-01 11:08:50,2,88.1303452064998
2025-04-01 11:09:00,3,98.5996037070504
2025-04-01 11:09:10,4,98.7688340595137
2025-04-01 11:09:20,1,84.4327925502022
2025-04-01 11:09:30,2,97.1134279909642
2025-04-01 11:09:40,3,99.6492859249504
2025-04-01 11:09:50,4,91.7754625683985
2025-04-01 11:10:00,1,95.1056516295153
2025-04-01 11:10:10,2,99.9945169365512
2025-04-01 11:10:20,3,94.4376370237484
2025-04-01 11:10:30,4,79.0155012375688
2025-04-01 11:10:40,1,99.8026728428272
2025-04-01 11:10:50,2,96.5925826289063
2025-04-01 11:11:00,3,83.2921240710097
2025-04-01 11:11:10,4,61.2907053652963
2025-04-01 11:11:20,1,98.228725072869
2025-04-01 11:11:30,2,87.1213811120186
2025-04-01 11:11:40,3,66.9130606358866
2025-04-01 11:11:50,4,39.7147890634779
2025-04-01 11:12:00,1,90.4827052466017
2025-04-01 11:12:10,2,72.1760228098349
2025-04-01 11:12:20,3,46.329603511986
2025-04-01 11:12:30,4,15.6434465040217
2025-04-01 11:12:40,1,77.0513242775795
2025-04-01 11:12:50,2,52.6955795496675
2025-04-01 11:13:00,3,22.8350870110669
2025-04-01 11:13:10,4,-9.41083133185128
2025-04-01 11:13:20,1,58.778525229247
2025-04-01 11:13:30,2,29.9040792256071
2025-04-01 11:13:40,3,-2.09424198833564
2025-04-01 11:13:50,4,-33.8737920245302
2025-04-01 11:14:00,1,36.8124552684662
2025-04-01 11:14:10,2,5.23359562429434
2025-04-01 11:14:20,3,-26.891982061525
2025-04-01 11:14:30,4,-56.2083377852127
2025-04-01 11:14:40,1,12.5333233564303
2025-04-01 11:14:50,2,-19.7657340379139
2025-04-01 11:15:00,3,-49.9999999999997
2025-04-01 11:15:10,4,-75.0111069630465
2025-04-01 11:15:20,1,-12.5333233564318
2025-04-01 11:15:30,2,-43.5231099372351
2025-04-01 11:15:40,3,-69.9663340513352
2025-04-01 11:15:50,4,-89.1006524188365
2025-04-01 11:16:00,1,-36.8124552684677
2025-04-01 11:16:10,2,-64.5457687723958
2025-04-01 11:16:20,3,-85.5364260160503
2025-04-01 11:16:30,4,-97.5916761938749
2025-04-01 11:16:40,1,-58.7785252292482
2025-04-01 11:16:50,2,-81.5127795728568
2025-04-01 11:17:00,3,-95.7319497532069
2025-04-01 11:17:10,4,-99.9506560365731
2025-04-01 11:17:20,1,-77.0513242775786
2025-04-01 11:17:30,2,-93.3580426497204
2025-04-01 11:17:40,3,-99.9122830098858
2025-04-01 11:17:50,4,-96.0293685676934
2025-04-01 11:18:00,1,-90.4827052466023
2025-04-01 11:18:10,2,-99.3372765600399
2025-04-01 11:18:20,3,-97.8147600733805
2025-04-01 11:18:30,4,-86.0742027003921
2025-04-01 11:18:40,1,-98.2287250728687
2025-04-01 11:18:50,2,-99.0747840471447
2025-04-01 11:19:00,3,-89.5711760239406
2025-04-01 11:19:10,4,-70.7106781186507
2025-04-01 11:19:20,1,-99.8026728428271
2025-04-01 11:19:30,2,-92.5870584809999
2025-04-01 11:19:40,3,-75.6995055651737
2025-04-01 11:19:50,4,-50.9041415750361
2025-04-01 11:20:00,1,-95.1056516295148
2025-04-01 11:20:10,2,-80.2817475191113
2025-04-01 11:20:20,3,-57.0713567684397
2025-04-01 11:20:30,4,-27.8991106039205
2025-04-01 11:20:40,1,-84.4327925501998
2025-04-01 11:20:50,2,-62.9320391049826
2025-04-01 11:21:00,3,-34.8572047321817
2025-04-01 11:21:10,4,-3.14107590780902
2025-04-01 11:21:20,1,-68.4547105928698
2025-04-01 11:21:30,2,-41.6280792260376
2025-04-01 11:21:40,3,-10.4528463267643
2025-04-01 11:21:50,4,21.8143241396592
2025-04-01 11:22:00,1,-48.1753674101715
2025-04-01 11:22:10,2,-17.7084740319544
2025-04-01 11:22:20,3,14.6083028562435
2025-04-01 11:22:30,4,45.3990499739553
2025-04-01 11:22:40,1,-24.8689887164842
2025-04-01 11:22:50,2,7.32381971276278
2025-04-01 11:23:00,3,38.7515586452136
2025-04-01 11:23:10,4,66.1311865323667
2025-04-01 11:23:20,1,2.54850330349967e-12
2025-04-01 11:23:30,2,31.8959309298078
2025-04-01 11:23:40,3,60.4599114862414
2025-04-01 11:23:50,4,82.708057427458
2025-04-01 11:24:00,1,24.8689887164837
2025-04-01 11:24:10,2,54.4639035015045
2025-04-01 11:24:20,3,78.3693457325843
2025-04-01 11:24:30,4,94.0880768954241
2025-04-01 11:24:40,1,48.175367410171
2025-04-01 11:24:50,2,73.6097087119758
2025-04-01 11:25:00,3,91.3545457642608
2025-04-01 11:25:10,4,99.5561964603085
2025-04-01 11:25:20,1,68.4547105928694
2025-04-01 11:25:30,2,88.1303452064988
2025-04-01 11:25:40,3,98.599603707051
2025-04-01 11:25:50,4,98.7688340595136
2025-04-01 11:26:00,1,84.4327925502026
2025-04-01 11:26:10,2,97.1134279909637
2025-04-01 11:26:20,3,99.6492859249501
2025-04-01 11:26:30,4,91.7754625683971
2025-04-01 11:26:40,1,95.1056516295164
2025-04-01 11:26:50,2,99.9945169365512
2025-04-01 11:27:00,3,94.4376370237481
2025-04-01 11:27:10,4,79.0155012375666
2025-04-01 11:27:20,1,99.8026728428271
2025-04-01 11:27:30,2,96.5925826289061
2025-04-01 11:27:40,3,83.2921240710093
2025-04-01 11:27:50,4,61.2907053652935
2025-04-01 11:28:00,1,98.2287250728689
2025-04-01 11:28:10,2,87.1213811120169
2025-04-01 11:28:20,3,66.913060635884
2025-04-01 11:28:30,4,39.7147890634773
2025-04-01 11:28:40,1,90.4827052466014
2025-04-01 11:28:50,2,72.1760228098364
2025-04-01 11:29:00,3,46.3296035119828
2025-04-01 11:29:10,4,15.643446504021
2025-04-01 11:29:20,1,77.0513242775772
2025-04-01 11:29:30,2,52.6955795496669
2025-04-01 11:29:40,3,22.8350870110607
2025-04-01 11:29:50,4,-9.41083133185479
2025-04-01 11:30:00,1,58.7785252292487
2025-04-01 11:30:10,2,29.9040792256065
2025-04-01 11:30:20,3,-2.09424198833633
2025-04-01 11:30:30,4,-33.8737920245335
2025-04-01 11:30:40,1,36.8124552684682
2025-04-01 11:30:50,2,5.23359562429082
2025-04-01 11:31:00,3,-26.8919820615284
2025-04-01 11:31:10,4,-56.208337785218
2025-04-01 11:31:20,1,12.5333233564296
2025-04-01 11:31:30,2,-19.7657340379118
2025-04-01 11:31:40,3,-50.0000000000028
2025-04-01 11:31:50,4,-75.011106963047
2025-04-01 11:32:00,1,-12.5333233564325
2025-04-01 11:32:10,2,-43.5231099372332
2025-04-01 11:32:20,3,-69.9663340513397
2025-04-01 11:32:30,4,-89.1006524188381
2025-04-01 11:32:40,1,-36.8124552684709
2025-04-01 11:32:50,2,-64.5457687723964
2025-04-01 11:33:00,3,-85.5364260160507
2025-04-01 11:33:10,4,-97.5916761938756
2025-04-01 11:33:20,1,-58.7785252292465
2025-04-01 11:33:30,2,-81.5127795728572
2025-04-01 11:33:40,3,-95.7319497532071
2025-04-01 11:33:50,4,-99.950656036573
2025-04-01 11:34:00,1,-77.0513242775791
2025-04-01 11:34:10,2,-93.3580426497197
2025-04-01 11:34:20,3,-99.912283009886
2025-04-01 11:34:30,4,-96.029368567694
2025-04-01 11:34:40,1,-90.4827052466026
2025-04-01 11:34:50,2,-99.3372765600396
2025-04-01 11:35:00,3,-97.8147600733798
2025-04-01 11:35:10,4,-86.0742027003932
2025-04-01 11:35:20,1,-98.2287250728694
2025-04-01 11:35:30,2,-99.0747840471442
2025-04-01 11:35:40,3,-89.5711760239415
2025-04-01 11:35:50,4,-70.7106781186523
2025-04-01 11:36:00,1,-99.8026728428272
2025-04-01 11:36:10,2,-92.5870584809986
2025-04-01 11:36:20,3,-75.6995055651751
2025-04-01 11:36:30,4,-50.904141575033
2025-04-01 11:36:40,1,-95.1056516295154
2025-04-01 11:36:50,2,-80.2817475191092
2025-04-01 11:37:00,3,-57.0713567684415
2025-04-01 11:37:10,4,-27.8991106039226
2025-04-01 11:37:20,1,-84.432792550201
2025-04-01 11:37:30,2,-62.9320391049843
2025-04-01 11:37:40,3,-34.8572047321784
2025-04-01 11:37:50,4,-3.14107590781118
2025-04-01 11:38:00,1,-68.4547105928672
2025-04-01 11:38:10,2,-41.6280792260396
2025-04-01 11:38:20,3,-10.4528463267608
2025-04-01 11:38:30,4,21.8143241396571
2025-04-01 11:38:40,1,-48.1753674101734
2025-04-01 11:38:50,2,-17.7084740319565
2025-04-01 11:39:00,3,14.6083028562414
2025-04-01 11:39:10,4,45.3990499739584
2025-04-01 11:39:20,1,-24.8689887164863
2025-04-01 11:39:30,2,7.32381971276629
2025-04-01 11:39:40,3,38.7515586452117
2025-04-01 11:39:50,4,66.1311865323693
2025-04-01 11:40:00,1,3.92382160236424e-13
2025-04-01 11:40:10,2,31.8959309298058
2025-04-01 11:40:20,3,60.4599114862397
2025-04-01 11:40:30,4,82.7080574274568
2025-04-01 11:40:40,1,24.8689887164871
2025-04-01 11:40:50,2,54.4639035015027
2025-04-01 11:41:00,3,78.3693457325865
2025-04-01 11:41:10,4,94.0880768954233
2025-04-01 11:41:20,1,48.1753674101741
2025-04-01 11:41:30,2,73.6097087119743
2025-04-01 11:41:40,3,91.3545457642599
2025-04-01 11:41:50,4,99.5561964603083
2025-04-01 11:42:00,1,68.4547105928678
2025-04-01 11:42:10,2,88.1303452065004
2025-04-01 11:42:20,3,98.5996037070506
2025-04-01 11:42:30,4,98.768834059513
2025-04-01 11:42:40,1,84.4327925502014
2025-04-01 11:42:50,2,97.1134279909645
2025-04-01 11:43:00,3,99.6492859249502
2025-04-01 11:43:10,4,91.7754625683979
2025-04-01 11:43:20,1,95.1056516295157
2025-04-01 11:43:30,2,99.9945169365512
2025-04-01 11:43:40,3,94.437637023747
2025-04-01 11:43:50,4,79.0155012375679
2025-04-01 11:44:00,1,99.8026728428273
2025-04-01 11:44:10,2,96.5925826289066
2025-04-01 11:44:20,3,83.2921240710073
2025-04-01 11:44:30,4,61.2907053652952
2025-04-01 11:44:40,1,98.2287250728693
2025-04-01 11:44:50,2,87.121381112018
2025-04-01 11:45:00,3,66.9130606358856
2025-04-01 11:45:10,4,39.7147890634741
2025-04-01 11:45:20,1,90.4827052466023
2025-04-01 11:45:30,2,72.176022809834
2025-04-01 11:45:40,3,46.3296035119848
2025-04-01 11:45:50,4,15.6434465040175
2025-04-01 11:46:00,1,77.0513242775786
2025-04-01 11:46:10,2,52.6955795496687
2025-04-01 11:46:20,3,22.8350870110628
2025-04-01 11:46:30,4,-9.41083133185264
2025-04-01 11:46:40,1,58.7785252292459
2025-04-01 11:46:50,2,29.9040792256085
2025-04-01 11:47:00,3,-2.09424198833985
2025-04-01 11:47:10,4,-33.8737920245315
2025-04-01 11:47:20,1,36.8124552684649
2025-04-01 11:47:30,2,5.23359562429297
2025-04-01 11:47:40,3,-26.8919820615263
2025-04-01 11:47:50,4,-56.2083377852162
2025-04-01 11:48:00,1,12.5333233564317
2025-04-01 11:48:10,2,-19.7657340379153
2025-04-01 11:48:20,3,-50.0000000000009
2025-04-01 11:48:30,4,-75.0111069630493
2025-04-01 11:48:40,1,-12.5333233564304
2025-04-01 11:48:50,2,-43.5231099372363
2025-04-01 11:49:00,3,-69.9663340513382
2025-04-01 11:49:10,4,-89.1006524188371
2025-04-01 11:49:20,1,-36.8124552684689
2025-04-01 11:49:30,2,-64.5457687723947
2025-04-01 11:49:40,3,-85.5364260160525
2025-04-01 11:49:50,4,-97.5916761938752
2025-04-01 11:50:00,1,-58.7785252292493
2025-04-01 11:50:10,2,-81.5127795728559
2025-04-01 11:50:20,3,-95.7319497532081
2025-04-01 11:50:30,4,-99.9506560365731
2025-04-01 11:50:40,1,-77.0513242775777
2025-04-01 11:50:50,2,-93.3580426497209
2025-04-01 11:51:00,3,-99.9122830098859
2025-04-01 11:51:10,4,-96.0293685676931
2025-04-01 11:51:20,1,-90.4827052466017
2025-04-01 11:51:30,2,-99.33727656004
2025-04-01 11:51:40,3,-97.8147600733802
2025-04-01 11:51:50,4,-86.0742027003914
2025-04-01 11:52:00,1,-98.228725072869
2025-04-01 11:52:10,2,-99.0747840471445
2025-04-01 11:52:20,3,-89.5711760239399
2025-04-01 11:52:30,4,-70.7106781186538
2025-04-01 11:52:40,1,-99.802672842827
2025-04-01 11:52:50,2,-92.5870584809994
2025-04-01 11:53:00,3,-75.6995055651728
2025-04-01 11:53:10,4,-50.9041415750349
2025-04-01 11:53:20,1,-95.1056516295144
2025-04-01 11:53:30,2,-80.2817475191105
2025-04-01 11:53:40,3,-57.0713567684433
2025-04-01 11:53:50,4,-27.8991106039192
2025-04-01 11:54:00,1,-84.4327925502022
2025-04-01 11:54:10,2,-62.9320391049816
2025-04-01 11:54:20,3,-34.8572047321804
2025-04-01 11:54:30,4,-3.14107590780765
2025-04-01 11:54:40,1,-68.4547105928688
2025-04-01 11:54:50,2,-41.6280792260364
2025-04-01 11:55:00,3,-10.4528463267629
2025-04-01 11:55:10,4,21.814324139655
2025-04-01 11:55:20,1,-48.1753674101703
2025-04-01 11:55:30,2,-17.7084740319586
2025-04-01 11:55:40,3,14.6083028562448
2025-04-01 11:55:50,4,45.3990499739565
2025-04-01 11:56:00,1,-24.8689887164829
2025-04-01 11:56:10,2,7.32381971276414
2025-04-01 11:56:20,3,38.7515586452149
2025-04-01 11:56:30,4,66.1311865323677
2025-04-01 11:56:40,1,-1.76373898302682e-12
2025-04-01 11:56:50,2,31.8959309298091
2025-04-01 11:57:00,3,60.459911486238
2025-04-01 11:57:10,4,82.7080574274588
2025-04-01 11:57:20,1,24.868988716485
2025-04-01 11:57:30,2,54.4639035015057
2025-04-01 11:57:40,3,78.3693457325851
2025-04-01 11:57:50,4,94.0880768954245
2025-04-01 11:58:00,1,48.1753674101722
2025-04-01 11:58:10,2,73.6097087119728
2025-04-01 11:58:20,3,91.3545457642614
2025-04-01 11:58:30,4,99.5561964603081
2025-04-01 11:58:40,1,68.4547105928704
2025-04-01 11:58:50,2,88.1303452064994
2025-04-01 11:59:00,3,98.5996037070512
2025-04-01 11:59:10,4,98.7688340595133
2025-04-01 11:59:20,1,84.4327925502033
2025-04-01 11:59:30,2,97.113427990964
2025-04-01 11:59:40,3,99.6492859249504
2025-04-01 11:59:50,4,91.7754625683965
2025-04-01 12:00:00,1,95.105651629515
2025-04-01 12:00:10,2,99.9945169365512
2025-04-01 12:00:20,3,94.4376370237477
2025-04-01 12:00:30,4,79.0155012375658
2025-04-01 12:00:40,1,99.8026728428272
2025-04-01 12:00:50,2,96.5925826289057
2025-04-01 12:01:00,3,83.2921240710085
2025-04-01 12:01:10,4,61.2907053652969
2025-04-01 12:01:20,1,98.2287250728686
2025-04-01 12:01:30,2,87.121381112019
2025-04-01 12:01:40,3,66.913060635883
2025-04-01 12:01:50,4,39.7147890634761
2025-04-01 12:02:00,1,90.4827052466008
2025-04-01 12:02:10,2,72.1760228098354
2025-04-01 12:02:20,3,46.3296035119816
2025-04-01 12:02:30,4,15.6434465040197
2025-04-01 12:02:40,1,77.05132427758
2025-04-01 12:02:50,2,52.6955795496657
2025-04-01 12:03:00,3,22.8350870110649
2025-04-01 12:03:10,4,-9.41083133185615
2025-04-01 12:03:20,1,58.7785252292476
2025-04-01 12:03:30,2,29.9040792256052
2025-04-01 12:03:40,3,-2.0942419883377
2025-04-01 12:03:50,4,-33.8737920245295
2025-04-01 12:04:00,1,36.8124552684669
2025-04-01 12:04:10,2,5.23359562429512
2025-04-01 12:04:20,3,-26.8919820615297
2025-04-01 12:04:30,4,-56.2083377852144
2025-04-01 12:04:40,1,12.5333233564282
2025-04-01 12:04:50,2,-19.7657340379131
2025-04-01 12:05:00,3,-50.000000000004
2025-04-01 12:05:10,4,-75.0111069630479
2025-04-01 12:05:20,1,-12.5333233564282
2025-04-01 12:05:30,2,-43.5231099372344
2025-04-01 12:05:40,3,-69.9663340513367
2025-04-01 12:05:50,4,-89.1006524188387
2025-04-01 12:06:00,1,-36.8124552684669
2025-04-01 12:06:10,2,-64.5457687723974
2025-04-01 12:06:20,3,-85.5364260160514
2025-04-01 12:06:30,4,-97.5916761938759
2025-04-01 12:06:40,1,-58.7785252292476
2025-04-01 12:06:50,2,-81.5127795728547
2025-04-01 12:07:00,3,-95.7319497532075
2025-04-01 12:07:10,4,-99.9506560365731
2025-04-01 12:07:20,1,-77.05132427758
2025-04-01 12:07:30,2,-93.3580426497202
2025-04-01 12:07:40,3,-99.912283009886
2025-04-01 12:07:50,4,-96.0293685676937
2025-04-01 12:08:00,1,-90.4827052466032
2025-04-01 12:08:10,2,-99.3372765600398
2025-04-01 12:08:20,3,-97.8147600733806
2025-04-01 12:08:30,4,-86.0742027003925
2025-04-01 12:08:40,1,-98.2287250728686
2025-04-01 12:08:50,2,-99.074784047144
2025-04-01 12:09:00,3,-89.5711760239409
2025-04-01 12:09:10,4,-70.7106781186513
2025-04-01 12:09:20,1,-99.8026728428272
2025-04-01 12:09:30,2,-92.587058480998
2025-04-01 12:09:40,3,-75.6995055651742
2025-04-01 12:09:50,4,-50.9041415750367
2025-04-01 12:10:00,1,-95.105651629515
2025-04-01 12:10:10,2,-80.2817475191118
2025-04-01 12:10:20,3,-57.0713567684404
2025-04-01 12:10:30,4,-27.8991106039212
2025-04-01 12:10:40,1,-84.4327925502002
2025-04-01 12:10:50,2,-62.9320391049832
2025-04-01 12:11:00,3,-34.8572047321771
2025-04-01 12:11:10,4,-3.14107590780981
2025-04-01 12:11:20,1,-68.4547105928704
2025-04-01 12:11:30,2,-41.6280792260383
2025-04-01 12:11:40,3,-10.4528463267651
2025-04-01 12:11:50,4,21.8143241396585
2025-04-01 12:12:00,1,-48.1753674101722
2025-04-01 12:12:10,2,-17.7084740319552
2025-04-01 12:12:20,3,14.6083028562427
2025-04-01 12:12:30,4,45.3990499739597
2025-04-01 12:12:40,1,-24.868988716485
2025-04-01 12:12:50,2,7.32381971276199
2025-04-01 12:13:00,3,38.7515586452129
2025-04-01 12:13:10,4,66.1311865323661
2025-04-01 12:13:20,1,1.76448175979073e-12
2025-04-01 12:13:30,2,31.8959309298071
2025-04-01 12:13:40,3,60.4599114862408
2025-04-01 12:13:50,4,82.7080574274576
2025-04-01 12:14:00,1,24.8689887164884
2025-04-01 12:14:10,2,54.4639035015039
2025-04-01 12:14:20,3,78.3693457325838
2025-04-01 12:14:30,4,94.0880768954238
2025-04-01 12:14:40,1,48.1753674101703
2025-04-01 12:14:50,2,73.6097087119752
2025-04-01 12:15:00,3,91.3545457642605
2025-04-01 12:15:10,4,99.5561964603085
2025-04-01 12:15:20,1,68.4547105928688
2025-04-01 12:15:30,2,88.1303452065011
2025-04-01 12:15:40,3,98.5996037070509
2025-04-01 12:15:50,4,98.7688340595137
2025-04-01 12:16:00,1,84.4327925502022
2025-04-01 12:16:10,2,97.1134279909635
2025-04-01 12:16:20,3,99.6492859249501
2025-04-01 12:16:30,4,91.7754625683974
2025-04-01 12:16:40,1,95.1056516295161
2025-04-01 12:16:50,2,99.9945169365512
2025-04-01 12:17:00,3,94.4376370237465
2025-04-01 12:17:10,4,79.0155012375671
2025-04-01 12:17:20,1,99.802672842827
2025-04-01 12:17:30,2,96.5925826289063
2025-04-01 12:17:40,3,83.2921240710097
2025-04-01 12:17:50,4,61.2907053652941
2025-04-01 12:18:00,1,98.228725072869
2025-04-01 12:18:10,2,87.1213811120173
2025-04-01 12:18:20,3,66.9130606358846
2025-04-01 12:18:30,4,39.7147890634728
2025-04-01 12:18:40,1,90.4827052466017
2025-04-01 12:18:50,2,72.176022809837
2025-04-01 12:19:00,3,46.3296035119835
2025-04-01 12:19:10,4,15.6434465040218
2025-04-01 12:19:20,1,77.0513242775777
2025-04-01 12:19:30,2,52.6955795496676
2025-04-01 12:19:40,3,22.8350870110614
2025-04-01 12:19:50,4,-9.41083133185401
2025-04-01 12:20:00,1,58.7785252292447
2025-04-01 12:20:10,2,29.9040792256072
2025-04-01 12:20:20,3,-2.09424198833554
2025-04-01 12:20:30,4,-33.8737920245328
2025-04-01 12:20:40,1,36.8124552684689
2025-04-01 12:20:50,2,5.2335956242916
2025-04-01 12:21:00,3,-26.8919820615277
2025-04-01 12:21:10,4,-56.2083377852173
2025-04-01 12:21:20,1,12.5333233564304
2025-04-01 12:21:30,2,-19.7657340379166
2025-04-01 12:21:40,3,-50.0000000000021
2025-04-01 12:21:50,4,-75.0111069630464
2025-04-01 12:22:00,1,-12.5333233564317
2025-04-01 12:22:10,2,-43.5231099372324
2025-04-01 12:22:20,3,-69.9663340513392
2025-04-01 12:22:30,4,-89.1006524188377
2025-04-01 12:22:40,1,-36.8124552684702
2025-04-01 12:22:50,2,-64.5457687723958
2025-04-01 12:23:00,3,-85.5364260160532
2025-04-01 12:23:10,4,-97.5916761938755
2025-04-01 12:23:20,1,-58.7785252292459
2025-04-01 12:23:30,2,-81.5127795728567
2025-04-01 12:23:40,3,-95.7319497532069
2025-04-01 12:23:50,4,-99.950656036573
2025-04-01 12:24:00,1,-77.0513242775786
2025-04-01 12:24:10,2,-93.3580426497214
2025-04-01 12:24:20,3,-99.9122830098859
2025-04-01 12:24:30,4,-96.0293685676927
2025-04-01 12:24:40,1,-90.4827052466023
2025-04-01 12:24:50,2,-99.3372765600395
2025-04-01 12:25:00,3,-97.8147600733799
2025-04-01 12:25:10,4,-86.0742027003936
2025-04-01 12:25:20,1,-98.2287250728693
2025-04-01 12:25:30,2,-99.0747840471443
2025-04-01 12:25:40,3,-89.5711760239393
2025-04-01 12:25:50,4,-70.7106781186528
2025-04-01 12:26:00,1,-99.802672842827
2025-04-01 12:26:10,2,-92.5870584809988
2025-04-01 12:26:20,3,-75.6995055651757
2025-04-01 12:26:30,4,-50.9041415750337
2025-04-01 12:26:40,1,-95.1056516295157
2025-04-01 12:26:50,2,-80.2817475191097
2025-04-01 12:27:00,3,-57.0713567684421
2025-04-01 12:27:10,4,-27.8991106039179
2025-04-01 12:27:20,1,-84.4327925502014
2025-04-01 12:27:30,2,-62.9320391049805
2025-04-01 12:27:40,3,-34.8572047321791
2025-04-01 12:27:50,4,-3.14107590781196
2025-04-01 12:28:00,1,-68.4547105928678
2025-04-01 12:28:10,2,-41.6280792260403
2025-04-01 12:28:20,3,-10.4528463267616
2025-04-01 12:28:30,4,21.8143241396564
2025-04-01 12:28:40,1,-48.1753674101691
2025-04-01 12:28:50,2,-17.7084740319573
2025-04-01 12:29:00,3,14.6083028562462
2025-04-01 12:29:10,4,45.3990499739577
2025-04-01 12:29:20,1,-24.8689887164871
2025-04-01 12:29:30,2,7.32381971276551
2025-04-01 12:29:40,3,38.7515586452109
2025-04-01 12:29:50,4,66.1311865323687
2025-04-01 12:30:00,1,-3.91639383472518e-13
2025-04-01 12:30:10,2,31.8959309298104
2025-04-01 12:30:20,3,60.4599114862391
2025-04-01 12:30:30,4,82.7080574274596
2025-04-01 12:30:40,1,24.8689887164863
2025-04-01 12:30:50,2,54.4639035015021
2025-04-01 12:31:00,3,78.369345732586
2025-04-01 12:31:10,4,94.0880768954231
2025-04-01 12:31:20,1,48.1753674101734
2025-04-01 12:31:30,2,73.6097087119738
2025-04-01 12:31:40,3,91.3545457642619
2025-04-01 12:31:50,4,99.5561964603083
2025-04-01 12:32:00,1,68.4547105928714
2025-04-01 12:32:10,2,88.1303452065001
2025-04-01 12:32:20,3,98.5996037070505
2025-04-01 12:32:30,4,98.7688340595131
2025-04-01 12:32:40,1,84.432792550201
2025-04-01 12:32:50,2,97.1134279909643
2025-04-01 12:33:00,3,99.6492859249503
2025-04-01 12:33:10,4,91.775462568396
2025-04-01 12:33:20,1,95.1056516295154
2025-04-01 12:33:30,2,99.9945169365512
2025-04-01 12:33:40,3,94.4376370237472
2025-04-01 12:33:50,4,79.0155012375684
2025-04-01 12:34:00,1,99.8026728428272
2025-04-01 12:34:10,2,96.5925826289068
2025-04-01 12:34:20,3,83.2921240710078
2025-04-01 12:34:30,4,61.2907053652958
2025-04-01 12:34:40,1,98.2287250728683
2025-04-01 12:34:50,2,87.1213811120184
2025-04-01 12:35:00,3,66.9130606358862
2025-04-01 12:35:10,4,39.7147890634748
2025-04-01 12:35:20,1,90.4827052466026
2025-04-01 12:35:30,2,72.1760228098345
2025-04-01 12:35:40,3,46.3296035119855
2025-04-01 12:35:50,4,15.6434465040183
2025-04-01 12:36:00,1,77.0513242775791
2025-04-01 12:36:10,2,52.6955795496646
2025-04-01 12:36:20,3,22.8350870110635
2025-04-01 12:36:30,4,-9.41083133185186
2025-04-01 12:36:40,1,58.7785252292465
2025-04-01 12:36:50,2,29.9040792256093
2025-04-01 12:37:00,3,-2.09424198833907
2025-04-01 12:37:10,4,-33.8737920245307
2025-04-01 12:37:20,1,36.8124552684657
2025-04-01 12:37:30,2,5.23359562429375
2025-04-01 12:37:40,3,-26.891982061531
2025-04-01 12:37:50,4,-56.2083377852155
2025-04-01 12:38:00,1,12.5333233564325
2025-04-01 12:38:10,2,-19.7657340379145
2025-04-01 12:38:20,3,-50.0000000000002
2025-04-01 12:38:30,4,-75.0111069630488
2025-04-01 12:38:40,1,-12.5333233564296
2025-04-01 12:38:50,2,-43.5231099372356
2025-04-01 12:39:00,3,-69.9663340513376
2025-04-01 12:39:10,4,-89.1006524188393
2025-04-01 12:39:20,1,-36.8124552684682
2025-04-01 12:39:30,2,-64.5457687723941
2025-04-01 12:39:40,3,-85.5364260160521
2025-04-01 12:39:50,4,-97.591676193875
2025-04-01 12:40:00,1,-58.7785252292487
2025-04-01 12:40:10,2,-81.5127795728555
2025-04-01 12:40:20,3,-95.7319497532079
2025-04-01 12:40:30,4,-99.9506560365731
2025-04-01 12:40:40,1,-77.0513242775808
2025-04-01 12:40:50,2,-93.3580426497207
2025-04-01 12:41:00,3,-99.9122830098858
2025-04-01 12:41:10,4,-96.0293685676933
2025-04-01 12:41:20,1,-90.4827052466014
2025-04-01 12:41:30,2,-99.3372765600399
2025-04-01 12:41:40,3,-97.8147600733804
2025-04-01 12:41:50,4,-86.0742027003918
2025-04-01 12:42:00,1,-98.2287250728689
2025-04-01 12:42:10,2,-99.0747840471438
2025-04-01 12:42:20,3,-89.5711760239403
2025-04-01 12:42:30,4,-70.7106781186544
2025-04-01 12:42:40,1,-99.8026728428271
2025-04-01 12:42:50,2,-92.5870584809997
2025-04-01 12:43:00,3,-75.6995055651734
2025-04-01 12:43:10,4,-50.9041415750355
2025-04-01 12:43:20,1,-95.1056516295146
2025-04-01 12:43:30,2,-80.281747519111
2025-04-01 12:43:40,3,-57.0713567684392
2025-04-01 12:43:50,4,-27.8991106039199
2025-04-01 12:44:00,1,-84.4327925502026
2025-04-01 12:44:10,2,-62.9320391049822
2025-04-01 12:44:20,3,-34.8572047321812
2025-04-01 12:44:30,4,-3.14107590780843
2025-04-01 12:44:40,1,-68.4547105928694
2025-04-01 12:44:50,2,-41.6280792260371
2025-04-01 12:45:00,3,-10.4528463267637
2025-04-01 12:45:10,4,21.8143241396598
2025-04-01 12:45:20,1,-48.175367410171
2025-04-01 12:45:30,2,-17.7084740319594
2025-04-01 12:45:40,3,14.6083028562441
2025-04-01 12:45:50,4,45.3990499739558
2025-04-01 12:46:00,1,-24.8689887164837
2025-04-01 12:46:10,2,7.32381971276336
2025-04-01 12:46:20,3,38.7515586452142
2025-04-01 12:46:30,4,66.1311865323671
2025-04-01 12:46:40,1,3.13658135934504e-12
2025-04-01 12:46:50,2,31.8959309298084
2025-04-01 12:47:00,3,60.4599114862373
2025-04-01 12:47:10,4,82.7080574274583
2025-04-01 12:47:20,1,24.8689887164842
2025-04-01 12:47:30,2,54.463903501505
2025-04-01 12:47:40,3,78.3693457325846
2025-04-01 12:47:50,4,94.0880768954243
2025-04-01 12:48:00,1,48.1753674101715
2025-04-01 12:48:10,2,73.6097087119762
2025-04-01 12:48:20,3,91.354545764261
2025-04-01 12:48:30,4,99.5561964603081
2025-04-01 12:48:40,1,68.4547105928698
2025-04-01 12:48:50,2,88.130345206499
2025-04-01 12:49:00,3,98.5996037070511
2025-04-01 12:49:10,4,98.7688340595135
2025-04-01 12:49:20,1,84.4327925502029
2025-04-01 12:49:30,2,97.1134279909638
2025-04-01 12:49:40,3,99.64928592495
2025-04-01 12:49:50,4,91.7754625683968
2025-04-01 12:50:00,1,95.1056516295148
2025-04-01 12:50:10,2,99.9945169365512
2025-04-01 12:50:20,3,94.4376370237479
2025-04-01 12:50:30,4,79.0155012375663
2025-04-01 12:50:40,1,99.8026728428271
2025-04-01 12:50:50,2,96.5925826289059
2025-04-01 12:51:00,3,83.292124071009
2025-04-01 12:51:10,4,61.2907053652931
2025-04-01 12:51:20,1,98.2287250728687
2025-04-01 12:51:30,2,87.1213811120194
2025-04-01 12:51:40,3,66.9130606358835
2025-04-01 12:51:50,4,39.7147890634768
2025-04-01 12:52:00,1,90.4827052466011
2025-04-01 12:52:10,2,72.176022809836
2025-04-01 12:52:20,3,46.3296035119823
2025-04-01 12:52:30,4,15.6434465040204
2025-04-01 12:52:40,1,77.0513242775768
2025-04-01 12:52:50,2,52.6955795496664
2025-04-01 12:53:00,3,22.8350870110656
2025-04-01 12:53:10,4,-9.41083133185537
2025-04-01 12:53:20,1,58.7785252292482
2025-04-01 12:53:30,2,29.9040792256059
2025-04-01 12:53:40,3,-2.09424198833691
2025-04-01 12:53:50,4,-33.8737920245341
2025-04-01 12:54:00,1,36.8124552684677
2025-04-01 12:54:10,2,5.23359562429023
2025-04-01 12:54:20,3,-26.891982061529
2025-04-01 12:54:30,4,-56.2083377852137
2025-04-01 12:54:40,1,12.533323356429
2025-04-01 12:54:50,2,-19.7657340379124
2025-04-01 12:55:00,3,-50.0000000000033
2025-04-01 12:55:10,4,-75.0111069630474
2025-04-01 12:55:20,1,-12.5333233564331
2025-04-01 12:55:30,2,-43.5231099372337
2025-04-01 12:55:40,3,-69.9663340513402
2025-04-01 12:55:50,4,-89.1006524188383
2025-04-01 12:56:00,1,-36.8124552684662
2025-04-01 12:56:10,2,-64.5457687723968
2025-04-01 12:56:20,3,-85.536426016051
2025-04-01 12:56:30,4,-97.5916761938758
2025-04-01 12:56:40,1,-58.778525229247
2025-04-01 12:56:50,2,-81.5127795728575
2025-04-01 12:57:00,3,-95.7319497532073
2025-04-01 12:57:10,4,-99.950656036573
2025-04-01 12:57:20,1,-77.0513242775795
2025-04-01 12:57:30,2,-93.3580426497199
2025-04-01 12:57:40,3,-99.912283009886
2025-04-01 12:57:50,4,-96.0293685676939
2025-04-01 12:58:00,1,-90.4827052466029
2025-04-01 12:58:10,2,-99.3372765600397
2025-04-01 12:58:20,3,-97.8147600733796
2025-04-01 12:58:30,4,-86.0742027003929
2025-04-01 12:58:40,1,-98.2287250728695
2025-04-01 12:58:50,2,-99.0747840471441
2025-04-01 12:59:00,3,-89.5711760239413
2025-04-01 12:59:10,4,-70.7106781186519
2025-04-01 12:59:20,1,-99.8026728428272
2025-04-01 12:59:30,2,-92.5870584809983
2025-04-01 12:59:40,3,-75.6995055651748
2025-04-01 12:59:50,4,-50.9041415750325
2025-04-01 13:00:00,1,-95.1056516295153
2025-04-01 13:00:10,2,-80.2817475191089
2025-04-01 13:00:20,3,-57.071356768441
2025-04-01 13:00:30,4,-27.899110603922
2025-04-01 13:00:40,1,-84.4327925502007
2025-04-01 13:00:50,2,-62.9320391049838
2025-04-01 13:01:00,3,-34.8572047321779
2025-04-01 13:01:10,4,-3.14107590781059
2025-04-01 13:01:20,1,-68.4547105928668
2025-04-01 13:01:30,2,-41.6280792260391
2025-04-01 13:01:40,3,-10.4528463267602
2025-04-01 13:01:50,4,21.8143241396577
2025-04-01 13:02:00,1,-48.1753674101729
2025-04-01 13:02:10,2,-17.7084740319559
2025-04-01 13:02:20,3,14.6083028562419
2025-04-01 13:02:30,4,45.399049973959
2025-04-01 13:02:40,1,-24.8689887164858
2025-04-01 13:02:50,2,7.32381971276688
2025-04-01 13:03:00,3,38.7515586452122
2025-04-01 13:03:10,4,66.1311865323655
2025-04-01 13:03:20,1,9.80460216081789e-13
2025-04-01 13:03:30,2,31.8959309298063
2025-04-01 13:03:40,3,60.4599114862401
2025-04-01 13:03:50,4,82.7080574274571
2025-04-01 13:04:00,1,24.8689887164877
2025-04-01 13:04:10,2,54.4639035015032
2025-04-01 13:04:20,3,78.3693457325869
2025-04-01 13:04:30,4,94.0880768954235
2025-04-01 13:04:40,1,48.1753674101696
2025-04-01 13:04:50,2,73.6097087119747
2025-04-01 13:05:00,3,91.3545457642602
2025-04-01 13:05:10,4,99.5561964603084
2025-04-01 13:05:20,1,68.4547105928682
2025-04-01 13:05:30,2,88.1303452065007
2025-04-01 13:05:40,3,98.5996037070507
2025-04-01 13:05:50,4,98.7688340595129
2025-04-01 13:06:00,1,84.4327925502017
2025-04-01 13:06:10,2,97.1134279909633
2025-04-01 13:06:20,3,99.6492859249502
2025-04-01 13:06:30,4,91.7754625683977
2025-04-01 13:06:40,1,95.1056516295159
2025-04-01 13:06:50,2,99.9945169365512
2025-04-01 13:07:00,3,94.4376370237468
2025-04-01 13:07:10,4,79.0155012375676
2025-04-01 13:07:20,1,99.8026728428273
2025-04-01 13:07:30,2,96.5925826289065
2025-04-01 13:07:40,3,83.2921240710102
2025-04-01 13:07:50,4,61.2907053652948
2025-04-01 13:08:00,1,98.2287250728691
2025-04-01 13:08:10,2,87.1213811120177
2025-04-01 13:08:20,3,66.9130606358851
2025-04-01 13:08:30,4,39.7147890634735
2025-04-01 13:08:40,1,90.482705246602
2025-04-01 13:08:50,2,72.1760228098336
2025-04-01 13:09:00,3,46.3296035119842
2025-04-01 13:09:10,4,15.6434465040226
2025-04-01 13:09:20,1,77.0513242775782
2025-04-01 13:09:30,2,52.6955795496682
2025-04-01 13:09:40,3,22.8350870110622
2025-04-01 13:09:50,4,-9.41083133185323
2025-04-01 13:10:00,1,58.7785252292454
2025-04-01 13:10:10,2,29.904079225608
2025-04-01 13:10:20,3,-2.09424198834044
2025-04-01 13:10:30,4,-33.873792024532
2025-04-01 13:10:40,1,36.8124552684697
2025-04-01 13:10:50,2,5.23359562429238
2025-04-01 13:11:00,3,-26.8919820615269
2025-04-01 13:11:10,4,-56.2083377852167
2025-04-01 13:11:20,1,12.5333233564312
2025-04-01 13:11:30,2,-19.7657340379158
2025-04-01 13:11:40,3,-50.0000000000014
2025-04-01 13:11:50,4,-75.0111069630497
2025-04-01 13:12:00,1,-12.533323356431
2025-04-01 13:12:10,2,-43.5231099372317
2025-04-01 13:12:20,3,-69.9663340513386
2025-04-01 13:12:30,4,-89.1006524188373
2025-04-01 13:12:40,1,-36.8124552684695
2025-04-01 13:12:50,2,-64.5457687723952
2025-04-01 13:13:00,3,-85.5364260160528
2025-04-01 13:13:10,4,-97.5916761938753
2025-04-01 13:13:20,1,-58.7785252292498
2025-04-01 13:13:30,2,-81.5127795728563
2025-04-01 13:13:40,3,-95.7319497532067
2025-04-01 13:13:50,4,-99.950656036573
2025-04-01 13:14:00,1,-77.0513242775781
2025-04-01 13:14:10,2,-93.3580426497212
2025-04-01 13:14:20,3,-99.9122830098859
2025-04-01 13:14:30,4,-96.0293685676929
2025-04-01 13:14:40,1,-90.4827052466019
2025-04-01 13:14:50,2,-99.3372765600401
2025-04-01 13:15:00,3,-97.8147600733801
2025-04-01 13:15:10,4,-86.074202700394
2025-04-01 13:15:20,1,-98.2287250728691
2025-04-01 13:15:30,2,-99.0747840471444
2025-04-01 13:15:40,3,-89.5711760239397
2025-04-01 13:15:50,4,-70.7106781186534
2025-04-01 13:16:00,1,-99.802672842827
2025-04-01 13:16:10,2,-92.5870584809991
2025-04-01 13:16:20,3,-75.6995055651725
2025-04-01 13:16:30,4,-50.9041415750344
2025-04-01 13:16:40,1,-95.1056516295159
2025-04-01 13:16:50,2,-80.2817475191102
2025-04-01 13:17:00,3,-57.0713567684428
2025-04-01 13:17:10,4,-27.8991106039186
2025-04-01 13:17:20,1,-84.4327925502018
2025-04-01 13:17:30,2,-62.9320391049811
2025-04-01 13:17:40,3,-34.8572047321799
2025-04-01 13:17:50,4,-3.14107590780706
2025-04-01 13:18:00,1,-68.4547105928684
2025-04-01 13:18:10,2,-41.628079226041
2025-04-01 13:18:20,3,-10.4528463267623
2025-04-01 13:18:30,4,21.8143241396556
2025-04-01 13:18:40,1,-48.1753674101698
2025-04-01 13:18:50,2,-17.708474031958
2025-04-01 13:19:00,3,14.6083028562454
2025-04-01 13:19:10,4,45.399049973957
2025-04-01 13:19:20,1,-24.8689887164823
2025-04-01 13:19:30,2,7.32381971276473
2025-04-01 13:19:40,3,38.7515586452102
2025-04-01 13:19:50,4,66.1311865323681
2025-04-01 13:20:00,1,-1.17566092718146e-12
2025-04-01 13:20:10,2,31.8959309298097
2025-04-01 13:20:20,3,60.4599114862384
2025-04-01 13:20:30,4,82.7080574274591
2025-04-01 13:20:40,1,24.8689887164856
2025-04-01 13:20:50,2,54.4639035015062
2025-04-01 13:21:00,3,78.3693457325855
2025-04-01 13:21:10,4,94.0880768954228
2025-04-01 13:21:20,1,48.1753674101727
2025-04-01 13:21:30,2,73.6097087119732
2025-04-01 13:21:40,3,91.3545457642616
2025-04-01 13:21:50,4,99.5561964603082
2025-04-01 13:22:00,1,68.4547105928708
2025-04-01 13:22:10,2,88.1303452064997
2025-04-01 13:22:20,3,98.5996037070513
2025-04-01 13:22:30,4,98.7688340595132
2025-04-01 13:22:40,1,84.4327925502006
2025-04-01 13:22:50,2,97.1134279909642
2025-04-01 13:23:00,3,99.6492859249504
2025-04-01 13:23:10,4,91.7754625683963
2025-04-01 13:23:20,1,95.1056516295152
2025-04-01 13:23:30,2,99.9945169365512
2025-04-01 13:23:40,3,94.4376370237475
2025-04-01 13:23:50,4,79.0155012375654
2025-04-01 13:24:00,1,99.8026728428272
2025-04-01 13:24:10,2,96.5925826289071
2025-04-01 13:24:20,3,83.2921240710082
2025-04-01 13:24:30,4,61.2907053652965
2025-04-01 13:24:40,1,98.2287250728685
2025-04-01 13:24:50,2,87.1213811120187
2025-04-01 13:25:00,3,66.9130606358825
2025-04-01 13:25:10,4,39.7147890634755
2025-04-01 13:25:20,1,90.4827052466005
2025-04-01 13:25:30,2,72.176022809835
2025-04-01 13:25:40,3,46.3296035119861
2025-04-01 13:25:50,4,15.6434465040191
2025-04-01 13:26:00,1,77.0513242775796
2025-04-01 13:26:10,2,52.6955795496652
2025-04-01 13:26:20,3,22.8350870110643
2025-04-01 13:26:30,4,-9.41083133185674
2025-04-01 13:26:40,1,58.7785252292471
2025-04-01 13:26:50,2,29.9040792256046
2025-04-01 13:27:00,3,-2.09424198833828
2025-04-01 13:27:10,4,-33.87379202453
2025-04-01 13:27:20,1,36.8124552684664
2025-04-01 13:27:30,2,5.23359562429453
2025-04-01 13:27:40,3,-26.8919820615303
2025-04-01 13:27:50,4,-56.2083377852149
2025-04-01 13:28:00,1,12.5333233564277
2025-04-01 13:28:10,2,-19.7657340379137
2025-04-01 13:28:20,3,-50.0000000000045
2025-04-01 13:28:30,4,-75.0111069630483
2025-04-01 13:28:40,1,-12.5333233564288
2025-04-01 13:28:50,2,-43.5231099372349
2025-04-01 13:29:00,3,-69.9663340513371
2025-04-01 13:29:10,4,-89.1006524188389
2025-04-01 13:29:20,1,-36.8124552684675
2025-04-01 13:29:30,2,-64.5457687723979
2025-04-01 13:29:40,3,-85.5364260160517
2025-04-01 13:29:50,4,-97.5916761938761
2025-04-01 13:30:00,1,-58.7785252292481
2025-04-01 13:30:10,2,-81.512779572855
2025-04-01 13:30:20,3,-95.7319497532077
2025-04-01 13:30:30,4,-99.9506560365731
2025-04-01 13:30:40,1,-77.0513242775803
2025-04-01 13:30:50,2,-93.3580426497204
2025-04-01 13:31:00,3,-99.912283009886
2025-04-01 13:31:10,4,-96.0293685676935
2025-04-01 13:31:20,1,-90.4827052466034
2025-04-01 13:31:30,2,-99.3372765600399
2025-04-01 13:31:40,3,-97.8147600733805
2025-04-01 13:31:50,4,-86.0742027003922
2025-04-01 13:32:00,1,-98.2287250728687
2025-04-01 13:32:10,2,-99.0747840471439
2025-04-01 13:32:20,3,-89.5711760239407
2025-04-01 13:32:30,4,-70.7106781186509
2025-04-01 13:32:40,1,-99.8026728428271
2025-04-01 13:32:50,2,-92.587058481
2025-04-01 13:33:00,3,-75.6995055651739
2025-04-01 13:33:10,4,-50.9041415750362
2025-04-01 13:33:20,1,-95.1056516295149
2025-04-01 13:33:30,2,-80.2817475191115
2025-04-01 13:33:40,3,-57.0713567684399
2025-04-01 13:33:50,4,-27.8991106039207
2025-04-01 13:34:00,1,-84.4327925501999
2025-04-01 13:34:10,2,-62.9320391049828
2025-04-01 13:34:20,3,-34.8572047321819
2025-04-01 13:34:30,4,-3.14107590780922
2025-04-01 13:34:40,1,-68.4547105928699
2025-04-01 13:34:50,2,-41.6280792260378
2025-04-01 13:35:00,3,-10.4528463267645
2025-04-01 13:35:10,4,21.814324139659
2025-04-01 13:35:20,1,-48.1753674101717
2025-04-01 13:35:30,2,-17.7084740319546
2025-04-01 13:35:40,3,14.6083028562433
2025-04-01 13:35:50,4,45.3990499739551
2025-04-01 13:36:00,1,-24.8689887164844
2025-04-01 13:36:10,2,7.32381971276258
2025-04-01 13:36:20,3,38.7515586452135
2025-04-01 13:36:30,4,66.1311865323665
2025-04-01 13:36:40,1,2.3525598156361e-12
2025-04-01 13:36:50,2,31.8959309298076
2025-04-01 13:37:00,3,60.4599114862412
2025-04-01 13:37:10,4,82.7080574274579
2025-04-01 13:37:20,1,24.8689887164835
2025-04-01 13:37:30,2,54.4639035015044
2025-04-01 13:37:40,3,78.3693457325842
2025-04-01 13:37:50,4,94.088076895424
2025-04-01 13:38:00,1,48.1753674101708
2025-04-01 13:38:10,2,73.6097087119756
2025-04-01 13:38:20,3,91.3545457642607
2025-04-01 13:38:30,4,99.5561964603085
2025-04-01 13:38:40,1,68.4547105928692
2025-04-01 13:38:50,2,88.1303452064987
2025-04-01 13:39:00,3,98.599603707051
2025-04-01 13:39:10,4,98.7688340595136
2025-04-01 13:39:20,1,84.4327925502025
2025-04-01 13:39:30,2,97.1134279909636
2025-04-01 13:39:40,3,99.6492859249501
2025-04-01 13:39:50,4,91.7754625683971
2025-04-01 13:40:00,1,95.1056516295163
2025-04-01 13:40:10,2,99.9945169365512
2025-04-01 13:40:20,3,94.4376370237482
2025-04-01 13:40:30,4,79.0155012375667
2025-04-01 13:40:40,1,99.8026728428271
2025-04-01 13:40:50,2,96.5925826289061
2025-04-01 13:41:00,3,83.2921240710094
2025-04-01 13:41:10,4,61.2907053652937
2025-04-01 13:41:20,1,98.2287250728689
2025-04-01 13:41:30,2,87.121381112017
2025-04-01 13:41:40,3,66.9130606358841
2025-04-01 13:41:50,4,39.7147890634775
2025-04-01 13:42:00,1,90.4827052466014
2025-04-01 13:42:10,2,72.1760228098365
2025-04-01 13:42:20,3,46.329603511983
2025-04-01 13:42:30,4,15.6434465040212
2025-04-01 13:42:40,1,77.0513242775773
2025-04-01 13:42:50,2,52.6955795496671
2025-04-01 13:43:00,3,22.8350870110609
2025-04-01 13:43:10,4,-9.41083133185459
2025-04-01 13:43:20,1,58.7785252292489
2025-04-01 13:43:30,2,29.9040792256067
2025-04-01 13:43:40,3,-2.09424198833613
2025-04-01 13:43:50,4,-33.8737920245333
2025-04-01 13:44:00,1,36.8124552684684
2025-04-01 13:44:10,2,5.23359562429101
2025-04-01 13:44:20,3,-26.8919820615282
2025-04-01 13:44:30,4,-56.2083377852178
2025-04-01 13:44:40,1,12.5333233564298
2025-04-01 13:44:50,2,-19.7657340379116
2025-04-01 13:45:00,3,-50.0000000000026
2025-04-01 13:45:10,4,-75.0111069630468
2025-04-01 13:45:20,1,-12.5333233564323
2025-04-01 13:45:30,2,-43.523109937233
2025-04-01 13:45:40,3,-69.9663340513396
2025-04-01 13:45:50,4,-89.100652418838
2025-04-01 13:46:00,1,-36.8124552684708
2025-04-01 13:46:10,2,-64.5457687723962
2025-04-01 13:46:20,3,-85.5364260160506
2025-04-01 13:46:30,4,-97.5916761938756
2025-04-01 13:46:40,1,-58.7785252292463
2025-04-01 13:46:50,2,-81.5127795728571
2025-04-01 13:47:00,3,-95.7319497532071
2025-04-01 13:47:10,4,-99.950656036573
2025-04-01 13:47:20,1,-77.051324277579
2025-04-01 13:47:30,2,-93.3580426497216
2025-04-01 13:47:40,3,-99.9122830098859
2025-04-01 13:47:50,4,-96.0293685676941
2025-04-01 13:48:00,1,-90.4827052466025
2025-04-01 13:48:10,2,-99.3372765600396
2025-04-01 13:48:20,3,-97.8147600733798
2025-04-01 13:48:30,4,-86.0742027003933
2025-04-01 13:48:40,1,-98.2287250728694
2025-04-01 13:48:50,2,-99.0747840471442
2025-04-01 13:49:00,3,-89.5711760239391
2025-04-01 13:49:10,4,-70.7106781186524
2025-04-01 13:49:20,1,-99.8026728428273
2025-04-01 13:49:30,2,-92.5870584809986
2025-04-01 13:49:40,3,-75.6995055651753
2025-04-01 13:49:50,4,-50.9041415750332
2025-04-01 13:50:00,1,-95.1056516295155
2025-04-01 13:50:10,2,-80.2817475191094
2025-04-01 13:50:20,3,-57.0713567684417
2025-04-01 13:50:30,4,-27.8991106039173
2025-04-01 13:50:40,1,-84.4327925502011
2025-04-01 13:50:50,2,-62.9320391049844
2025-04-01 13:51:00,3,-34.8572047321786
2025-04-01 13:51:10,4,-3.14107590781137
2025-04-01 13:51:20,1,-68.4547105928674
2025-04-01 13:51:30,2,-41.6280792260398
2025-04-01 13:51:40,3,-10.452846326761
2025-04-01 13:51:50,4,21.8143241396569
2025-04-01 13:52:00,1,-48.1753674101686
2025-04-01 13:52:10,2,-17.7084740319567
2025-04-01 13:52:20,3,14.6083028562412
2025-04-01 13:52:30,4,45.3990499739583
2025-04-01 13:52:40,1,-24.8689887164865
2025-04-01 13:52:50,2,7.3238197127661
2025-04-01 13:53:00,3,38.7515586452115
2025-04-01 13:53:10,4,66.1311865323692
2025-04-01 13:53:20,1,1.96438672372847e-13
2025-04-01 13:53:30,2,31.895930929811
2025-04-01 13:53:40,3,60.4599114862395
2025-04-01 13:53:50,4,82.7080574274567
2025-04-01 13:54:00,1,24.8689887164869
2025-04-01 13:54:10,2,54.4639035015025
2025-04-01 13:54:20,3,78.3693457325864
2025-04-01 13:54:30,4,94.0880768954233
2025-04-01 13:54:40,1,48.1753674101739
2025-04-01 13:54:50,2,73.6097087119742
2025-04-01 13:55:00,3,91.3545457642622
2025-04-01 13:55:10,4,99.5561964603083
2025-04-01 13:55:20,1,68.4547105928677
2025-04-01 13:55:30,2,88.1303452065003
2025-04-01 13:55:40,3,98.5996037070506
2025-04-01 13:55:50,4,98.768834059513
2025-04-01 13:56:00,1,84.4327925502013
2025-04-01 13:56:10,2,97.1134279909645
2025-04-01 13:56:20,3,99.6492859249503
2025-04-01 13:56:30,4,91.7754625683957
2025-04-01 13:56:40,1,95.1056516295156
2025-04-01 13:56:50,2,99.9945169365512
2025-04-01 13:57:00,3,94.437637023747
2025-04-01 13:57:10,4,79.0155012375681
2025-04-01 13:57:20,1,99.8026728428273
2025-04-01 13:57:30,2,96.5925826289067
2025-04-01 13:57:40,3,83.2921240710074
2025-04-01 13:57:50,4,61.2907053652954
2025-04-01 13:58:00,1,98.2287250728682
2025-04-01 13:58:10,2,87.1213811120181
2025-04-01 13:58:20,3,66.9130606358857
2025-04-01 13:58:30,4,39.7147890634743
2025-04-01 13:58:40,1,90.4827052466024
2025-04-01 13:58:50,2,72.1760228098341
2025-04-01 13:59:00,3,46.3296035119849
2025-04-01 13:59:10,4,15.6434465040177
2025-04-01 13:59:20,1,77.0513242775787
2025-04-01 13:59:30,2,52.6955795496641
2025-04-01 13:59:40,3,22.835087011063
2025-04-01 13:59:50,4,-9.41083133185245
2025-04-01 14:00:00,1,58.778525229246
2025-04-01 14:00:10,2,29.9040792256087
2025-04-01 14:00:20,3,-2.09424198833966
2025-04-01 14:00:30,4,-33.8737920245313
2025-04-01 14:00:40,1,36.8124552684651
2025-04-01 14:00:50,2,5.23359562429316
2025-04-01 14:01:00,3,-26.8919820615316
2025-04-01 14:01:10,4,-56.208337785216
2025-04-01 14:01:20,1,12.5333233564319
2025-04-01 14:01:30,2,-19.7657340379151
2025-04-01 14:01:40,3,-50.0000000000007
2025-04-01 14:01:50,4,-75.0111069630492
2025-04-01 14:02:00,1,-12.5333233564302
2025-04-01 14:02:10,2,-43.5231099372361
2025-04-01 14:02:20,3,-69.9663340513381
2025-04-01 14:02:30,4,-89.100652418837
2025-04-01 14:02:40,1,-36.8124552684688
2025-04-01 14:02:50,2,-64.5457687723946
2025-04-01 14:03:00,3,-85.5364260160524
2025-04-01 14:03:10,4,-97.5916761938751
2025-04-01 14:03:20,1,-58.7785252292492
2025-04-01 14:03:30,2,-81.5127795728558
2025-04-01 14:03:40,3,-95.7319497532081
2025-04-01 14:03:50,4,-99.9506560365731
2025-04-01 14:04:00,1,-77.0513242775776
2025-04-01 14:04:10,2,-93.3580426497209
2025-04-01 14:04:20,3,-99.9122830098859
2025-04-01 14:04:30,4,-96.0293685676931
2025-04-01 14:04:40,1,-90.4827052466016
2025-04-01 14:04:50,2,-99.33727656004
2025-04-01 14:05:00,3,-97.8147600733802
2025-04-01 14:05:10,4,-86.0742027003915
2025-04-01 14:05:20,1,-98.228725072869
2025-04-01 14:05:30,2,-99.0747840471445
2025-04-01 14:05:40,3,-89.57117602394
2025-04-01 14:05:50,4,-70.7106781186539
2025-04-01 14:06:00,1,-99.8026728428271
2025-04-01 14:06:10,2,-92.5870584809994
2025-04-01 14:06:20,3,-75.699505565173
2025-04-01 14:06:30,4,-50.904141575035
2025-04-01 14:06:40,1,-95.1056516295144
2025-04-01 14:06:50,2,-80.2817475191107
2025-04-01 14:07:00,3,-57.0713567684434
2025-04-01 14:07:10,4,-27.8991106039194
2025-04-01 14:07:20,1,-84.4327925502023
2025-04-01 14:07:30,2,-62.9320391049817
2025-04-01 14:07:40,3,-34.8572047321806
2025-04-01 14:07:50,4,-3.14107590780785
2025-04-01 14:08:00,1,-68.4547105928689
2025-04-01 14:08:10,2,-41.6280792260366
2025-04-01 14:08:20,3,-10.4528463267631
2025-04-01 14:08:30,4,21.8143241396548
2025-04-01 14:08:40,1,-48.1753674101705
2025-04-01 14:08:50,2,-17.7084740319588
2025-04-01 14:09:00,3,14.6083028562446
2025-04-01 14:09:10,4,45.3990499739563
2025-04-01 14:09:20,1,-24.8689887164831
2025-04-01 14:09:30,2,7.32381971276395
2025-04-01 14:09:40,3,38.7515586452147
2025-04-01 14:09:50,4,66.1311865323675
2025-04-01 14:10:00,1,-1.9596824708904e-12
2025-04-01 14:10:10,2,31.8959309298089
2025-04-01 14:10:20,3,60.4599114862378
2025-04-01 14:10:30,4,82.7080574274587
2025-04-01 14:10:40,1,24.8689887164848
2025-04-01 14:10:50,2,54.4639035015055
2025-04-01 14:11:00,3,78.369345732585
2025-04-01 14:11:10,4,94.0880768954245
2025-04-01 14:11:20,1,48.1753674101721
2025-04-01 14:11:30,2,73.6097087119727
2025-04-01 14:11:40,3,91.3545457642613
2025-04-01 14:11:50,4,99.5561964603081
2025-04-01 14:12:00,1,68.4547105928702
2025-04-01 14:12:10,2,88.1303452064993
2025-04-01 14:12:20,3,98.5996037070512
2025-04-01 14:12:30,4,98.7688340595134
2025-04-01 14:12:40,1,84.4327925502032
2025-04-01 14:12:50,2,97.113427990964
2025-04-01 14:13:00,3,99.6492859249504
2025-04-01 14:13:10,4,91.7754625683966
2025-04-01 14:13:20,1,95.105651629515
2025-04-01 14:13:30,2,99.9945169365512
2025-04-01 14:13:40,3,94.4376370237477
2025-04-01 14:13:50,4,79.0155012375659
2025-04-01 14:14:00,1,99.8026728428271
2025-04-01 14:14:10,2,96.5925826289058
2025-04-01 14:14:20,3,83.2921240710086
2025-04-01 14:14:30,4,61.2907053652971
2025-04-01 14:14:40,1,98.2287250728686
2025-04-01 14:14:50,2,87.1213811120191
2025-04-01 14:15:00,3,66.9130606358831
2025-04-01 14:15:10,4,39.7147890634762
2025-04-01 14:15:20,1,90.4827052466009
2025-04-01 14:15:30,2,72.1760228098356
2025-04-01 14:15:40,3,46.3296035119818
2025-04-01 14:15:50,4,15.6434465040199
2025-04-01 14:16:00,1,77.0513242775801
2025-04-01 14:16:10,2,52.6955795496659
2025-04-01 14:16:20,3,22.8350870110651
2025-04-01 14:16:30,4,-9.41083133185596
2025-04-01 14:16:40,1,58.7785252292478
2025-04-01 14:16:50,2,29.9040792256054
2025-04-01 14:17:00,3,-2.0942419883375
2025-04-01 14:17:10,4,-33.8737920245346
2025-04-01 14:17:20,1,36.8124552684671
2025-04-01 14:17:30,2,5.23359562429532
2025-04-01 14:17:40,3,-26.8919820615295
2025-04-01 14:17:50,4,-56.2083377852142
2025-04-01 14:18:00,1,12.5333233564284
2025-04-01 14:18:10,2,-19.765734037913
2025-04-01 14:18:20,3,-50.0000000000038
2025-04-01 14:18:30,4,-75.0111069630477
2025-04-01 14:18:40,1,-12.5333233564337
2025-04-01 14:18:50,2,-43.5231099372342
2025-04-01 14:19:00,3,-69.9663340513365
2025-04-01 14:19:10,4,-89.1006524188386
2025-04-01 14:19:20,1,-36.8124552684668
2025-04-01 14:19:30,2,-64.5457687723973
2025-04-01 14:19:40,3,-85.5364260160513
2025-04-01 14:19:50,4,-97.5916761938759
2025-04-01 14:20:00,1,-58.7785252292474
2025-04-01 14:20:10,2,-81.5127795728578
2025-04-01 14:20:20,3,-95.7319497532075
2025-04-01 14:20:30,4,-99.9506560365731
2025-04-01 14:20:40,1,-77.0513242775798
2025-04-01 14:20:50,2,-93.3580426497201
2025-04-01 14:21:00,3,-99.912283009886
2025-04-01 14:21:10,4,-96.0293685676937
2025-04-01 14:21:20,1,-90.4827052466031
2025-04-01 14:21:30,2,-99.3372765600398
2025-04-01 14:21:40,3,-97.8147600733795
2025-04-01 14:21:50,4,-86.0742027003926
2025-04-01 14:22:00,1,-98.2287250728686
2025-04-01 14:22:10,2,-99.074784047144
2025-04-01 14:22:20,3,-89.571176023941
2025-04-01 14:22:30,4,-70.7106781186514
2025-04-01 14:22:40,1,-99.8026728428272
2025-04-01 14:22:50,2,-92.5870584809981
2025-04-01 14:23:00,3,-75.6995055651744
2025-04-01 14:23:10,4,-50.904141575032
2025-04-01 14:23:20,1,-95.1056516295151
2025-04-01 14:23:30,2,-80.2817475191119
2025-04-01 14:23:40,3,-57.0713567684405
2025-04-01 14:23:50,4,-27.8991106039214
2025-04-01 14:24:00,1,-84.4327925502004
2025-04-01 14:24:10,2,-62.9320391049834
2025-04-01 14:24:20,3,-34.8572047321773
2025-04-01 14:24:30,4,-3.14107590781
2025-04-01 14:24:40,1,-68.4547105928664
2025-04-01 14:24:50,2,-41.6280792260385
2025-04-01 14:25:00,3,-10.4528463267653
2025-04-01 14:25:10,4,21.8143241396583
2025-04-01 14:25:20,1,-48.1753674101724
2025-04-01 14:25:30,2,-17.7084740319553
2025-04-01 14:25:40,3,14.6083028562425
2025-04-01 14:25:50,4,45.3990499739595
2025-04-01 14:26:00,1,-24.8689887164852
2025-04-01 14:26:10,2,7.32381971276747
2025-04-01 14:26:20,3,38.7515586452127
2025-04-01 14:26:30,4,66.1311865323659
2025-04-01 14:26:40,1,1.56853827192715e-12
2025-04-01 14:26:50,2,31.8959309298069
2025-04-01 14:27:00,3,60.4599114862406
2025-04-01 14:27:10,4,82.7080574274574
2025-04-01 14:27:20,1,24.8689887164882
2025-04-01 14:27:30,2,54.4639035015037
2025-04-01 14:27:40,3,78.3693457325872
2025-04-01 14:27:50,4,94.0880768954237
2025-04-01 14:28:00,1,48.1753674101702
2025-04-01 14:28:10,2,73.6097087119751
2025-04-01 14:28:20,3,91.3545457642604
2025-04-01 14:28:30,4,99.5561964603085
2025-04-01 14:28:40,1,68.4547105928687
2025-04-01 14:28:50,2,88.130345206501
2025-04-01 14:29:00,3,98.5996037070508
2025-04-01 14:29:10,4,98.7688340595128
2025-04-01 14:29:20,1,84.432792550202
2025-04-01 14:29:30,2,97.1134279909634
2025-04-01 14:29:40,3,99.6492859249501
2025-04-01 14:29:50,4,91.7754625683974
2025-04-01 14:30:00,1,95.1056516295161
2025-04-01 14:30:10,2,99.9945169365512
2025-04-01 14:30:20,3,94.4376370237466
2025-04-01 14:30:30,4,79.0155012375672
2025-04-01 14:30:40,1,99.8026728428274
2025-04-01 14:30:50,2,96.5925826289063
2025-04-01 14:31:00,3,83.2921240710098
2025-04-01 14:31:10,4,61.2907053652943
2025-04-01 14:31:20,1,98.228725072869
2025-04-01 14:31:30,2,87.1213811120174
2025-04-01 14:31:40,3,66.9130606358847
2025-04-01 14:31:50,4,39.714789063473
2025-04-01 14:32:00,1,90.4827052466018
2025-04-01 14:32:10,2,72.1760228098371
2025-04-01 14:32:20,3,46.3296035119837
2025-04-01 14:32:30,4,15.643446504022
2025-04-01 14:32:40,1,77.0513242775778
2025-04-01 14:32:50,2,52.6955795496677
2025-04-01 14:33:00,3,22.8350870110616
2025-04-01 14:33:10,4,-9.41083133185381
2025-04-01 14:33:20,1,58.7785252292449
2025-04-01 14:33:30,2,29.9040792256074
2025-04-01 14:33:40,3,-2.09424198833535
2025-04-01 14:33:50,4,-33.8737920245326
2025-04-01 14:34:00,1,36.8124552684691
2025-04-01 14:34:10,2,5.23359562429179
2025-04-01 14:34:20,3,-26.8919820615275
2025-04-01 14:34:30,4,-56.2083377852172
2025-04-01 14:34:40,1,12.5333233564306
2025-04-01 14:34:50,2,-19.7657340379164
2025-04-01 14:35:00,3,-50.0000000000019
2025-04-01 14:35:10,4,-75.0111069630463
2025-04-01 14:35:20,1,-12.5333233564315
2025-04-01 14:35:30,2,-43.5231099372323
2025-04-01 14:35:40,3,-69.966334051339
2025-04-01 14:35:50,4,-89.1006524188376
2025-04-01 14:36:00,1,-36.81245526847
2025-04-01 14:36:10,2,-64.5457687723956
2025-04-01 14:36:20,3,-85.5364260160531
2025-04-01 14:36:30,4,-97.5916761938754
2025-04-01 14:36:40,1,-58.7785252292457
2025-04-01 14:36:50,2,-81.5127795728566
2025-04-01 14:37:00,3,-95.7319497532068
2025-04-01 14:37:10,4,-99.950656036573
2025-04-01 14:37:20,1,-77.0513242775785
2025-04-01 14:37:30,2,-93.3580426497214
2025-04-01 14:37:40,3,-99.9122830098859
2025-04-01 14:37:50,4,-96.0293685676927
2025-04-01 14:38:00,1,-90.4827052466022
2025-04-01 14:38:10,2,-99.3372765600395
2025-04-01 14:38:20,3,-97.81476007338
2025-04-01 14:38:30,4,-86.0742027003937
2025-04-01 14:38:40,1,-98.2287250728692
2025-04-01 14:38:50,2,-99.0747840471443
2025-04-01 14:39:00,3,-89.5711760239394
2025-04-01 14:39:10,4,-70.710678118653
2025-04-01 14:39:20,1,-99.802672842827
2025-04-01 14:39:30,2,-92.5870584809989
2025-04-01 14:39:40,3,-75.6995055651758
2025-04-01 14:39:50,4,-50.9041415750339
2025-04-01 14:40:00,1,-95.1056516295157
2025-04-01 14:40:10,2,-80.2817475191098
2025-04-01 14:40:20,3,-57.0713567684423
2025-04-01 14:40:30,4,-27.899110603918
2025-04-01 14:40:40,1,-84.4327925502015
2025-04-01 14:40:50,2,-62.9320391049806
2025-04-01 14:41:00,3,-34.8572047321793
2025-04-01 14:41:10,4,-3.14107590781216
2025-04-01 14:41:20,1,-68.4547105928679
2025-04-01 14:41:30,2,-41.6280792260405
2025-04-01 14:41:40,3,-10.4528463267617
2025-04-01 14:41:50,4,21.8143241396562
2025-04-01 14:42:00,1,-48.1753674101693
2025-04-01 14:42:10,2,-17.7084740319575
2025-04-01 14:42:20,3,14.608302856246
2025-04-01 14:42:30,4,45.3990499739576
2025-04-01 14:42:40,1,-24.8689887164873
2025-04-01 14:42:50,2,7.32381971276532
2025-04-01 14:43:00,3,38.7515586452107
2025-04-01 14:43:10,4,66.1311865323686
2025-04-01 14:43:20,1,-5.87582871336094e-13
2025-04-01 14:43:30,2,31.8959309298102
2025-04-01 14:43:40,3,60.4599114862389
2025-04-01 14:43:50,4,82.7080574274594
2025-04-01 14:44:00,1,24.8689887164861
2025-04-01 14:44:10,2,54.4639035015019
2025-04-01 14:44:20,3,78.3693457325859
2025-04-01 14:44:30,4,94.088076895423
2025-04-01 14:44:40,1,48.1753674101733
2025-04-01 14:44:50,2,73.6097087119736
2025-04-01 14:45:00,3,91.3545457642619
2025-04-01 14:45:10,4,99.5561964603083
2025-04-01 14:45:20,1,68.4547105928712
2025-04-01 14:45:30,2,88.1303452065
2025-04-01 14:45:40,3,98.5996037070505
2025-04-01 14:45:50,4,98.7688340595132
2025-04-01 14:46:00,1,84.4327925502009
2025-04-01 14:46:10,2,97.1134279909643
2025-04-01 14:46:20,3,99.6492859249503
2025-04-01 14:46:30,4,91.7754625683961
2025-04-01 14:46:40,1,95.1056516295154
2025-04-01 14:46:50,2,99.9945169365512
2025-04-01 14:47:00,3,94.4376370237473
2025-04-01 14:47:10,4,79.0155012375685
2025-04-01 14:47:20,1,99.8026728428272
2025-04-01 14:47:30,2,96.5925826289069
2025-04-01 14:47:40,3,83.2921240710079
2025-04-01 14:47:50,4,61.290705365296
2025-04-01 14:48:00,1,98.2287250728684
2025-04-01 14:48:10,2,87.1213811120185
2025-04-01 14:48:20,3,66.9130606358821
2025-04-01 14:48:30,4,39.714789063475
2025-04-01 14:48:40,1,90.4827052466027
2025-04-01 14:48:50,2,72.1760228098346
2025-04-01 14:49:00,3,46.3296035119856
2025-04-01 14:49:10,4,15.6434465040185
2025-04-01 14:49:20,1,77.0513242775792
2025-04-01 14:49:30,2,52.6955795496647
2025-04-01 14:49:40,3,22.8350870110637
2025-04-01 14:49:50,4,-9.41083133185733
2025-04-01 14:50:00,1,58.7785252292466
2025-04-01 14:50:10,2,29.9040792256095
2025-04-01 14:50:20,3,-2.09424198833887
2025-04-01 14:50:30,4,-33.8737920245306
2025-04-01 14:50:40,1,36.8124552684658
2025-04-01 14:50:50,2,5.23359562429395
2025-04-01 14:51:00,3,-26.8919820615309
2025-04-01 14:51:10,4,-56.2083377852154
2025-04-01 14:51:20,1,12.5333233564271
2025-04-01 14:51:30,2,-19.7657340379143
2025-04-01 14:51:40,3,-50
2025-04-01 14:51:50,4,-75.0111069630486
2025-04-01 14:52:00,1,-12.5333233564294
2025-04-01 14:52:10,2,-43.5231099372354
2025-04-01 14:52:20,3,-69.9663340513375
2025-04-01 14:52:30,4,-89.1006524188392
2025-04-01 14:52:40,1,-36.812455268468
2025-04-01 14:52:50,2,-64.5457687723983
2025-04-01 14:53:00,3,-85.536426016052
2025-04-01 14:53:10,4,-97.5916761938749
2025-04-01 14:53:20,1,-58.7785252292485
2025-04-01 14:53:30,2,-81.5127795728553
2025-04-01 14:53:40,3,-95.7319497532078
2025-04-01 14:53:50,4,-99.9506560365731
2025-04-01 14:54:00,1,-77.0513242775807
2025-04-01 14:54:10,2,-93.3580426497206
2025-04-01 14:54:20,3,-99.9122830098861
2025-04-01 14:54:30,4,-96.0293685676933
2025-04-01 14:54:40,1,-90.4827052466013
2025-04-01 14:54:50,2,-99.3372765600399
2025-04-01 14:55:00,3,-97.8147600733804
2025-04-01 14:55:10,4,-86.0742027003919
2025-04-01 14:55:20,1,-98.2287250728688
2025-04-01 14:55:30,2,-99.0747840471439
2025-04-01 14:55:40,3,-89.5711760239404
2025-04-01 14:55:50,4,-70.7106781186505
2025-04-01 14:56:00,1,-99.8026728428271
2025-04-01 14:56:10,2,-92.5870584809997
2025-04-01 14:56:20,3,-75.6995055651735
2025-04-01 14:56:30,4,-50.9041415750357
2025-04-01 14:56:40,1,-95.1056516295147
2025-04-01 14:56:50,2,-80.2817475191111
2025-04-01 14:57:00,3,-57.0713567684394
2025-04-01 14:57:10,4,-27.8991106039201
2025-04-01 14:57:20,1,-84.4327925501996
2025-04-01 14:57:30,2,-62.9320391049823
2025-04-01 14:57:40,3,-34.8572047321814
2025-04-01 14:57:50,4,-3.14107590780863
2025-04-01 14:58:00,1,-68.4547105928695
2025-04-01 14:58:10,2,-41.6280792260373
2025-04-01 14:58:20,3,-10.4528463267639
2025-04-01 14:58:30,4,21.8143241396596
2025-04-01 14:58:40,1,-48.1753674101712
2025-04-01 14:58:50,2,-17.708474031954
2025-04-01 14:59:00,3,14.6083028562439
2025-04-01 14:59:10,4,45.3990499739556
2025-04-01 14:59:20,1,-24.8689887164839
2025-04-01 14:59:30,2,7.32381971276317
2025-04-01 14:59:40,3,38.751558645214
2025-04-01 14:59:50,4,66.131186532367
2025-04-01 15:00:00,1,2.94063787148146e-12
2025-04-01 15:00:10,2,31.8959309298082
2025-04-01 15:00:20,3,60.4599114862417
2025-04-01 15:00:30,4,82.7080574274582
2025-04-01 15:00:40,1,24.8689887164841
2025-04-01 15:00:50,2,54.4639035015049
2025-04-01 15:01:00,3,78.3693457325845
2025-04-01 15:01:10,4,94.0880768954242
2025-04-01 15:01:20,1,48.1753674101714
2025-04-01 15:01:30,2,73.609708711976
2025-04-01 15:01:40,3,91.354545764261
2025-04-01 15:01:50,4,99.556196460308
2025-04-01 15:02:00,1,68.4547105928697
2025-04-01 15:02:10,2,88.1303452064989
2025-04-01 15:02:20,3,98.5996037070511
2025-04-01 15:02:30,4,98.7688340595135
2025-04-01 15:02:40,1,84.4327925502028
2025-04-01 15:02:50,2,97.1134279909638
2025-04-01 15:03:00,3,99.64928592495
2025-04-01 15:03:10,4,91.7754625683969
2025-04-01 15:03:20,1,95.1056516295147
2025-04-01 15:03:30,2,99.9945169365512
2025-04-01 15:03:40,3,94.437637023748
2025-04-01 15:03:50,4,79.0155012375664
2025-04-01 15:04:00,1,99.8026728428271
2025-04-01 15:04:10,2,96.592582628906
2025-04-01 15:04:20,3,83.2921240710091
2025-04-01 15:04:30,4,61.2907053652932
2025-04-01 15:04:40,1,98.2287250728688
2025-04-01 15:04:50,2,87.1213811120195
2025-04-01 15:05:00,3,66.9130606358837
2025-04-01 15:05:10,4,39.7147890634769
2025-04-01 15:05:20,1,90.4827052466012
2025-04-01 15:05:30,2,72.1760228098361
2025-04-01 15:05:40,3,46.3296035119825
2025-04-01 15:05:50,4,15.6434465040206
2025-04-01 15:06:00,1,77.051324277577
2025-04-01 15:06:10,2,52.6955795496666
2025-04-01 15:06:20,3,22.8350870110658
2025-04-01 15:06:30,4,-9.41083133185518
2025-04-01 15:06:40,1,58.7785252292484
2025-04-01 15:06:50,2,29.9040792256061
2025-04-01 15:07:00,3,-2.09424198833672
2025-04-01 15:07:10,4,-33.8737920245339
2025-04-01 15:07:20,1,36.8124552684679
2025-04-01 15:07:30,2,5.23359562429042
2025-04-01 15:07:40,3,-26.8919820615288
2025-04-01 15:07:50,4,-56.2083377852136
2025-04-01 15:08:00,1,12.5333233564292
2025-04-01 15:08:10,2,-19.7657340379122
2025-04-01 15:08:20,3,-50.0000000000031
2025-04-01 15:08:30,4,-75.0111069630472
2025-04-01 15:08:40,1,-12.5333233564329
2025-04-01 15:08:50,2,-43.5231099372335
2025-04-01 15:09:00,3,-69.96633405134
2025-04-01 15:09:10,4,-89.1006524188382
2025-04-01 15:09:20,1,-36.812455268466
2025-04-01 15:09:30,2,-64.5457687723967
2025-04-01 15:09:40,3,-85.5364260160509
2025-04-01 15:09:50,4,-97.5916761938757
2025-04-01 15:10:00,1,-58.7785252292468
2025-04-01 15:10:10,2,-81.5127795728574
2025-04-01 15:10:20,3,-95.7319497532072
2025-04-01 15:10:30,4,-99.950656036573
2025-04-01 15:10:40,1,-77.0513242775793
2025-04-01 15:10:50,2,-93.3580426497198
2025-04-01 15:11:00,3,-99.912283009886
2025-04-01 15:11:10,4,-96.0293685676939
2025-04-01 15:11:20,1,-90.4827052466028
2025-04-01 15:11:30,2,-99.3372765600397
2025-04-01 15:11:40,3,-97.8147600733797
2025-04-01 15:11:50,4,-86.074202700393
2025-04-01 15:12:00,1,-98.2287250728695
2025-04-01 15:12:10,2,-99.0747840471441
2025-04-01 15:12:20,3,-89.5711760239413
2025-04-01 15:12:30,4,-70.710678118652
2025-04-01 15:12:40,1,-99.8026728428272
2025-04-01 15:12:50,2,-92.5870584809984
2025-04-01 15:13:00,3,-75.6995055651749
2025-04-01 15:13:10,4,-50.9041415750327
2025-04-01 15:13:20,1,-95.1056516295153
2025-04-01 15:13:30,2,-80.281747519109
2025-04-01 15:13:40,3,-57.0713567684412
2025-04-01 15:13:50,4,-27.8991106039222
2025-04-01 15:14:00,1,-84.4327925502008
2025-04-01 15:14:10,2,-62.932039104984
2025-04-01 15:14:20,3,-34.857204732178
2025-04-01 15:14:30,4,-3.14107590781078
2025-04-01 15:14:40,1,-68.4547105928669
2025-04-01 15:14:50,2,-41.6280792260392
2025-04-01 15:15:00,3,-10.4528463267604
2025-04-01 15:15:10,4,21.8143241396575
2025-04-01 15:15:20,1,-48.1753674101731
2025-04-01 15:15:30,2,-17.7084740319561
2025-04-01 15:15:40,3,14.6083028562417
2025-04-01 15:15:50,4,45.3990499739588
2025-04-01 15:16:00,1,-24.868988716486
2025-04-01 15:16:10,2,7.32381971276669
2025-04-01 15:16:20,3,38.751558645212
2025-04-01 15:16:30,4,66.1311865323696
2025-04-01 15:16:40,1,7.84516728218212e-13
2025-04-01 15:16:50,2,31.8959309298062
2025-04-01 15:17:00,3,60.45991148624
2025-04-01 15:17:10,4,82.708057427457
2025-04-01 15:17:20,1,24.8689887164875
2025-04-01 15:17:30,2,54.463903501503
2025-04-01 15:17:40,3,78.3693457325867
2025-04-01 15:17:50,4,94.0880768954235
2025-04-01 15:18:00,1,48.1753674101745
2025-04-01 15:18:10,2,73.6097087119746
2025-04-01 15:18:20,3,91.3545457642601
2025-04-01 15:18:30,4,99.5561964603084
2025-04-01 15:18:40,1,68.4547105928681
2025-04-01 15:18:50,2,88.1303452065006
2025-04-01 15:19:00,3,98.5996037070507
2025-04-01 15:19:10,4,98.7688340595129
2025-04-01 15:19:20,1,84.4327925502016
2025-04-01 15:19:30,2,97.1134279909646
2025-04-01 15:19:40,3,99.6492859249502
2025-04-01 15:19:50,4,91.7754625683978
2025-04-01 15:20:00,1,95.1056516295158
2025-04-01 15:20:10,2,99.9945169365512
2025-04-01 15:20:20,3,94.4376370237468
2025-04-01 15:20:30,4,79.0155012375677
2025-04-01 15:20:40,1,99.8026728428273
2025-04-01 15:20:50,2,96.5925826289065
2025-04-01 15:21:00,3,83.2921240710071
2025-04-01 15:21:10,4,61.2907053652949
2025-04-01 15:21:20,1,98.2287250728692
2025-04-01 15:21:30,2,87.1213811120178
2025-04-01 15:21:40,3,66.9130606358853
2025-04-01 15:21:50,4,39.7147890634737
2025-04-01 15:22:00,1,90.4827052466021
2025-04-01 15:22:10,2,72.1760228098337
2025-04-01 15:22:20,3,46.3296035119844
2025-04-01 15:22:30,4,15.6434465040171
2025-04-01 15:22:40,1,77.0513242775783
2025-04-01 15:22:50,2,52.6955795496684
2025-04-01 15:23:00,3,22.8350870110624
2025-04-01 15:23:10,4,-9.41083133185303
2025-04-01 15:23:20,1,58.7785252292455
2025-04-01 15:23:30,2,29.9040792256082
2025-04-01 15:23:40,3,-2.09424198834024
2025-04-01 15:23:50,4,-33.8737920245319
2025-04-01 15:24:00,1,36.8124552684646
2025-04-01 15:24:10,2,5.23359562429258
2025-04-01 15:24:20,3,-26.8919820615267
2025-04-01 15:24:30,4,-56.2083377852165
2025-04-01 15:24:40,1,12.5333233564313
2025-04-01 15:24:50,2,-19.7657340379156
2025-04-01 15:25:00,3,-50.0000000000012
2025-04-01 15:25:10,4,-75.0111069630496
2025-04-01 15:25:20,1,-12.5333233564308
2025-04-01 15:25:30,2,-43.5231099372367
2025-04-01 15:25:40,3,-69.9663340513385
2025-04-01 15:25:50,4,-89.1006524188373
2025-04-01 15:26:00,1,-36.8124552684693
2025-04-01 15:26:10,2,-64.545768772395
2025-04-01 15:26:20,3,-85.5364260160527
2025-04-01 15:26:30,4,-97.5916761938752
2025-04-01 15:26:40,1,-58.7785252292497
2025-04-01 15:26:50,2,-81.5127795728561
2025-04-01 15:27:00,3,-95.7319497532082
2025-04-01 15:27:10,4,-99.950656036573
2025-04-01 15:27:20,1,-77.051324277578
2025-04-01 15:27:30,2,-93.3580426497211
2025-04-01 15:27:40,3,-99.9122830098859
2025-04-01 15:27:50,4,-96.029368567693
2025-04-01 15:28:00,1,-90.4827052466019
2025-04-01 15:28:10,2,-99.3372765600401
2025-04-01 15:28:20,3,-97.8147600733801
2025-04-01 15:28:30,4,-86.0742027003912
2025-04-01 15:28:40,1,-98.2287250728691
2025-04-01 15:28:50,2,-99.0747840471444
2025-04-01 15:29:00,3,-89.5711760239398
2025-04-01 15:29:10,4,-70.7106781186535
2025-04-01 15:29:20,1,-99.802672842827
2025-04-01 15:29:30,2,-92.5870584809992
2025-04-01 15:29:40,3,-75.6995055651726
2025-04-01 15:29:50,4,-50.9041415750345
2025-04-01 15:30:00,1,-95.105651629516
2025-04-01 15:30:10,2,-80.2817475191103
2025-04-01 15:30:20,3,-57.0713567684429
2025-04-01 15:30:30,4,-27.8991106039188
2025-04-01 15:30:40,1,-84.4327925502019
2025-04-01 15:30:50,2,-62.9320391049812
2025-04-01 15:31:00,3,-34.8572047321801
2025-04-01 15:31:10,4,-3.14107590780726
2025-04-01 15:31:20,1,-68.4547105928685
2025-04-01 15:31:30,2,-41.6280792260412
2025-04-01 15:31:40,3,-10.4528463267625
2025-04-01 15:31:50,4,21.8143241396554
2025-04-01 15:32:00,1,-48.17536741017
2025-04-01 15:32:10,2,-17.7084740319582
2025-04-01 15:32:20,3,14.6083028562452
2025-04-01 15:32:30,4,45.3990499739569
2025-04-01 15:32:40,1,-24.8689887164825
2025-04-01 15:32:50,2,7.32381971276453
2025-04-01 15:33:00,3,38.75155864521
2025-04-01 15:33:10,4,66.131186532368
2025-04-01 15:33:20,1,-1.37160441504504e-12
2025-04-01 15:33:30,2,31.8959309298095
2025-04-01 15:33:40,3,60.4599114862383
2025-04-01 15:33:50,4,82.708057427459
2025-04-01 15:34:00,1,24.8689887164854
2025-04-01 15:34:10,2,54.463903501506
2025-04-01 15:34:20,3,78.3693457325854
2025-04-01 15:34:30,4,94.0880768954227
2025-04-01 15:34:40,1,48.1753674101726
2025-04-01 15:34:50,2,73.6097087119731
2025-04-01 15:35:00,3,91.3545457642615
2025-04-01 15:35:10,4,99.5561964603082
2025-04-01 15:35:20,1,68.4547105928707
2025-04-01 15:35:30,2,88.1303452064996
2025-04-01 15:35:40,3,98.5996037070513
2025-04-01 15:35:50,4,98.7688340595133
2025-04-01 15:36:00,1,84.4327925502005
2025-04-01 15:36:10,2,97.1134279909641
2025-04-01 15:36:20,3,99.6492859249504
2025-04-01 15:36:30,4,91.7754625683964
2025-04-01 15:36:40,1,95.1056516295152
2025-04-01 15:36:50,2,99.9945169365512
2025-04-01 15:37:00,3,94.4376370237476
2025-04-01 15:37:10,4,79.0155012375655
2025-04-01 15:37:20,1,99.8026728428272
2025-04-01 15:37:30,2,96.5925826289071
2025-04-01 15:37:40,3,83.2921240710083
2025-04-01 15:37:50,4,61.2907053652966
2025-04-01 15:38:00,1,98.2287250728685
2025-04-01 15:38:10,2,87.1213811120188
2025-04-01 15:38:20,3,66.9130606358827
2025-04-01 15:38:30,4,39.7147890634757
2025-04-01 15:38:40,1,90.4827052466006
2025-04-01 15:38:50,2,72.1760228098352
2025-04-01 15:39:00,3,46.3296035119863
2025-04-01 15:39:10,4,15.6434465040193
2025-04-01 15:39:20,1,77.0513242775797
2025-04-01 15:39:30,2,52.6955795496654
2025-04-01 15:39:40,3,22.8350870110645
2025-04-01 15:39:50,4,-9.41083133185654
2025-04-01 15:40:00,1,58.7785252292473
2025-04-01 15:40:10,2,29.9040792256048
2025-04-01 15:40:20,3,-2.09424198833809
2025-04-01 15:40:30,4,-33.8737920245298
2025-04-01 15:40:40,1,36.8124552684666
2025-04-01 15:40:50,2,5.23359562429473
2025-04-01 15:41:00,3,-26.8919820615301
2025-04-01 15:41:10,4,-56.2083377852147
2025-04-01 15:41:20,1,12.5333233564279
2025-04-01 15:41:30,2,-19.7657340379135
2025-04-01 15:41:40,3,-50.0000000000043
2025-04-01 15:41:50,4,-75.0111069630481
2025-04-01 15:42:00,1,-12.5333233564286
2025-04-01 15:42:10,2,-43.5231099372347
2025-04-01 15:42:20,3,-69.9663340513369
2025-04-01 15:42:30,4,-89.1006524188388
2025-04-01 15:42:40,1,-36.8124552684673
2025-04-01 15:42:50,2,-64.5457687723977
2025-04-01 15:43:00,3,-85.5364260160516
2025-04-01 15:43:10,4,-97.591676193876
2025-04-01 15:43:20,1,-58.7785252292479
2025-04-01 15:43:30,2,-81.5127795728549
2025-04-01 15:43:40,3,-95.7319497532076
2025-04-01 15:43:50,4,-99.9506560365731
2025-04-01 15:44:00,1,-77.0513242775802
2025-04-01 15:44:10,2,-93.3580426497203
2025-04-01 15:44:20,3,-99.912283009886
2025-04-01 15:44:30,4,-96.0293685676936
2025-04-01 15:44:40,1,-90.4827052466034
2025-04-01 15:44:50,2,-99.3372765600398
2025-04-01 15:45:00,3,-97.8147600733806
2025-04-01 15:45:10,4,-86.0742027003923
2025-04-01 15:45:20,1,-98.2287250728687
2025-04-01 15:45:30,2,-99.074784047144
2025-04-01 15:45:40,3,-89.5711760239407
2025-04-01 15:45:50,4,-70.710678118651
2025-04-01 15:46:00,1,-99.8026728428271
2025-04-01 15:46:10,2,-92.5870584809979
2025-04-01 15:46:20,3,-75.699505565174
2025-04-01 15:46:30,4,-50.9041415750364
2025-04-01 15:46:40,1,-95.1056516295149
2025-04-01 15:46:50,2,-80.2817475191116
2025-04-01 15:47:00,3,-57.07135676844
2025-04-01 15:47:10,4,-27.8991106039209
2025-04-01 15:47:20,1,-84.4327925502
2025-04-01 15:47:30,2,-62.9320391049829
2025-04-01 15:47:40,3,-34.8572047321768
2025-04-01 15:47:50,4,-3.14107590780941
2025-04-01 15:48:00,1,-68.4547105928701
2025-04-01 15:48:10,2,-41.628079226038
2025-04-01 15:48:20,3,-10.4528463267647
2025-04-01 15:48:30,4,21.8143241396588
2025-04-01 15:48:40,1,-48.1753674101719
2025-04-01 15:48:50,2,-17.7084740319548
2025-04-01 15:49:00,3,14.6083028562431
2025-04-01 15:49:10,4,45.39904997396
2025-04-01 15:49:20,1,-24.8689887164846
2025-04-01 15:49:30,2,7.32381971276238
2025-04-01 15:49:40,3,38.7515586452133
2025-04-01 15:49:50,4,66.1311865323664
2025-04-01 15:50:00,1,2.15661632777252e-12
2025-04-01 15:50:10,2,31.8959309298075
2025-04-01 15:50:20,3,60.4599114862411
2025-04-01 15:50:30,4,82.7080574274578
2025-04-01 15:50:40,1,24.8689887164888
2025-04-01 15:50:50,2,54.4639035015042
2025-04-01 15:51:00,3,78.369345732584
2025-04-01 15:51:10,4,94.0880768954239
2025-04-01 15:51:20,1,48.1753674101707
2025-04-01 15:51:30,2,73.6097087119755
2025-04-01 15:51:40,3,91.3545457642606
2025-04-01 15:51:50,4,99.5561964603085
2025-04-01 15:52:00,1,68.4547105928691
2025-04-01 15:52:10,2,88.1303452065013
2025-04-01 15:52:20,3,98.5996037070509
2025-04-01 15:52:30,4,98.7688340595136
2025-04-01 15:52:40,1,84.4327925502024
2025-04-01 15:52:50,2,97.1134279909636
2025-04-01 15:53:00,3,99.6492859249501
2025-04-01 15:53:10,4,91.7754625683972
2025-04-01 15:53:20,1,95.1056516295162
2025-04-01 15:53:30,2,99.9945169365512
2025-04-01 15:53:40,3,94.4376370237464
2025-04-01 15:53:50,4,79.0155012375669
2025-04-01 15:54:00,1,99.8026728428271
2025-04-01 15:54:10,2,96.5925826289062
2025-04-01 15:54:20,3,83.2921240710095
2025-04-01 15:54:30,4,61.2907053652938
2025-04-01 15:54:40,1,98.2287250728689
2025-04-01 15:54:50,2,87.1213811120171
2025-04-01 15:55:00,3,66.9130606358843
2025-04-01 15:55:10,4,39.7147890634725
2025-04-01 15:55:20,1,90.4827052466015
2025-04-01 15:55:30,2,72.1760228098367
2025-04-01 15:55:40,3,46.3296035119832
2025-04-01 15:55:50,4,15.6434465040214
2025-04-01 15:56:00,1,77.0513242775775
2025-04-01 15:56:10,2,52.6955795496672
2025-04-01 15:56:20,3,22.8350870110611
2025-04-01 15:56:30,4,-9.4108313318544
2025-04-01 15:56:40,1,58.7785252292444
2025-04-01 15:56:50,2,29.9040792256068
2025-04-01 15:57:00,3,-2.09424198833593
2025-04-01 15:57:10,4,-33.8737920245331
2025-04-01 15:57:20,1,36.8124552684686
2025-04-01 15:57:30,2,5.23359562429121
2025-04-01 15:57:40,3,-26.891982061528
2025-04-01 15:57:50,4,-56.2083377852176
2025-04-01 15:58:00,1,12.53332335643
2025-04-01 15:58:10,2,-19.765734037917
2025-04-01 15:58:20,3,-50.0000000000024
2025-04-01 15:58:30,4,-75.0111069630467
2025-04-01 15:58:40,1,-12.5333233564321
2025-04-01 15:58:50,2,-43.5231099372328
2025-04-01 15:59:00,3,-69.9663340513395
2025-04-01 15:59:10,4,-89.1006524188379
2025-04-01 15:59:20,1,-36.8124552684706
2025-04-01 15:59:30,2,-64.5457687723961
2025-04-01 15:59:40,3,-85.5364260160505
2025-04-01 15:59:50,4,-97.5916761938755
2025-04-01 16:00:00,1,-58.7785252292462
2025-04-01 16:00:10,2,-81.5127795728569
2025-04-01 16:00:20,3,-95.731949753207
2025-04-01 16:00:30,4,-99.950656036573
2025-04-01 16:00:40,1,-77.0513242775788
2025-04-01 16:00:50,2,-93.3580426497216
2025-04-01 16:01:00,3,-99.9122830098859
2025-04-01 16:01:10,4,-96.0293685676941
2025-04-01 16:01:20,1,-90.4827052466024
2025-04-01 16:01:30,2,-99.3372765600396
2025-04-01 16:01:40,3,-97.8147600733798
2025-04-01 16:01:50,4,-86.0742027003934
2025-04-01 16:02:00,1,-98.2287250728693
2025-04-01 16:02:10,2,-99.0747840471443
2025-04-01 16:02:20,3,-89.5711760239392
2025-04-01 16:02:30,4,-70.7106781186526
2025-04-01 16:02:40,1,-99.8026728428273
2025-04-01 16:02:50,2,-92.5870584809987
2025-04-01 16:03:00,3,-75.6995055651754
2025-04-01 16:03:10,4,-50.9041415750334
2025-04-01 16:03:20,1,-95.1056516295156
2025-04-01 16:03:30,2,-80.2817475191095
2025-04-01 16:03:40,3,-57.0713567684418
2025-04-01 16:03:50,4,-27.8991106039175
2025-04-01 16:04:00,1,-84.4327925502012
2025-04-01 16:04:10,2,-62.9320391049846
2025-04-01 16:04:20,3,-34.8572047321788
2025-04-01 16:04:30,4,-3.14107590781157
2025-04-01 16:04:40,1,-68.4547105928675
2025-04-01 16:04:50,2,-41.62807922604
2025-04-01 16:05:00,3,-10.4528463267612
2025-04-01 16:05:10,4,21.8143241396567
2025-04-01 16:05:20,1,-48.1753674101688
2025-04-01 16:05:30,2,-17.7084740319569
2025-04-01 16:05:40,3,14.608302856241
2025-04-01 16:05:50,4,45.3990499739581
2025-04-01 16:06:00,1,-24.8689887164867
2025-04-01 16:06:10,2,7.3238197127659
2025-04-01 16:06:20,3,38.7515586452113
2025-04-01 16:06:30,4,66.131186532369
2025-04-01 16:06:40,1,4.95184509270686e-16
2025-04-01 16:06:50,2,31.8959309298108
2025-04-01 16:07:00,3,60.4599114862394
2025-04-01 16:07:10,4,82.7080574274566
2025-04-01 16:07:20,1,24.8689887164867
2025-04-01 16:07:30,2,54.4639035015024
2025-04-01 16:07:40,3,78.3693457325862
2025-04-01 16:07:50,4,94.0880768954232
2025-04-01 16:08:00,1,48.1753674101738
2025-04-01 16:08:10,2,73.609708711974
2025-04-01 16:08:20,3,91.3545457642621
2025-04-01 16:08:30,4,99.5561964603083
2025-04-01 16:08:40,1,68.4547105928675
2025-04-01 16:08:50,2,88.1303452065003
2025-04-01 16:09:00,3,98.5996037070506
2025-04-01 16:09:10,4,98.7688340595131
2025-04-01 16:09:20,1,84.4327925502012
2025-04-01 16:09:30,2,97.1134279909644
2025-04-01 16:09:40,3,99.6492859249503
2025-04-01 16:09:50,4,91.7754625683958
2025-04-01 16:10:00,1,95.1056516295156
2025-04-01 16:10:10,2,99.9945169365512
2025-04-01 16:10:20,3,94.4376370237471
2025-04-01 16:10:30,4,79.0155012375682
2025-04-01 16:10:40,1,99.8026728428273
2025-04-01 16:10:50,2,96.5925826289067
2025-04-01 16:11:00,3,83.2921240710075
2025-04-01 16:11:10,4,61.2907053652955
2025-04-01 16:11:20,1,98.2287250728683
2025-04-01 16:11:30,2,87.1213811120182
2025-04-01 16:11:40,3,66.9130606358859
2025-04-01 16:11:50,4,39.7147890634744
2025-04-01 16:12:00,1,90.4827052466024
2025-04-01 16:12:10,2,72.1760228098342
2025-04-01 16:12:20,3,46.3296035119851
2025-04-01 16:12:30,4,15.6434465040179
2025-04-01 16:12:40,1,77.0513242775788
2025-04-01 16:12:50,2,52.6955795496642
2025-04-01 16:13:00,3,22.8350870110632
2025-04-01 16:13:10,4,-9.41083133185225
2025-04-01 16:13:20,1,58.7785252292462
2025-04-01 16:13:30,2,29.9040792256089
2025-04-01 16:13:40,3,-2.09424198833946
2025-04-01 16:13:50,4,-33.8737920245311
2025-04-01 16:14:00,1,36.8124552684653
2025-04-01 16:14:10,2,5.23359562429336
2025-04-01 16:14:20,3,-26.8919820615314
2025-04-01 16:14:30,4,-56.2083377852159
2025-04-01 16:14:40,1,12.5333233564321
2025-04-01 16:14:50,2,-19.7657340379149
2025-04-01 16:15:00,3,-50.0000000000006
2025-04-01 16:15:10,4,-75.011106963049
2025-04-01 16:15:20,1,-12.53332335643
2025-04-01 16:15:30,2,-43.523109937236
2025-04-01 16:15:40,3,-69.9663340513379
2025-04-01 16:15:50,4,-89.1006524188395
2025-04-01 16:16:00,1,-36.8124552684686
2025-04-01 16:16:10,2,-64.5457687723944
2025-04-01 16:16:20,3,-85.5364260160523
2025-04-01 16:16:30,4,-97.5916761938751
2025-04-01 16:16:40,1,-58.778525229249
2025-04-01 16:16:50,2,-81.5127795728557
2025-04-01 16:17:00,3,-95.731949753208
2025-04-01 16:17:10,4,-99.9506560365731
2025-04-01 16:17:20,1,-77.0513242775811
2025-04-01 16:17:30,2,-93.3580426497208
2025-04-01 16:17:40,3,-99.9122830098858
2025-04-01 16:17:50,4,-96.0293685676932
2025-04-01 16:18:00,1,-90.4827052466015
2025-04-01 16:18:10,2,-99.33727656004
2025-04-01 16:18:20,3,-97.8147600733803
2025-04-01 16:18:30,4,-86.0742027003916
2025-04-01 16:18:40,1,-98.2287250728689
2025-04-01 16:18:50,2,-99.0747840471438
2025-04-01 16:19:00,3,-89.5711760239401
2025-04-01 16:19:10,4,-70.7106781186541
2025-04-01 16:19:20,1,-99.8026728428271
2025-04-01 16:19:30,2,-92.5870584809995
2025-04-01 16:19:40,3,-75.6995055651731
2025-04-01 16:19:50,4,-50.9041415750352
2025-04-01 16:20:00,1,-95.1056516295145
2025-04-01 16:20:10,2,-80.2817475191108
2025-04-01 16:20:20,3,-57.0713567684389
2025-04-01 16:20:30,4,-27.8991106039196
2025-04-01 16:20:40,1,-84.4327925502024
2025-04-01 16:20:50,2,-62.9320391049819
2025-04-01 16:21:00,3,-34.8572047321808
2025-04-01 16:21:10,4,-3.14107590780804
2025-04-01 16:21:20,1,-68.4547105928691
2025-04-01 16:21:30,2,-41.6280792260367
2025-04-01 16:21:40,3,-10.4528463267633
2025-04-01 16:21:50,4,21.8143241396602
2025-04-01 16:22:00,1,-48.1753674101707
2025-04-01 16:22:10,2,-17.708474031959
2025-04-01 16:22:20,3,14.6083028562445
2025-04-01 16:22:30,4,45.3990499739562
2025-04-01 16:22:40,1,-24.8689887164833
2025-04-01 16:22:50,2,7.32381971276375
2025-04-01 16:23:00,3,38.7515586452145
2025-04-01 16:23:10,4,66.1311865323674
2025-04-01 16:23:20,1,3.52871592732682e-12
2025-04-01 16:23:30,2,31.8959309298088
2025-04-01 16:23:40,3,60.4599114862376
2025-04-01 16:23:50,4,82.7080574274585
2025-04-01 16:24:00,1,24.8689887164846
2025-04-01 16:24:10,2,54.4639035015053
2025-04-01 16:24:20,3,78.3693457325849
2025-04-01 16:24:30,4,94.0880768954244
2025-04-01 16:24:40,1,48.1753674101719
2025-04-01 16:24:50,2,73.6097087119764
2025-04-01 16:25:00,3,91.3545457642612
2025-04-01 16:25:10,4,99.5561964603081
2025-04-01 16:25:20,1,68.4547105928701
2025-04-01 16:25:30,2,88.1303452064992
2025-04-01 16:25:40,3,98.5996037070512
2025-04-01 16:25:50,4,98.7688340595134
2025-04-01 16:26:00,1,84.4327925502031
2025-04-01 16:26:10,2,97.1134279909639
2025-04-01 16:26:20,3,99.64928592495
2025-04-01 16:26:30,4,91.7754625683967
2025-04-01 16:26:40,1,95.1056516295149
2025-04-01 16:26:50,2,99.9945169365512
2025-04-01 16:27:00,3,94.4376370237478
2025-04-01 16:27:10,4,79.015501237566
2025-04-01 16:27:20,1,99.8026728428271
2025-04-01 16:27:30,2,96.5925826289058
2025-04-01 16:27:40,3,83.2921240710087
2025-04-01 16:27:50,4,61.2907053652928
2025-04-01 16:28:00,1,98.2287250728687
2025-04-01 16:28:10,2,87.1213811120192
2025-04-01 16:28:20,3,66.9130606358833
2025-04-01 16:28:30,4,39.7147890634764
2025-04-01 16:28:40,1,90.4827052466009
2025-04-01 16:28:50,2,72.1760228098357
2025-04-01 16:29:00,3,46.329603511982
2025-04-01 16:29:10,4,15.64344650402
2025-04-01 16:29:20,1,77.0513242775802
2025-04-01 16:29:30,2,52.6955795496661
2025-04-01 16:29:40,3,22.8350870110653
2025-04-01 16:29:50,4,-9.41083133185576
2025-04-01 16:30:00,1,58.7785252292479
2025-04-01 16:30:10,2,29.9040792256055
2025-04-01 16:30:20,3,-2.09424198833731
2025-04-01 16:30:30,4,-33.8737920245344
2025-04-01 16:30:40,1,36.8124552684673
2025-04-01 16:30:50,2,5.23359562429551
2025-04-01 16:31:00,3,-26.8919820615294
2025-04-01 16:31:10,4,-56.2083377852141
2025-04-01 16:31:20,1,12.5333233564286
2025-04-01 16:31:30,2,-19.7657340379128
2025-04-01 16:31:40,3,-50.0000000000036
2025-04-01 16:31:50,4,-75.0111069630476
2025-04-01 16:32:00,1,-12.5333233564335
2025-04-01 16:32:10,2,-43.523109937234
2025-04-01 16:32:20,3,-69.9663340513364
2025-04-01 16:32:30,4,-89.1006524188385
2025-04-01 16:32:40,1,-36.8124552684666
2025-04-01 16:32:50,2,-64.5457687723971
2025-04-01 16:33:00,3,-85.5364260160512
2025-04-01 16:33:10,4,-97.5916761938758
2025-04-01 16:33:20,1,-58.7785252292473
2025-04-01 16:33:30,2,-81.5127795728577
2025-04-01 16:33:40,3,-95.7319497532074
2025-04-01 16:33:50,4,-99.9506560365731
2025-04-01 16:34:00,1,-77.0513242775797
2025-04-01 16:34:10,2,-93.35804264972
2025-04-01 16:34:20,3,-99.912283009886
2025-04-01 16:34:30,4,-96.0293685676938
2025-04-01 16:34:40,1,-90.482705246603
2025-04-01 16:34:50,2,-99.3372765600397
2025-04-01 16:35:00,3,-97.8147600733795
2025-04-01 16:35:10,4,-86.0742027003927
2025-04-01 16:35:20,1,-98.2287250728685
2025-04-01 16:35:30,2,-99.0747840471441
2025-04-01 16:35:40,3,-89.5711760239411
2025-04-01 16:35:50,4,-70.7106781186516
2025-04-01 16:36:00,1,-99.8026728428272
2025-04-01 16:36:10,2,-92.5870584809982
2025-04-01 16:36:20,3,-75.6995055651745
2025-04-01 16:36:30,4,-50.9041415750322
2025-04-01 16:36:40,1,-95.1056516295152
2025-04-01 16:36:50,2,-80.281747519112
2025-04-01 16:37:00,3,-57.0713567684407
2025-04-01 16:37:10,4,-27.8991106039216
2025-04-01 16:37:20,1,-84.4327925502005
2025-04-01 16:37:30,2,-62.9320391049835
2025-04-01 16:37:40,3,-34.8572047321775
2025-04-01 16:37:50,4,-3.1410759078102
2025-04-01 16:38:00,1,-68.4547105928665
2025-04-01 16:38:10,2,-41.6280792260387
2025-04-01 16:38:20,3,-10.4528463267655
2025-04-01 16:38:30,4,21.8143241396581
2025-04-01 16:38:40,1,-48.1753674101726
2025-04-01 16:38:50,2,-17.7084740319555
2025-04-01 16:39:00,3,14.6083028562423
2025-04-01 16:39:10,4,45.3990499739593
2025-04-01 16:39:20,1,-24.8689887164854
2025-04-01 16:39:30,2,7.32381971276727
2025-04-01 16:39:40,3,38.7515586452126
2025-04-01 16:39:50,4,66.1311865323658
2025-04-01 16:40:00,1,1.37259478406358e-12
2025-04-01 16:40:10,2,31.8959309298067
2025-04-01 16:40:20,3,60.4599114862405
2025-04-01 16:40:30,4,82.7080574274573
2025-04-01 16:40:40,1,24.868988716488
2025-04-01 16:40:50,2,54.4639035015035
2025-04-01 16:41:00,3,78.3693457325871
2025-04-01 16:41:10,4,94.0880768954237
2025-04-01 16:41:20,1,48.17536741017
2025-04-01 16:41:30,2,73.609708711975
2025-04-01 16:41:40,3,91.3545457642603
2025-04-01 16:41:50,4,99.5561964603084
2025-04-01 16:42:00,1,68.4547105928685
2025-04-01 16:42:10,2,88.1303452065009
2025-04-01 16:42:20,3,98.5996037070508
2025-04-01 16:42:30,4,98.7688340595129
2025-04-01 16:42:40,1,84.4327925502019
2025-04-01 16:42:50,2,97.1134279909634
2025-04-01 16:43:00,3,99.6492859249502
2025-04-01 16:43:10,4,91.7754625683975
2025-04-01 16:43:20,1,95.105651629516
2025-04-01 16:43:30,2,99.9945169365512
2025-04-01 16:43:40,3,94.4376370237466
2025-04-01 16:43:50,4,79.0155012375673
2025-04-01 16:44:00,1,99.8026728428274
2025-04-01 16:44:10,2,96.5925826289064
2025-04-01 16:44:20,3,83.2921240710099
2025-04-01 16:44:30,4,61.2907053652944
2025-04-01 16:44:40,1,98.2287250728691
2025-04-01 16:44:50,2,87.1213811120175
2025-04-01 16:45:00,3,66.9130606358848
2025-04-01 16:45:10,4,39.7147890634732
2025-04-01 16:45:20,1,90.4827052466019
2025-04-01 16:45:30,2,72.1760228098333
2025-04-01 16:45:40,3,46.3296035119839
2025-04-01 16:45:50,4,15.6434465040222
2025-04-01 16:46:00,1,77.051324277578
2025-04-01 16:46:10,2,52.6955795496679
2025-04-01 16:46:20,3,22.8350870110618
2025-04-01 16:46:30,4,-9.41083133185362
2025-04-01 16:46:40,1,58.7785252292451
2025-04-01 16:46:50,2,29.9040792256076
2025-04-01 16:47:00,3,-2.09424198834083
2025-04-01 16:47:10,4,-33.8737920245324
2025-04-01 16:47:20,1,36.8124552684693
2025-04-01 16:47:30,2,5.23359562429199
2025-04-01 16:47:40,3,-26.8919820615273
2025-04-01 16:47:50,4,-56.208337785217
2025-04-01 16:48:00,1,12.5333233564308
2025-04-01 16:48:10,2,-19.7657340379162
2025-04-01 16:48:20,3,-50.0000000000017
2025-04-01 16:48:30,4,-75.0111069630499
2025-04-01 16:48:40,1,-12.5333233564313
2025-04-01 16:48:50,2,-43.5231099372321
2025-04-01 16:49:00,3,-69.9663340513389
2025-04-01 16:49:10,4,-89.1006524188375
2025-04-01 16:49:20,1,-36.8124552684699
2025-04-01 16:49:30,2,-64.5457687723955
2025-04-01 16:49:40,3,-85.536426016053
2025-04-01 16:49:50,4,-97.5916761938754
2025-04-01 16:50:00,1,-58.7785252292501
2025-04-01 16:50:10,2,-81.5127795728565
2025-04-01 16:50:20,3,-95.7319497532068
2025-04-01 16:50:30,4,-99.950656036573
2025-04-01 16:50:40,1,-77.0513242775783
2025-04-01 16:50:50,2,-93.3580426497213
2025-04-01 16:51:00,3,-99.9122830098859
2025-04-01 16:51:10,4,-96.0293685676928
2025-04-01 16:51:20,1,-90.4827052466021
2025-04-01 16:51:30,2,-99.3372765600401
2025-04-01 16:51:40,3,-97.81476007338
2025-04-01 16:51:50,4,-86.0742027003938
2025-04-01 16:52:00,1,-98.2287250728692
2025-04-01 16:52:10,2,-99.0747840471444
2025-04-01 16:52:20,3,-89.5711760239395
2025-04-01 16:52:30,4,-70.7106781186531
2025-04-01 16:52:40,1,-99.802672842827
2025-04-01 16:52:50,2,-92.587058480999
2025-04-01 16:53:00,3,-75.6995055651722
2025-04-01 16:53:10,4,-50.904141575034
2025-04-01 16:53:20,1,-95.1056516295158
2025-04-01 16:53:30,2,-80.2817475191099
2025-04-01 16:53:40,3,-57.0713567684425
2025-04-01 16:53:50,4,-27.8991106039182
2025-04-01 16:54:00,1,-84.4327925502016
2025-04-01 16:54:10,2,-62.9320391049808
2025-04-01 16:54:20,3,-34.8572047321795
2025-04-01 16:54:30,4,-3.14107590780667
2025-04-01 16:54:40,1,-68.4547105928681
2025-04-01 16:54:50,2,-41.6280792260407
2025-04-01 16:55:00,3,-10.4528463267619
2025-04-01 16:55:10,4,21.814324139656
2025-04-01 16:55:20,1,-48.1753674101695
2025-04-01 16:55:30,2,-17.7084740319577
2025-04-01 16:55:40,3,14.6083028562458
2025-04-01 16:55:50,4,45.3990499739574
2025-04-01 16:56:00,1,-24.868988716482
2025-04-01 16:56:10,2,7.32381971276512
2025-04-01 16:56:20,3,38.7515586452106
2025-04-01 16:56:30,4,66.1311865323684
2025-04-01 16:56:40,1,-7.83526359199671e-13
2025-04-01 16:56:50,2,31.8959309298101
2025-04-01 16:57:00,3,60.4599114862387
2025-04-01 16:57:10,4,82.7080574274593
2025-04-01 16:57:20,1,24.868988716486
2025-04-01 16:57:30,2,54.4639035015065
2025-04-01 16:57:40,3,78.3693457325857
2025-04-01 16:57:50,4,94.0880768954229
2025-04-01 16:58:00,1,48.1753674101731
2025-04-01 16:58:10,2,73.6097087119735
2025-04-01 16:58:20,3,91.3545457642618
2025-04-01 16:58:30,4,99.5561964603082
2025-04-01 16:58:40,1,68.4547105928711
2025-04-01 16:58:50,2,88.1303452064999
2025-04-01 16:59:00,3,98.5996037070504
2025-04-01 16:59:10,4,98.7688340595132
2025-04-01 16:59:20,1,84.4327925502008
2025-04-01 16:59:30,2,97.1134279909642
2025-04-01 16:59:40,3,99.6492859249503
2025-04-01 16:59:50,4,91.7754625683961
2025-04-01 17:00:00,1,95.1056516295153
2025-04-01 17:00:10,2,99.9945169365512
2025-04-01 17:00:20,3,94.4376370237474
2025-04-01 17:00:30,4,79.0155012375687
2025-04-01 17:00:40,1,99.8026728428272
2025-04-01 17:00:50,2,96.592582628907
2025-04-01 17:01:00,3,83.292124071008
2025-04-01 17:01:10,4,61.2907053652962
2025-04-01 17:01:20,1,98.2287250728684
2025-04-01 17:01:30,2,87.1213811120186
2025-04-01 17:01:40,3,66.9130606358822
2025-04-01 17:01:50,4,39.7147890634752
2025-04-01 17:02:00,1,90.4827052466028
2025-04-01 17:02:10,2,72.1760228098348
2025-04-01 17:02:20,3,46.3296035119858
2025-04-01 17:02:30,4,15.6434465040187
2025-04-01 17:02:40,1,77.0513242775793
2025-04-01 17:02:50,2,52.6955795496649
2025-04-01 17:03:00,3,22.8350870110639
2025-04-01 17:03:10,4,-9.41083133185713
2025-04-01 17:03:20,1,58.7785252292468
2025-04-01 17:03:30,2,29.9040792256097
2025-04-01 17:03:40,3,-2.09424198833868
2025-04-01 17:03:50,4,-33.8737920245304
2025-04-01 17:04:00,1,36.812455268466
2025-04-01 17:04:10,2,5.23359562429414
2025-04-01 17:04:20,3,-26.8919820615307
2025-04-01 17:04:30,4,-56.2083377852152
2025-04-01 17:04:40,1,12.5333233564273
2025-04-01 17:04:50,2,-19.7657340379141
2025-04-01 17:05:00,3,-49.9999999999999
2025-04-01 17:05:10,4,-75.0111069630485
2025-04-01 17:05:20,1,-12.5333233564292
2025-04-01 17:05:30,2,-43.5231099372353
2025-04-01 17:05:40,3,-69.9663340513374
2025-04-01 17:05:50,4,-89.1006524188391
2025-04-01 17:06:00,1,-36.8124552684679
2025-04-01 17:06:10,2,-64.5457687723982
2025-04-01 17:06:20,3,-85.5364260160519
2025-04-01 17:06:30,4,-97.5916761938749
2025-04-01 17:06:40,1,-58.7785252292484
2025-04-01 17:06:50,2,-81.5127795728552
2025-04-01 17:07:00,3,-95.7319497532078
2025-04-01 17:07:10,4,-99.9506560365731
2025-04-01 17:07:20,1,-77.0513242775806
2025-04-01 17:07:30,2,-93.3580426497205
2025-04-01 17:07:40,3,-99.912283009886
2025-04-01 17:07:50,4,-96.0293685676934
2025-04-01 17:08:00,1,-90.4827052466012
2025-04-01 17:08:10,2,-99.3372765600399
2025-04-01 17:08:20,3,-97.8147600733804
2025-04-01 17:08:30,4,-86.074202700392
2025-04-01 17:08:40,1,-98.2287250728688
2025-04-01 17:08:50,2,-99.0747840471439
2025-04-01 17:09:00,3,-89.5711760239405
2025-04-01 17:09:10,4,-70.7106781186506
2025-04-01 17:09:20,1,-99.8026728428271
2025-04-01 17:09:30,2,-92.5870584809998
2025-04-01 17:09:40,3,-75.6995055651736
2025-04-01 17:09:50,4,-50.9041415750359
2025-04-01 17:10:00,1,-95.1056516295147
2025-04-01 17:10:10,2,-80.2817475191112
2025-04-01 17:10:20,3,-57.0713567684396
2025-04-01 17:10:30,4,-27.8991106039203
2025-04-01 17:10:40,1,-84.4327925501997
2025-04-01 17:10:50,2,-62.9320391049825
2025-04-01 17:11:00,3,-34.8572047321815
2025-04-01 17:11:10,4,-3.14107590780883
2025-04-01 17:11:20,1,-68.4547105928697
2025-04-01 17:11:30,2,-41.6280792260374
2025-04-01 17:11:40,3,-10.4528463267641
2025-04-01 17:11:50,4,21.8143241396594
2025-04-01 17:12:00,1,-48.1753674101714
2025-04-01 17:12:10,2,-17.7084740319542
2025-04-01 17:12:20,3,14.6083028562437
2025-04-01 17:12:30,4,45.3990499739555
2025-04-01 17:12:40,1,-24.8689887164841
2025-04-01 17:12:50,2,7.32381971276297
2025-04-01 17:13:00,3,38.7515586452138
2025-04-01 17:13:10,4,66.1311865323668
2025-04-01 17:13:20,1,2.74469438361788e-12
2025-04-01 17:13:30,2,31.895930929808
2025-04-01 17:13:40,3,60.4599114862415
2025-04-01 17:13:50,4,82.7080574274581
2025-04-01 17:14:00,1,24.8689887164839
2025-04-01 17:14:10,2,54.4639035015047
2025-04-01 17:14:20,3,78.3693457325844
2025-04-01 17:14:30,4,94.0880768954241
2025-04-01 17:14:40,1,48.1753674101712
2025-04-01 17:14:50,2,73.6097087119759
2025-04-01 17:15:00,3,91.3545457642609
2025-04-01 17:15:10,4,99.5561964603086
2025-04-01 17:15:20,1,68.4547105928695
2025-04-01 17:15:30,2,88.1303452064989
2025-04-01 17:15:40,3,98.599603707051
2025-04-01 17:15:50,4,98.7688340595135
2025-04-01 17:16:00,1,84.4327925502027
2025-04-01 17:16:10,2,97.1134279909637
2025-04-01 17:16:20,3,99.6492859249501
2025-04-01 17:16:30,4,91.775462568397
2025-04-01 17:16:40,1,95.1056516295164
2025-04-01 17:16:50,2,99.9945169365512
2025-04-01 17:17:00,3,94.4376370237481
2025-04-01 17:17:10,4,79.0155012375665
2025-04-01 17:17:20,1,99.8026728428271
2025-04-01 17:17:30,2,96.592582628906
2025-04-01 17:17:40,3,83.2921240710092
2025-04-01 17:17:50,4,61.2907053652934
2025-04-01 17:18:00,1,98.2287250728688
2025-04-01 17:18:10,2,87.1213811120168
2025-04-01 17:18:20,3,66.9130606358838
2025-04-01 17:18:30,4,39.7147890634771
2025-04-01 17:18:40,1,90.4827052466013
2025-04-01 17:18:50,2,72.1760228098363
2025-04-01 17:19:00,3,46.3296035119827
2025-04-01 17:19:10,4,15.6434465040208
2025-04-01 17:19:20,1,77.0513242775771
2025-04-01 17:19:30,2,52.6955795496667
2025-04-01 17:19:40,3,22.8350870110605
2025-04-01 17:19:50,4,-9.41083133185498
2025-04-01 17:20:00,1,58.7785252292485
2025-04-01 17:20:10,2,29.9040792256063
2025-04-01 17:20:20,3,-2.09424198833652
2025-04-01 17:20:30,4,-33.8737920245337
2025-04-01 17:20:40,1,36.812455268468
2025-04-01 17:20:50,2,5.23359562429062
2025-04-01 17:21:00,3,-26.8919820615286
2025-04-01 17:21:10,4,-56.2083377852181
2025-04-01 17:21:20,1,12.5333233564294
2025-04-01 17:21:30,2,-19.765734037912
2025-04-01 17:21:40,3,-50.0000000000029
2025-04-01 17:21:50,4,-75.0111069630471
2025-04-01 17:22:00,1,-12.5333233564327
2025-04-01 17:22:10,2,-43.5231099372333
2025-04-01 17:22:20,3,-69.9663340513399
2025-04-01 17:22:30,4,-89.1006524188381
2025-04-01 17:22:40,1,-36.8124552684711
2025-04-01 17:22:50,2,-64.5457687723965
2025-04-01 17:23:00,3,-85.5364260160508
2025-04-01 17:23:10,4,-97.5916761938757
2025-04-01 17:23:20,1,-58.7785252292466
2025-04-01 17:23:30,2,-81.5127795728573
2025-04-01 17:23:40,3,-95.7319497532072
2025-04-01 17:23:50,4,-99.950656036573
2025-04-01 17:24:00,1,-77.0513242775792
2025-04-01 17:24:10,2,-93.3580426497218
2025-04-01 17:24:20,3,-99.912283009886
2025-04-01 17:24:30,4,-96.029368567694
2025-04-01 17:24:40,1,-90.4827052466027
2025-04-01 17:24:50,2,-99.3372765600396
2025-04-01 17:25:00,3,-97.8147600733797
2025-04-01 17:25:10,4,-86.0742027003931
2025-04-01 17:25:20,1,-98.2287250728694
2025-04-01 17:25:30,2,-99.0747840471442
2025-04-01 17:25:40,3,-89.5711760239389
2025-04-01 17:25:50,4,-70.7106781186521
2025-04-01 17:26:00,1,-99.8026728428272
2025-04-01 17:26:10,2,-92.5870584809985
2025-04-01 17:26:20,3,-75.699505565175
2025-04-01 17:26:30,4,-50.9041415750328
2025-04-01 17:26:40,1,-95.1056516295154
2025-04-01 17:26:50,2,-80.2817475191091
2025-04-01 17:27:00,3,-57.0713567684413
2025-04-01 17:27:10,4,-27.8991106039169
2025-04-01 17:27:20,1,-84.4327925502009
2025-04-01 17:27:30,2,-62.9320391049841
2025-04-01 17:27:40,3,-34.8572047321782
2025-04-01 17:27:50,4,-3.14107590781098
2025-04-01 17:28:00,1,-68.4547105928671
2025-04-01 17:28:10,2,-41.6280792260394
2025-04-01 17:28:20,3,-10.4528463267606
2025-04-01 17:28:30,4,21.8143241396573
2025-04-01 17:28:40,1,-48.1753674101733
2025-04-01 17:28:50,2,-17.7084740319563
2025-04-01 17:29:00,3,14.6083028562415
2025-04-01 17:29:10,4,45.3990499739586
2025-04-01 17:29:20,1,-24.8689887164861
2025-04-01 17:29:30,2,7.32381971276649
2025-04-01 17:29:40,3,38.7515586452118
2025-04-01 17:29:50,4,66.1311865323694
2025-04-01 17:30:00,1,5.88573240354636e-13
2025-04-01 17:30:10,2,31.895930929806
2025-04-01 17:30:20,3,60.4599114862398
2025-04-01 17:30:30,4,82.7080574274569
2025-04-01 17:30:40,1,24.8689887164873
2025-04-01 17:30:50,2,54.4639035015029
2025-04-01 17:31:00,3,78.3693457325866
2025-04-01 17:31:10,4,94.0880768954234
2025-04-01 17:31:20,1,48.1753674101743
2025-04-01 17:31:30,2,73.6097087119744
2025-04-01 17:31:40,3,91.35454576426
2025-04-01 17:31:50,4,99.5561964603084
2025-04-01 17:32:00,1,68.454710592868
2025-04-01 17:32:10,2,88.1303452065005
2025-04-01 17:32:20,3,98.5996037070507
2025-04-01 17:32:30,4,98.768834059513
2025-04-01 17:32:40,1,84.4327925502015
2025-04-01 17:32:50,2,97.1134279909646
2025-04-01 17:33:00,3,99.6492859249502
2025-04-01 17:33:10,4,91.7754625683978
2025-04-01 17:33:20,1,95.1056516295157
2025-04-01 17:33:30,2,99.9945169365512
2025-04-01 17:33:40,3,94.4376370237469
2025-04-01 17:33:50,4,79.0155012375678
2025-04-01 17:34:00,1,99.8026728428273
2025-04-01 17:34:10,2,96.5925826289066
2025-04-01 17:34:20,3,83.2921240710072
2025-04-01 17:34:30,4,61.2907053652951
2025-04-01 17:34:40,1,98.2287250728692
2025-04-01 17:34:50,2,87.1213811120179
2025-04-01 17:35:00,3,66.9130606358854
2025-04-01 17:35:10,4,39.7147890634739
2025-04-01 17:35:20,1,90.4827052466022
2025-04-01 17:35:30,2,72.1760228098338
2025-04-01 17:35:40,3,46.3296035119846
2025-04-01 17:35:50,4,15.6434465040173
2025-04-01 17:36:00,1,77.0513242775785
2025-04-01 17:36:10,2,52.6955795496686
2025-04-01 17:36:20,3,22.8350870110626
2025-04-01 17:36:30,4,-9.41083133185284
2025-04-01 17:36:40,1,58.7785252292457
2025-04-01 17:36:50,2,29.9040792256083
2025-04-01 17:37:00,3,-2.09424198834005
2025-04-01 17:37:10,4,-33.8737920245317
2025-04-01 17:37:20,1,36.8124552684648
2025-04-01 17:37:30,2,5.23359562429277
2025-04-01 17:37:40,3,-26.8919820615265
2025-04-01 17:37:50,4,-56.2083377852163
2025-04-01 17:38:00,1,12.5333233564315
2025-04-01 17:38:10,2,-19.7657340379155
2025-04-01 17:38:20,3,-50.0000000000011
2025-04-01 17:38:30,4,-75.0111069630494
2025-04-01 17:38:40,1,-12.5333233564306
2025-04-01 17:38:50,2,-43.5231099372365
2025-04-01 17:39:00,3,-69.9663340513383
2025-04-01 17:39:10,4,-89.1006524188372
2025-04-01 17:39:20,1,-36.8124552684691
2025-04-01 17:39:30,2,-64.5457687723949
2025-04-01 17:39:40,3,-85.5364260160526
2025-04-01 17:39:50,4,-97.5916761938752
2025-04-01 17:40:00,1,-58.7785252292495
2025-04-01 17:40:10,2,-81.512779572856
2025-04-01 17:40:20,3,-95.7319497532082
2025-04-01 17:40:30,4,-99.9506560365731
2025-04-01 17:40:40,1,-77.0513242775778
2025-04-01 17:40:50,2,-93.358042649721
2025-04-01 17:41:00,3,-99.9122830098859
2025-04-01 17:41:10,4,-96.029368567693
2025-04-01 17:41:20,1,-90.4827052466018
2025-04-01 17:41:30,2,-99.3372765600401
2025-04-01 17:41:40,3,-97.8147600733802
2025-04-01 17:41:50,4,-86.0742027003913
2025-04-01 17:42:00,1,-98.228725072869
2025-04-01 17:42:10,2,-99.0747840471445
2025-04-01 17:42:20,3,-89.5711760239399
2025-04-01 17:42:30,4,-70.7106781186537
2025-04-01 17:42:40,1,-99.802672842827
2025-04-01 17:42:50,2,-92.5870584809993
2025-04-01 17:43:00,3,-75.6995055651727
2025-04-01 17:43:10,4,-50.9041415750347
2025-04-01 17:43:20,1,-95.1056516295143
2025-04-01 17:43:30,2,-80.2817475191104
2025-04-01 17:43:40,3,-57.0713567684431
2025-04-01 17:43:50,4,-27.899110603919
2025-04-01 17:44:00,1,-84.432792550202
2025-04-01 17:44:10,2,-62.9320391049814
2025-04-01 17:44:20,3,-34.8572047321803
2025-04-01 17:44:30,4,-3.14107590780745
2025-04-01 17:44:40,1,-68.4547105928687
2025-04-01 17:44:50,2,-41.6280792260362
2025-04-01 17:45:00,3,-10.4528463267627
2025-04-01 17:45:10,4,21.8143241396552
2025-04-01 17:45:20,1,-48.1753674101702
2025-04-01 17:45:30,2,-17.7084740319584
2025-04-01 17:45:40,3,14.608302856245
2025-04-01 17:45:50,4,45.3990499739567
2025-04-01 17:46:00,1,-24.8689887164827
2025-04-01 17:46:10,2,7.32381971276434
2025-04-01 17:46:20,3,38.7515586452151
2025-04-01 17:46:30,4,66.1311865323678
2025-04-01 17:46:40,1,-1.56754790290861e-12
2025-04-01 17:46:50,2,31.8959309298093
2025-04-01 17:47:00,3,60.4599114862381
2025-04-01 17:47:10,4,82.7080574274589
2025-04-01 17:47:20,1,24.8689887164852
2025-04-01 17:47:30,2,54.4639035015058
2025-04-01 17:47:40,3,78.3693457325853
2025-04-01 17:47:50,4,94.0880768954246
2025-04-01 17:48:00,1,48.1753674101724
2025-04-01 17:48:10,2,73.609708711973
2025-04-01 17:48:20,3,91.3545457642614
2025-04-01 17:48:30,4,99.5561964603082
2025-04-01 17:48:40,1,68.4547105928705
2025-04-01 17:48:50,2,88.1303452064995
2025-04-01 17:49:00,3,98.5996037070513
2025-04-01 17:49:10,4,98.7688340595133
2025-04-01 17:49:20,1,84.4327925502034
2025-04-01 17:49:30,2,97.1134279909641
2025-04-01 17:49:40,3,99.6492859249504
2025-04-01 17:49:50,4,91.7754625683964
2025-04-01 17:50:00,1,95.1056516295151
2025-04-01 17:50:10,2,99.9945169365512
2025-04-01 17:50:20,3,94.4376370237476
2025-04-01 17:50:30,4,79.0155012375657
2025-04-01 17:50:40,1,99.8026728428272
2025-04-01 17:50:50,2,96.5925826289057
2025-04-01 17:51:00,3,83.2921240710084
2025-04-01 17:51:10,4,61.2907053652968
2025-04-01 17:51:20,1,98.2287250728686
2025-04-01 17:51:30,2,87.1213811120189
2025-04-01 17:51:40,3,66.9130606358828
2025-04-01 17:51:50,4,39.7147890634759
2025-04-01 17:52:00,1,90.4827052466007
2025-04-01 17:52:10,2,72.1760228098353
2025-04-01 17:52:20,3,46.3296035119815
2025-04-01 17:52:30,4,15.6434465040195
2025-04-01 17:52:40,1,77.0513242775798
2025-04-01 17:52:50,2,52.6955795496656
2025-04-01 17:53:00,3,22.8350870110647
2025-04-01 17:53:10,4,-9.41083133185635
2025-04-01 17:53:20,1,58.7785252292474
2025-04-01 17:53:30,2,29.904079225605
2025-04-01 17:53:40,3,-2.09424198833789
2025-04-01 17:53:50,4,-33.873792024535
2025-04-01 17:54:00,1,36.8124552684668
2025-04-01 17:54:10,2,5.23359562429493
2025-04-01 17:54:20,3,-26.8919820615299
2025-04-01 17:54:30,4,-56.2083377852146
2025-04-01 17:54:40,1,12.533323356428
2025-04-01 17:54:50,2,-19.7657340379133
2025-04-01 17:55:00,3,-50.0000000000041
2025-04-01 17:55:10,4,-75.011106963048
2025-04-01 17:55:20,1,-12.5333233564341
2025-04-01 17:55:30,2,-43.5231099372346
2025-04-01 17:55:40,3,-69.9663340513368
2025-04-01 17:55:50,4,-89.1006524188388
2025-04-01 17:56:00,1,-36.8124552684671
2025-04-01 17:56:10,2,-64.5457687723976
2025-04-01 17:56:20,3,-85.5364260160515
2025-04-01 17:56:30,4,-97.591676193876
2025-04-01 17:56:40,1,-58.7785252292478
2025-04-01 17:56:50,2,-81.5127795728581
2025-04-01 17:57:00,3,-95.7319497532076
2025-04-01 17:57:10,4,-99.9506560365731
2025-04-01 17:57:20,1,-77.0513242775801
2025-04-01 17:57:30,2,-93.3580426497202
2025-04-01 17:57:40,3,-99.912283009886
2025-04-01 17:57:50,4,-96.0293685676936
2025-04-01 17:58:00,1,-90.4827052466033
2025-04-01 17:58:10,2,-99.3372765600398
2025-04-01 17:58:20,3,-97.8147600733806
2025-04-01 17:58:30,4,-86.0742027003924
2025-04-01 17:58:40,1,-98.2287250728686
2025-04-01 17:58:50,2,-99.074784047144
2025-04-01 17:59:00,3,-89.5711760239408
2025-04-01 17:59:10,4,-70.7106781186512
2025-04-01 17:59:20,1,-99.8026728428271
2025-04-01 17:59:30,2,-92.587058480998
2025-04-01 17:59:40,3,-75.6995055651741
2025-04-01 17:59:50,4,-50.9041415750366
2025-04-01 18:00:00,1,-95.105651629515
2025-04-01 18:00:10,2,-80.2817475191117
2025-04-01 18:00:20,3,-57.0713567684402
2025-04-01 18:00:30,4,-27.8991106039211
2025-04-01 18:00:40,1,-84.4327925502001
2025-04-01 18:00:50,2,-62.9320391049831
2025-04-01 18:01:00,3,-34.8572047321769
2025-04-01 18:01:10,4,-3.14107590780961
2025-04-01 18:01:20,1,-68.4547105928702
2025-04-01 18:01:30,2,-41.6280792260382
2025-04-01 18:01:40,3,-10.4528463267649
2025-04-01 18:01:50,4,21.8143241396586
2025-04-01 18:02:00,1,-48.1753674101721
2025-04-01 18:02:10,2,-17.708474031955
2025-04-01 18:02:20,3,14.6083028562429
2025-04-01 18:02:30,4,45.3990499739598
2025-04-01 18:02:40,1,-24.8689887164848
2025-04-01 18:02:50,2,7.32381971276219
2025-04-01 18:03:00,3,38.7515586452131
2025-04-01 18:03:10,4,66.1311865323662
2025-04-01 18:03:20,1,1.96067283990894e-12
2025-04-01 18:03:30,2,31.8959309298073
2025-04-01 18:03:40,3,60.4599114862409
2025-04-01 18:03:50,4,82.7080574274577
2025-04-01 18:04:00,1,24.8689887164886
2025-04-01 18:04:10,2,54.463903501504
2025-04-01 18:04:20,3,78.3693457325839
2025-04-01 18:04:30,4,94.0880768954239
2025-04-01 18:04:40,1,48.1753674101705
2025-04-01 18:04:50,2,73.6097087119754
2025-04-01 18:05:00,3,91.3545457642606
2025-04-01 18:05:10,4,99.5561964603085
2025-04-01 18:05:20,1,68.4547105928689
2025-04-01 18:05:30,2,88.1303452065012
2025-04-01 18:05:40,3,98.5996037070509
2025-04-01 18:05:50,4,98.7688340595136
2025-04-01 18:06:00,1,84.4327925502023
2025-04-01 18:06:10,2,97.1134279909635
2025-04-01 18:06:20,3,99.6492859249501
2025-04-01 18:06:30,4,91.7754625683973
2025-04-01 18:06:40,1,95.1056516295162
2025-04-01 18:06:50,2,99.9945169365512
2025-04-01 18:07:00,3,94.4376370237465
2025-04-01 18:07:10,4,79.015501237567
2025-04-01 18:07:20,1,99.8026728428271
2025-04-01 18:07:30,2,96.5925826289062
2025-04-01 18:07:40,3,83.2921240710096
2025-04-01 18:07:50,4,61.290705365294
2025-04-01 18:08:00,1,98.228725072869
2025-04-01 18:08:10,2,87.1213811120172
2025-04-01 18:08:20,3,66.9130606358844
2025-04-01 18:08:30,4,39.7147890634726
2025-04-01 18:08:40,1,90.4827052466016
2025-04-01 18:08:50,2,72.1760228098368
2025-04-01 18:09:00,3,46.3296035119834
2025-04-01 18:09:10,4,15.6434465040216
2025-04-01 18:09:20,1,77.0513242775776
2025-04-01 18:09:30,2,52.6955795496674
2025-04-01 18:09:40,3,22.8350870110612
2025-04-01 18:09:50,4,-9.4108313318542
2025-04-01 18:10:00,1,58.7785252292446
2025-04-01 18:10:10,2,29.904079225607
2025-04-01 18:10:20,3,-2.09424198833574
2025-04-01 18:10:30,4,-33.873792024533
2025-04-01 18:10:40,1,36.8124552684688
2025-04-01 18:10:50,2,5.2335956242914
2025-04-01 18:11:00,3,-26.8919820615278
2025-04-01 18:11:10,4,-56.2083377852175
2025-04-01 18:11:20,1,12.5333233564302
2025-04-01 18:11:30,2,-19.7657340379168
2025-04-01 18:11:40,3,-50.0000000000023
2025-04-01 18:11:50,4,-75.0111069630466
2025-04-01 18:12:00,1,-12.5333233564319
2025-04-01 18:12:10,2,-43.5231099372326
2025-04-01 18:12:20,3,-69.9663340513393
2025-04-01 18:12:30,4,-89.1006524188378
2025-04-01 18:12:40,1,-36.8124552684704
2025-04-01 18:12:50,2,-64.5457687723959
2025-04-01 18:13:00,3,-85.5364260160533
2025-04-01 18:13:10,4,-97.5916761938755
2025-04-01 18:13:20,1,-58.778525229246
2025-04-01 18:13:30,2,-81.5127795728568
2025-04-01 18:13:40,3,-95.7319497532069
2025-04-01 18:13:50,4,-99.950656036573
2025-04-01 18:14:00,1,-77.0513242775787
2025-04-01 18:14:10,2,-93.3580426497215
2025-04-01 18:14:20,3,-99.9122830098859
2025-04-01 18:14:30,4,-96.0293685676926
2025-04-01 18:14:40,1,-90.4827052466024
2025-04-01 18:14:50,2,-99.3372765600396
2025-04-01 18:15:00,3,-97.8147600733799
2025-04-01 18:15:10,4,-86.0742027003935
2025-04-01 18:15:20,1,-98.2287250728693
2025-04-01 18:15:30,2,-99.0747840471443
2025-04-01 18:15:40,3,-89.5711760239392
2025-04-01 18:15:50,4,-70.7106781186527
2025-04-01 18:16:00,1,-99.8026728428269
2025-04-01 18:16:10,2,-92.5870584809988
2025-04-01 18:16:20,3,-75.6995055651755
2025-04-01 18:16:30,4,-50.9041415750335
2025-04-01 18:16:40,1,-95.1056516295156
2025-04-01 18:16:50,2,-80.2817475191096
2025-04-01 18:17:00,3,-57.071356768442
2025-04-01 18:17:10,4,-27.8991106039177
2025-04-01 18:17:20,1,-84.4327925502013
2025-04-01 18:17:30,2,-62.9320391049803
2025-04-01 18:17:40,3,-34.857204732179
2025-04-01 18:17:50,4,-3.14107590781176
2025-04-01 18:18:00,1,-68.4547105928677
2025-04-01 18:18:10,2,-41.6280792260401
2025-04-01 18:18:20,3,-10.4528463267614
2025-04-01 18:18:30,4,21.8143241396565
2025-04-01 18:18:40,1,-48.175367410169
2025-04-01 18:18:50,2,-17.7084740319571
2025-04-01 18:19:00,3,14.6083028562464
2025-04-01 18:19:10,4,45.3990499739579
2025-04-01 18:19:20,1,-24.8689887164869
2025-04-01 18:19:30,2,7.32381971276571
2025-04-01 18:19:40,3,38.7515586452111
2025-04-01 18:19:50,4,66.1311865323689
2025-04-01 18:20:00,1,-1.95448303354306e-13
2025-04-01 18:20:10,2,31.8959309298106
2025-04-01 18:20:20,3,60.4599114862392
2025-04-01 18:20:30,4,82.7080574274597
2025-04-01 18:20:40,1,24.8689887164865
2025-04-01 18:20:50,2,54.4639035015022
2025-04-01 18:21:00,3,78.3693457325861
2025-04-01 18:21:10,4,94.0880768954231
2025-04-01 18:21:20,1,48.1753674101736
2025-04-01 18:21:30,2,73.6097087119739
2025-04-01 18:21:40,3,91.354545764262
2025-04-01 18:21:50,4,99.5561964603083
2025-04-01 18:22:00,1,68.4547105928715
2025-04-01 18:22:10,2,88.1303452065002
2025-04-01 18:22:20,3,98.5996037070505
2025-04-01 18:22:30,4,98.7688340595131
2025-04-01 18:22:40,1,84.4327925502011
2025-04-01 18:22:50,2,97.1134279909644
2025-04-01 18:23:00,3,99.6492859249503
2025-04-01 18:23:10,4,91.7754625683959
2025-04-01 18:23:20,1,95.1056516295155
2025-04-01 18:23:30,2,99.9945169365512
2025-04-01 18:23:40,3,94.4376370237472
2025-04-01 18:23:50,4,79.0155012375683
2025-04-01 18:24:00,1,99.8026728428273
2025-04-01 18:24:10,2,96.5925826289068
2025-04-01 18:24:20,3,83.2921240710077
2025-04-01 18:24:30,4,61.2907053652957
2025-04-01 18:24:40,1,98.2287250728683
2025-04-01 18:24:50,2,87.1213811120183
2025-04-01 18:25:00,3,66.9130606358818
2025-04-01 18:25:10,4,39.7147890634746
2025-04-01 18:25:20,1,90.4827052466025
2025-04-01 18:25:30,2,72.1760228098344
2025-04-01 18:25:40,3,46.3296035119853
2025-04-01 18:25:50,4,15.6434465040181
2025-04-01 18:26:00,1,77.051324277579
2025-04-01 18:26:10,2,52.6955795496644
2025-04-01 18:26:20,3,22.8350870110633
2025-04-01 18:26:30,4,-9.41083133185771
2025-04-01 18:26:40,1,58.7785252292463
2025-04-01 18:26:50,2,29.9040792256091
2025-04-01 18:27:00,3,-2.09424198833926
2025-04-01 18:27:10,4,-33.8737920245309
2025-04-01 18:27:20,1,36.8124552684655
2025-04-01 18:27:30,2,5.23359562429356
2025-04-01 18:27:40,3,-26.8919820615312
2025-04-01 18:27:50,4,-56.2083377852157
2025-04-01 18:28:00,1,12.5333233564323
2025-04-01 18:28:10,2,-19.7657340379147
2025-04-01 18:28:20,3,-50.0000000000004
2025-04-01 18:28:30,4,-75.0111069630489
2025-04-01 18:28:40,1,-12.5333233564298
2025-04-01 18:28:50,2,-43.5231099372358
2025-04-01 18:29:00,3,-69.9663340513378
2025-04-01 18:29:10,4,-89.1006524188394
2025-04-01 18:29:20,1,-36.8124552684684
2025-04-01 18:29:30,2,-64.5457687723943
2025-04-01 18:29:40,3,-85.5364260160522
2025-04-01 18:29:50,4,-97.591676193875
2025-04-01 18:30:00,1,-58.7785252292489
2025-04-01 18:30:10,2,-81.5127795728556
2025-04-01 18:30:20,3,-95.731949753208
2025-04-01 18:30:30,4,-99.9506560365731
2025-04-01 18:30:40,1,-77.051324277581
2025-04-01 18:30:50,2,-93.3580426497207
2025-04-01 18:31:00,3,-99.9122830098858
2025-04-01 18:31:10,4,-96.0293685676932
2025-04-01 18:31:20,1,-90.4827052466014
2025-04-01 18:31:30,2,-99.33727656004
2025-04-01 18:31:40,3,-97.8147600733803
2025-04-01 18:31:50,4,-86.0742027003917
2025-04-01 18:32:00,1,-98.2287250728689
2025-04-01 18:32:10,2,-99.0747840471438
2025-04-01 18:32:20,3,-89.5711760239402
2025-04-01 18:32:30,4,-70.7106781186542
2025-04-01 18:32:40,1,-99.8026728428271
2025-04-01 18:32:50,2,-92.5870584809996
2025-04-01 18:33:00,3,-75.6995055651732
2025-04-01 18:33:10,4,-50.9041415750354
2025-04-01 18:33:20,1,-95.1056516295145
2025-04-01 18:33:30,2,-80.2817475191109
2025-04-01 18:33:40,3,-57.0713567684391
2025-04-01 18:33:50,4,-27.8991106039197
2025-04-01 18:34:00,1,-84.4327925502025
2025-04-01 18:34:10,2,-62.932039104982
2025-04-01 18:34:20,3,-34.857204732181
2025-04-01 18:34:30,4,-3.14107590780824
2025-04-01 18:34:40,1,-68.4547105928692
2025-04-01 18:34:50,2,-41.6280792260369
2025-04-01 18:35:00,3,-10.4528463267635
2025-04-01 18:35:10,4,21.81432413966
2025-04-01 18:35:20,1,-48.1753674101708
2025-04-01 18:35:30,2,-17.7084740319592
2025-04-01 18:35:40,3,14.6083028562443
2025-04-01 18:35:50,4,45.399049973956
2025-04-01 18:36:00,1,-24.8689887164835
2025-04-01 18:36:10,2,7.32381971276356
2025-04-01 18:36:20,3,38.7515586452144
2025-04-01 18:36:30,4,66.1311865323673
2025-04-01 18:36:40,1,3.33277243946325e-12
2025-04-01 18:36:50,2,31.8959309298086
2025-04-01 18:37:00,3,60.4599114862375
2025-04-01 18:37:10,4,82.7080574274584
2025-04-01 18:37:20,1,24.8689887164844
2025-04-01 18:37:30,2,54.4639035015052
2025-04-01 18:37:40,3,78.3693457325848
2025-04-01 18:37:50,4,94.0880768954244
2025-04-01 18:38:00,1,48.1753674101717
2025-04-01 18:38:10,2,73.6097087119763
2025-04-01 18:38:20,3,91.3545457642611
2025-04-01 18:38:30,4,99.5561964603081
2025-04-01 18:38:40,1,68.4547105928699
2025-04-01 18:38:50,2,88.1303452064991
2025-04-01 18:39:00,3,98.5996037070511
2025-04-01 18:39:10,4,98.7688340595134
2025-04-01 18:39:20,1,84.432792550203
2025-04-01 18:39:30,2,97.1134279909639
2025-04-01 18:39:40,3,99.64928592495
2025-04-01 18:39:50,4,91.7754625683967
2025-04-01 18:40:00,1,95.1056516295149
2025-04-01 18:40:10,2,99.9945169365512
2025-04-01 18:40:20,3,94.4376370237479
2025-04-01 18:40:30,4,79.0155012375661
2025-04-01 18:40:40,1,99.8026728428271
2025-04-01 18:40:50,2,96.5925826289059
2025-04-01 18:41:00,3,83.2921240710089
2025-04-01 18:41:10,4,61.2907053652929
2025-04-01 18:41:20,1,98.2287250728687
2025-04-01 18:41:30,2,87.1213811120193
2025-04-01 18:41:40,3,66.9130606358834
2025-04-01 18:41:50,4,39.7147890634766
2025-04-01 18:42:00,1,90.482705246601
2025-04-01 18:42:10,2,72.1760228098359
2025-04-01 18:42:20,3,46.3296035119821
2025-04-01 18:42:30,4,15.6434465040202
2025-04-01 18:42:40,1,77.0513242775767
2025-04-01 18:42:50,2,52.6955795496662
2025-04-01 18:43:00,3,22.8350870110654
2025-04-01 18:43:10,4,-9.41083133185557
2025-04-01 18:43:20,1,58.7785252292481
2025-04-01 18:43:30,2,29.9040792256057
2025-04-01 18:43:40,3,-2.09424198833711
2025-04-01 18:43:50,4,-33.8737920245342
2025-04-01 18:44:00,1,36.8124552684675
2025-04-01 18:44:10,2,5.23359562429003
2025-04-01 18:44:20,3,-26.8919820615292
2025-04-01 18:44:30,4,-56.2083377852139
2025-04-01 18:44:40,1,12.5333233564288
2025-04-01 18:44:50,2,-19.7657340379126
2025-04-01 18:45:00,3,-50.0000000000034
2025-04-01 18:45:10,4,-75.0111069630475
2025-04-01 18:45:20,1,-12.5333233564333
2025-04-01 18:45:30,2,-43.5231099372339
2025-04-01 18:45:40,3,-69.9663340513403
2025-04-01 18:45:50,4,-89.1006524188384
2025-04-01 18:46:00,1,-36.8124552684664
2025-04-01 18:46:10,2,-64.545768772397
2025-04-01 18:46:20,3,-85.5364260160511
2025-04-01 18:46:30,4,-97.5916761938758
2025-04-01 18:46:40,1,-58.7785252292471
2025-04-01 18:46:50,2,-81.5127795728576
2025-04-01 18:47:00,3,-95.7319497532073
2025-04-01 18:47:10,4,-99.950656036573
2025-04-01 18:47:20,1,-77.0513242775796
2025-04-01 18:47:30,2,-93.3580426497199
2025-04-01 18:47:40,3,-99.912283009886
2025-04-01 18:47:50,4,-96.0293685676938
2025-04-01 18:48:00,1,-90.4827052466029
2025-04-01 18:48:10,2,-99.3372765600397
2025-04-01 18:48:20,3,-97.8147600733796
2025-04-01 18:48:30,4,-86.0742027003928
2025-04-01 18:48:40,1,-98.2287250728695
2025-04-01 18:48:50,2,-99.0747840471441
2025-04-01 18:49:00,3,-89.5711760239412
2025-04-01 18:49:10,4,-70.7106781186517
2025-04-01 18:49:20,1,-99.8026728428272
2025-04-01 18:49:30,2,-92.5870584809983
2025-04-01 18:49:40,3,-75.6995055651746
2025-04-01 18:49:50,4,-50.9041415750323
2025-04-01 18:50:00,1,-95.1056516295152
2025-04-01 18:50:10,2,-80.2817475191088
2025-04-01 18:50:20,3,-57.0713567684409
2025-04-01 18:50:30,4,-27.8991106039218
2025-04-01 18:50:40,1,-84.4327925502006
2025-04-01 18:50:50,2,-62.9320391049837
2025-04-01 18:51:00,3,-34.8572047321777
2025-04-01 18:51:10,4,-3.14107590781039
2025-04-01 18:51:20,1,-68.4547105928667
2025-04-01 18:51:30,2,-41.6280792260389
2025-04-01 18:51:40,3,-10.45284632676
2025-04-01 18:51:50,4,21.8143241396579
2025-04-01 18:52:00,1,-48.1753674101727
2025-04-01 18:52:10,2,-17.7084740319557
2025-04-01 18:52:20,3,14.6083028562421
2025-04-01 18:52:30,4,45.3990499739591
2025-04-01 18:52:40,1,-24.8689887164856
2025-04-01 18:52:50,2,7.32381971276708
2025-04-01 18:53:00,3,38.7515586452124
2025-04-01 18:53:10,4,66.1311865323699
2025-04-01 18:53:20,1,1.1766512962e-12
2025-04-01 18:53:30,2,31.8959309298065
2025-04-01 18:53:40,3,60.4599114862403
2025-04-01 18:53:50,4,82.7080574274572
2025-04-01 18:54:00,1,24.8689887164879
2025-04-01 18:54:10,2,54.4639035015034
2025-04-01 18:54:20,3,78.369345732587
2025-04-01 18:54:30,4,94.0880768954236
2025-04-01 18:54:40,1,48.1753674101748
2025-04-01 18:54:50,2,73.6097087119748
2025-04-01 18:55:00,3,91.3545457642603
2025-04-01 18:55:10,4,99.5561964603084
2025-04-01 18:55:20,1,68.4547105928684
2025-04-01 18:55:30,2,88.1303452065008
2025-04-01 18:55:40,3,98.5996037070508
2025-04-01 18:55:50,4,98.7688340595129
2025-04-01 18:56:00,1,84.4327925502018
2025-04-01 18:56:10,2,97.1134279909647
2025-04-01 18:56:20,3,99.6492859249502
2025-04-01 18:56:30,4,91.7754625683976
2025-04-01 18:56:40,1,95.1056516295159
2025-04-01 18:56:50,2,99.9945169365512
2025-04-01 18:57:00,3,94.4376370237467
2025-04-01 18:57:10,4,79.0155012375675
2025-04-01 18:57:20,1,99.8026728428273
2025-04-01 18:57:30,2,96.5925826289064
2025-04-01 18:57:40,3,83.29212407101
2025-04-01 18:57:50,4,61.2907053652946
2025-04-01 18:58:00,1,98.2287250728691
2025-04-01 18:58:10,2,87.1213811120176
2025-04-01 18:58:20,3,66.913060635885
2025-04-01 18:58:30,4,39.7147890634734
2025-04-01 18:58:40,1,90.4827052466019
2025-04-01 18:58:50,2,72.1760228098334
2025-04-01 18:59:00,3,46.3296035119841
2025-04-01 18:59:10,4,15.6434465040224
2025-04-01 18:59:20,1,77.0513242775781
2025-04-01 18:59:30,2,52.6955795496681
2025-04-01 18:59:40,3,22.835087011062
2025-04-01 18:59:50,4,-9.41083133185342
2025-04-01 19:00:00,1,58.7785252292452
2025-04-01 19:00:10,2,29.9040792256078
2025-04-01 19:00:20,3,-2.09424198834064
2025-04-01 19:00:30,4,-33.8737920245322
2025-04-01 19:00:40,1,36.8124552684695
2025-04-01 19:00:50,2,5.23359562429219
2025-04-01 19:01:00,3,-26.8919820615271
2025-04-01 19:01:10,4,-56.2083377852168
2025-04-01 19:01:20,1,12.533323356431
2025-04-01 19:01:30,2,-19.765734037916
2025-04-01 19:01:40,3,-50.0000000000016
2025-04-01 19:01:50,4,-75.0111069630498
2025-04-01 19:02:00,1,-12.5333233564312
2025-04-01 19:02:10,2,-43.5231099372319
2025-04-01 19:02:20,3,-69.9663340513387
2025-04-01 19:02:30,4,-89.1006524188374
2025-04-01 19:02:40,1,-36.8124552684697
2025-04-01 19:02:50,2,-64.5457687723953
2025-04-01 19:03:00,3,-85.5364260160529
2025-04-01 19:03:10,4,-97.5916761938753
2025-04-01 19:03:20,1,-58.77852522925
2025-04-01 19:03:30,2,-81.5127795728564
2025-04-01 19:03:40,3,-95.7319497532067
2025-04-01 19:03:50,4,-99.950656036573
2025-04-01 19:04:00,1,-77.0513242775782
2025-04-01 19:04:10,2,-93.3580426497212
2025-04-01 19:04:20,3,-99.9122830098859
2025-04-01 19:04:30,4,-96.0293685676928
2025-04-01 19:04:40,1,-90.482705246602
2025-04-01 19:04:50,2,-99.3372765600401
2025-04-01 19:05:00,3,-97.81476007338
2025-04-01 19:05:10,4,-86.0742027003939
2025-04-01 19:05:20,1,-98.2287250728691
2025-04-01 19:05:30,2,-99.0747840471444
2025-04-01 19:05:40,3,-89.5711760239396
2025-04-01 19:05:50,4,-70.7106781186532
2025-04-01 19:06:00,1,-99.802672842827
2025-04-01 19:06:10,2,-92.5870584809991
2025-04-01 19:06:20,3,-75.6995055651723
2025-04-01 19:06:30,4,-50.9041415750342
2025-04-01 19:06:40,1,-95.1056516295159
2025-04-01 19:06:50,2,-80.2817475191101
2025-04-01 19:07:00,3,-57.0713567684426
2025-04-01 19:07:10,4,-27.8991106039184
2025-04-01 19:07:20,1,-84.4327925502017
2025-04-01 19:07:30,2,-62.9320391049809
2025-04-01 19:07:40,3,-34.8572047321797
2025-04-01 19:07:50,4,-3.14107590780687
2025-04-01 19:08:00,1,-68.4547105928682
2025-04-01 19:08:10,2,-41.6280792260408
2025-04-01 19:08:20,3,-10.4528463267621
2025-04-01 19:08:30,4,21.8143241396558
2025-04-01 19:08:40,1,-48.1753674101696
2025-04-01 19:08:50,2,-17.7084740319579
2025-04-01 19:09:00,3,14.6083028562456
2025-04-01 19:09:10,4,45.3990499739572
2025-04-01 19:09:20,1,-24.8689887164822
2025-04-01 19:09:30,2,7.32381971276493
2025-04-01 19:09:40,3,38.7515586452104
2025-04-01 19:09:50,4,66.1311865323683
2025-04-01 19:10:00,1,-9.79469847063247e-13
2025-04-01 19:10:10,2,31.8959309298099
2025-04-01 19:10:20,3,60.4599114862386
2025-04-01 19:10:30,4,82.7080574274592
2025-04-01 19:10:40,1,24.8689887164858
2025-04-01 19:10:50,2,54.4639035015063
2025-04-01 19:11:00,3,78.3693457325856
2025-04-01 19:11:10,4,94.0880768954229
2025-04-01 19:11:20,1,48.1753674101729
2025-04-01 19:11:30,2,73.6097087119734
2025-04-01 19:11:40,3,91.3545457642617
2025-04-01 19:11:50,4,99.5561964603082
2025-04-01 19:12:00,1,68.454710592871
2025-04-01 19:12:10,2,88.1303452064998
2025-04-01 19:12:20,3,98.5996037070514
2025-04-01 19:12:30,4,98.7688340595132
2025-04-01 19:12:40,1,84.4327925502007
2025-04-01 19:12:50,2,97.1134279909642
2025-04-01 19:13:00,3,99.6492859249504
2025-04-01 19:13:10,4,91.7754625683962
2025-04-01 19:13:20,1,95.1056516295153
2025-04-01 19:13:30,2,99.9945169365512
2025-04-01 19:13:40,3,94.4376370237474
2025-04-01 19:13:50,4,79.0155012375653
2025-04-01 19:14:00,1,99.8026728428272
2025-04-01 19:14:10,2,96.592582628907
2025-04-01 19:14:20,3,83.2921240710081
2025-04-01 19:14:30,4,61.2907053652963
2025-04-01 19:14:40,1,98.2287250728684
2025-04-01 19:14:50,2,87.1213811120186
2025-04-01 19:15:00,3,66.9130606358824
2025-04-01 19:15:10,4,39.7147890634753
2025-04-01 19:15:20,1,90.4827052466004
2025-04-01 19:15:30,2,72.1760228098349
2025-04-01 19:15:40,3,46.329603511986
2025-04-01 19:15:50,4,15.6434465040189
2025-04-01 19:16:00,1,77.0513242775795
2025-04-01 19:16:10,2,52.6955795496651
2025-04-01 19:16:20,3,22.8350870110641
2025-04-01 19:16:30,4,-9.41083133185693
2025-04-01 19:16:40,1,58.778525229247
2025-04-01 19:16:50,2,29.9040792256044
2025-04-01 19:17:00,3,-2.09424198833848
2025-04-01 19:17:10,4,-33.8737920245302
2025-04-01 19:17:20,1,36.8124552684662
2025-04-01 19:17:30,2,5.23359562429434
2025-04-01 19:17:40,3,-26.8919820615305
2025-04-01 19:17:50,4,-56.208337785215
2025-04-01 19:18:00,1,12.5333233564275
2025-04-01 19:18:10,2,-19.7657340379139
2025-04-01 19:18:20,3,-50.0000000000046
2025-04-01 19:18:30,4,-75.0111069630484
2025-04-01 19:18:40,1,-12.533323356429
2025-04-01 19:18:50,2,-43.5231099372351
2025-04-01 19:19:00,3,-69.9663340513372
2025-04-01 19:19:10,4,-89.100652418839
2025-04-01 19:19:20,1,-36.8124552684677
2025-04-01 19:19:30,2,-64.545768772398
2025-04-01 19:19:40,3,-85.5364260160518
2025-04-01 19:19:50,4,-97.5916761938761
2025-04-01 19:20:00,1,-58.7785252292482
2025-04-01 19:20:10,2,-81.5127795728551
2025-04-01 19:20:20,3,-95.7319497532077
2025-04-01 19:20:30,4,-99.9506560365731
2025-04-01 19:20:40,1,-77.0513242775805
2025-04-01 19:20:50,2,-93.3580426497204
2025-04-01 19:21:00,3,-99.912283009886
2025-04-01 19:21:10,4,-96.0293685676934
2025-04-01 19:21:20,1,-90.4827052466035
2025-04-01 19:21:30,2,-99.3372765600399
2025-04-01 19:21:40,3,-97.8147600733805
2025-04-01 19:21:50,4,-86.0742027003921
2025-04-01 19:22:00,1,-98.2287250728687
2025-04-01 19:22:10,2,-99.0747840471439
2025-04-01 19:22:20,3,-89.5711760239406
2025-04-01 19:22:30,4,-70.7106781186507
2025-04-01 19:22:40,1,-99.8026728428271
2025-04-01 19:22:50,2,-92.5870584809977
2025-04-01 19:23:00,3,-75.6995055651737
2025-04-01 19:23:10,4,-50.9041415750361
2025-04-01 19:23:20,1,-95.1056516295148
2025-04-01 19:23:30,2,-80.2817475191113
2025-04-01 19:23:40,3,-57.0713567684397
2025-04-01 19:23:50,4,-27.8991106039205
2025-04-01 19:24:00,1,-84.4327925501998
2025-04-01 19:24:10,2,-62.9320391049826
2025-04-01 19:24:20,3,-34.8572047321764
2025-04-01 19:24:30,4,-3.14107590780902
2025-04-01 19:24:40,1,-68.4547105928698
2025-04-01 19:24:50,2,-41.6280792260376
2025-04-01 19:25:00,3,-10.4528463267643
2025-04-01 19:25:10,4,21.8143241396592
2025-04-01 19:25:20,1,-48.1753674101715
2025-04-01 19:25:30,2,-17.7084740319544
2025-04-01 19:25:40,3,14.6083028562435
2025-04-01 19:25:50,4,45.3990499739604
2025-04-01 19:26:00,1,-24.8689887164842
2025-04-01 19:26:10,2,7.32381971276278
2025-04-01 19:26:20,3,38.7515586452136
2025-04-01 19:26:30,4,66.1311865323667
2025-04-01 19:26:40,1,2.54875089575431e-12
2025-04-01 19:26:50,2,31.8959309298078
2025-04-01 19:27:00,3,60.4599114862414
2025-04-01 19:27:10,4,82.708057427458
2025-04-01 19:27:20,1,24.8689887164837
2025-04-01 19:27:30,2,54.4639035015045
2025-04-01 19:27:40,3,78.3693457325843
2025-04-01 19:27:50,4,94.0880768954241
2025-04-01 19:28:00,1,48.175367410171
2025-04-01 19:28:10,2,73.6097087119758
2025-04-01 19:28:20,3,91.3545457642608
2025-04-01 19:28:30,4,99.5561964603085
2025-04-01 19:28:40,1,68.4547105928694
2025-04-01 19:28:50,2,88.1303452064988
2025-04-01 19:29:00,3,98.599603707051
2025-04-01 19:29:10,4,98.7688340595136
2025-04-01 19:29:20,1,84.4327925502026
2025-04-01 19:29:30,2,97.1134279909637
2025-04-01 19:29:40,3,99.6492859249501
2025-04-01 19:29:50,4,91.7754625683971
2025-04-01 19:30:00,1,95.1056516295164
2025-04-01 19:30:10,2,99.9945169365512
2025-04-01 19:30:20,3,94.4376370237481
2025-04-01 19:30:30,4,79.0155012375666
2025-04-01 19:30:40,1,99.8026728428271
2025-04-01 19:30:50,2,96.5925826289061
2025-04-01 19:31:00,3,83.2921240710093
2025-04-01 19:31:10,4,61.2907053652935
2025-04-01 19:31:20,1,98.2287250728689
2025-04-01 19:31:30,2,87.1213811120169
2025-04-01 19:31:40,3,66.913060635884
2025-04-01 19:31:50,4,39.7147890634773
2025-04-01 19:32:00,1,90.4827052466014
2025-04-01 19:32:10,2,72.1760228098364
2025-04-01 19:32:20,3,46.3296035119828
2025-04-01 19:32:30,4,15.643446504021
2025-04-01 19:32:40,1,77.0513242775772
2025-04-01 19:32:50,2,52.6955795496669
2025-04-01 19:33:00,3,22.8350870110607
2025-04-01 19:33:10,4,-9.41083133185479
2025-04-01 19:33:20,1,58.7785252292487
2025-04-01 19:33:30,2,29.9040792256065
2025-04-01 19:33:40,3,-2.09424198833633
2025-04-01 19:33:50,4,-33.8737920245335
2025-04-01 19:34:00,1,36.8124552684682
2025-04-01 19:34:10,2,5.23359562429082
2025-04-01 19:34:20,3,-26.8919820615284
2025-04-01 19:34:30,4,-56.208337785218
2025-04-01 19:34:40,1,12.5333233564296
2025-04-01 19:34:50,2,-19.7657340379118
2025-04-01 19:35:00,3,-50.0000000000028
2025-04-01 19:35:10,4,-75.011106963047
2025-04-01 19:35:20,1,-12.5333233564325
2025-04-01 19:35:30,2,-43.5231099372332
2025-04-01 19:35:40,3,-69.9663340513397
2025-04-01 19:35:50,4,-89.1006524188381
2025-04-01 19:36:00,1,-36.8124552684709
2025-04-01 19:36:10,2,-64.5457687723964
2025-04-01 19:36:20,3,-85.5364260160507
2025-04-01 19:36:30,4,-97.5916761938756
2025-04-01 19:36:40,1,-58.7785252292465
2025-04-01 19:36:50,2,-81.5127795728572
2025-04-01 19:37:00,3,-95.7319497532071
2025-04-01 19:37:10,4,-99.950656036573
2025-04-01 19:37:20,1,-77.0513242775791
2025-04-01 19:37:30,2,-93.3580426497217
2025-04-01 19:37:40,3,-99.912283009886
2025-04-01 19:37:50,4,-96.029368567694
2025-04-01 19:38:00,1,-90.4827052466026
2025-04-01 19:38:10,2,-99.3372765600396
2025-04-01 19:38:20,3,-97.8147600733798
2025-04-01 19:38:30,4,-86.0742027003932
2025-04-01 19:38:40,1,-98.2287250728694
2025-04-01 19:38:50,2,-99.0747840471442
2025-04-01 19:39:00,3,-89.571176023939
2025-04-01 19:39:10,4,-70.7106781186523
2025-04-01 19:39:20,1,-99.8026728428272
2025-04-01 19:39:30,2,-92.5870584809986
2025-04-01 19:39:40,3,-75.6995055651751
2025-04-01 19:39:50,4,-50.904141575033
2025-04-01 19:40:00,1,-95.1056516295154
2025-04-01 19:40:10,2,-80.2817475191092
2025-04-01 19:40:20,3,-57.0713567684415
2025-04-01 19:40:30,4,-27.8991106039171
2025-04-01 19:40:40,1,-84.432792550201
2025-04-01 19:40:50,2,-62.9320391049843
2025-04-01 19:41:00,3,-34.8572047321784
2025-04-01 19:41:10,4,-3.14107590781118
2025-04-01 19:41:20,1,-68.4547105928672
2025-04-01 19:41:30,2,-41.6280792260396
2025-04-01 19:41:40,3,-10.4528463267608
2025-04-01 19:41:50,4,21.8143241396571
2025-04-01 19:42:00,1,-48.1753674101684
2025-04-01 19:42:10,2,-17.7084740319565
2025-04-01 19:42:20,3,14.6083028562414
2025-04-01 19:42:30,4,45.3990499739584
2025-04-01 19:42:40,1,-24.8689887164863
2025-04-01 19:42:50,2,7.32381971276629
2025-04-01 19:43:00,3,38.7515586452117
2025-04-01 19:43:10,4,66.1311865323693
2025-04-01 19:43:20,1,3.92629752491059e-13
2025-04-01 19:43:30,2,31.8959309298112
2025-04-01 19:43:40,3,60.4599114862397
2025-04-01 19:43:50,4,82.7080574274568
2025-04-01 19:44:00,1,24.8689887164871
2025-04-01 19:44:10,2,54.4639035015027
2025-04-01 19:44:20,3,78.3693457325865
2025-04-01 19:44:30,4,94.0880768954233
2025-04-01 19:44:40,1,48.1753674101741
2025-04-01 19:44:50,2,73.6097087119743
2025-04-01 19:45:00,3,91.3545457642622
2025-04-01 19:45:10,4,99.5561964603083
2025-04-01 19:45:20,1,68.4547105928678
2025-04-01 19:45:30,2,88.1303452065004
2025-04-01 19:45:40,3,98.5996037070506
2025-04-01 19:45:50,4,98.768834059513
2025-04-01 19:46:00,1,84.4327925502014
2025-04-01 19:46:10,2,97.1134279909645
2025-04-01 19:46:20,3,99.6492859249502
2025-04-01 19:46:30,4,91.7754625683957
2025-04-01 19:46:40,1,95.1056516295157
2025-04-01 19:46:50,2,99.9945169365512
2025-04-01 19:47:00,3,94.437637023747
2025-04-01 19:47:10,4,79.0155012375679
2025-04-01 19:47:20,1,99.8026728428273
2025-04-01 19:47:30,2,96.5925826289066
2025-04-01 19:47:40,3,83.2921240710073
2025-04-01 19:47:50,4,61.2907053652952
2025-04-01 19:48:00,1,98.2287250728682
2025-04-01 19:48:10,2,87.121381112018
2025-04-01 19:48:20,3,66.9130606358856
2025-04-01 19:48:30,4,39.7147890634741
2025-04-01 19:48:40,1,90.4827052466023
2025-04-01 19:48:50,2,72.176022809834
2025-04-01 19:49:00,3,46.3296035119848
2025-04-01 19:49:10,4,15.6434465040175
2025-04-01 19:49:20,1,77.0513242775786
2025-04-01 19:49:30,2,52.6955795496639
2025-04-01 19:49:40,3,22.8350870110628
2025-04-01 19:49:50,4,-9.41083133185264
2025-04-01 19:50:00,1,58.7785252292459
2025-04-01 19:50:10,2,29.9040792256085
2025-04-01 19:50:20,3,-2.09424198833985
2025-04-01 19:50:30,4,-33.8737920245315
2025-04-01 19:50:40,1,36.8124552684649
2025-04-01 19:50:50,2,5.23359562429297
2025-04-01 19:51:00,3,-26.8919820615318
2025-04-01 19:51:10,4,-56.2083377852162
2025-04-01 19:51:20,1,12.5333233564317
2025-04-01 19:51:30,2,-19.7657340379153
2025-04-01 19:51:40,3,-50.0000000000009
2025-04-01 19:51:50,4,-75.0111069630493
2025-04-01 19:52:00,1,-12.5333233564304
2025-04-01 19:52:10,2,-43.5231099372363
2025-04-01 19:52:20,3,-69.9663340513382
2025-04-01 19:52:30,4,-89.1006524188397
2025-04-01 19:52:40,1,-36.8124552684689
2025-04-01 19:52:50,2,-64.5457687723947
2025-04-01 19:53:00,3,-85.5364260160525
2025-04-01 19:53:10,4,-97.5916761938752
2025-04-01 19:53:20,1,-58.7785252292493
2025-04-01 19:53:30,2,-81.5127795728559
2025-04-01 19:53:40,3,-95.7319497532081
2025-04-01 19:53:50,4,-99.9506560365731
2025-04-01 19:54:00,1,-77.0513242775813
2025-04-01 19:54:10,2,-93.3580426497209
2025-04-01 19:54:20,3,-99.9122830098859
2025-04-01 19:54:30,4,-96.0293685676931
2025-04-01 19:54:40,1,-90.4827052466017
2025-04-01 19:54:50,2,-99.33727656004
2025-04-01 19:55:00,3,-97.8147600733802
2025-04-01 19:55:10,4,-86.0742027003914
2025-04-01 19:55:20,1,-98.228725072869
2025-04-01 19:55:30,2,-99.0747840471437
2025-04-01 19:55:40,3,-89.5711760239399
2025-04-01 19:55:50,4,-70.7106781186538
2025-04-01 19:56:00,1,-99.802672842827
2025-04-01 19:56:10,2,-92.5870584809994
2025-04-01 19:56:20,3,-75.6995055651728
2025-04-01 19:56:30,4,-50.9041415750349
2025-04-01 19:56:40,1,-95.1056516295144
2025-04-01 19:56:50,2,-80.2817475191105
2025-04-01 19:57:00,3,-57.0713567684433
2025-04-01 19:57:10,4,-27.8991106039192
2025-04-01 19:57:20,1,-84.4327925502022
2025-04-01 19:57:30,2,-62.9320391049816
2025-04-01 19:57:40,3,-34.8572047321804
2025-04-01 19:57:50,4,-3.14107590780765
2025-04-01 19:58:00,1,-68.4547105928688
2025-04-01 19:58:10,2,-41.6280792260364
2025-04-01 19:58:20,3,-10.4528463267629
2025-04-01 19:58:30,4,21.814324139655
2025-04-01 19:58:40,1,-48.1753674101703
2025-04-01 19:58:50,2,-17.7084740319586
2025-04-01 19:59:00,3,14.6083028562448
2025-04-01 19:59:10,4,45.3990499739565
2025-04-01 19:59:20,1,-24.8689887164829
2025-04-01 19:59:30,2,7.32381971276414
2025-04-01 19:59:40,3,38.7515586452149
2025-04-01 19:59:50,4,66.1311865323677
2025-04-01 20:00:00,1,-1.76349139077219e-12
2025-04-01 20:00:10,2,31.8959309298091
2025-04-01 20:00:20,3,60.459911486238
2025-04-01 20:00:30,4,82.7080574274588
2025-04-01 20:00:40,1,24.868988716485
2025-04-01 20:00:50,2,54.4639035015057
2025-04-01 20:01:00,3,78.3693457325851
2025-04-01 20:01:10,4,94.0880768954245
2025-04-01 20:01:20,1,48.1753674101722
2025-04-01 20:01:30,2,73.6097087119728
2025-04-01 20:01:40,3,91.3545457642614
2025-04-01 20:01:50,4,99.5561964603081
2025-04-01 20:02:00,1,68.4547105928704
2025-04-01 20:02:10,2,88.1303452064994
2025-04-01 20:02:20,3,98.5996037070512
2025-04-01 20:02:30,4,98.7688340595133
2025-04-01 20:02:40,1,84.4327925502033
2025-04-01 20:02:50,2,97.113427990964
2025-04-01 20:03:00,3,99.6492859249504
2025-04-01 20:03:10,4,91.7754625683965
2025-04-01 20:03:20,1,95.105651629515
2025-04-01 20:03:30,2,99.9945169365512
2025-04-01 20:03:40,3,94.4376370237477
2025-04-01 20:03:50,4,79.0155012375658
2025-04-01 20:04:00,1,99.8026728428272
2025-04-01 20:04:10,2,96.5925826289057
2025-04-01 20:04:20,3,83.2921240710085
2025-04-01 20:04:30,4,61.2907053652969
2025-04-01 20:04:40,1,98.2287250728686
2025-04-01 20:04:50,2,87.121381112019
2025-04-01 20:05:00,3,66.913060635883
2025-04-01 20:05:10,4,39.7147890634761
2025-04-01 20:05:20,1,90.4827052466008
2025-04-01 20:05:30,2,72.1760228098354
2025-04-01 20:05:40,3,46.3296035119816
2025-04-01 20:05:50,4,15.6434465040197
2025-04-01 20:06:00,1,77.05132427758
2025-04-01 20:06:10,2,52.6955795496657
2025-04-01 20:06:20,3,22.8350870110649
2025-04-01 20:06:30,4,-9.41083133185615
2025-04-01 20:06:40,1,58.7785252292476
2025-04-01 20:06:50,2,29.9040792256052
2025-04-01 20:07:00,3,-2.0942419883377
2025-04-01 20:07:10,4,-33.8737920245348
2025-04-01 20:07:20,1,36.8124552684669
2025-04-01 20:07:30,2,5.23359562429512
2025-04-01 20:07:40,3,-26.8919820615297
2025-04-01 20:07:50,4,-56.2083377852144
2025-04-01 20:08:00,1,12.5333233564282
2025-04-01 20:08:10,2,-19.7657340379131
2025-04-01 20:08:20,3,-50.000000000004
2025-04-01 20:08:30,4,-75.0111069630479
2025-04-01 20:08:40,1,-12.5333233564339
2025-04-01 20:08:50,2,-43.5231099372344
2025-04-01 20:09:00,3,-69.9663340513367
2025-04-01 20:09:10,4,-89.1006524188387
2025-04-01 20:09:20,1,-36.8124552684669
2025-04-01 20:09:30,2,-64.5457687723974
2025-04-01 20:09:40,3,-85.5364260160514
2025-04-01 20:09:50,4,-97.5916761938759
2025-04-01 20:10:00,1,-58.7785252292476
2025-04-01 20:10:10,2,-81.512779572858
2025-04-01 20:10:20,3,-95.7319497532075
2025-04-01 20:10:30,4,-99.9506560365731
2025-04-01 20:10:40,1,-77.05132427758
2025-04-01 20:10:50,2,-93.3580426497202
2025-04-01 20:11:00,3,-99.912283009886
2025-04-01 20:11:10,4,-96.0293685676937
2025-04-01 20:11:20,1,-90.4827052466032
2025-04-01 20:11:30,2,-99.3372765600398
2025-04-01 20:11:40,3,-97.8147600733795
2025-04-01 20:11:50,4,-86.0742027003925
2025-04-01 20:12:00,1,-98.2287250728686
2025-04-01 20:12:10,2,-99.074784047144
2025-04-01 20:12:20,3,-89.5711760239409
2025-04-01 20:12:30,4,-70.7106781186513
2025-04-01 20:12:40,1,-99.8026728428272
2025-04-01 20:12:50,2,-92.587058480998
2025-04-01 20:13:00,3,-75.6995055651742
2025-04-01 20:13:10,4,-50.9041415750318
2025-04-01 20:13:20,1,-95.105651629515
2025-04-01 20:13:30,2,-80.2817475191118
2025-04-01 20:13:40,3,-57.0713567684404
2025-04-01 20:13:50,4,-27.8991106039212
2025-04-01 20:14:00,1,-84.4327925502002
2025-04-01 20:14:10,2,-62.9320391049832
2025-04-01 20:14:20,3,-34.8572047321771
2025-04-01 20:14:30,4,-3.1410759078098
2025-04-01 20:14:40,1,-68.4547105928662
2025-04-01 20:14:50,2,-41.6280792260383
2025-04-01 20:15:00,3,-10.4528463267651
2025-04-01 20:15:10,4,21.8143241396585
2025-04-01 20:15:20,1,-48.1753674101722
2025-04-01 20:15:30,2,-17.7084740319552
2025-04-01 20:15:40,3,14.6083028562427
2025-04-01 20:15:50,4,45.3990499739597
2025-04-01 20:16:00,1,-24.868988716485
2025-04-01 20:16:10,2,7.32381971276766
2025-04-01 20:16:20,3,38.7515586452129
2025-04-01 20:16:30,4,66.1311865323661
2025-04-01 20:16:40,1,1.76472935204537e-12
2025-04-01 20:16:50,2,31.8959309298071
2025-04-01 20:17:00,3,60.4599114862408
2025-04-01 20:17:10,4,82.7080574274576
2025-04-01 20:17:20,1,24.8689887164884
2025-04-01 20:17:30,2,54.4639035015039
2025-04-01 20:17:40,3,78.3693457325873
2025-04-01 20:17:50,4,94.0880768954238
2025-04-01 20:18:00,1,48.1753674101703
2025-04-01 20:18:10,2,73.6097087119752
2025-04-01 20:18:20,3,91.3545457642605
2025-04-01 20:18:30,4,99.5561964603085
2025-04-01 20:18:40,1,68.4547105928688
2025-04-01 20:18:50,2,88.1303452065011
2025-04-01 20:19:00,3,98.5996037070509
2025-04-01 20:19:10,4,98.7688340595128
2025-04-01 20:19:20,1,84.4327925502022
2025-04-01 20:19:30,2,97.1134279909635
2025-04-01 20:19:40,3,99.6492859249501
2025-04-01 20:19:50,4,91.7754625683974
2025-04-01 20:20:00,1,95.1056516295161
2025-04-01 20:20:10,2,99.9945169365512
2025-04-01 20:20:20,3,94.4376370237465
2025-04-01 20:20:30,4,79.0155012375671
2025-04-01 20:20:40,1,99.8026728428274
2025-04-01 20:20:50,2,96.5925826289063
2025-04-01 20:21:00,3,83.2921240710097
2025-04-01 20:21:10,4,61.2907053652941
2025-04-01 20:21:20,1,98.228725072869
2025-04-01 20:21:30,2,87.1213811120173
2025-04-01 20:21:40,3,66.9130606358846
2025-04-01 20:21:50,4,39.7147890634728
2025-04-01 20:22:00,1,90.4827052466017
2025-04-01 20:22:10,2,72.176022809833
2025-04-01 20:22:20,3,46.3296035119835
2025-04-01 20:22:30,4,15.6434465040218
2025-04-01 20:22:40,1,77.0513242775777
2025-04-01 20:22:50,2,52.6955795496676
2025-04-01 20:23:00,3,22.8350870110614
2025-04-01 20:23:10,4,-9.41083133185401
2025-04-01 20:23:20,1,58.7785252292447
2025-04-01 20:23:30,2,29.9040792256072
2025-04-01 20:23:40,3,-2.09424198834123
2025-04-01 20:23:50,4,-33.8737920245328
2025-04-01 20:24:00,1,36.8124552684689
2025-04-01 20:24:10,2,5.2335956242916
2025-04-01 20:24:20,3,-26.8919820615277
2025-04-01 20:24:30,4,-56.2083377852173
2025-04-01 20:24:40,1,12.5333233564304
2025-04-01 20:24:50,2,-19.7657340379166
2025-04-01 20:25:00,3,-50.0000000000021
2025-04-01 20:25:10,4,-75.0111069630464
2025-04-01 20:25:20,1,-12.5333233564317
2025-04-01 20:25:30,2,-43.5231099372324
2025-04-01 20:25:40,3,-69.9663340513392
2025-04-01 20:25:50,4,-89.1006524188377
2025-04-01 20:26:00,1,-36.8124552684702
2025-04-01 20:26:10,2,-64.5457687723958
2025-04-01 20:26:20,3,-85.5364260160532
2025-04-01 20:26:30,4,-97.5916761938755
2025-04-01 20:26:40,1,-58.7785252292459
2025-04-01 20:26:50,2,-81.5127795728567
2025-04-01 20:27:00,3,-95.7319497532069
2025-04-01 20:27:10,4,-99.950656036573
2025-04-01 20:27:20,1,-77.0513242775786
2025-04-01 20:27:30,2,-93.3580426497214
2025-04-01 20:27:40,3,-99.9122830098859
2025-04-01 20:27:50,4,-96.0293685676927
2025-04-01 20:28:00,1,-90.4827052466023
2025-04-01 20:28:10,2,-99.3372765600395
2025-04-01 20:28:20,3,-97.8147600733799
2025-04-01 20:28:30,4,-86.0742027003936
2025-04-01 20:28:40,1,-98.2287250728693
2025-04-01 20:28:50,2,-99.0747840471443
2025-04-01 20:29:00,3,-89.5711760239393
2025-04-01 20:29:10,4,-70.7106781186528
2025-04-01 20:29:20,1,-99.802672842827
2025-04-01 20:29:30,2,-92.5870584809988
2025-04-01 20:29:40,3,-75.6995055651757
2025-04-01 20:29:50,4,-50.9041415750337
2025-04-01 20:30:00,1,-95.1056516295157
2025-04-01 20:30:10,2,-80.2817475191097
2025-04-01 20:30:20,3,-57.0713567684421
2025-04-01 20:30:30,4,-27.8991106039179
2025-04-01 20:30:40,1,-84.4327925502014
2025-04-01 20:30:50,2,-62.9320391049805
2025-04-01 20:31:00,3,-34.8572047321791
2025-04-01 20:31:10,4,-3.14107590781196
2025-04-01 20:31:20,1,-68.4547105928678
2025-04-01 20:31:30,2,-41.6280792260403
2025-04-01 20:31:40,3,-10.4528463267616
2025-04-01 20:31:50,4,21.8143241396564
2025-04-01 20:32:00,1,-48.1753674101691
2025-04-01 20:32:10,2,-17.7084740319573
2025-04-01 20:32:20,3,14.6083028562462
2025-04-01 20:32:30,4,45.3990499739577
2025-04-01 20:32:40,1,-24.8689887164871
2025-04-01 20:32:50,2,7.32381971276551
2025-04-01 20:33:00,3,38.7515586452109
2025-04-01 20:33:10,4,66.1311865323687
2025-04-01 20:33:20,1,-3.91391791217882e-13
2025-04-01 20:33:30,2,31.8959309298104
2025-04-01 20:33:40,3,60.4599114862391
2025-04-01 20:33:50,4,82.7080574274596
2025-04-01 20:34:00,1,24.8689887164863
2025-04-01 20:34:10,2,54.4639035015021
2025-04-01 20:34:20,3,78.369345732586
2025-04-01 20:34:30,4,94.0880768954231
2025-04-01 20:34:40,1,48.1753674101734
2025-04-01 20:34:50,2,73.6097087119738
2025-04-01 20:35:00,3,91.3545457642619
2025-04-01 20:35:10,4,99.5561964603083
2025-04-01 20:35:20,1,68.4547105928714
2025-04-01 20:35:30,2,88.1303452065001
2025-04-01 20:35:40,3,98.5996037070505
2025-04-01 20:35:50,4,98.7688340595131
2025-04-01 20:36:00,1,84.432792550201
2025-04-01 20:36:10,2,97.1134279909643
2025-04-01 20:36:20,3,99.6492859249503
2025-04-01 20:36:30,4,91.775462568396
2025-04-01 20:36:40,1,95.1056516295154
2025-04-01 20:36:50,2,99.9945169365512
2025-04-01 20:37:00,3,94.4376370237472
2025-04-01 20:37:10,4,79.0155012375684
2025-04-01 20:37:20,1,99.8026728428272
2025-04-01 20:37:30,2,96.5925826289068
2025-04-01 20:37:40,3,83.2921240710078
2025-04-01 20:37:50,4,61.2907053652958
2025-04-01 20:38:00,1,98.2287250728683
2025-04-01 20:38:10,2,87.1213811120184
2025-04-01 20:38:20,3,66.9130606358819
2025-04-01 20:38:30,4,39.7147890634748
2025-04-01 20:38:40,1,90.4827052466026
2025-04-01 20:38:50,2,72.1760228098345
2025-04-01 20:39:00,3,46.3296035119855
2025-04-01 20:39:10,4,15.6434465040183
2025-04-01 20:39:20,1,77.0513242775791
2025-04-01 20:39:30,2,52.6955795496646
2025-04-01 20:39:40,3,22.8350870110635
2025-04-01 20:39:50,4,-9.41083133185752
2025-04-01 20:40:00,1,58.7785252292465
2025-04-01 20:40:10,2,29.9040792256093
2025-04-01 20:40:20,3,-2.09424198833907
2025-04-01 20:40:30,4,-33.8737920245307
2025-04-01 20:40:40,1,36.8124552684657
2025-04-01 20:40:50,2,5.23359562429375
2025-04-01 20:41:00,3,-26.891982061531
2025-04-01 20:41:10,4,-56.2083377852155
2025-04-01 20:41:20,1,12.5333233564269
2025-04-01 20:41:30,2,-19.7657340379145
2025-04-01 20:41:40,3,-50.0000000000002
2025-04-01 20:41:50,4,-75.0111069630488
2025-04-01 20:42:00,1,-12.5333233564296
2025-04-01 20:42:10,2,-43.5231099372356
2025-04-01 20:42:20,3,-69.9663340513376
2025-04-01 20:42:30,4,-89.1006524188393
2025-04-01 20:42:40,1,-36.8124552684682
2025-04-01 20:42:50,2,-64.5457687723985
2025-04-01 20:43:00,3,-85.5364260160521
2025-04-01 20:43:10,4,-97.591676193875
2025-04-01 20:43:20,1,-58.7785252292487
2025-04-01 20:43:30,2,-81.5127795728555
2025-04-01 20:43:40,3,-95.7319497532079
2025-04-01 20:43:50,4,-99.9506560365731
2025-04-01 20:44:00,1,-77.0513242775808
2025-04-01 20:44:10,2,-93.3580426497207
2025-04-01 20:44:20,3,-99.9122830098861
2025-04-01 20:44:30,4,-96.0293685676933
2025-04-01 20:44:40,1,-90.4827052466014
2025-04-01 20:44:50,2,-99.3372765600399
2025-04-01 20:45:00,3,-97.8147600733804
2025-04-01 20:45:10,4,-86.0742027003918
2025-04-01 20:45:20,1,-98.2287250728689
2025-04-01 20:45:30,2,-99.0747840471438
2025-04-01 20:45:40,3,-89.5711760239403
2025-04-01 20:45:50,4,-70.7106781186503
2025-04-01 20:46:00,1,-99.8026728428271
2025-04-01 20:46:10,2,-92.5870584809997
2025-04-01 20:46:20,3,-75.6995055651734
2025-04-01 20:46:30,4,-50.9041415750355
2025-04-01 20:46:40,1,-95.1056516295146
2025-04-01 20:46:50,2,-80.281747519111
2025-04-01 20:47:00,3,-57.0713567684392
2025-04-01 20:47:10,4,-27.8991106039199
2025-04-01 20:47:20,1,-84.4327925501995
2025-04-01 20:47:30,2,-62.9320391049822
2025-04-01 20:47:40,3,-34.8572047321812
2025-04-01 20:47:50,4,-3.14107590780843
2025-04-01 20:48:00,1,-68.4547105928694
2025-04-01 20:48:10,2,-41.6280792260371
2025-04-01 20:48:20,3,-10.4528463267637
2025-04-01 20:48:30,4,21.8143241396598
2025-04-01 20:48:40,1,-48.175367410171
2025-04-01 20:48:50,2,-17.7084740319538
2025-04-01 20:49:00,3,14.6083028562441
2025-04-01 20:49:10,4,45.3990499739558
2025-04-01 20:49:20,1,-24.8689887164837
2025-04-01 20:49:30,2,7.32381971276336
2025-04-01 20:49:40,3,38.7515586452142
2025-04-01 20:49:50,4,66.1311865323671
2025-04-01 20:50:00,1,3.13682895159967e-12
2025-04-01 20:50:10,2,31.8959309298084
2025-04-01 20:50:20,3,60.4599114862419
2025-04-01 20:50:30,4,82.7080574274583
2025-04-01 20:50:40,1,24.8689887164842
2025-04-01 20:50:50,2,54.463903501505
2025-04-01 20:51:00,3,78.3693457325846
2025-04-01 20:51:10,4,94.0880768954243
2025-04-01 20:51:20,1,48.1753674101715
2025-04-01 20:51:30,2,73.6097087119762
2025-04-01 20:51:40,3,91.354545764261
2025-04-01 20:51:50,4,99.5561964603086
2025-04-01 20:52:00,1,68.4547105928698
2025-04-01 20:52:10,2,88.130345206499
2025-04-01 20:52:20,3,98.5996037070511
2025-04-01 20:52:30,4,98.7688340595135
2025-04-01 20:52:40,1,84.4327925502029
2025-04-01 20:52:50,2,97.1134279909638
2025-04-01 20:53:00,3,99.64928592495
2025-04-01 20:53:10,4,91.7754625683968
2025-04-01 20:53:20,1,95.1056516295165
2025-04-01 20:53:30,2,99.9945169365512
2025-04-01 20:53:40,3,94.4376370237479
2025-04-01 20:53:50,4,79.0155012375663
2025-04-01 20:54:00,1,99.8026728428271
2025-04-01 20:54:10,2,96.5925826289059
2025-04-01 20:54:20,3,83.292124071009
2025-04-01 20:54:30,4,61.2907053652931
2025-04-01 20:54:40,1,98.2287250728687
2025-04-01 20:54:50,2,87.1213811120194
2025-04-01 20:55:00,3,66.9130606358835
2025-04-01 20:55:10,4,39.7147890634768
2025-04-01 20:55:20,1,90.4827052466011
2025-04-01 20:55:30,2,72.176022809836
2025-04-01 20:55:40,3,46.3296035119823
2025-04-01 20:55:50,4,15.6434465040204
2025-04-01 20:56:00,1,77.0513242775768
2025-04-01 20:56:10,2,52.6955795496664
2025-04-01 20:56:20,3,22.8350870110656
2025-04-01 20:56:30,4,-9.41083133185537
2025-04-01 20:56:40,1,58.7785252292482
2025-04-01 20:56:50,2,29.9040792256059
2025-04-01 20:57:00,3,-2.09424198833691
2025-04-01 20:57:10,4,-33.8737920245341
2025-04-01 20:57:20,1,36.8124552684677
2025-04-01 20:57:30,2,5.23359562429023
2025-04-01 20:57:40,3,-26.891982061529
2025-04-01 20:57:50,4,-56.2083377852137
2025-04-01 20:58:00,1,12.533323356429
2025-04-01 20:58:10,2,-19.7657340379124
2025-04-01 20:58:20,3,-50.0000000000033
2025-04-01 20:58:30,4,-75.0111069630474
2025-04-01 20:58:40,1,-12.5333233564331
2025-04-01 20:58:50,2,-43.5231099372337
2025-04-01 20:59:00,3,-69.9663340513402
2025-04-01 20:59:10,4,-89.1006524188383
2025-04-01 20:59:20,1,-36.8124552684662
2025-04-01 20:59:30,2,-64.5457687723968
2025-04-01 20:59:40,3,-85.536426016051
2025-04-01 20:59:50,4,-97.5916761938758
2025-04-01 21:00:00,1,-58.778525229247
2025-04-01 21:00:10,2,-81.5127795728575
2025-04-01 21:00:20,3,-95.7319497532073
2025-04-01 21:00:30,4,-99.950656036573
2025-04-01 21:00:40,1,-77.0513242775795
2025-04-01 21:00:50,2,-93.3580426497199
2025-04-01 21:01:00,3,-99.912283009886
2025-04-01 21:01:10,4,-96.0293685676939
2025-04-01 21:01:20,1,-90.4827052466029
2025-04-01 21:01:30,2,-99.3372765600397
2025-04-01 21:01:40,3,-97.8147600733796
2025-04-01 21:01:50,4,-86.0742027003929
2025-04-01 21:02:00,1,-98.2287250728695
2025-04-01 21:02:10,2,-99.0747840471441
2025-04-01 21:02:20,3,-89.5711760239413
2025-04-01 21:02:30,4,-70.7106781186519
2025-04-01 21:02:40,1,-99.8026728428272
2025-04-01 21:02:50,2,-92.5870584809983
2025-04-01 21:03:00,3,-75.6995055651748
2025-04-01 21:03:10,4,-50.9041415750325
2025-04-01 21:03:20,1,-95.1056516295153
2025-04-01 21:03:30,2,-80.2817475191089
2025-04-01 21:03:40,3,-57.071356768441
2025-04-01 21:03:50,4,-27.899110603922
2025-04-01 21:04:00,1,-84.4327925502007
2025-04-01 21:04:10,2,-62.9320391049838
2025-04-01 21:04:20,3,-34.8572047321779
2025-04-01 21:04:30,4,-3.14107590781059
2025-04-01 21:04:40,1,-68.4547105928668
2025-04-01 21:04:50,2,-41.6280792260391
2025-04-01 21:05:00,3,-10.4528463267602
2025-04-01 21:05:10,4,21.8143241396577
2025-04-01 21:05:20,1,-48.1753674101729
2025-04-01 21:05:30,2,-17.7084740319559
2025-04-01 21:05:40,3,14.6083028562419
2025-04-01 21:05:50,4,45.399049973959
2025-04-01 21:06:00,1,-24.8689887164858
2025-04-01 21:06:10,2,7.32381971276688
2025-04-01 21:06:20,3,38.7515586452122
2025-04-01 21:06:30,4,66.1311865323697
2025-04-01 21:06:40,1,9.80707808336424e-13
2025-04-01 21:06:50,2,31.8959309298063
2025-04-01 21:07:00,3,60.4599114862401
2025-04-01 21:07:10,4,82.7080574274571
2025-04-01 21:07:20,1,24.8689887164877
2025-04-01 21:07:30,2,54.4639035015032
2025-04-01 21:07:40,3,78.3693457325869
2025-04-01 21:07:50,4,94.0880768954235
2025-04-01 21:08:00,1,48.1753674101746
2025-04-01 21:08:10,2,73.6097087119747
2025-04-01 21:08:20,3,91.3545457642602
2025-04-01 21:08:30,4,99.5561964603084
2025-04-01 21:08:40,1,68.4547105928682
2025-04-01 21:08:50,2,88.1303452065007
2025-04-01 21:09:00,3,98.5996037070507
2025-04-01 21:09:10,4,98.7688340595129
2025-04-01 21:09:20,1,84.4327925502017
2025-04-01 21:09:30,2,97.1134279909647
2025-04-01 21:09:40,3,99.6492859249502
2025-04-01 21:09:50,4,91.7754625683977
2025-04-01 21:10:00,1,95.1056516295159
2025-04-01 21:10:10,2,99.9945169365512
2025-04-01 21:10:20,3,94.4376370237468
2025-04-01 21:10:30,4,79.0155012375676
2025-04-01 21:10:40,1,99.8026728428273
2025-04-01 21:10:50,2,96.5925826289065
2025-04-01 21:11:00,3,83.292124071007
2025-04-01 21:11:10,4,61.2907053652948
2025-04-01 21:11:20,1,98.2287250728691
2025-04-01 21:11:30,2,87.1213811120177
2025-04-01 21:11:40,3,66.9130606358851
2025-04-01 21:11:50,4,39.7147890634735
2025-04-01 21:12:00,1,90.482705246602
2025-04-01 21:12:10,2,72.1760228098336
2025-04-01 21:12:20,3,46.3296035119842
2025-04-01 21:12:30,4,15.643446504017
2025-04-01 21:12:40,1,77.0513242775782
2025-04-01 21:12:50,2,52.6955795496682
2025-04-01 21:13:00,3,22.8350870110622
2025-04-01 21:13:10,4,-9.41083133185323
2025-04-01 21:13:20,1,58.7785252292454
2025-04-01 21:13:30,2,29.904079225608
2025-04-01 21:13:40,3,-2.09424198834044
2025-04-01 21:13:50,4,-33.873792024532
2025-04-01 21:14:00,1,36.8124552684644
2025-04-01 21:14:10,2,5.23359562429238
2025-04-01 21:14:20,3,-26.8919820615269
2025-04-01 21:14:30,4,-56.2083377852167
2025-04-01 21:14:40,1,12.5333233564312
2025-04-01 21:14:50,2,-19.7657340379158
2025-04-01 21:15:00,3,-50.0000000000014
2025-04-01 21:15:10,4,-75.0111069630497
2025-04-01 21:15:20,1,-12.533323356431
2025-04-01 21:15:30,2,-43.5231099372369
2025-04-01 21:15:40,3,-69.9663340513386
2025-04-01 21:15:50,4,-89.1006524188373
2025-04-01 21:16:00,1,-36.8124552684695
2025-04-01 21:16:10,2,-64.5457687723952
2025-04-01 21:16:20,3,-85.5364260160528
2025-04-01 21:16:30,4,-97.5916761938753
2025-04-01 21:16:40,1,-58.7785252292498
2025-04-01 21:16:50,2,-81.5127795728563
2025-04-01 21:17:00,3,-95.7319497532083
2025-04-01 21:17:10,4,-99.950656036573
2025-04-01 21:17:20,1,-77.0513242775781
2025-04-01 21:17:30,2,-93.3580426497212
2025-04-01 21:17:40,3,-99.9122830098859
2025-04-01 21:17:50,4,-96.0293685676929
2025-04-01 21:18:00,1,-90.4827052466019
2025-04-01 21:18:10,2,-99.3372765600401
2025-04-01 21:18:20,3,-97.8147600733801
2025-04-01 21:18:30,4,-86.0742027003911
2025-04-01 21:18:40,1,-98.2287250728691
2025-04-01 21:18:50,2,-99.0747840471444
2025-04-01 21:19:00,3,-89.5711760239397
2025-04-01 21:19:10,4,-70.7106781186534
2025-04-01 21:19:20,1,-99.802672842827
2025-04-01 21:19:30,2,-92.5870584809991
2025-04-01 21:19:40,3,-75.6995055651725
2025-04-01 21:19:50,4,-50.9041415750344
2025-04-01 21:20:00,1,-95.1056516295142
2025-04-01 21:20:10,2,-80.2817475191102
2025-04-01 21:20:20,3,-57.0713567684428
2025-04-01 21:20:30,4,-27.8991106039186
2025-04-01 21:20:40,1,-84.4327925502018
2025-04-01 21:20:50,2,-62.9320391049811
2025-04-01 21:21:00,3,-34.8572047321799
2025-04-01 21:21:10,4,-3.14107590780706
2025-04-01 21:21:20,1,-68.4547105928684
2025-04-01 21:21:30,2,-41.6280792260359
2025-04-01 21:21:40,3,-10.4528463267623
2025-04-01 21:21:50,4,21.8143241396556
2025-04-01 21:22:00,1,-48.1753674101698
2025-04-01 21:22:10,2,-17.708474031958
2025-04-01 21:22:20,3,14.6083028562454
2025-04-01 21:22:30,4,45.399049973957
2025-04-01 21:22:40,1,-24.8689887164823
2025-04-01 21:22:50,2,7.32381971276473
2025-04-01 21:23:00,3,38.7515586452154
2025-04-01 21:23:10,4,66.1311865323681
2025-04-01 21:23:20,1,-1.17541333492682e-12
2025-04-01 21:23:30,2,31.8959309298097
2025-04-01 21:23:40,3,60.4599114862384
2025-04-01 21:23:50,4,82.7080574274591
2025-04-01 21:24:00,1,24.8689887164856
2025-04-01 21:24:10,2,54.4639035015062
2025-04-01 21:24:20,3,78.3693457325855
2025-04-01 21:24:30,4,94.0880768954228
2025-04-01 21:24:40,1,48.1753674101727
2025-04-01 21:24:50,2,73.6097087119732
2025-04-01 21:25:00,3,91.3545457642616
2025-04-01 21:25:10,4,99.5561964603082
2025-04-01 21:25:20,1,68.4547105928708
2025-04-01 21:25:30,2,88.1303452064997
2025-04-01 21:25:40,3,98.5996037070513
2025-04-01 21:25:50,4,98.7688340595132
2025-04-01 21:26:00,1,84.4327925502006
2025-04-01 21:26:10,2,97.1134279909642
2025-04-01 21:26:20,3,99.6492859249504
2025-04-01 21:26:30,4,91.7754625683963
2025-04-01 21:26:40,1,95.1056516295152
2025-04-01 21:26:50,2,99.9945169365512
2025-04-01 21:27:00,3,94.4376370237475
2025-04-01 21:27:10,4,79.0155012375654
2025-04-01 21:27:20,1,99.8026728428272
2025-04-01 21:27:30,2,96.5925826289071
2025-04-01 21:27:40,3,83.2921240710082
2025-04-01 21:27:50,4,61.2907053652965
2025-04-01 21:28:00,1,98.2287250728685
2025-04-01 21:28:10,2,87.1213811120187
2025-04-01 21:28:20,3,66.9130606358825
2025-04-01 21:28:30,4,39.7147890634755
2025-04-01 21:28:40,1,90.4827052466005
2025-04-01 21:28:50,2,72.176022809835
2025-04-01 21:29:00,3,46.3296035119861
2025-04-01 21:29:10,4,15.6434465040191
2025-04-01 21:29:20,1,77.0513242775796
2025-04-01 21:29:30,2,52.6955795496652
2025-04-01 21:29:40,3,22.8350870110643
2025-04-01 21:29:50,4,-9.41083133185674
2025-04-01 21:30:00,1,58.7785252292471
2025-04-01 21:30:10,2,29.9040792256046
2025-04-01 21:30:20,3,-2.09424198833829
2025-04-01 21:30:30,4,-33.87379202453
2025-04-01 21:30:40,1,36.8124552684664
2025-04-01 21:30:50,2,5.23359562429453
2025-04-01 21:31:00,3,-26.8919820615303
2025-04-01 21:31:10,4,-56.2083377852149
2025-04-01 21:31:20,1,12.5333233564277
2025-04-01 21:31:30,2,-19.7657340379137
2025-04-01 21:31:40,3,-50.0000000000045
2025-04-01 21:31:50,4,-75.0111069630483
2025-04-01 21:32:00,1,-12.5333233564288
2025-04-01 21:32:10,2,-43.5231099372349
2025-04-01 21:32:20,3,-69.9663340513371
2025-04-01 21:32:30,4,-89.1006524188389
2025-04-01 21:32:40,1,-36.8124552684675
2025-04-01 21:32:50,2,-64.5457687723979
2025-04-01 21:33:00,3,-85.5364260160517
2025-04-01 21:33:10,4,-97.5916761938761
2025-04-01 21:33:20,1,-58.7785252292481
2025-04-01 21:33:30,2,-81.512779572855
2025-04-01 21:33:40,3,-95.7319497532077
2025-04-01 21:33:50,4,-99.9506560365731
2025-04-01 21:34:00,1,-77.0513242775803
2025-04-01 21:34:10,2,-93.3580426497204
2025-04-01 21:34:20,3,-99.912283009886
2025-04-01 21:34:30,4,-96.0293685676935
2025-04-01 21:34:40,1,-90.4827052466034
2025-04-01 21:34:50,2,-99.3372765600399
2025-04-01 21:35:00,3,-97.8147600733805
2025-04-01 21:35:10,4,-86.0742027003922
2025-04-01 21:35:20,1,-98.2287250728687
2025-04-01 21:35:30,2,-99.0747840471439
2025-04-01 21:35:40,3,-89.5711760239407
2025-04-01 21:35:50,4,-70.7106781186509
2025-04-01 21:36:00,1,-99.8026728428271
2025-04-01 21:36:10,2,-92.5870584809978
2025-04-01 21:36:20,3,-75.6995055651739
2025-04-01 21:36:30,4,-50.9041415750362
2025-04-01 21:36:40,1,-95.1056516295149
2025-04-01 21:36:50,2,-80.2817475191115
2025-04-01 21:37:00,3,-57.0713567684399
2025-04-01 21:37:10,4,-27.8991106039207
2025-04-01 21:37:20,1,-84.4327925501999
2025-04-01 21:37:30,2,-62.9320391049828
2025-04-01 21:37:40,3,-34.8572047321766
2025-04-01 21:37:50,4,-3.14107590780922
2025-04-01 21:38:00,1,-68.4547105928699
2025-04-01 21:38:10,2,-41.6280792260378
2025-04-01 21:38:20,3,-10.4528463267645
2025-04-01 21:38:30,4,21.814324139659
2025-04-01 21:38:40,1,-48.1753674101717
2025-04-01 21:38:50,2,-17.7084740319546
2025-04-01 21:39:00,3,14.6083028562433
2025-04-01 21:39:10,4,45.3990499739602
2025-04-01 21:39:20,1,-24.8689887164844
2025-04-01 21:39:30,2,7.32381971276258
2025-04-01 21:39:40,3,38.7515586452135
2025-04-01 21:39:50,4,66.1311865323665
2025-04-01 21:40:00,1,2.35280740789073e-12
2025-04-01 21:40:10,2,31.8959309298076
2025-04-01 21:40:20,3,60.4599114862412
2025-04-01 21:40:30,4,82.7080574274579
2025-04-01 21:40:40,1,24.868988716489
2025-04-01 21:40:50,2,54.4639035015044
2025-04-01 21:41:00,3,78.3693457325842
2025-04-01 21:41:10,4,94.088076895424
2025-04-01 21:41:20,1,48.1753674101708
2025-04-01 21:41:30,2,73.6097087119756
2025-04-01 21:41:40,3,91.3545457642607
2025-04-01 21:41:50,4,99.5561964603085
2025-04-01 21:42:00,1,68.4547105928692
2025-04-01 21:42:10,2,88.1303452065014
2025-04-01 21:42:20,3,98.599603707051
2025-04-01 21:42:30,4,98.7688340595136
2025-04-01 21:42:40,1,84.4327925502025
2025-04-01 21:42:50,2,97.1134279909636
2025-04-01 21:43:00,3,99.6492859249501
2025-04-01 21:43:10,4,91.7754625683971
2025-04-01 21:43:20,1,95.1056516295163
2025-04-01 21:43:30,2,99.9945169365512
2025-04-01 21:43:40,3,94.4376370237463
2025-04-01 21:43:50,4,79.0155012375667
2025-04-01 21:44:00,1,99.8026728428271
2025-04-01 21:44:10,2,96.5925826289061
2025-04-01 21:44:20,3,83.2921240710094
2025-04-01 21:44:30,4,61.2907053652937
2025-04-01 21:44:40,1,98.2287250728689
2025-04-01 21:44:50,2,87.121381112017
2025-04-01 21:45:00,3,66.9130606358841
2025-04-01 21:45:10,4,39.7147890634723
2025-04-01 21:45:20,1,90.4827052466014
2025-04-01 21:45:30,2,72.1760228098365
2025-04-01 21:45:40,3,46.329603511983
2025-04-01 21:45:50,4,15.6434465040212
2025-04-01 21:46:00,1,77.0513242775773
2025-04-01 21:46:10,2,52.6955795496671
2025-04-01 21:46:20,3,22.8350870110609
2025-04-01 21:46:30,4,-9.41083133185459
2025-04-01 21:46:40,1,58.7785252292443
2025-04-01 21:46:50,2,29.9040792256067
2025-04-01 21:47:00,3,-2.09424198833613
2025-04-01 21:47:10,4,-33.8737920245333
2025-04-01 21:47:20,1,36.8124552684684
2025-04-01 21:47:30,2,5.23359562429101
2025-04-01 21:47:40,3,-26.8919820615282
2025-04-01 21:47:50,4,-56.2083377852178
2025-04-01 21:48:00,1,12.5333233564298
2025-04-01 21:48:10,2,-19.7657340379172
2025-04-01 21:48:20,3,-50.0000000000026
2025-04-01 21:48:30,4,-75.0111069630468
2025-04-01 21:48:40,1,-12.5333233564323
2025-04-01 21:48:50,2,-43.523109937233
2025-04-01 21:49:00,3,-69.9663340513396
2025-04-01 21:49:10,4,-89.100652418838
2025-04-01 21:49:20,1,-36.8124552684708
2025-04-01 21:49:30,2,-64.5457687723962
2025-04-01 21:49:40,3,-85.5364260160535
2025-04-01 21:49:50,4,-97.5916761938756
2025-04-01 21:50:00,1,-58.7785252292463
2025-04-01 21:50:10,2,-81.5127795728571
2025-04-01 21:50:20,3,-95.7319497532071
2025-04-01 21:50:30,4,-99.950656036573
2025-04-01 21:50:40,1,-77.051324277579
2025-04-01 21:50:50,2,-93.3580426497216
2025-04-01 21:51:00,3,-99.9122830098859
2025-04-01 21:51:10,4,-96.0293685676925
2025-04-01 21:51:20,1,-90.4827052466025
2025-04-01 21:51:30,2,-99.3372765600396
2025-04-01 21:51:40,3,-97.8147600733798
2025-04-01 21:51:50,4,-86.0742027003933
2025-04-01 21:52:00,1,-98.2287250728694
2025-04-01 21:52:10,2,-99.0747840471442
2025-04-01 21:52:20,3,-89.5711760239391
2025-04-01 21:52:30,4,-70.7106781186524
2025-04-01 21:52:40,1,-99.8026728428269
2025-04-01 21:52:50,2,-92.5870584809986
2025-04-01 21:53:00,3,-75.6995055651753
2025-04-01 21:53:10,4,-50.9041415750332
2025-04-01 21:53:20,1,-95.1056516295155
2025-04-01 21:53:30,2,-80.2817475191094
2025-04-01 21:53:40,3,-57.0713567684417
2025-04-01 21:53:50,4,-27.8991106039173
2025-04-01 21:54:00,1,-84.4327925502011
2025-04-01 21:54:10,2,-62.9320391049844
2025-04-01 21:54:20,3,-34.8572047321786
2025-04-01 21:54:30,4,-3.14107590781137
2025-04-01 21:54:40,1,-68.4547105928674
2025-04-01 21:54:50,2,-41.6280792260398
2025-04-01 21:55:00,3,-10.452846326761
2025-04-01 21:55:10,4,21.8143241396569
2025-04-01 21:55:20,1,-48.1753674101686
2025-04-01 21:55:30,2,-17.7084740319567
2025-04-01 21:55:40,3,14.6083028562412
2025-04-01 21:55:50,4,45.3990499739583
2025-04-01 21:56:00,1,-24.8689887164865
2025-04-01 21:56:10,2,7.3238197127661
2025-04-01 21:56:20,3,38.7515586452115
2025-04-01 21:56:30,4,66.1311865323692
2025-04-01 21:56:40,1,1.96686264627483e-13
2025-04-01 21:56:50,2,31.895930929811
2025-04-01 21:57:00,3,60.4599114862395
2025-04-01 21:57:10,4,82.7080574274567
2025-04-01 21:57:20,1,24.8689887164869
2025-04-01 21:57:30,2,54.4639035015025
2025-04-01 21:57:40,3,78.3693457325864
2025-04-01 21:57:50,4,94.0880768954233
2025-04-01 21:58:00,1,48.1753674101739
2025-04-01 21:58:10,2,73.6097087119742
2025-04-01 21:58:20,3,91.3545457642622
2025-04-01 21:58:30,4,99.5561964603083
2025-04-01 21:58:40,1,68.4547105928677
2025-04-01 21:58:50,2,88.1303452065003
2025-04-01 21:59:00,3,98.5996037070506
2025-04-01 21:59:10,4,98.768834059513
2025-04-01 21:59:20,1,84.4327925502013
2025-04-01 21:59:30,2,97.1134279909645
2025-04-01 21:59:40,3,99.6492859249503
2025-04-01 21:59:50,4,91.7754625683957
2025-04-01 22:00:00,1,95.1056516295156
2025-04-01 22:00:10,2,99.9945169365512
2025-04-01 22:00:20,3,94.437637023747
2025-04-01 22:00:30,4,79.0155012375681
2025-04-01 22:00:40,1,99.8026728428273
2025-04-01 22:00:50,2,96.5925826289067
2025-04-01 22:01:00,3,83.2921240710074
2025-04-01 22:01:10,4,61.2907053652954
2025-04-01 22:01:20,1,98.2287250728682
2025-04-01 22:01:30,2,87.1213811120181
2025-04-01 22:01:40,3,66.9130606358857
2025-04-01 22:01:50,4,39.7147890634743
2025-04-01 22:02:00,1,90.4827052466024
2025-04-01 22:02:10,2,72.1760228098341
2025-04-01 22:02:20,3,46.3296035119849
2025-04-01 22:02:30,4,15.6434465040177
2025-04-01 22:02:40,1,77.0513242775787
2025-04-01 22:02:50,2,52.6955795496641
2025-04-01 22:03:00,3,22.835087011063
2025-04-01 22:03:10,4,-9.41083133185245
2025-04-01 22:03:20,1,58.778525229246
2025-04-01 22:03:30,2,29.9040792256087
2025-04-01 22:03:40,3,-2.09424198833966
2025-04-01 22:03:50,4,-33.8737920245313
2025-04-01 22:04:00,1,36.8124552684651
2025-04-01 22:04:10,2,5.23359562429316
2025-04-01 22:04:20,3,-26.8919820615316
2025-04-01 22:04:30,4,-56.208337785216
2025-04-01 22:04:40,1,12.5333233564319
2025-04-01 22:04:50,2,-19.7657340379151
2025-04-01 22:05:00,3,-50.0000000000007
2025-04-01 22:05:10,4,-75.0111069630492
2025-04-01 22:05:20,1,-12.5333233564302
2025-04-01 22:05:30,2,-43.5231099372361
2025-04-01 22:05:40,3,-69.9663340513381
2025-04-01 22:05:50,4,-89.1006524188396
2025-04-01 22:06:00,1,-36.8124552684688
2025-04-01 22:06:10,2,-64.5457687723946
2025-04-01 22:06:20,3,-85.5364260160524
2025-04-01 22:06:30,4,-97.5916761938751
2025-04-01 22:06:40,1,-58.7785252292492
2025-04-01 22:06:50,2,-81.5127795728558
2025-04-01 22:07:00,3,-95.7319497532081
2025-04-01 22:07:10,4,-99.9506560365731
2025-04-01 22:07:20,1,-77.0513242775812
2025-04-01 22:07:30,2,-93.3580426497209
2025-04-01 22:07:40,3,-99.9122830098859
2025-04-01 22:07:50,4,-96.0293685676931
2025-04-01 22:08:00,1,-90.4827052466016
2025-04-01 22:08:10,2,-99.33727656004
2025-04-01 22:08:20,3,-97.8147600733802
2025-04-01 22:08:30,4,-86.0742027003915
2025-04-01 22:08:40,1,-98.228725072869
2025-04-01 22:08:50,2,-99.0747840471438
2025-04-01 22:09:00,3,-89.57117602394
2025-04-01 22:09:10,4,-70.7106781186539
2025-04-01 22:09:20,1,-99.8026728428271
2025-04-01 22:09:30,2,-92.5870584809994
2025-04-01 22:09:40,3,-75.699505565173
2025-04-01 22:09:50,4,-50.904141575035
2025-04-01 22:10:00,1,-95.1056516295144
2025-04-01 22:10:10,2,-80.2817475191107
2025-04-01 22:10:20,3,-57.0713567684388
2025-04-01 22:10:30,4,-27.8991106039194
2025-04-01 22:10:40,1,-84.4327925502023
2025-04-01 22:10:50,2,-62.9320391049817
2025-04-01 22:11:00,3,-34.8572047321806
2025-04-01 22:11:10,4,-3.14107590780785
2025-04-01 22:11:20,1,-68.4547105928689
2025-04-01 22:11:30,2,-41.6280792260366
2025-04-01 22:11:40,3,-10.4528463267631
2025-04-01 22:11:50,4,21.8143241396604
2025-04-01 22:12:00,1,-48.1753674101705
2025-04-01 22:12:10,2,-17.7084740319588
2025-04-01 22:12:20,3,14.6083028562446
2025-04-01 22:12:30,4,45.3990499739563
2025-04-01 22:12:40,1,-24.8689887164831
2025-04-01 22:12:50,2,7.32381971276395
2025-04-01 22:13:00,3,38.7515586452147
2025-04-01 22:13:10,4,66.1311865323675
2025-04-01 22:13:20,1,3.72490700744504e-12
2025-04-01 22:13:30,2,31.8959309298089
2025-04-01 22:13:40,3,60.4599114862378
2025-04-01 22:13:50,4,82.7080574274587
2025-04-01 22:14:00,1,24.8689887164848
2025-04-01 22:14:10,2,54.4639035015055
2025-04-01 22:14:20,3,78.369345732585
2025-04-01 22:14:30,4,94.0880768954245
2025-04-01 22:14:40,1,48.1753674101721
2025-04-01 22:14:50,2,73.6097087119766
2025-04-01 22:15:00,3,91.3545457642613
2025-04-01 22:15:10,4,99.5561964603081
2025-04-01 22:15:20,1,68.4547105928702
2025-04-01 22:15:30,2,88.1303452064993
2025-04-01 22:15:40,3,98.5996037070512
2025-04-01 22:15:50,4,98.7688340595134
2025-04-01 22:16:00,1,84.4327925502032
2025-04-01 22:16:10,2,97.113427990964
2025-04-01 22:16:20,3,99.64928592495
2025-04-01 22:16:30,4,91.7754625683966
2025-04-01 22:16:40,1,95.105651629515
2025-04-01 22:16:50,2,99.9945169365512
2025-04-01 22:17:00,3,94.4376370237477
2025-04-01 22:17:10,4,79.0155012375659
2025-04-01 22:17:20,1,99.8026728428271
2025-04-01 22:17:30,2,96.5925826289058
2025-04-01 22:17:40,3,83.2921240710086
2025-04-01 22:17:50,4,61.2907053652926
2025-04-01 22:18:00,1,98.2287250728686
2025-04-01 22:18:10,2,87.1213811120191
2025-04-01 22:18:20,3,66.9130606358831
2025-04-01 22:18:30,4,39.7147890634762
2025-04-01 22:18:40,1,90.4827052466009
2025-04-01 22:18:50,2,72.1760228098356
2025-04-01 22:19:00,3,46.3296035119818
2025-04-01 22:19:10,4,15.6434465040199
2025-04-01 22:19:20,1,77.0513242775765
2025-04-01 22:19:30,2,52.6955795496659
2025-04-01 22:19:40,3,22.8350870110651
2025-04-01 22:19:50,4,-9.41083133185596
2025-04-01 22:20:00,1,58.7785252292478
2025-04-01 22:20:10,2,29.9040792256054
2025-04-01 22:20:20,3,-2.0942419883375
2025-04-01 22:20:30,4,-33.8737920245346
2025-04-01 22:20:40,1,36.8124552684671
2025-04-01 22:20:50,2,5.23359562428964
2025-04-01 22:21:00,3,-26.8919820615295
2025-04-01 22:21:10,4,-56.2083377852142
2025-04-01 22:21:20,1,12.5333233564284
2025-04-01 22:21:30,2,-19.765734037913
2025-04-01 22:21:40,3,-50.0000000000038
2025-04-01 22:21:50,4,-75.0111069630477
2025-04-01 22:22:00,1,-12.5333233564337
2025-04-01 22:22:10,2,-43.5231099372342
2025-04-01 22:22:20,3,-69.9663340513406
2025-04-01 22:22:30,4,-89.1006524188386
2025-04-01 22:22:40,1,-36.8124552684668
2025-04-01 22:22:50,2,-64.5457687723973
2025-04-01 22:23:00,3,-85.5364260160513
2025-04-01 22:23:10,4,-97.5916761938759
2025-04-01 22:23:20,1,-58.7785252292474
2025-04-01 22:23:30,2,-81.5127795728578
2025-04-01 22:23:40,3,-95.7319497532075
2025-04-01 22:23:50,4,-99.9506560365731
2025-04-01 22:24:00,1,-77.0513242775798
2025-04-01 22:24:10,2,-93.3580426497201
2025-04-01 22:24:20,3,-99.912283009886
2025-04-01 22:24:30,4,-96.0293685676937
2025-04-01 22:24:40,1,-90.4827052466031
2025-04-01 22:24:50,2,-99.3372765600398
2025-04-01 22:25:00,3,-97.8147600733795
2025-04-01 22:25:10,4,-86.0742027003926
2025-04-01 22:25:20,1,-98.2287250728686
2025-04-01 22:25:30,2,-99.074784047144
2025-04-01 22:25:40,3,-89.571176023941
2025-04-01 22:25:50,4,-70.7106781186514
2025-04-01 22:26:00,1,-99.8026728428272
2025-04-01 22:26:10,2,-92.5870584809981
2025-04-01 22:26:20,3,-75.6995055651744
2025-04-01 22:26:30,4,-50.904141575032
2025-04-01 22:26:40,1,-95.1056516295151
2025-04-01 22:26:50,2,-80.2817475191119
2025-04-01 22:27:00,3,-57.0713567684405
2025-04-01 22:27:10,4,-27.8991106039214
2025-04-01 22:27:20,1,-84.4327925502004
2025-04-01 22:27:30,2,-62.9320391049834
2025-04-01 22:27:40,3,-34.8572047321773
2025-04-01 22:27:50,4,-3.14107590781
2025-04-01 22:28:00,1,-68.4547105928664
2025-04-01 22:28:10,2,-41.6280792260385
2025-04-01 22:28:20,3,-10.4528463267653
2025-04-01 22:28:30,4,21.8143241396583
2025-04-01 22:28:40,1,-48.1753674101724
2025-04-01 22:28:50,2,-17.7084740319553
2025-04-01 22:29:00,3,14.6083028562425
2025-04-01 22:29:10,4,45.3990499739595
2025-04-01 22:29:20,1,-24.8689887164852
2025-04-01 22:29:30,2,7.32381971276747
2025-04-01 22:29:40,3,38.7515586452127
2025-04-01 22:29:50,4,66.1311865323659
2025-04-01 22:30:00,1,1.56878586418179e-12
2025-04-01 22:30:10,2,31.8959309298069
2025-04-01 22:30:20,3,60.4599114862406
2025-04-01 22:30:30,4,82.7080574274574
2025-04-01 22:30:40,1,24.8689887164882
2025-04-01 22:30:50,2,54.4639035015037
2025-04-01 22:31:00,3,78.3693457325872
2025-04-01 22:31:10,4,94.0880768954237
2025-04-01 22:31:20,1,48.1753674101702
2025-04-01 22:31:30,2,73.6097087119751
2025-04-01 22:31:40,3,91.3545457642604
2025-04-01 22:31:50,4,99.5561964603085
2025-04-01 22:32:00,1,68.4547105928687
2025-04-01 22:32:10,2,88.130345206501
2025-04-01 22:32:20,3,98.5996037070508
2025-04-01 22:32:30,4,98.7688340595128
2025-04-01 22:32:40,1,84.432792550202
2025-04-01 22:32:50,2,97.1134279909634
2025-04-01 22:33:00,3,99.6492859249501
2025-04-01 22:33:10,4,91.7754625683974
2025-04-01 22:33:20,1,95.1056516295161
2025-04-01 22:33:30,2,99.9945169365512
2025-04-01 22:33:40,3,94.4376370237466
2025-04-01 22:33:50,4,79.0155012375672
2025-04-01 22:34:00,1,99.8026728428274
2025-04-01 22:34:10,2,96.5925826289063
2025-04-01 22:34:20,3,83.2921240710098
2025-04-01 22:34:30,4,61.2907053652943
2025-04-01 22:34:40,1,98.228725072869
2025-04-01 22:34:50,2,87.1213811120174
2025-04-01 22:35:00,3,66.9130606358847
2025-04-01 22:35:10,4,39.714789063473
2025-04-01 22:35:20,1,90.4827052466018
2025-04-01 22:35:30,2,72.1760228098331
2025-04-01 22:35:40,3,46.3296035119837
2025-04-01 22:35:50,4,15.643446504022
2025-04-01 22:36:00,1,77.0513242775778
2025-04-01 22:36:10,2,52.6955795496677
2025-04-01 22:36:20,3,22.8350870110616
2025-04-01 22:36:30,4,-9.41083133184815
2025-04-01 22:36:40,1,58.7785252292449
2025-04-01 22:36:50,2,29.9040792256074
2025-04-01 22:37:00,3,-2.09424198834103
2025-04-01 22:37:10,4,-33.8737920245272
2025-04-01 22:37:20,1,36.8124552684691
2025-04-01 22:37:30,2,5.23359562429179
2025-04-01 22:37:40,3,-26.891982061522
2025-04-01 22:37:50,4,-56.2083377852124
2025-04-01 22:38:00,1,12.5333233564306
2025-04-01 22:38:10,2,-19.7657340379053
2025-04-01 22:38:20,3,-50.0000000000068
2025-04-01 22:38:30,4,-75.0111069630463
2025-04-01 22:38:40,1,-12.5333233564315
2025-04-01 22:38:50,2,-43.5231099372271
2025-04-01 22:39:00,3,-69.966334051335
2025-04-01 22:39:10,4,-89.1006524188376
2025-04-01 22:39:20,1,-36.81245526847
2025-04-01 22:39:30,2,-64.5457687723913
2025-04-01 22:39:40,3,-85.5364260160502
2025-04-01 22:39:50,4,-97.5916761938754
2025-04-01 22:40:00,1,-58.7785252292503
2025-04-01 22:40:10,2,-81.5127795728533
2025-04-01 22:40:20,3,-95.7319497532068
2025-04-01 22:40:30,4,-99.9506560365734
2025-04-01 22:40:40,1,-77.0513242775821
2025-04-01 22:40:50,2,-93.3580426497193
2025-04-01 22:41:00,3,-99.9122830098859
2025-04-01 22:41:10,4,-96.0293685676959
2025-04-01 22:41:20,1,-90.4827052466046
2025-04-01 22:41:30,2,-99.3372765600395
2025-04-01 22:41:40,3,-97.81476007338
2025-04-01 22:41:50,4,-86.0742027003966
2025-04-01 22:42:00,1,-98.2287250728681
2025-04-01 22:42:10,2,-99.0747840471443
2025-04-01 22:42:20,3,-89.5711760239394
2025-04-01 22:42:30,4,-70.710678118657
2025-04-01 22:42:40,1,-99.8026728428273
2025-04-01 22:42:50,2,-92.5870584809989
2025-04-01 22:43:00,3,-75.6995055651721
2025-04-01 22:43:10,4,-50.9041415750388
2025-04-01 22:43:20,1,-95.1056516295157
2025-04-01 22:43:30,2,-80.2817475191166
2025-04-01 22:43:40,3,-57.0713567684376
2025-04-01 22:43:50,4,-27.8991106039235
2025-04-01 22:44:00,1,-84.4327925502015
2025-04-01 22:44:10,2,-62.9320391049895
2025-04-01 22:44:20,3,-34.857204732174
2025-04-01 22:44:30,4,-3.14107590781216
2025-04-01 22:44:40,1,-68.4547105928679
2025-04-01 22:44:50,2,-41.6280792260456
2025-04-01 22:45:00,3,-10.4528463267674
2025-04-01 22:45:10,4,21.8143241396562
2025-04-01 22:45:20,1,-48.1753674101693
2025-04-01 22:45:30,2,-17.7084740319631
2025-04-01 22:45:40,3,14.6083028562404
2025-04-01 22:45:50,4,45.3990499739576
2025-04-01 22:46:00,1,-24.8689887164818
2025-04-01 22:46:10,2,7.32381971275965
2025-04-01 22:46:20,3,38.7515586452107
2025-04-01 22:46:30,4,66.13118653236
2025-04-01 22:46:40,1,5.09700660699934e-12
2025-04-01 22:46:50,2,31.8959309298049
2025-04-01 22:47:00,3,60.4599114862389
2025-04-01 22:47:10,4,82.708057427453
2025-04-01 22:47:20,1,24.8689887164917
2025-04-01 22:47:30,2,54.4639035015019
2025-04-01 22:47:40,3,78.3693457325859
2025-04-01 22:47:50,4,94.0880768954211
2025-04-01 22:48:00,1,48.1753674101683
2025-04-01 22:48:10,2,73.6097087119736
2025-04-01 22:48:20,3,91.3545457642619
2025-04-01 22:48:30,4,99.5561964603077
2025-04-01 22:48:40,1,68.4547105928671
2025-04-01 22:48:50,2,88.1303452065
2025-04-01 22:49:00,3,98.5996037070514
2025-04-01 22:49:10,4,98.768834059514
2025-04-01 22:49:20,1,84.4327925502009
2025-04-01 22:49:30,2,97.1134279909616
2025-04-01 22:49:40,3,99.6492859249499
2025-04-01 22:49:50,4,91.7754625683983
2025-04-01 22:50:00,1,95.1056516295154
2025-04-01 22:50:10,2,99.9945169365513
2025-04-01 22:50:20,3,94.4376370237454
2025-04-01 22:50:30,4,79.0155012375685
2025-04-01 22:50:40,1,99.8026728428272
2025-04-01 22:50:50,2,96.5925826289084
2025-04-01 22:51:00,3,83.292124071011
2025-04-01 22:51:10,4,61.290705365296
2025-04-01 22:51:20,1,98.2287250728684
2025-04-01 22:51:30,2,87.1213811120212
2025-04-01 22:51:40,3,66.9130606358863
2025-04-01 22:51:50,4,39.714789063475
2025-04-01 22:52:00,1,90.4827052466003
2025-04-01 22:52:10,2,72.1760228098386
2025-04-01 22:52:20,3,46.3296035119856
2025-04-01 22:52:30,4,15.6434465040297
2025-04-01 22:52:40,1,77.0513242775756
2025-04-01 22:52:50,2,52.6955795496696
2025-04-01 22:53:00,3,22.8350870110637
2025-04-01 22:53:10,4,-9.41083133184601
2025-04-01 22:53:20,1,58.778525229242
2025-04-01 22:53:30,2,29.9040792256095
2025-04-01 22:53:40,3,-2.09424198833887
2025-04-01 22:53:50,4,-33.8737920245252
2025-04-01 22:54:00,1,36.8124552684711
2025-04-01 22:54:10,2,5.23359562429395
2025-04-01 22:54:20,3,-26.8919820615309
2025-04-01 22:54:30,4,-56.2083377852107
2025-04-01 22:54:40,1,12.5333233564327
2025-04-01 22:54:50,2,-19.7657340379143
2025-04-01 22:55:00,3,-50.000000000005
2025-04-01 22:55:10,4,-75.0111069630449
2025-04-01 22:55:20,1,-12.5333233564294
2025-04-01 22:55:30,2,-43.5231099372252
2025-04-01 22:55:40,3,-69.9663340513415
2025-04-01 22:55:50,4,-89.1006524188366
2025-04-01 22:56:00,1,-36.812455268468
2025-04-01 22:56:10,2,-64.5457687723896
2025-04-01 22:56:20,3,-85.536426016055
2025-04-01 22:56:30,4,-97.5916761938749
2025-04-01 22:56:40,1,-58.7785252292485
2025-04-01 22:56:50,2,-81.5127795728521
2025-04-01 22:57:00,3,-95.7319497532062
2025-04-01 22:57:10,4,-99.9506560365731
2025-04-01 22:57:20,1,-77.0513242775807
2025-04-01 22:57:30,2,-93.3580426497185
2025-04-01 22:57:40,3,-99.9122830098858
2025-04-01 22:57:50,4,-96.0293685676933
2025-04-01 22:58:00,1,-90.4827052466037
2025-04-01 22:58:10,2,-99.3372765600393
2025-04-01 22:58:20,3,-97.8147600733804
2025-04-01 22:58:30,4,-86.0742027003977
2025-04-01 22:58:40,1,-98.2287250728699
2025-04-01 22:58:50,2,-99.0747840471446
2025-04-01 22:59:00,3,-89.5711760239404
2025-04-01 22:59:10,4,-70.7106781186585
2025-04-01 22:59:20,1,-99.8026728428267
2025-04-01 22:59:30,2,-92.5870584809997
2025-04-01 22:59:40,3,-75.6995055651735
2025-04-01 22:59:50,4,-50.9041415750406
2025-04-01 23:00:00,1,-95.1056516295164
2025-04-01 23:00:10,2,-80.2817475191111
2025-04-01 23:00:20,3,-57.0713567684394
2025-04-01 23:00:30,4,-27.8991106039256
2025-04-01 23:00:40,1,-84.4327925502027
2025-04-01 23:00:50,2,-62.9320391049823
2025-04-01 23:01:00,3,-34.857204732176
2025-04-01 23:01:10,4,-3.14107590781431
2025-04-01 23:01:20,1,-68.4547105928695
2025-04-01 23:01:30,2,-41.6280792260476
2025-04-01 23:01:40,3,-10.4528463267582
2025-04-01 23:01:50,4,21.8143241396541
2025-04-01 23:02:00,1,-48.1753674101712
2025-04-01 23:02:10,2,-17.7084740319652
2025-04-01 23:02:20,3,14.6083028562495
2025-04-01 23:02:30,4,45.3990499739556
2025-04-01 23:02:40,1,-24.8689887164839
2025-04-01 23:02:50,2,7.3238197127575
2025-04-01 23:03:00,3,38.7515586452088
2025-04-01 23:03:10,4,66.131186532367
2025-04-01 23:03:20,1,2.9408854637361e-12
2025-04-01 23:03:30,2,31.8959309298028
2025-04-01 23:03:40,3,60.4599114862372
2025-04-01 23:03:50,4,82.7080574274582
2025-04-01 23:04:00,1,24.8689887164896
2025-04-01 23:04:10,2,54.4639035015001
2025-04-01 23:04:20,3,78.3693457325845
2025-04-01 23:04:30,4,94.0880768954204
2025-04-01 23:04:40,1,48.1753674101763
2025-04-01 23:04:50,2,73.6097087119722
2025-04-01 23:05:00,3,91.354545764261
2025-04-01 23:05:10,4,99.5561964603075
2025-04-01 23:05:20,1,68.4547105928738
2025-04-01 23:05:30,2,88.1303452064989
2025-04-01 23:05:40,3,98.5996037070511
2025-04-01 23:05:50,4,98.7688340595144
2025-04-01 23:06:00,1,84.4327925501997
2025-04-01 23:06:10,2,97.1134279909638
2025-04-01 23:06:20,3,99.64928592495
2025-04-01 23:06:30,4,91.7754625683992
2025-04-01 23:06:40,1,95.1056516295147
2025-04-01 23:06:50,2,99.9945169365512
2025-04-01 23:07:00,3,94.4376370237461
2025-04-01 23:07:10,4,79.0155012375699
2025-04-01 23:07:20,1,99.8026728428271
2025-04-01 23:07:30,2,96.5925826289089
2025-04-01 23:07:40,3,83.2921240710059
2025-04-01 23:07:50,4,61.2907053652977
2025-04-01 23:08:00,1,98.2287250728688
2025-04-01 23:08:10,2,87.1213811120223
2025-04-01 23:08:20,3,66.9130606358879
2025-04-01 23:08:30,4,39.7147890634769
2025-04-01 23:08:40,1,90.4827052466012
2025-04-01 23:08:50,2,72.1760228098401
2025-04-01 23:09:00,3,46.3296035119875
2025-04-01 23:09:10,4,15.6434465040206
2025-04-01 23:09:20,1,77.051324277577
2025-04-01 23:09:30,2,52.6955795496714
2025-04-01 23:09:40,3,22.8350870110658
2025-04-01 23:09:50,4,-9.41083133184386
2025-04-01 23:10:00,1,58.7785252292438
2025-04-01 23:10:10,2,29.9040792256115
2025-04-01 23:10:20,3,-2.09424198833672
2025-04-01 23:10:30,4,-33.8737920245232
2025-04-01 23:10:40,1,36.8124552684626
2025-04-01 23:10:50,2,5.2335956242961
2025-04-01 23:11:00,3,-26.8919820615288
2025-04-01 23:11:10,4,-56.2083377852089
2025-04-01 23:11:20,1,12.5333233564349
2025-04-01 23:11:30,2,-19.7657340379122
2025-04-01 23:11:40,3,-50.0000000000031
2025-04-01 23:11:50,4,-75.0111069630435
2025-04-01 23:12:00,1,-12.5333233564273
2025-04-01 23:12:10,2,-43.5231099372335
2025-04-01 23:12:20,3,-69.96633405134
2025-04-01 23:12:30,4,-89.1006524188357
2025-04-01 23:12:40,1,-36.812455268466
2025-04-01 23:12:50,2,-64.545768772388
2025-04-01 23:13:00,3,-85.5364260160539
2025-04-01 23:13:10,4,-97.5916761938745
2025-04-01 23:13:20,1,-58.7785252292468
2025-04-01 23:13:30,2,-81.5127795728508
2025-04-01 23:13:40,3,-95.7319497532089
2025-04-01 23:13:50,4,-99.9506560365732
2025-04-01 23:14:00,1,-77.0513242775793
2025-04-01 23:14:10,2,-93.3580426497178
2025-04-01 23:14:20,3,-99.9122830098857
2025-04-01 23:14:30,4,-96.0293685676939
2025-04-01 23:14:40,1,-90.4827052466028
2025-04-01 23:14:50,2,-99.337276560039
2025-04-01 23:15:00,3,-97.8147600733809
2025-04-01 23:15:10,4,-86.074202700393
2025-04-01 23:15:20,1,-98.2287250728695
2025-04-01 23:15:30,2,-99.0747840471449
2025-04-01 23:15:40,3,-89.5711760239413
2025-04-01 23:15:50,4,-70.71067811866
2025-04-01 23:16:00,1,-99.8026728428269
2025-04-01 23:16:10,2,-92.5870584810006
2025-04-01 23:16:20,3,-75.6995055651749
2025-04-01 23:16:30,4,-50.9041415750425
2025-04-01 23:16:40,1,-95.1056516295136
2025-04-01 23:16:50,2,-80.2817475191124
2025-04-01 23:17:00,3,-57.0713567684412
2025-04-01 23:17:10,4,-27.8991106039276
2025-04-01 23:17:20,1,-84.4327925502038
2025-04-01 23:17:30,2,-62.932039104984
2025-04-01 23:17:40,3,-34.857204732178
2025-04-01 23:17:50,4,-3.14107590781647
2025-04-01 23:18:00,1,-68.4547105928711
2025-04-01 23:18:10,2,-41.6280792260392
2025-04-01 23:18:20,3,-10.4528463267604
2025-04-01 23:18:30,4,21.814324139652
2025-04-01 23:18:40,1,-48.1753674101731
2025-04-01 23:18:50,2,-17.7084740319673
2025-04-01 23:19:00,3,14.6083028562474
2025-04-01 23:19:10,4,45.3990499739537
2025-04-01 23:19:20,1,-24.868988716486
2025-04-01 23:19:30,2,7.32381971275535
2025-04-01 23:19:40,3,38.7515586452173
2025-04-01 23:19:50,4,66.1311865323653
2025-04-01 23:20:00,1,7.84764320472847e-13
2025-04-01 23:20:10,2,31.8959309298008
2025-04-01 23:20:20,3,60.4599114862355
2025-04-01 23:20:30,4,82.708057427457
2025-04-01 23:20:40,1,24.8689887164875
2025-04-01 23:20:50,2,54.4639035014983
2025-04-01 23:21:00,3,78.3693457325832
2025-04-01 23:21:10,4,94.0880768954235
2025-04-01 23:21:20,1,48.1753674101745
2025-04-01 23:21:30,2,73.6097087119707
2025-04-01 23:21:40,3,91.3545457642601
2025-04-01 23:21:50,4,99.5561964603073
2025-04-01 23:22:00,1,68.4547105928722
2025-04-01 23:22:10,2,88.1303452064979
2025-04-01 23:22:20,3,98.5996037070507
2025-04-01 23:22:30,4,98.7688340595147
2025-04-01 23:22:40,1,84.4327925502047
2025-04-01 23:22:50,2,97.1134279909633
2025-04-01 23:23:00,3,99.6492859249502
2025-04-01 23:23:10,4,91.7754625684
2025-04-01 23:23:20,1,95.1056516295141
2025-04-01 23:23:30,2,99.9945169365512
2025-04-01 23:23:40,3,94.4376370237468
2025-04-01 23:23:50,4,79.0155012375712
2025-04-01 23:24:00,1,99.802672842827
2025-04-01 23:24:10,2,96.5925826289065
2025-04-01 23:24:20,3,83.2921240710071
2025-04-01 23:24:30,4,61.2907053652994
2025-04-01 23:24:40,1,98.2287250728692
2025-04-01 23:24:50,2,87.1213811120234
2025-04-01 23:25:00,3,66.9130606358811
2025-04-01 23:25:10,4,39.7147890634789
2025-04-01 23:25:20,1,90.4827052466021
2025-04-01 23:25:30,2,72.1760228098416
2025-04-01 23:25:40,3,46.3296035119794
2025-04-01 23:25:50,4,15.6434465040228
2025-04-01 23:26:00,1,77.0513242775783
2025-04-01 23:26:10,2,52.6955795496732
2025-04-01 23:26:20,3,22.8350870110679
2025-04-01 23:26:30,4,-9.41083133185303
2025-04-01 23:26:40,1,58.7785252292455
2025-04-01 23:26:50,2,29.9040792256136
2025-04-01 23:27:00,3,-2.09424198833456
2025-04-01 23:27:10,4,-33.8737920245319
2025-04-01 23:27:20,1,36.8124552684646
2025-04-01 23:27:30,2,5.23359562429825
2025-04-01 23:27:40,3,-26.8919820615267
2025-04-01 23:27:50,4,-56.2083377852071
2025-04-01 23:28:00,1,12.5333233564257
2025-04-01 23:28:10,2,-19.7657340379101
2025-04-01 23:28:20,3,-50.0000000000012
2025-04-01 23:28:30,4,-75.011106963042
2025-04-01 23:28:40,1,-12.5333233564364
2025-04-01 23:28:50,2,-43.5231099372316
2025-04-01 23:29:00,3,-69.9663340513385
2025-04-01 23:29:10,4,-89.1006524188347
2025-04-01 23:29:20,1,-36.812455268464
2025-04-01 23:29:30,2,-64.545768772395
2025-04-01 23:29:40,3,-85.5364260160527
2025-04-01 23:29:50,4,-97.591676193874
2025-04-01 23:30:00,1,-58.7785252292451
2025-04-01 23:30:10,2,-81.5127795728561
2025-04-01 23:30:20,3,-95.7319497532082
2025-04-01 23:30:30,4,-99.9506560365732
2025-04-01 23:30:40,1,-77.051324277578
2025-04-01 23:30:50,2,-93.358042649717
2025-04-01 23:31:00,3,-99.9122830098861
2025-04-01 23:31:10,4,-96.0293685676945
2025-04-01 23:31:20,1,-90.4827052466019
2025-04-01 23:31:30,2,-99.3372765600388
2025-04-01 23:31:40,3,-97.8147600733789
2025-04-01 23:31:50,4,-86.0742027003941
2025-04-01 23:32:00,1,-98.2287250728691
2025-04-01 23:32:10,2,-99.0747840471452
2025-04-01 23:32:20,3,-89.5711760239423
2025-04-01 23:32:30,4,-70.7106781186535
2025-04-01 23:32:40,1,-99.802672842827
2025-04-01 23:32:50,2,-92.5870584810014
2025-04-01 23:33:00,3,-75.6995055651763
2025-04-01 23:33:10,4,-50.9041415750345
2025-04-01 23:33:20,1,-95.1056516295142
2025-04-01 23:33:30,2,-80.2817475191137
2025-04-01 23:33:40,3,-57.0713567684429
2025-04-01 23:33:50,4,-27.8991106039297
2025-04-01 23:34:00,1,-84.4327925501989
2025-04-01 23:34:10,2,-62.9320391049857
2025-04-01 23:34:20,3,-34.8572047321801
2025-04-01 23:34:30,4,-3.14107590781862
2025-04-01 23:34:40,1,-68.4547105928644
2025-04-01 23:34:50,2,-41.6280792260412
2025-04-01 23:35:00,3,-10.4528463267625
2025-04-01 23:35:10,4,21.8143241396498
2025-04-01 23:35:20,1,-48.175367410175
2025-04-01 23:35:30,2,-17.7084740319582
2025-04-01 23:35:40,3,14.6083028562452
2025-04-01 23:35:50,4,45.3990499739518
2025-04-01 23:36:00,1,-24.868988716488
2025-04-01 23:36:10,2,7.32381971276454
2025-04-01 23:36:20,3,38.7515586452153
2025-04-01 23:36:30,4,66.1311865323637
2025-04-01 23:36:40,1,-1.3713568227904e-12
2025-04-01 23:36:50,2,31.8959309297987
2025-04-01 23:37:00,3,60.4599114862428
2025-04-01 23:37:10,4,82.7080574274558
2025-04-01 23:37:20,1,24.8689887164854
2025-04-01 23:37:30,2,54.4639035014965
2025-04-01 23:37:40,3,78.3693457325889
2025-04-01 23:37:50,4,94.0880768954227
2025-04-01 23:38:00,1,48.1753674101726
2025-04-01 23:38:10,2,73.6097087119693
2025-04-01 23:38:20,3,91.3545457642592
2025-04-01 23:38:30,4,99.5561964603082
2025-04-01 23:38:40,1,68.4547105928707
2025-04-01 23:38:50,2,88.1303452064969
2025-04-01 23:39:00,3,98.5996037070503
2025-04-01 23:39:10,4,98.7688340595133
2025-04-01 23:39:20,1,84.4327925502035
2025-04-01 23:39:30,2,97.1134279909627
2025-04-01 23:39:40,3,99.6492859249504
2025-04-01 23:39:50,4,91.7754625684009
2025-04-01 23:40:00,1,95.1056516295169
2025-04-01 23:40:10,2,99.9945169365512
2025-04-01 23:40:20,3,94.4376370237476
2025-04-01 23:40:30,4,79.0155012375725
2025-04-01 23:40:40,1,99.8026728428276
2025-04-01 23:40:50,2,96.5925826289071
2025-04-01 23:41:00,3,83.2921240710083
2025-04-01 23:41:10,4,61.2907053653011
2025-04-01 23:41:20,1,98.2287250728696
2025-04-01 23:41:30,2,87.1213811120188
2025-04-01 23:41:40,3,66.9130606358827
2025-04-01 23:41:50,4,39.7147890634809
2025-04-01 23:42:00,1,90.482705246603
2025-04-01 23:42:10,2,72.1760228098352
2025-04-01 23:42:20,3,46.3296035119813
2025-04-01 23:42:30,4,15.6434465040249
2025-04-01 23:42:40,1,77.0513242775797
2025-04-01 23:42:50,2,52.6955795496751
2025-04-01 23:43:00,3,22.835087011059
2025-04-01 23:43:10,4,-9.41083133185089
2025-04-01 23:43:20,1,58.7785252292473
2025-04-01 23:43:30,2,29.9040792256156
2025-04-01 23:43:40,3,-2.09424198834377
2025-04-01 23:43:50,4,-33.8737920245298
2025-04-01 23:44:00,1,36.8124552684666
2025-04-01 23:44:10,2,5.23359562430041
2025-04-01 23:44:20,3,-26.8919820615246
2025-04-01 23:44:30,4,-56.2083377852147
2025-04-01 23:44:40,1,12.5333233564279
2025-04-01 23:44:50,2,-19.765734037908
2025-04-01 23:45:00,3,-49.9999999999994
2025-04-01 23:45:10,4,-75.0111069630481
2025-04-01 23:45:20,1,-12.5333233564343
2025-04-01 23:45:30,2,-43.5231099372296
2025-04-01 23:45:40,3,-69.9663340513369
2025-04-01 23:45:50,4,-89.1006524188337
2025-04-01 23:46:00,1,-36.8124552684726
2025-04-01 23:46:10,2,-64.5457687723934
2025-04-01 23:46:20,3,-85.5364260160516
2025-04-01 23:46:30,4,-97.5916761938735
2025-04-01 23:46:40,1,-58.7785252292525
2025-04-01 23:46:50,2,-81.5127795728549
2025-04-01 23:47:00,3,-95.7319497532076
2025-04-01 23:47:10,4,-99.9506560365733
2025-04-01 23:47:20,1,-77.0513242775766
2025-04-01 23:47:30,2,-93.3580426497203
2025-04-01 23:47:40,3,-99.912283009886
2025-04-01 23:47:50,4,-96.0293685676951
2025-04-01 23:48:00,1,-90.4827052466009
2025-04-01 23:48:10,2,-99.3372765600398
2025-04-01 23:48:20,3,-97.8147600733794
2025-04-01 23:48:30,4,-86.0742027003952
2025-04-01 23:48:40,1,-98.2287250728687
2025-04-01 23:48:50,2,-99.0747840471455
2025-04-01 23:49:00,3,-89.5711760239382
2025-04-01 23:49:10,4,-70.710678118655
2025-04-01 23:49:20,1,-99.8026728428271
2025-04-01 23:49:30,2,-92.5870584810022
2025-04-01 23:49:40,3,-75.6995055651703
2025-04-01 23:49:50,4,-50.9041415750364
2025-04-01 23:50:00,1,-95.1056516295149
2025-04-01 23:50:10,2,-80.281747519115
2025-04-01 23:50:20,3,-57.0713567684447
2025-04-01 23:50:30,4,-27.8991106039209
2025-04-01 23:50:40,1,-84.4327925502
2025-04-01 23:50:50,2,-62.9320391049873
2025-04-01 23:51:00,3,-34.8572047321821
2025-04-01 23:51:10,4,-3.14107590780941
2025-04-01 23:51:20,1,-68.4547105928659
2025-04-01 23:51:30,2,-41.6280792260432
2025-04-01 23:51:40,3,-10.4528463267647
2025-04-01 23:51:50,4,21.8143241396477
2025-04-01 23:52:00,1,-48.1753674101669
2025-04-01 23:52:10,2,-17.7084740319604
2025-04-01 23:52:20,3,14.6083028562431
2025-04-01 23:52:30,4,45.3990499739499
2025-04-01 23:52:40,1,-24.8689887164791
2025-04-01 23:52:50,2,7.32381971276238
2025-04-01 23:53:00,3,38.7515586452133
2025-04-01 23:53:10,4,66.1311865323621
2025-04-01 23:53:20,1,-3.52747796605365e-12
2025-04-01 23:53:30,2,31.8959309298075
2025-04-01 23:53:40,3,60.4599114862411
2025-04-01 23:53:50,4,82.7080574274546
2025-04-01 23:54:00,1,24.8689887164833
2025-04-01 23:54:10,2,54.4639035015042
2025-04-01 23:54:20,3,78.3693457325876
2025-04-01 23:54:30,4,94.088076895422
2025-04-01 23:54:40,1,48.1753674101707
2025-04-01 23:54:50,2,73.6097087119678
2025-04-01 23:55:00,3,91.354545764263
2025-04-01 23:55:10,4,99.556196460308
2025-04-01 23:55:20,1,68.4547105928691
2025-04-01 23:55:30,2,88.1303452064959
2025-04-01 23:55:40,3,98.5996037070519
2025-04-01 23:55:50,4,98.7688340595136
2025-04-01 23:56:00,1,84.4327925502024
2025-04-01 23:56:10,2,97.1134279909622
2025-04-01 23:56:20,3,99.6492859249506
2025-04-01 23:56:30,4,91.7754625683972
2025-04-01 23:56:40,1,95.1056516295162
2025-04-01 23:56:50,2,99.9945169365513
2025-04-01 23:57:00,3,94.4376370237483
2025-04-01 23:57:10,4,79.0155012375669
2025-04-01 23:57:20,1,99.8026728428274
2025-04-01 23:57:30,2,96.5925826289077
2025-04-01 23:57:40,3,83.2921240710095
2025-04-01 23:57:50,4,61.2907053653028
2025-04-01 23:58:00,1,98.2287250728678
2025-04-01 23:58:10,2,87.1213811120199
2025-04-01 23:58:20,3,66.9130606358843
2025-04-01 23:58:30,4,39.7147890634829
2025-04-01 23:58:40,1,90.4827052465991
2025-04-01 23:58:50,2,72.1760228098367
2025-04-01 23:59:00,3,46.3296035119832
2025-04-01 23:59:10,4,15.643446504027
2025-04-01 23:59:20,1,77.0513242775811
2025-04-01 23:59:30,2,52.6955795496672
2025-04-01 23:59:40,3,22.8350870110611
2025-04-01 23:59:50,4,-9.41083133184874
2025-04-02 00:00:00,1,58.778525229249
2025-04-02 00:00:10,2,29.9040792256068
2025-04-02 00:00:20,3,-2.09424198834162
2025-04-02 00:00:30,4,-33.8737920245278
2025-04-02 00:00:40,1,36.8124552684686
2025-04-02 00:00:50,2,5.23359562430256
2025-04-02 00:01:00,3,-26.8919820615335
2025-04-02 00:01:10,4,-56.2083377852129
2025-04-02 00:01:20,1,12.53332335643
2025-04-02 00:01:30,2,-19.7657340379058
2025-04-02 00:01:40,3,-50.0000000000073
2025-04-02 00:01:50,4,-75.0111069630467
2025-04-02 00:02:00,1,-12.5333233564321
2025-04-02 00:02:10,2,-43.5231099372277
2025-04-02 00:02:20,3,-69.9663340513354
2025-04-02 00:02:30,4,-89.1006524188379
2025-04-02 00:02:40,1,-36.8124552684706
2025-04-02 00:02:50,2,-64.5457687723917
2025-04-02 00:03:00,3,-85.5364260160505
2025-04-02 00:03:10,4,-97.5916761938755
2025-04-02 00:03:20,1,-58.7785252292508
2025-04-02 00:03:30,2,-81.5127795728536
2025-04-02 00:03:40,3,-95.731949753207
2025-04-02 00:03:50,4,-99.9506560365734
2025-04-02 00:04:00,1,-77.0513242775825
2025-04-02 00:04:10,2,-93.3580426497195
2025-04-02 00:04:20,3,-99.9122830098859
2025-04-02 00:04:30,4,-96.0293685676957
2025-04-02 00:04:40,1,-90.4827052466049
2025-04-02 00:04:50,2,-99.3372765600396
2025-04-02 00:05:00,3,-97.8147600733798
2025-04-02 00:05:10,4,-86.0742027003963
2025-04-02 00:05:20,1,-98.2287250728683
2025-04-02 00:05:30,2,-99.0747840471443
2025-04-02 00:05:40,3,-89.5711760239392
2025-04-02 00:05:50,4,-70.7106781186566
2025-04-02 00:06:00,1,-99.8026728428273
2025-04-02 00:06:10,2,-92.5870584809987
2025-04-02 00:06:20,3,-75.6995055651717
2025-04-02 00:06:30,4,-50.9041415750382
2025-04-02 00:06:40,1,-95.1056516295156
2025-04-02 00:06:50,2,-80.2817475191163
2025-04-02 00:07:00,3,-57.0713567684371
2025-04-02 00:07:10,4,-27.8991106039229
2025-04-02 00:07:20,1,-84.4327925502012
2025-04-02 00:07:30,2,-62.932039104989
2025-04-02 00:07:40,3,-34.8572047321841
2025-04-02 00:07:50,4,-3.14107590781157
2025-04-02 00:08:00,1,-68.4547105928675
2025-04-02 00:08:10,2,-41.6280792260451
2025-04-02 00:08:20,3,-10.4528463267668
2025-04-02 00:08:30,4,21.8143241396567
2025-04-02 00:08:40,1,-48.1753674101688
2025-04-02 00:08:50,2,-17.7084740319625
2025-04-02 00:09:00,3,14.608302856241
2025-04-02 00:09:10,4,45.399049973948
2025-04-02 00:09:20,1,-24.8689887164812
2025-04-02 00:09:30,2,7.32381971276024
2025-04-02 00:09:40,3,38.7515586452113
2025-04-02 00:09:50,4,66.1311865323605
2025-04-02 00:10:00,1,5.68508466284471e-12
2025-04-02 00:10:10,2,31.8959309298054
2025-04-02 00:10:20,3,60.4599114862394
2025-04-02 00:10:30,4,82.7080574274534
2025-04-02 00:10:40,1,24.8689887164812
2025-04-02 00:10:50,2,54.4639035015024
2025-04-02 00:11:00,3,78.3693457325862
2025-04-02 00:11:10,4,94.0880768954213
2025-04-02 00:11:20,1,48.1753674101688
2025-04-02 00:11:30,2,73.609708711974
2025-04-02 00:11:40,3,91.3545457642621
2025-04-02 00:11:50,4,99.5561964603078
2025-04-02 00:12:00,1,68.4547105928675
2025-04-02 00:12:10,2,88.1303452064949
2025-04-02 00:12:20,3,98.5996037070515
2025-04-02 00:12:30,4,98.7688340595139
2025-04-02 00:12:40,1,84.4327925502012
2025-04-02 00:12:50,2,97.1134279909617
2025-04-02 00:13:00,3,99.6492859249498
2025-04-02 00:13:10,4,91.7754625683981
2025-04-02 00:13:20,1,95.1056516295156
2025-04-02 00:13:30,2,99.9945169365513
2025-04-02 00:13:40,3,94.437637023749
2025-04-02 00:13:50,4,79.0155012375682
2025-04-02 00:14:00,1,99.8026728428273
2025-04-02 00:14:10,2,96.5925826289082
2025-04-02 00:14:20,3,83.2921240710107
2025-04-02 00:14:30,4,61.2907053652955
2025-04-02 00:14:40,1,98.2287250728683
2025-04-02 00:14:50,2,87.1213811120209
2025-04-02 00:15:00,3,66.9130606358859
2025-04-02 00:15:10,4,39.7147890634849
2025-04-02 00:15:20,1,90.4827052466
2025-04-02 00:15:30,2,72.1760228098382
2025-04-02 00:15:40,3,46.3296035119851
2025-04-02 00:15:50,4,15.6434465040292
2025-04-02 00:16:00,1,77.0513242775752
2025-04-02 00:16:10,2,52.6955795496691
2025-04-02 00:16:20,3,22.8350870110632
2025-04-02 00:16:30,4,-9.41083133184659
2025-04-02 00:16:40,1,58.7785252292508
2025-04-02 00:16:50,2,29.9040792256089
2025-04-02 00:17:00,3,-2.09424198833946
2025-04-02 00:17:10,4,-33.8737920245258
2025-04-02 00:17:20,1,36.8124552684706
2025-04-02 00:17:30,2,5.23359562429336
2025-04-02 00:17:40,3,-26.8919820615314
2025-04-02 00:17:50,4,-56.2083377852111
2025-04-02 00:18:00,1,12.5333233564321
2025-04-02 00:18:10,2,-19.7657340379037
2025-04-02 00:18:20,3,-50.0000000000055
2025-04-02 00:18:30,4,-75.0111069630453
2025-04-02 00:18:40,1,-12.53332335643
2025-04-02 00:18:50,2,-43.5231099372257
2025-04-02 00:19:00,3,-69.966334051342
2025-04-02 00:19:10,4,-89.1006524188369
2025-04-02 00:19:20,1,-36.8124552684686
2025-04-02 00:19:30,2,-64.5457687723901
2025-04-02 00:19:40,3,-85.5364260160494
2025-04-02 00:19:50,4,-97.5916761938751
2025-04-02 00:20:00,1,-58.778525229249
2025-04-02 00:20:10,2,-81.5127795728524
2025-04-02 00:20:20,3,-95.7319497532064
2025-04-02 00:20:30,4,-99.9506560365731
2025-04-02 00:20:40,1,-77.0513242775811
2025-04-02 00:20:50,2,-93.3580426497188
2025-04-02 00:21:00,3,-99.9122830098858
2025-04-02 00:21:10,4,-96.0293685676963
2025-04-02 00:21:20,1,-90.4827052466039
2025-04-02 00:21:30,2,-99.3372765600393
2025-04-02 00:21:40,3,-97.8147600733803
2025-04-02 00:21:50,4,-86.0742027003974
2025-04-02 00:22:00,1,-98.22872507287
2025-04-02 00:22:10,2,-99.0747840471445
2025-04-02 00:22:20,3,-89.5711760239401
2025-04-02 00:22:30,4,-70.7106781186581
2025-04-02 00:22:40,1,-99.8026728428274
2025-04-02 00:22:50,2,-92.5870584809995
2025-04-02 00:23:00,3,-75.6995055651731
2025-04-02 00:23:10,4,-50.9041415750401
2025-04-02 00:23:20,1,-95.1056516295162
2025-04-02 00:23:30,2,-80.2817475191108
2025-04-02 00:23:40,3,-57.0713567684389
2025-04-02 00:23:50,4,-27.899110603925
2025-04-02 00:24:00,1,-84.4327925502024
2025-04-02 00:24:10,2,-62.9320391049907
2025-04-02 00:24:20,3,-34.8572047321755
2025-04-02 00:24:30,4,-3.14107590781372
2025-04-02 00:24:40,1,-68.4547105928691
2025-04-02 00:24:50,2,-41.6280792260471
2025-04-02 00:25:00,3,-10.4528463267577
2025-04-02 00:25:10,4,21.8143241396546
2025-04-02 00:25:20,1,-48.1753674101707
2025-04-02 00:25:30,2,-17.7084740319646
2025-04-02 00:25:40,3,14.6083028562388
2025-04-02 00:25:50,4,45.3990499739562
2025-04-02 00:26:00,1,-24.8689887164833
2025-04-02 00:26:10,2,7.32381971275808
2025-04-02 00:26:20,3,38.7515586452093
2025-04-02 00:26:30,4,66.1311865323674
2025-04-02 00:26:40,1,3.52896351958146e-12
2025-04-02 00:26:50,2,31.8959309298034
2025-04-02 00:27:00,3,60.4599114862376
2025-04-02 00:27:10,4,82.7080574274522
2025-04-02 00:27:20,1,24.8689887164901
2025-04-02 00:27:30,2,54.4639035015006
2025-04-02 00:27:40,3,78.3693457325849
2025-04-02 00:27:50,4,94.0880768954206
2025-04-02 00:28:00,1,48.1753674101769
2025-04-02 00:28:10,2,73.6097087119726
2025-04-02 00:28:20,3,91.3545457642612
2025-04-02 00:28:30,4,99.5561964603076
2025-04-02 00:28:40,1,68.454710592866
2025-04-02 00:28:50,2,88.1303452064992
2025-04-02 00:29:00,3,98.5996037070512
2025-04-02 00:29:10,4,98.7688340595143
2025-04-02 00:29:20,1,84.4327925502
2025-04-02 00:29:30,2,97.1134279909639
2025-04-02 00:29:40,3,99.64928592495
2025-04-02 00:29:50,4,91.7754625683989
2025-04-02 00:30:00,1,95.1056516295149
2025-04-02 00:30:10,2,99.9945169365513
2025-04-02 00:30:20,3,94.4376370237459
2025-04-02 00:30:30,4,79.0155012375695
2025-04-02 00:30:40,1,99.8026728428271
2025-04-02 00:30:50,2,96.5925826289088
2025-04-02 00:31:00,3,83.2921240710056
2025-04-02 00:31:10,4,61.2907053652972
2025-04-02 00:31:20,1,98.2287250728687
2025-04-02 00:31:30,2,87.121381112022
2025-04-02 00:31:40,3,66.9130606358875
2025-04-02 00:31:50,4,39.7147890634764
2025-04-02 00:32:00,1,90.4827052466009
2025-04-02 00:32:10,2,72.1760228098397
2025-04-02 00:32:20,3,46.329603511987
2025-04-02 00:32:30,4,15.64344650402
2025-04-02 00:32:40,1,77.0513242775766
2025-04-02 00:32:50,2,52.6955795496709
2025-04-02 00:33:00,3,22.8350870110653
2025-04-02 00:33:10,4,-9.41083133184445
2025-04-02 00:33:20,1,58.7785252292433
2025-04-02 00:33:30,2,29.904079225611
2025-04-02 00:33:40,3,-2.09424198833731
2025-04-02 00:33:50,4,-33.8737920245237
2025-04-02 00:34:00,1,36.812455268462
2025-04-02 00:34:10,2,5.23359562429551
2025-04-02 00:34:20,3,-26.8919820615294
2025-04-02 00:34:30,4,-56.2083377852094
2025-04-02 00:34:40,1,12.5333233564343
2025-04-02 00:34:50,2,-19.7657340379128
2025-04-02 00:35:00,3,-50.0000000000036
2025-04-02 00:35:10,4,-75.0111069630438
2025-04-02 00:35:20,1,-12.5333233564279
2025-04-02 00:35:30,2,-43.523109937234
2025-04-02 00:35:40,3,-69.9663340513404
2025-04-02 00:35:50,4,-89.1006524188359
2025-04-02 00:36:00,1,-36.8124552684666
2025-04-02 00:36:10,2,-64.5457687723884
2025-04-02 00:36:20,3,-85.5364260160542
2025-04-02 00:36:30,4,-97.5916761938746
2025-04-02 00:36:40,1,-58.7785252292473
2025-04-02 00:36:50,2,-81.5127795728511
2025-04-02 00:37:00,3,-95.7319497532091
2025-04-02 00:37:10,4,-99.9506560365731
2025-04-02 00:37:20,1,-77.0513242775797
2025-04-02 00:37:30,2,-93.358042649718
2025-04-02 00:37:40,3,-99.9122830098858
2025-04-02 00:37:50,4,-96.0293685676938
2025-04-02 00:38:00,1,-90.482705246603
2025-04-02 00:38:10,2,-99.3372765600391
2025-04-02 00:38:20,3,-97.8147600733807
2025-04-02 00:38:30,4,-86.0742027003927
2025-04-02 00:38:40,1,-98.2287250728696
2025-04-02 00:38:50,2,-99.0747840471448
2025-04-02 00:39:00,3,-89.5711760239411
2025-04-02 00:39:10,4,-70.7106781186596
2025-04-02 00:39:20,1,-99.8026728428268
2025-04-02 00:39:30,2,-92.5870584810003
2025-04-02 00:39:40,3,-75.6995055651745
2025-04-02 00:39:50,4,-50.9041415750419
2025-04-02 00:40:00,1,-95.1056516295134
2025-04-02 00:40:10,2,-80.281747519112
2025-04-02 00:40:20,3,-57.0713567684407
2025-04-02 00:40:30,4,-27.8991106039271
2025-04-02 00:40:40,1,-84.4327925502035
2025-04-02 00:40:50,2,-62.9320391049835
2025-04-02 00:41:00,3,-34.8572047321775
2025-04-02 00:41:10,4,-3.14107590781588
2025-04-02 00:41:20,1,-68.4547105928707
2025-04-02 00:41:30,2,-41.6280792260387
2025-04-02 00:41:40,3,-10.4528463267598
2025-04-02 00:41:50,4,21.8143241396525
2025-04-02 00:42:00,1,-48.1753674101726
2025-04-02 00:42:10,2,-17.7084740319667
2025-04-02 00:42:20,3,14.6083028562479
2025-04-02 00:42:30,4,45.3990499739542
2025-04-02 00:42:40,1,-24.8689887164854
2025-04-02 00:42:50,2,7.32381971275593
2025-04-02 00:43:00,3,38.7515586452178
2025-04-02 00:43:10,4,66.1311865323658
2025-04-02 00:43:20,1,1.37284237631821e-12
2025-04-02 00:43:30,2,31.8959309298013
2025-04-02 00:43:40,3,60.4599114862359
2025-04-02 00:43:50,4,82.7080574274573
2025-04-02 00:44:00,1,24.868988716488
2025-04-02 00:44:10,2,54.4639035014988
2025-04-02 00:44:20,3,78.3693457325836
2025-04-02 00:44:30,4,94.0880768954237
2025-04-02 00:44:40,1,48.175367410175
2025-04-02 00:44:50,2,73.6097087119711
2025-04-02 00:45:00,3,91.3545457642603
2025-04-02 00:45:10,4,99.5561964603074
2025-04-02 00:45:20,1,68.4547105928727
2025-04-02 00:45:30,2,88.1303452064982
2025-04-02 00:45:40,3,98.5996037070508
2025-04-02 00:45:50,4,98.7688340595146
2025-04-02 00:46:00,1,84.432792550205
2025-04-02 00:46:10,2,97.1134279909634
2025-04-02 00:46:20,3,99.6492859249502
2025-04-02 00:46:30,4,91.7754625683998
2025-04-02 00:46:40,1,95.1056516295142
2025-04-02 00:46:50,2,99.9945169365512
2025-04-02 00:47:00,3,94.4376370237466
2025-04-02 00:47:10,4,79.0155012375708
2025-04-02 00:47:20,1,99.802672842827
2025-04-02 00:47:30,2,96.5925826289064
2025-04-02 00:47:40,3,83.2921240710068
2025-04-02 00:47:50,4,61.2907053652989
2025-04-02 00:48:00,1,98.2287250728691
2025-04-02 00:48:10,2,87.1213811120231
2025-04-02 00:48:20,3,66.9130606358806
2025-04-02 00:48:30,4,39.7147890634784
2025-04-02 00:48:40,1,90.4827052466019
2025-04-02 00:48:50,2,72.1760228098411
2025-04-02 00:49:00,3,46.3296035119788
2025-04-02 00:49:10,4,15.6434465040222
2025-04-02 00:49:20,1,77.051324277578
2025-04-02 00:49:30,2,52.6955795496727
2025-04-02 00:49:40,3,22.8350870110674
2025-04-02 00:49:50,4,-9.41083133185362
2025-04-02 00:50:00,1,58.7785252292451
2025-04-02 00:50:10,2,29.904079225613
2025-04-02 00:50:20,3,-2.09424198833515
2025-04-02 00:50:30,4,-33.8737920245324
2025-04-02 00:50:40,1,36.812455268464
2025-04-02 00:50:50,2,5.23359562429767
2025-04-02 00:51:00,3,-26.8919820615273
2025-04-02 00:51:10,4,-56.2083377852076
2025-04-02 00:51:20,1,12.5333233564251
2025-04-02 00:51:30,2,-19.7657340379106
2025-04-02 00:51:40,3,-50.0000000000017
2025-04-02 00:51:50,4,-75.0111069630424
2025-04-02 00:52:00,1,-12.533323356437
2025-04-02 00:52:10,2,-43.5231099372321
2025-04-02 00:52:20,3,-69.9663340513389
2025-04-02 00:52:30,4,-89.1006524188349
2025-04-02 00:52:40,1,-36.8124552684646
2025-04-02 00:52:50,2,-64.5457687723955
2025-04-02 00:53:00,3,-85.536426016053
2025-04-02 00:53:10,4,-97.5916761938741
2025-04-02 00:53:20,1,-58.7785252292455
2025-04-02 00:53:30,2,-81.5127795728565
2025-04-02 00:53:40,3,-95.7319497532084
2025-04-02 00:53:50,4,-99.9506560365732
2025-04-02 00:54:00,1,-77.0513242775783
2025-04-02 00:54:10,2,-93.3580426497172
2025-04-02 00:54:20,3,-99.9122830098861
2025-04-02 00:54:30,4,-96.0293685676944
2025-04-02 00:54:40,1,-90.4827052466021
2025-04-02 00:54:50,2,-99.3372765600388
2025-04-02 00:55:00,3,-97.8147600733788
2025-04-02 00:55:10,4,-86.0742027003938
2025-04-02 00:55:20,1,-98.2287250728692
2025-04-02 00:55:30,2,-99.0747840471451
2025-04-02 00:55:40,3,-89.571176023942
2025-04-02 00:55:50,4,-70.7106781186531
2025-04-02 00:56:00,1,-99.802672842827
2025-04-02 00:56:10,2,-92.5870584810012
2025-04-02 00:56:20,3,-75.6995055651759
2025-04-02 00:56:30,4,-50.904141575034
2025-04-02 00:56:40,1,-95.1056516295141
2025-04-02 00:56:50,2,-80.2817475191133
2025-04-02 00:57:00,3,-57.0713567684425
2025-04-02 00:57:10,4,-27.8991106039291
2025-04-02 00:57:20,1,-84.4327925501986
2025-04-02 00:57:30,2,-62.9320391049852
2025-04-02 00:57:40,3,-34.8572047321795
2025-04-02 00:57:50,4,-3.14107590781803
2025-04-02 00:58:00,1,-68.4547105928639
2025-04-02 00:58:10,2,-41.6280792260407
2025-04-02 00:58:20,3,-10.4528463267619
2025-04-02 00:58:30,4,21.8143241396504
2025-04-02 00:58:40,1,-48.1753674101745
2025-04-02 00:58:50,2,-17.7084740319577
2025-04-02 00:59:00,3,14.6083028562458
2025-04-02 00:59:10,4,45.3990499739523
2025-04-02 00:59:20,1,-24.8689887164875
2025-04-02 00:59:30,2,7.32381971276512
2025-04-02 00:59:40,3,38.7515586452158
2025-04-02 00:59:50,4,66.1311865323642
2025-04-02 01:00:00,1,-7.83278766945035e-13
2025-04-02 01:00:10,2,31.8959309297993
2025-04-02 01:00:20,3,60.4599114862433
2025-04-02 01:00:30,4,82.7080574274561
2025-04-02 01:00:40,1,24.868988716486
2025-04-02 01:00:50,2,54.463903501497
2025-04-02 01:01:00,3,78.3693457325893
2025-04-02 01:01:10,4,94.0880768954229
2025-04-02 01:01:20,1,48.1753674101731
2025-04-02 01:01:30,2,73.6097087119697
2025-04-02 01:01:40,3,91.3545457642595
2025-04-02 01:01:50,4,99.5561964603082
2025-04-02 01:02:00,1,68.4547105928711
2025-04-02 01:02:10,2,88.1303452064972
2025-04-02 01:02:20,3,98.5996037070504
2025-04-02 01:02:30,4,98.7688340595132
2025-04-02 01:02:40,1,84.4327925502038
2025-04-02 01:02:50,2,97.1134279909629
2025-04-02 01:03:00,3,99.6492859249503
2025-04-02 01:03:10,4,91.7754625684006
2025-04-02 01:03:20,1,95.1056516295171
2025-04-02 01:03:30,2,99.9945169365512
2025-04-02 01:03:40,3,94.4376370237474
2025-04-02 01:03:50,4,79.0155012375722
2025-04-02 01:04:00,1,99.8026728428276
2025-04-02 01:04:10,2,96.592582628907
2025-04-02 01:04:20,3,83.292124071008
2025-04-02 01:04:30,4,61.2907053653006
2025-04-02 01:04:40,1,98.2287250728695
2025-04-02 01:04:50,2,87.1213811120186
2025-04-02 01:05:00,3,66.9130606358822
2025-04-02 01:05:10,4,39.7147890634804
2025-04-02 01:05:20,1,90.4827052466028
2025-04-02 01:05:30,2,72.1760228098348
2025-04-02 01:05:40,3,46.3296035119808
2025-04-02 01:05:50,4,15.6434465040243
2025-04-02 01:06:00,1,77.0513242775793
2025-04-02 01:06:10,2,52.6955795496746
2025-04-02 01:06:20,3,22.8350870110584
2025-04-02 01:06:30,4,-9.41083133185147
2025-04-02 01:06:40,1,58.7785252292468
2025-04-02 01:06:50,2,29.9040792256151
2025-04-02 01:07:00,3,-2.09424198833299
2025-04-02 01:07:10,4,-33.8737920245304
2025-04-02 01:07:20,1,36.812455268466
2025-04-02 01:07:30,2,5.23359562429982
2025-04-02 01:07:40,3,-26.8919820615252
2025-04-02 01:07:50,4,-56.2083377852152
2025-04-02 01:08:00,1,12.5333233564273
2025-04-02 01:08:10,2,-19.7657340379085
2025-04-02 01:08:20,3,-49.9999999999999
2025-04-02 01:08:30,4,-75.011106963041
2025-04-02 01:08:40,1,-12.5333233564349
2025-04-02 01:08:50,2,-43.5231099372302
2025-04-02 01:09:00,3,-69.9663340513374
2025-04-02 01:09:10,4,-89.100652418834
2025-04-02 01:09:20,1,-36.8124552684731
2025-04-02 01:09:30,2,-64.5457687723938
2025-04-02 01:09:40,3,-85.5364260160519
2025-04-02 01:09:50,4,-97.5916761938737
2025-04-02 01:10:00,1,-58.7785252292438
2025-04-02 01:10:10,2,-81.5127795728552
2025-04-02 01:10:20,3,-95.7319497532078
2025-04-02 01:10:30,4,-99.9506560365733
2025-04-02 01:10:40,1,-77.051324277577
2025-04-02 01:10:50,2,-93.3580426497205
2025-04-02 01:11:00,3,-99.912283009886
2025-04-02 01:11:10,4,-96.029368567695
2025-04-02 01:11:20,1,-90.4827052466012
2025-04-02 01:11:30,2,-99.3372765600386
2025-04-02 01:11:40,3,-97.8147600733793
2025-04-02 01:11:50,4,-86.0742027003949
2025-04-02 01:12:00,1,-98.2287250728688
2025-04-02 01:12:10,2,-99.0747840471454
2025-04-02 01:12:20,3,-89.5711760239379
2025-04-02 01:12:30,4,-70.7106781186546
2025-04-02 01:12:40,1,-99.8026728428271
2025-04-02 01:12:50,2,-92.587058481002
2025-04-02 01:13:00,3,-75.6995055651773
2025-04-02 01:13:10,4,-50.9041415750359
2025-04-02 01:13:20,1,-95.1056516295147
2025-04-02 01:13:30,2,-80.2817475191146
2025-04-02 01:13:40,3,-57.0713567684442
2025-04-02 01:13:50,4,-27.8991106039203
2025-04-02 01:14:00,1,-84.4327925501997
2025-04-02 01:14:10,2,-62.9320391049869
2025-04-02 01:14:20,3,-34.8572047321815
2025-04-02 01:14:30,4,-3.14107590782019
2025-04-02 01:14:40,1,-68.4547105928655
2025-04-02 01:14:50,2,-41.6280792260426
2025-04-02 01:15:00,3,-10.4528463267641
2025-04-02 01:15:10,4,21.8143241396483
2025-04-02 01:15:20,1,-48.1753674101664
2025-04-02 01:15:30,2,-17.7084740319598
2025-04-02 01:15:40,3,14.6083028562437
2025-04-02 01:15:50,4,45.3990499739504
2025-04-02 01:16:00,1,-24.8689887164896
2025-04-02 01:16:10,2,7.32381971276297
2025-04-02 01:16:20,3,38.7515586452138
2025-04-02 01:16:30,4,66.1311865323625
2025-04-02 01:16:40,1,-2.93939991020828e-12
2025-04-02 01:16:50,2,31.895930929808
2025-04-02 01:17:00,3,60.4599114862415
2025-04-02 01:17:10,4,82.7080574274549
2025-04-02 01:17:20,1,24.8689887164839
2025-04-02 01:17:30,2,54.4639035014951
2025-04-02 01:17:40,3,78.3693457325879
2025-04-02 01:17:50,4,94.0880768954222
2025-04-02 01:18:00,1,48.1753674101712
2025-04-02 01:18:10,2,73.6097087119682
2025-04-02 01:18:20,3,91.3545457642632
2025-04-02 01:18:30,4,99.556196460308
2025-04-02 01:18:40,1,68.4547105928695
2025-04-02 01:18:50,2,88.1303452064962
2025-04-02 01:19:00,3,98.5996037070501
2025-04-02 01:19:10,4,98.7688340595135
2025-04-02 01:19:20,1,84.4327925502027
2025-04-02 01:19:30,2,97.1134279909624
2025-04-02 01:19:40,3,99.6492859249505
2025-04-02 01:19:50,4,91.775462568397
2025-04-02 01:20:00,1,95.1056516295164
2025-04-02 01:20:10,2,99.9945169365513
2025-04-02 01:20:20,3,94.4376370237481
2025-04-02 01:20:30,4,79.0155012375735
2025-04-02 01:20:40,1,99.8026728428275
2025-04-02 01:20:50,2,96.5925826289075
2025-04-02 01:21:00,3,83.2921240710092
2025-04-02 01:21:10,4,61.2907053653024
2025-04-02 01:21:20,1,98.2287250728677
2025-04-02 01:21:30,2,87.1213811120196
2025-04-02 01:21:40,3,66.9130606358838
2025-04-02 01:21:50,4,39.7147890634823
2025-04-02 01:22:00,1,90.4827052466037
2025-04-02 01:22:10,2,72.1760228098363
2025-04-02 01:22:20,3,46.3296035119827
2025-04-02 01:22:30,4,15.6434465040264
2025-04-02 01:22:40,1,77.0513242775807
2025-04-02 01:22:50,2,52.6955795496667
2025-04-02 01:23:00,3,22.8350870110605
2025-04-02 01:23:10,4,-9.41083133184932
2025-04-02 01:23:20,1,58.7785252292485
2025-04-02 01:23:30,2,29.9040792256171
2025-04-02 01:23:40,3,-2.0942419883422
2025-04-02 01:23:50,4,-33.8737920245283
2025-04-02 01:24:00,1,36.812455268468
2025-04-02 01:24:10,2,5.23359562430197
2025-04-02 01:24:20,3,-26.8919820615341
2025-04-02 01:24:30,4,-56.2083377852134
2025-04-02 01:24:40,1,12.5333233564294
2025-04-02 01:24:50,2,-19.7657340379064
2025-04-02 01:25:00,3,-49.999999999998
2025-04-02 01:25:10,4,-75.0111069630471
2025-04-02 01:25:20,1,-12.5333233564327
2025-04-02 01:25:30,2,-43.5231099372282
2025-04-02 01:25:40,3,-69.9663340513358
2025-04-02 01:25:50,4,-89.1006524188381
2025-04-02 01:26:00,1,-36.8124552684711
2025-04-02 01:26:10,2,-64.5457687723922
2025-04-02 01:26:20,3,-85.5364260160508
2025-04-02 01:26:30,4,-97.5916761938732
2025-04-02 01:26:40,1,-58.7785252292512
2025-04-02 01:26:50,2,-81.512779572854
2025-04-02 01:27:00,3,-95.7319497532072
2025-04-02 01:27:10,4,-99.9506560365733
2025-04-02 01:27:20,1,-77.0513242775828
2025-04-02 01:27:30,2,-93.3580426497197
2025-04-02 01:27:40,3,-99.912283009886
2025-04-02 01:27:50,4,-96.0293685676956
2025-04-02 01:28:00,1,-90.4827052466003
2025-04-02 01:28:10,2,-99.3372765600397
2025-04-02 01:28:20,3,-97.8147600733797
2025-04-02 01:28:30,4,-86.074202700396
2025-04-02 01:28:40,1,-98.2287250728684
2025-04-02 01:28:50,2,-99.0747840471442
2025-04-02 01:29:00,3,-89.5711760239389
2025-04-02 01:29:10,4,-70.7106781186562
2025-04-02 01:29:20,1,-99.8026728428272
2025-04-02 01:29:30,2,-92.5870584810028
2025-04-02 01:29:40,3,-75.6995055651713
2025-04-02 01:29:50,4,-50.9041415750377
2025-04-02 01:30:00,1,-95.1056516295154
2025-04-02 01:30:10,2,-80.2817475191159
2025-04-02 01:30:20,3,-57.0713567684367
2025-04-02 01:30:30,4,-27.8991106039224
2025-04-02 01:30:40,1,-84.4327925502009
2025-04-02 01:30:50,2,-62.9320391049886
2025-04-02 01:31:00,3,-34.8572047321836
2025-04-02 01:31:10,4,-3.14107590781098
2025-04-02 01:31:20,1,-68.4547105928671
2025-04-02 01:31:30,2,-41.6280792260446
2025-04-02 01:31:40,3,-10.4528463267662
2025-04-02 01:31:50,4,21.8143241396573
2025-04-02 01:32:00,1,-48.1753674101683
2025-04-02 01:32:10,2,-17.7084740319619
2025-04-02 01:32:20,3,14.6083028562415
2025-04-02 01:32:30,4,45.3990499739485
2025-04-02 01:32:40,1,-24.8689887164806
2025-04-02 01:32:50,2,7.32381971276082
2025-04-02 01:33:00,3,38.7515586452118
2025-04-02 01:33:10,4,66.1311865323609
2025-04-02 01:33:20,1,6.27316271869007e-12
2025-04-02 01:33:30,2,31.895930929806
2025-04-02 01:33:40,3,60.4599114862398
2025-04-02 01:33:50,4,82.7080574274537
2025-04-02 01:34:00,1,24.8689887164818
2025-04-02 01:34:10,2,54.4639035015029
2025-04-02 01:34:20,3,78.3693457325866
2025-04-02 01:34:30,4,94.0880768954215
2025-04-02 01:34:40,1,48.1753674101693
2025-04-02 01:34:50,2,73.6097087119744
2025-04-02 01:35:00,3,91.3545457642623
2025-04-02 01:35:10,4,99.5561964603078
2025-04-02 01:35:20,1,68.454710592868
2025-04-02 01:35:30,2,88.1303452064952
2025-04-02 01:35:40,3,98.5996037070516
2025-04-02 01:35:50,4,98.7688340595139
2025-04-02 01:36:00,1,84.4327925502015
2025-04-02 01:36:10,2,97.1134279909619
2025-04-02 01:36:20,3,99.6492859249498
2025-04-02 01:36:30,4,91.7754625683978
2025-04-02 01:36:40,1,95.1056516295157
2025-04-02 01:36:50,2,99.9945169365513
2025-04-02 01:37:00,3,94.4376370237488
2025-04-02 01:37:10,4,79.0155012375678
2025-04-02 01:37:20,1,99.8026728428273
2025-04-02 01:37:30,2,96.5925826289081
2025-04-02 01:37:40,3,83.2921240710104
2025-04-02 01:37:50,4,61.2907053652951
2025-04-02 01:38:00,1,98.2287250728681
2025-04-02 01:38:10,2,87.1213811120207
2025-04-02 01:38:20,3,66.9130606358854
2025-04-02 01:38:30,4,39.7147890634843
2025-04-02 01:38:40,1,90.4827052465998
2025-04-02 01:38:50,2,72.1760228098378
2025-04-02 01:39:00,3,46.3296035119846
2025-04-02 01:39:10,4,15.6434465040286
2025-04-02 01:39:20,1,77.0513242775748
2025-04-02 01:39:30,2,52.6955795496686
2025-04-02 01:39:40,3,22.8350870110626
2025-04-02 01:39:50,4,-9.41083133184718
2025-04-02 01:40:00,1,58.7785252292503
2025-04-02 01:40:10,2,29.9040792256083
2025-04-02 01:40:20,3,-2.09424198834005
2025-04-02 01:40:30,4,-33.8737920245263
2025-04-02 01:40:40,1,36.81245526847
2025-04-02 01:40:50,2,5.23359562429277
2025-04-02 01:41:00,3,-26.891982061532
2025-04-02 01:41:10,4,-56.2083377852116
2025-04-02 01:41:20,1,12.5333233564315
2025-04-02 01:41:30,2,-19.7657340379043
2025-04-02 01:41:40,3,-50.000000000006
2025-04-02 01:41:50,4,-75.0111069630457
2025-04-02 01:42:00,1,-12.5333233564306
2025-04-02 01:42:10,2,-43.5231099372263
2025-04-02 01:42:20,3,-69.9663340513424
2025-04-02 01:42:30,4,-89.1006524188372
2025-04-02 01:42:40,1,-36.8124552684691
2025-04-02 01:42:50,2,-64.5457687723905
2025-04-02 01:43:00,3,-85.5364260160497
2025-04-02 01:43:10,4,-97.5916761938752
2025-04-02 01:43:20,1,-58.7785252292495
2025-04-02 01:43:30,2,-81.5127795728527
2025-04-02 01:43:40,3,-95.7319497532065
2025-04-02 01:43:50,4,-99.9506560365731
2025-04-02 01:44:00,1,-77.0513242775815
2025-04-02 01:44:10,2,-93.358042649719
2025-04-02 01:44:20,3,-99.9122830098859
2025-04-02 01:44:30,4,-96.0293685676962
2025-04-02 01:44:40,1,-90.4827052466042
2025-04-02 01:44:50,2,-99.3372765600394
2025-04-02 01:45:00,3,-97.8147600733802
2025-04-02 01:45:10,4,-86.0742027003971
2025-04-02 01:45:20,1,-98.2287250728701
2025-04-02 01:45:30,2,-99.0747840471445
2025-04-02 01:45:40,3,-89.5711760239399
2025-04-02 01:45:50,4,-70.7106781186577
2025-04-02 01:46:00,1,-99.8026728428274
2025-04-02 01:46:10,2,-92.5870584809993
2025-04-02 01:46:20,3,-75.6995055651727
2025-04-02 01:46:30,4,-50.9041415750396
2025-04-02 01:46:40,1,-95.1056516295161
2025-04-02 01:46:50,2,-80.2817475191104
2025-04-02 01:47:00,3,-57.0713567684384
2025-04-02 01:47:10,4,-27.8991106039244
2025-04-02 01:47:20,1,-84.432792550202
2025-04-02 01:47:30,2,-62.9320391049902
2025-04-02 01:47:40,3,-34.8572047321749
2025-04-02 01:47:50,4,-3.14107590781314
2025-04-02 01:48:00,1,-68.4547105928687
2025-04-02 01:48:10,2,-41.6280792260465
2025-04-02 01:48:20,3,-10.4528463267571
2025-04-02 01:48:30,4,21.8143241396552
2025-04-02 01:48:40,1,-48.1753674101702
2025-04-02 01:48:50,2,-17.708474031964
2025-04-02 01:49:00,3,14.6083028562394
2025-04-02 01:49:10,4,45.3990499739567
2025-04-02 01:49:20,1,-24.8689887164827
2025-04-02 01:49:30,2,7.32381971275867
2025-04-02 01:49:40,3,38.7515586452098
2025-04-02 01:49:50,4,66.1311865323678
2025-04-02 01:50:00,1,4.11704157542682e-12
2025-04-02 01:50:10,2,31.8959309298039
2025-04-02 01:50:20,3,60.4599114862381
2025-04-02 01:50:30,4,82.7080574274525
2025-04-02 01:50:40,1,24.8689887164907
2025-04-02 01:50:50,2,54.4639035015011
2025-04-02 01:51:00,3,78.3693457325853
2025-04-02 01:51:10,4,94.0880768954208
2025-04-02 01:51:20,1,48.1753674101774
2025-04-02 01:51:30,2,73.609708711973
2025-04-02 01:51:40,3,91.3545457642614
2025-04-02 01:51:50,4,99.5561964603076
2025-04-02 01:52:00,1,68.4547105928664
2025-04-02 01:52:10,2,88.1303452064995
2025-04-02 01:52:20,3,98.5996037070513
2025-04-02 01:52:30,4,98.7688340595142
2025-04-02 01:52:40,1,84.4327925502004
2025-04-02 01:52:50,2,97.1134279909641
2025-04-02 01:53:00,3,99.6492859249499
2025-04-02 01:53:10,4,91.7754625683987
2025-04-02 01:53:20,1,95.1056516295151
2025-04-02 01:53:30,2,99.9945169365513
2025-04-02 01:53:40,3,94.4376370237458
2025-04-02 01:53:50,4,79.0155012375691
2025-04-02 01:54:00,1,99.8026728428272
2025-04-02 01:54:10,2,96.5925826289086
2025-04-02 01:54:20,3,83.2921240710053
2025-04-02 01:54:30,4,61.2907053652968
2025-04-02 01:54:40,1,98.2287250728686
2025-04-02 01:54:50,2,87.1213811120217
2025-04-02 01:55:00,3,66.913060635887
2025-04-02 01:55:10,4,39.7147890634759
2025-04-02 01:55:20,1,90.4827052466007
2025-04-02 01:55:30,2,72.1760228098393
2025-04-02 01:55:40,3,46.3296035119865
2025-04-02 01:55:50,4,15.6434465040195
2025-04-02 01:56:00,1,77.0513242775762
2025-04-02 01:56:10,2,52.6955795496704
2025-04-02 01:56:20,3,22.8350870110647
2025-04-02 01:56:30,4,-9.41083133184503
2025-04-02 01:56:40,1,58.7785252292428
2025-04-02 01:56:50,2,29.9040792256104
2025-04-02 01:57:00,3,-2.09424198833789
2025-04-02 01:57:10,4,-33.8737920245243
2025-04-02 01:57:20,1,36.8124552684615
2025-04-02 01:57:30,2,5.23359562429493
2025-04-02 01:57:40,3,-26.8919820615299
2025-04-02 01:57:50,4,-56.2083377852099
2025-04-02 01:58:00,1,12.5333233564337
2025-04-02 01:58:10,2,-19.7657340379133
2025-04-02 01:58:20,3,-50.0000000000041
2025-04-02 01:58:30,4,-75.0111069630442
2025-04-02 01:58:40,1,-12.5333233564284
2025-04-02 01:58:50,2,-43.5231099372346
2025-04-02 01:59:00,3,-69.9663340513409
2025-04-02 01:59:10,4,-89.1006524188362
2025-04-02 01:59:20,1,-36.8124552684671
2025-04-02 01:59:30,2,-64.5457687723889
2025-04-02 01:59:40,3,-85.5364260160544
2025-04-02 01:59:50,4,-97.5916761938747
2025-04-02 02:00:00,1,-58.7785252292478
2025-04-02 02:00:10,2,-81.5127795728515
2025-04-02 02:00:20,3,-95.7319497532092
2025-04-02 02:00:30,4,-99.9506560365731
2025-04-02 02:00:40,1,-77.0513242775801
2025-04-02 02:00:50,2,-93.3580426497182
2025-04-02 02:01:00,3,-99.9122830098858
2025-04-02 02:01:10,4,-96.0293685676936
2025-04-02 02:01:20,1,-90.4827052466033
2025-04-02 02:01:30,2,-99.3372765600392
2025-04-02 02:01:40,3,-97.8147600733806
2025-04-02 02:01:50,4,-86.0742027003924
2025-04-02 02:02:00,1,-98.2287250728697
2025-04-02 02:02:10,2,-99.0747840471448
2025-04-02 02:02:20,3,-89.5711760239408
2025-04-02 02:02:30,4,-70.7106781186592
2025-04-02 02:02:40,1,-99.8026728428268
2025-04-02 02:02:50,2,-92.5870584810001
2025-04-02 02:03:00,3,-75.6995055651741
2025-04-02 02:03:10,4,-50.9041415750415
2025-04-02 02:03:20,1,-95.1056516295132
2025-04-02 02:03:30,2,-80.2817475191117
2025-04-02 02:03:40,3,-57.0713567684402
2025-04-02 02:03:50,4,-27.8991106039265
2025-04-02 02:04:00,1,-84.4327925502032
2025-04-02 02:04:10,2,-62.9320391049831
2025-04-02 02:04:20,3,-34.8572047321769
2025-04-02 02:04:30,4,-3.14107590781529
2025-04-02 02:04:40,1,-68.4547105928702
2025-04-02 02:04:50,2,-41.6280792260485
2025-04-02 02:05:00,3,-10.4528463267592
2025-04-02 02:05:10,4,21.8143241396531
2025-04-02 02:05:20,1,-48.1753674101721
2025-04-02 02:05:30,2,-17.7084740319661
2025-04-02 02:05:40,3,14.6083028562485
2025-04-02 02:05:50,4,45.3990499739548
2025-04-02 02:06:00,1,-24.8689887164848
2025-04-02 02:06:10,2,7.32381971275652
2025-04-02 02:06:20,3,38.7515586452079
2025-04-02 02:06:30,4,66.1311865323662
2025-04-02 02:06:40,1,1.96092043216358e-12
2025-04-02 02:06:50,2,31.8959309298019
2025-04-02 02:07:00,3,60.4599114862364
2025-04-02 02:07:10,4,82.7080574274577
2025-04-02 02:07:20,1,24.8689887164886
2025-04-02 02:07:30,2,54.4639035014993
2025-04-02 02:07:40,3,78.3693457325839
2025-04-02 02:07:50,4,94.08807689542
2025-04-02 02:08:00,1,48.1753674101755
2025-04-02 02:08:10,2,73.6097087119715
2025-04-02 02:08:20,3,91.3545457642606
2025-04-02 02:08:30,4,99.5561964603074
2025-04-02 02:08:40,1,68.4547105928731
2025-04-02 02:08:50,2,88.1303452064985
2025-04-02 02:09:00,3,98.5996037070509
2025-04-02 02:09:10,4,98.7688340595145
2025-04-02 02:09:20,1,84.4327925501992
2025-04-02 02:09:30,2,97.1134279909635
2025-04-02 02:09:40,3,99.6492859249501
2025-04-02 02:09:50,4,91.7754625683995
2025-04-02 02:10:00,1,95.1056516295144
2025-04-02 02:10:10,2,99.9945169365512
2025-04-02 02:10:20,3,94.4376370237465
2025-04-02 02:10:30,4,79.0155012375705
2025-04-02 02:10:40,1,99.8026728428271
2025-04-02 02:10:50,2,96.5925826289092
2025-04-02 02:11:00,3,83.2921240710065
2025-04-02 02:11:10,4,61.2907053652985
2025-04-02 02:11:20,1,98.228725072869
2025-04-02 02:11:30,2,87.1213811120228
2025-04-02 02:11:40,3,66.9130606358802
2025-04-02 02:11:50,4,39.7147890634779
2025-04-02 02:12:00,1,90.4827052466016
2025-04-02 02:12:10,2,72.1760228098407
2025-04-02 02:12:20,3,46.3296035119884
2025-04-02 02:12:30,4,15.6434465040216
2025-04-02 02:12:40,1,77.0513242775776
2025-04-02 02:12:50,2,52.6955795496722
2025-04-02 02:13:00,3,22.8350870110668
2025-04-02 02:13:10,4,-9.4108313318542
2025-04-02 02:13:20,1,58.7785252292446
2025-04-02 02:13:30,2,29.9040792256125
2025-04-02 02:13:40,3,-2.09424198833574
2025-04-02 02:13:50,4,-33.8737920245223
2025-04-02 02:14:00,1,36.8124552684635
2025-04-02 02:14:10,2,5.23359562429708
2025-04-02 02:14:20,3,-26.8919820615278
2025-04-02 02:14:30,4,-56.2083377852081
2025-04-02 02:14:40,1,12.5333233564245
2025-04-02 02:14:50,2,-19.7657340379112
2025-04-02 02:15:00,3,-50.0000000000023
2025-04-02 02:15:10,4,-75.0111069630428
2025-04-02 02:15:20,1,-12.5333233564263
2025-04-02 02:15:30,2,-43.5231099372326
2025-04-02 02:15:40,3,-69.9663340513393
2025-04-02 02:15:50,4,-89.1006524188352
2025-04-02 02:16:00,1,-36.8124552684651
2025-04-02 02:16:10,2,-64.5457687723959
2025-04-02 02:16:20,3,-85.5364260160533
2025-04-02 02:16:30,4,-97.5916761938743
2025-04-02 02:16:40,1,-58.778525229246
2025-04-02 02:16:50,2,-81.5127795728502
2025-04-02 02:17:00,3,-95.7319497532086
2025-04-02 02:17:10,4,-99.9506560365732
2025-04-02 02:17:20,1,-77.0513242775787
2025-04-02 02:17:30,2,-93.3580426497174
2025-04-02 02:17:40,3,-99.9122830098862
2025-04-02 02:17:50,4,-96.0293685676942
2025-04-02 02:18:00,1,-90.4827052466024
2025-04-02 02:18:10,2,-99.3372765600389
2025-04-02 02:18:20,3,-97.8147600733811
2025-04-02 02:18:30,4,-86.0742027003935
2025-04-02 02:18:40,1,-98.2287250728693
2025-04-02 02:18:50,2,-99.0747840471451
2025-04-02 02:19:00,3,-89.5711760239418
2025-04-02 02:19:10,4,-70.7106781186527
2025-04-02 02:19:20,1,-99.8026728428269
2025-04-02 02:19:30,2,-92.5870584810009
2025-04-02 02:19:40,3,-75.6995055651755
2025-04-02 02:19:50,4,-50.9041415750433
2025-04-02 02:20:00,1,-95.1056516295139
2025-04-02 02:20:10,2,-80.281747519113
2025-04-02 02:20:20,3,-57.071356768442
2025-04-02 02:20:30,4,-27.8991106039286
2025-04-02 02:20:40,1,-84.4327925501983
2025-04-02 02:20:50,2,-62.9320391049848
2025-04-02 02:21:00,3,-34.857204732179
2025-04-02 02:21:10,4,-3.14107590781745
2025-04-02 02:21:20,1,-68.4547105928718
2025-04-02 02:21:30,2,-41.6280792260401
2025-04-02 02:21:40,3,-10.4528463267614
2025-04-02 02:21:50,4,21.814324139651
2025-04-02 02:22:00,1,-48.1753674101739
2025-04-02 02:22:10,2,-17.7084740319571
2025-04-02 02:22:20,3,14.6083028562464
2025-04-02 02:22:30,4,45.3990499739528
2025-04-02 02:22:40,1,-24.8689887164869
2025-04-02 02:22:50,2,7.32381971275437
2025-04-02 02:23:00,3,38.7515586452163
2025-04-02 02:23:10,4,66.1311865323646
2025-04-02 02:23:20,1,-1.9520071109967e-13
2025-04-02 02:23:30,2,31.8959309297998
2025-04-02 02:23:40,3,60.4599114862437
2025-04-02 02:23:50,4,82.7080574274565
2025-04-02 02:24:00,1,24.8689887164865
2025-04-02 02:24:10,2,54.4639035014975
2025-04-02 02:24:20,3,78.3693457325826
2025-04-02 02:24:30,4,94.0880768954231
2025-04-02 02:24:40,1,48.1753674101736
2025-04-02 02:24:50,2,73.6097087119701
2025-04-02 02:25:00,3,91.3545457642597
2025-04-02 02:25:10,4,99.5561964603083
2025-04-02 02:25:20,1,68.4547105928715
2025-04-02 02:25:30,2,88.1303452064975
2025-04-02 02:25:40,3,98.5996037070505
2025-04-02 02:25:50,4,98.7688340595149
2025-04-02 02:26:00,1,84.4327925502041
2025-04-02 02:26:10,2,97.113427990963
2025-04-02 02:26:20,3,99.6492859249503
2025-04-02 02:26:30,4,91.7754625684004
2025-04-02 02:26:40,1,95.1056516295173
2025-04-02 02:26:50,2,99.9945169365512
2025-04-02 02:27:00,3,94.4376370237472
2025-04-02 02:27:10,4,79.0155012375718
2025-04-02 02:27:20,1,99.8026728428269
2025-04-02 02:27:30,2,96.5925826289068
2025-04-02 02:27:40,3,83.2921240710077
2025-04-02 02:27:50,4,61.2907053653002
2025-04-02 02:28:00,1,98.2287250728694
2025-04-02 02:28:10,2,87.1213811120183
2025-04-02 02:28:20,3,66.9130606358818
2025-04-02 02:28:30,4,39.7147890634798
2025-04-02 02:28:40,1,90.4827052466025
2025-04-02 02:28:50,2,72.1760228098422
2025-04-02 02:29:00,3,46.3296035119802
2025-04-02 02:29:10,4,15.6434465040237
2025-04-02 02:29:20,1,77.051324277579
2025-04-02 02:29:30,2,52.6955795496741
2025-04-02 02:29:40,3,22.8350870110578
2025-04-02 02:29:50,4,-9.41083133185206
2025-04-02 02:30:00,1,58.7785252292463
2025-04-02 02:30:10,2,29.9040792256145
2025-04-02 02:30:20,3,-2.09424198833358
2025-04-02 02:30:30,4,-33.8737920245309
2025-04-02 02:30:40,1,36.8124552684655
2025-04-02 02:30:50,2,5.23359562429923
2025-04-02 02:31:00,3,-26.8919820615258
2025-04-02 02:31:10,4,-56.2083377852157
2025-04-02 02:31:20,1,12.5333233564267
2025-04-02 02:31:30,2,-19.7657340379091
2025-04-02 02:31:40,3,-50.0000000000004
2025-04-02 02:31:50,4,-75.0111069630414
2025-04-02 02:32:00,1,-12.5333233564354
2025-04-02 02:32:10,2,-43.5231099372307
2025-04-02 02:32:20,3,-69.9663340513378
2025-04-02 02:32:30,4,-89.1006524188342
2025-04-02 02:32:40,1,-36.8124552684737
2025-04-02 02:32:50,2,-64.5457687723943
2025-04-02 02:33:00,3,-85.5364260160522
2025-04-02 02:33:10,4,-97.5916761938738
2025-04-02 02:33:20,1,-58.7785252292443
2025-04-02 02:33:30,2,-81.5127795728556
2025-04-02 02:33:40,3,-95.731949753208
2025-04-02 02:33:50,4,-99.9506560365732
2025-04-02 02:34:00,1,-77.0513242775773
2025-04-02 02:34:10,2,-93.3580426497207
2025-04-02 02:34:20,3,-99.9122830098861
2025-04-02 02:34:30,4,-96.0293685676948
2025-04-02 02:34:40,1,-90.4827052466014
2025-04-02 02:34:50,2,-99.3372765600387
2025-04-02 02:35:00,3,-97.8147600733791
2025-04-02 02:35:10,4,-86.0742027003946
2025-04-02 02:35:20,1,-98.2287250728689
2025-04-02 02:35:30,2,-99.0747840471453
2025-04-02 02:35:40,3,-89.5711760239377
2025-04-02 02:35:50,4,-70.7106781186542
2025-04-02 02:36:00,1,-99.8026728428271
2025-04-02 02:36:10,2,-92.5870584810017
2025-04-02 02:36:20,3,-75.6995055651769
2025-04-02 02:36:30,4,-50.9041415750354
2025-04-02 02:36:40,1,-95.1056516295145
2025-04-02 02:36:50,2,-80.2817475191143
2025-04-02 02:37:00,3,-57.0713567684437
2025-04-02 02:37:10,4,-27.8991106039197
2025-04-02 02:37:20,1,-84.4327925501994
2025-04-02 02:37:30,2,-62.9320391049864
2025-04-02 02:37:40,3,-34.857204732181
2025-04-02 02:37:50,4,-3.1410759078196
2025-04-02 02:38:00,1,-68.4547105928651
2025-04-02 02:38:10,2,-41.6280792260421
2025-04-02 02:38:20,3,-10.4528463267635
2025-04-02 02:38:30,4,21.8143241396489
2025-04-02 02:38:40,1,-48.1753674101659
2025-04-02 02:38:50,2,-17.7084740319592
2025-04-02 02:39:00,3,14.6083028562443
2025-04-02 02:39:10,4,45.3990499739509
2025-04-02 02:39:20,1,-24.868988716489
2025-04-02 02:39:30,2,7.32381971276356
2025-04-02 02:39:40,3,38.7515586452144
2025-04-02 02:39:50,4,66.131186532363
2025-04-02 02:40:00,1,-2.35132185436292e-12
2025-04-02 02:40:10,2,31.8959309298086
2025-04-02 02:40:20,3,60.459911486242
2025-04-02 02:40:30,4,82.7080574274552
2025-04-02 02:40:40,1,24.8689887164844
2025-04-02 02:40:50,2,54.4639035014957
2025-04-02 02:41:00,3,78.3693457325883
2025-04-02 02:41:10,4,94.0880768954224
2025-04-02 02:41:20,1,48.1753674101717
2025-04-02 02:41:30,2,73.6097087119686
2025-04-02 02:41:40,3,91.3545457642634
2025-04-02 02:41:50,4,99.5561964603081
2025-04-02 02:42:00,1,68.4547105928699
2025-04-02 02:42:10,2,88.1303452064965
2025-04-02 02:42:20,3,98.5996037070502
2025-04-02 02:42:30,4,98.7688340595134
2025-04-02 02:42:40,1,84.432792550203
2025-04-02 02:42:50,2,97.1134279909625
2025-04-02 02:43:00,3,99.6492859249505
2025-04-02 02:43:10,4,91.7754625683967
2025-04-02 02:43:20,1,95.1056516295166
2025-04-02 02:43:30,2,99.9945169365512
2025-04-02 02:43:40,3,94.4376370237479
2025-04-02 02:43:50,4,79.0155012375731
2025-04-02 02:44:00,1,99.8026728428275
2025-04-02 02:44:10,2,96.5925826289074
2025-04-02 02:44:20,3,83.2921240710089
2025-04-02 02:44:30,4,61.2907053653019
2025-04-02 02:44:40,1,98.2287250728676
2025-04-02 02:44:50,2,87.1213811120193
2025-04-02 02:45:00,3,66.9130606358834
2025-04-02 02:45:10,4,39.7147890634818
2025-04-02 02:45:20,1,90.4827052466034
2025-04-02 02:45:30,2,72.1760228098359
2025-04-02 02:45:40,3,46.3296035119821
2025-04-02 02:45:50,4,15.6434465040259
2025-04-02 02:46:00,1,77.0513242775803
2025-04-02 02:46:10,2,52.6955795496662
2025-04-02 02:46:20,3,22.8350870110599
2025-04-02 02:46:30,4,-9.41083133184991
2025-04-02 02:46:40,1,58.7785252292481
2025-04-02 02:46:50,2,29.9040792256166
2025-04-02 02:47:00,3,-2.09424198834279
2025-04-02 02:47:10,4,-33.8737920245289
2025-04-02 02:47:20,1,36.8124552684675
2025-04-02 02:47:30,2,5.23359562430139
2025-04-02 02:47:40,3,-26.8919820615346
2025-04-02 02:47:50,4,-56.2083377852139
2025-04-02 02:48:00,1,12.5333233564288
2025-04-02 02:48:10,2,-19.765734037907
2025-04-02 02:48:20,3,-49.9999999999985
2025-04-02 02:48:30,4,-75.0111069630475
2025-04-02 02:48:40,1,-12.5333233564333
2025-04-02 02:48:50,2,-43.5231099372287
2025-04-02 02:49:00,3,-69.9663340513362
2025-04-02 02:49:10,4,-89.1006524188384
2025-04-02 02:49:20,1,-36.8124552684717
2025-04-02 02:49:30,2,-64.5457687723926
2025-04-02 02:49:40,3,-85.5364260160511
2025-04-02 02:49:50,4,-97.5916761938733
2025-04-02 02:50:00,1,-58.7785252292517
2025-04-02 02:50:10,2,-81.5127795728543
2025-04-02 02:50:20,3,-95.7319497532073
2025-04-02 02:50:30,4,-99.9506560365733
2025-04-02 02:50:40,1,-77.0513242775832
2025-04-02 02:50:50,2,-93.3580426497199
2025-04-02 02:51:00,3,-99.912283009886
2025-04-02 02:51:10,4,-96.0293685676954
2025-04-02 02:51:20,1,-90.4827052466005
2025-04-02 02:51:30,2,-99.3372765600397
2025-04-02 02:51:40,3,-97.8147600733796
2025-04-02 02:51:50,4,-86.0742027003957
2025-04-02 02:52:00,1,-98.2287250728685
2025-04-02 02:52:10,2,-99.0747840471441
2025-04-02 02:52:20,3,-89.5711760239386
2025-04-02 02:52:30,4,-70.7106781186557
2025-04-02 02:52:40,1,-99.8026728428272
2025-04-02 02:52:50,2,-92.5870584810026
2025-04-02 02:53:00,3,-75.6995055651709
2025-04-02 02:53:10,4,-50.9041415750372
2025-04-02 02:53:20,1,-95.1056516295152
2025-04-02 02:53:30,2,-80.2817475191156
2025-04-02 02:53:40,3,-57.0713567684362
2025-04-02 02:53:50,4,-27.8991106039218
2025-04-02 02:54:00,1,-84.4327925502006
2025-04-02 02:54:10,2,-62.9320391049881
2025-04-02 02:54:20,3,-34.857204732183
2025-04-02 02:54:30,4,-3.14107590781039
2025-04-02 02:54:40,1,-68.4547105928667
2025-04-02 02:54:50,2,-41.628079226044
2025-04-02 02:55:00,3,-10.4528463267656
2025-04-02 02:55:10,4,21.8143241396579
2025-04-02 02:55:20,1,-48.1753674101678
2025-04-02 02:55:30,2,-17.7084740319613
2025-04-02 02:55:40,3,14.6083028562421
2025-04-02 02:55:50,4,45.399049973949
2025-04-02 02:56:00,1,-24.8689887164801
2025-04-02 02:56:10,2,7.32381971276141
2025-04-02 02:56:20,3,38.7515586452124
2025-04-02 02:56:30,4,66.1311865323614
2025-04-02 02:56:40,1,6.86124077453544e-12
2025-04-02 02:56:50,2,31.8959309298065
2025-04-02 02:57:00,3,60.4599114862403
2025-04-02 02:57:10,4,82.708057427454
2025-04-02 02:57:20,1,24.8689887164824
2025-04-02 02:57:30,2,54.4639035015034
2025-04-02 02:57:40,3,78.369345732587
2025-04-02 02:57:50,4,94.0880768954217
2025-04-02 02:58:00,1,48.1753674101698
2025-04-02 02:58:10,2,73.6097087119748
2025-04-02 02:58:20,3,91.3545457642626
2025-04-02 02:58:30,4,99.5561964603079
2025-04-02 02:58:40,1,68.4547105928684
2025-04-02 02:58:50,2,88.1303452064954
2025-04-02 02:59:00,3,98.5996037070517
2025-04-02 02:59:10,4,98.7688340595138
2025-04-02 02:59:20,1,84.4327925502018
2025-04-02 02:59:30,2,97.113427990962
2025-04-02 02:59:40,3,99.6492859249497
2025-04-02 02:59:50,4,91.7754625683976
2025-04-02 03:00:00,1,95.1056516295159
2025-04-02 03:00:10,2,99.9945169365513
2025-04-02 03:00:20,3,94.4376370237486
2025-04-02 03:00:30,4,79.0155012375675
2025-04-02 03:00:40,1,99.8026728428273
2025-04-02 03:00:50,2,96.5925826289079
2025-04-02 03:01:00,3,83.29212407101
2025-04-02 03:01:10,4,61.2907053652946
2025-04-02 03:01:20,1,98.228725072868
2025-04-02 03:01:30,2,87.1213811120204
2025-04-02 03:01:40,3,66.913060635885
2025-04-02 03:01:50,4,39.7147890634838
2025-04-02 03:02:00,1,90.4827052465995
2025-04-02 03:02:10,2,72.1760228098373
2025-04-02 03:02:20,3,46.3296035119841
2025-04-02 03:02:30,4,15.643446504028
2025-04-02 03:02:40,1,77.0513242775745
2025-04-02 03:02:50,2,52.6955795496681
2025-04-02 03:03:00,3,22.835087011062
2025-04-02 03:03:10,4,-9.41083133184776
2025-04-02 03:03:20,1,58.7785252292498
2025-04-02 03:03:30,2,29.9040792256078
2025-04-02 03:03:40,3,-2.09424198834064
2025-04-02 03:03:50,4,-33.8737920245269
2025-04-02 03:04:00,1,36.8124552684695
2025-04-02 03:04:10,2,5.23359562430354
2025-04-02 03:04:20,3,-26.8919820615326
2025-04-02 03:04:30,4,-56.2083377852121
2025-04-02 03:04:40,1,12.533323356431
2025-04-02 03:04:50,2,-19.7657340379049
2025-04-02 03:05:00,3,-50.0000000000065
2025-04-02 03:05:10,4,-75.011106963046
2025-04-02 03:05:20,1,-12.5333233564312
2025-04-02 03:05:30,2,-43.5231099372268
2025-04-02 03:05:40,3,-69.9663340513347
2025-04-02 03:05:50,4,-89.1006524188374
2025-04-02 03:06:00,1,-36.8124552684697
2025-04-02 03:06:10,2,-64.545768772391
2025-04-02 03:06:20,3,-85.53642601605
2025-04-02 03:06:30,4,-97.5916761938753
2025-04-02 03:06:40,1,-58.77852522925
2025-04-02 03:06:50,2,-81.5127795728531
2025-04-02 03:07:00,3,-95.7319497532067
2025-04-02 03:07:10,4,-99.9506560365734
2025-04-02 03:07:20,1,-77.0513242775818
2025-04-02 03:07:30,2,-93.3580426497192
2025-04-02 03:07:40,3,-99.9122830098859
2025-04-02 03:07:50,4,-96.029368567696
2025-04-02 03:08:00,1,-90.4827052466044
2025-04-02 03:08:10,2,-99.3372765600395
2025-04-02 03:08:20,3,-97.81476007338
2025-04-02 03:08:30,4,-86.0742027003968
2025-04-02 03:08:40,1,-98.2287250728681
2025-04-02 03:08:50,2,-99.0747840471444
2025-04-02 03:09:00,3,-89.5711760239396
2025-04-02 03:09:10,4,-70.7106781186573
2025-04-02 03:09:20,1,-99.8026728428273
2025-04-02 03:09:30,2,-92.5870584809991
2025-04-02 03:09:40,3,-75.6995055651723
2025-04-02 03:09:50,4,-50.9041415750391
2025-04-02 03:10:00,1,-95.1056516295159
2025-04-02 03:10:10,2,-80.2817475191168
2025-04-02 03:10:20,3,-57.071356768438
2025-04-02 03:10:30,4,-27.8991106039239
2025-04-02 03:10:40,1,-84.4327925502017
2025-04-02 03:10:50,2,-62.9320391049898
2025-04-02 03:11:00,3,-34.8572047321744
2025-04-02 03:11:10,4,-3.14107590781255
2025-04-02 03:11:20,1,-68.4547105928682
2025-04-02 03:11:30,2,-41.628079226046
2025-04-02 03:11:40,3,-10.4528463267678
2025-04-02 03:11:50,4,21.8143241396558
2025-04-02 03:12:00,1,-48.1753674101696
2025-04-02 03:12:10,2,-17.7084740319634
2025-04-02 03:12:20,3,14.60830285624
2025-04-02 03:12:30,4,45.3990499739572
2025-04-02 03:12:40,1,-24.8689887164822
2025-04-02 03:12:50,2,7.32381971275926
2025-04-02 03:13:00,3,38.7515586452104
2025-04-02 03:13:10,4,66.1311865323597
2025-04-02 03:13:20,1,4.70511963127219e-12
2025-04-02 03:13:30,2,31.8959309298045
2025-04-02 03:13:40,3,60.4599114862386
2025-04-02 03:13:50,4,82.7080574274528
2025-04-02 03:14:00,1,24.8689887164913
2025-04-02 03:14:10,2,54.4639035015016
2025-04-02 03:14:20,3,78.3693457325856
2025-04-02 03:14:30,4,94.088076895421
2025-04-02 03:14:40,1,48.1753674101679
2025-04-02 03:14:50,2,73.6097087119734
2025-04-02 03:15:00,3,91.3545457642617
2025-04-02 03:15:10,4,99.5561964603077
2025-04-02 03:15:20,1,68.4547105928668
2025-04-02 03:15:30,2,88.1303452064998
2025-04-02 03:15:40,3,98.5996037070514
2025-04-02 03:15:50,4,98.7688340595141
2025-04-02 03:16:00,1,84.4327925502007
2025-04-02 03:16:10,2,97.1134279909615
2025-04-02 03:16:20,3,99.6492859249499
2025-04-02 03:16:30,4,91.7754625683985
2025-04-02 03:16:40,1,95.1056516295153
2025-04-02 03:16:50,2,99.9945169365513
2025-04-02 03:17:00,3,94.4376370237456
2025-04-02 03:17:10,4,79.0155012375688
2025-04-02 03:17:20,1,99.8026728428272
2025-04-02 03:17:30,2,96.5925826289085
2025-04-02 03:17:40,3,83.2921240710112
2025-04-02 03:17:50,4,61.2907053652963
2025-04-02 03:18:00,1,98.2287250728684
2025-04-02 03:18:10,2,87.1213811120214
2025-04-02 03:18:20,3,66.9130606358866
2025-04-02 03:18:30,4,39.7147890634753
2025-04-02 03:18:40,1,90.4827052466004
2025-04-02 03:18:50,2,72.1760228098388
2025-04-02 03:19:00,3,46.329603511986
2025-04-02 03:19:10,4,15.6434465040301
2025-04-02 03:19:20,1,77.0513242775758
2025-04-02 03:19:30,2,52.6955795496699
2025-04-02 03:19:40,3,22.8350870110641
2025-04-02 03:19:50,4,-9.41083133184562
2025-04-02 03:20:00,1,58.7785252292424
2025-04-02 03:20:10,2,29.9040792256098
2025-04-02 03:20:20,3,-2.09424198833848
2025-04-02 03:20:30,4,-33.8737920245248
2025-04-02 03:20:40,1,36.8124552684715
2025-04-02 03:20:50,2,5.23359562429434
2025-04-02 03:21:00,3,-26.8919820615305
2025-04-02 03:21:10,4,-56.2083377852103
2025-04-02 03:21:20,1,12.5333233564331
2025-04-02 03:21:30,2,-19.7657340379139
2025-04-02 03:21:40,3,-50.0000000000046
2025-04-02 03:21:50,4,-75.0111069630446
2025-04-02 03:22:00,1,-12.533323356429
2025-04-02 03:22:10,2,-43.5231099372249
2025-04-02 03:22:20,3,-69.9663340513413
2025-04-02 03:22:30,4,-89.1006524188365
2025-04-02 03:22:40,1,-36.8124552684677
2025-04-02 03:22:50,2,-64.5457687723893
2025-04-02 03:23:00,3,-85.5364260160548
2025-04-02 03:23:10,4,-97.5916761938749
2025-04-02 03:23:20,1,-58.7785252292482
2025-04-02 03:23:30,2,-81.5127795728518
2025-04-02 03:23:40,3,-95.7319497532061
2025-04-02 03:23:50,4,-99.9506560365731
2025-04-02 03:24:00,1,-77.0513242775805
2025-04-02 03:24:10,2,-93.3580426497184
2025-04-02 03:24:20,3,-99.9122830098858
2025-04-02 03:24:30,4,-96.0293685676934
2025-04-02 03:24:40,1,-90.4827052466035
2025-04-02 03:24:50,2,-99.3372765600392
2025-04-02 03:25:00,3,-97.8147600733805
2025-04-02 03:25:10,4,-86.0742027003979
2025-04-02 03:25:20,1,-98.2287250728698
2025-04-02 03:25:30,2,-99.0747840471447
2025-04-02 03:25:40,3,-89.5711760239406
2025-04-02 03:25:50,4,-70.7106781186588
2025-04-02 03:26:00,1,-99.8026728428268
2025-04-02 03:26:10,2,-92.5870584809999
2025-04-02 03:26:20,3,-75.6995055651737
2025-04-02 03:26:30,4,-50.9041415750409
2025-04-02 03:26:40,1,-95.1056516295165
2025-04-02 03:26:50,2,-80.2817475191113
2025-04-02 03:27:00,3,-57.0713567684397
2025-04-02 03:27:10,4,-27.899110603926
2025-04-02 03:27:20,1,-84.4327925502029
2025-04-02 03:27:30,2,-62.9320391049826
2025-04-02 03:27:40,3,-34.8572047321764
2025-04-02 03:27:50,4,-3.1410759078147
2025-04-02 03:28:00,1,-68.4547105928698
2025-04-02 03:28:10,2,-41.628079226048
2025-04-02 03:28:20,3,-10.4528463267586
2025-04-02 03:28:30,4,21.8143241396537
2025-04-02 03:28:40,1,-48.1753674101715
2025-04-02 03:28:50,2,-17.7084740319656
2025-04-02 03:29:00,3,14.6083028562491
2025-04-02 03:29:10,4,45.3990499739553
2025-04-02 03:29:20,1,-24.8689887164842
2025-04-02 03:29:30,2,7.32381971275711
2025-04-02 03:29:40,3,38.7515586452084
2025-04-02 03:29:50,4,66.1311865323667
2025-04-02 03:30:00,1,2.54899848800894e-12
2025-04-02 03:30:10,2,31.8959309298024
2025-04-02 03:30:20,3,60.4599114862369
2025-04-02 03:30:30,4,82.708057427458
2025-04-02 03:30:40,1,24.8689887164892
2025-04-02 03:30:50,2,54.4639035014998
2025-04-02 03:31:00,3,78.3693457325843
2025-04-02 03:31:10,4,94.0880768954202
2025-04-02 03:31:20,1,48.175367410176
2025-04-02 03:31:30,2,73.6097087119719
2025-04-02 03:31:40,3,91.3545457642608
2025-04-02 03:31:50,4,99.5561964603075
2025-04-02 03:32:00,1,68.4547105928735
2025-04-02 03:32:10,2,88.1303452064988
2025-04-02 03:32:20,3,98.599603707051
2025-04-02 03:32:30,4,98.7688340595144
2025-04-02 03:32:40,1,84.4327925501995
2025-04-02 03:32:50,2,97.1134279909637
2025-04-02 03:33:00,3,99.6492859249501
2025-04-02 03:33:10,4,91.7754625683993
2025-04-02 03:33:20,1,95.1056516295146
2025-04-02 03:33:30,2,99.9945169365512
2025-04-02 03:33:40,3,94.4376370237463
2025-04-02 03:33:50,4,79.0155012375701
2025-04-02 03:34:00,1,99.8026728428271
2025-04-02 03:34:10,2,96.592582628909
2025-04-02 03:34:20,3,83.2921240710061
2025-04-02 03:34:30,4,61.290705365298
2025-04-02 03:34:40,1,98.2287250728689
2025-04-02 03:34:50,2,87.1213811120225
2025-04-02 03:35:00,3,66.9130606358797
2025-04-02 03:35:10,4,39.7147890634773
2025-04-02 03:35:20,1,90.4827052466014
2025-04-02 03:35:30,2,72.1760228098403
2025-04-02 03:35:40,3,46.3296035119879
2025-04-02 03:35:50,4,15.643446504021
2025-04-02 03:36:00,1,77.0513242775772
2025-04-02 03:36:10,2,52.6955795496717
2025-04-02 03:36:20,3,22.8350870110662
2025-04-02 03:36:30,4,-9.41083133185479
2025-04-02 03:36:40,1,58.7785252292441
2025-04-02 03:36:50,2,29.9040792256119
2025-04-02 03:37:00,3,-2.09424198833633
2025-04-02 03:37:10,4,-33.8737920245228
2025-04-02 03:37:20,1,36.8124552684629
2025-04-02 03:37:30,2,5.23359562429649
2025-04-02 03:37:40,3,-26.8919820615284
2025-04-02 03:37:50,4,-56.2083377852086
2025-04-02 03:38:00,1,12.533323356424
2025-04-02 03:38:10,2,-19.7657340379118
2025-04-02 03:38:20,3,-50.0000000000028
2025-04-02 03:38:30,4,-75.0111069630432
2025-04-02 03:38:40,1,-12.5333233564269
2025-04-02 03:38:50,2,-43.5231099372332
2025-04-02 03:39:00,3,-69.9663340513397
2025-04-02 03:39:10,4,-89.1006524188355
2025-04-02 03:39:20,1,-36.8124552684657
2025-04-02 03:39:30,2,-64.5457687723964
2025-04-02 03:39:40,3,-85.5364260160536
2025-04-02 03:39:50,4,-97.5916761938744
2025-04-02 03:40:00,1,-58.7785252292465
2025-04-02 03:40:10,2,-81.5127795728506
2025-04-02 03:40:20,3,-95.7319497532088
2025-04-02 03:40:30,4,-99.9506560365732
2025-04-02 03:40:40,1,-77.0513242775791
2025-04-02 03:40:50,2,-93.3580426497176
2025-04-02 03:41:00,3,-99.9122830098862
2025-04-02 03:41:10,4,-96.029368567694
2025-04-02 03:41:20,1,-90.4827052466026
2025-04-02 03:41:30,2,-99.337276560039
2025-04-02 03:41:40,3,-97.8147600733809
2025-04-02 03:41:50,4,-86.0742027003932
2025-04-02 03:42:00,1,-98.2287250728694
2025-04-02 03:42:10,2,-99.074784047145
2025-04-02 03:42:20,3,-89.5711760239415
2025-04-02 03:42:30,4,-70.7106781186523
2025-04-02 03:42:40,1,-99.8026728428269
2025-04-02 03:42:50,2,-92.5870584810007
2025-04-02 03:43:00,3,-75.6995055651751
2025-04-02 03:43:10,4,-50.9041415750428
2025-04-02 03:43:20,1,-95.1056516295137
2025-04-02 03:43:30,2,-80.2817475191126
2025-04-02 03:43:40,3,-57.0713567684415
2025-04-02 03:43:50,4,-27.899110603928
2025-04-02 03:44:00,1,-84.4327925501979
2025-04-02 03:44:10,2,-62.9320391049843
2025-04-02 03:44:20,3,-34.8572047321784
2025-04-02 03:44:30,4,-3.14107590781686
2025-04-02 03:44:40,1,-68.4547105928714
2025-04-02 03:44:50,2,-41.6280792260396
2025-04-02 03:45:00,3,-10.4528463267608
2025-04-02 03:45:10,4,21.8143241396516
2025-04-02 03:45:20,1,-48.1753674101734
2025-04-02 03:45:30,2,-17.7084740319565
2025-04-02 03:45:40,3,14.608302856247
2025-04-02 03:45:50,4,45.3990499739534
2025-04-02 03:46:00,1,-24.8689887164863
2025-04-02 03:46:10,2,7.32381971275496
2025-04-02 03:46:20,3,38.7515586452169
2025-04-02 03:46:30,4,66.131186532365
2025-04-02 03:46:40,1,3.92877344745694e-13
2025-04-02 03:46:50,2,31.8959309298004
2025-04-02 03:47:00,3,60.4599114862442
2025-04-02 03:47:10,4,82.7080574274568
2025-04-02 03:47:20,1,24.8689887164871
2025-04-02 03:47:30,2,54.4639035014979
2025-04-02 03:47:40,3,78.369345732583
2025-04-02 03:47:50,4,94.0880768954233
2025-04-02 03:48:00,1,48.1753674101741
2025-04-02 03:48:10,2,73.6097087119705
2025-04-02 03:48:20,3,91.3545457642599
2025-04-02 03:48:30,4,99.5561964603083
2025-04-02 03:48:40,1,68.4547105928719
2025-04-02 03:48:50,2,88.1303452064978
2025-04-02 03:49:00,3,98.5996037070506
2025-04-02 03:49:10,4,98.7688340595148
2025-04-02 03:49:20,1,84.4327925502045
2025-04-02 03:49:30,2,97.1134279909632
2025-04-02 03:49:40,3,99.6492859249502
2025-04-02 03:49:50,4,91.7754625684002
2025-04-02 03:50:00,1,95.1056516295175
2025-04-02 03:50:10,2,99.9945169365512
2025-04-02 03:50:20,3,94.437637023747
2025-04-02 03:50:30,4,79.0155012375714
2025-04-02 03:50:40,1,99.802672842827
2025-04-02 03:50:50,2,96.5925826289066
2025-04-02 03:51:00,3,83.2921240710073
2025-04-02 03:51:10,4,61.2907053652997
2025-04-02 03:51:20,1,98.2287250728693
2025-04-02 03:51:30,2,87.121381112018
2025-04-02 03:51:40,3,66.9130606358814
2025-04-02 03:51:50,4,39.7147890634793
2025-04-02 03:52:00,1,90.4827052466023
2025-04-02 03:52:10,2,72.1760228098418
2025-04-02 03:52:20,3,46.3296035119797
2025-04-02 03:52:30,4,15.6434465040231
2025-04-02 03:52:40,1,77.0513242775786
2025-04-02 03:52:50,2,52.6955795496736
2025-04-02 03:53:00,3,22.8350870110572
2025-04-02 03:53:10,4,-9.41083133185264
2025-04-02 03:53:20,1,58.7785252292459
2025-04-02 03:53:30,2,29.904079225614
2025-04-02 03:53:40,3,-2.09424198833417
2025-04-02 03:53:50,4,-33.8737920245315
2025-04-02 03:54:00,1,36.8124552684649
2025-04-02 03:54:10,2,5.23359562429864
2025-04-02 03:54:20,3,-26.8919820615263
2025-04-02 03:54:30,4,-56.2083377852162
2025-04-02 03:54:40,1,12.5333233564261
2025-04-02 03:54:50,2,-19.7657340379097
2025-04-02 03:55:00,3,-50.0000000000009
2025-04-02 03:55:10,4,-75.0111069630418
2025-04-02 03:55:20,1,-12.533323356436
2025-04-02 03:55:30,2,-43.5231099372312
2025-04-02 03:55:40,3,-69.9663340513382
2025-04-02 03:55:50,4,-89.1006524188345
2025-04-02 03:56:00,1,-36.8124552684742
2025-04-02 03:56:10,2,-64.5457687723947
2025-04-02 03:56:20,3,-85.5364260160525
2025-04-02 03:56:30,4,-97.5916761938739
2025-04-02 03:56:40,1,-58.7785252292447
2025-04-02 03:56:50,2,-81.5127795728559
2025-04-02 03:57:00,3,-95.7319497532081
2025-04-02 03:57:10,4,-99.9506560365732
2025-04-02 03:57:20,1,-77.0513242775777
2025-04-02 03:57:30,2,-93.3580426497209
2025-04-02 03:57:40,3,-99.9122830098861
2025-04-02 03:57:50,4,-96.0293685676946
2025-04-02 03:58:00,1,-90.4827052466017
2025-04-02 03:58:10,2,-99.3372765600387
2025-04-02 03:58:20,3,-97.814760073379
2025-04-02 03:58:30,4,-86.0742027003943
2025-04-02 03:58:40,1,-98.228725072869
2025-04-02 03:58:50,2,-99.0747840471453
2025-04-02 03:59:00,3,-89.5711760239374
2025-04-02 03:59:10,4,-70.7106781186538
2025-04-02 03:59:20,1,-99.802672842827
2025-04-02 03:59:30,2,-92.5870584810015
2025-04-02 03:59:40,3,-75.6995055651766
2025-04-02 03:59:50,4,-50.9041415750349
2025-04-02 04:00:00,1,-95.1056516295144
2025-04-02 04:00:10,2,-80.2817475191139
2025-04-02 04:00:20,3,-57.0713567684433
2025-04-02 04:00:30,4,-27.8991106039192
2025-04-02 04:00:40,1,-84.4327925501991
2025-04-02 04:00:50,2,-62.932039104986
2025-04-02 04:01:00,3,-34.8572047321804
2025-04-02 04:01:10,4,-3.14107590781901
2025-04-02 04:01:20,1,-68.4547105928647
2025-04-02 04:01:30,2,-41.6280792260416
2025-04-02 04:01:40,3,-10.4528463267629
2025-04-02 04:01:50,4,21.8143241396495
2025-04-02 04:02:00,1,-48.1753674101654
2025-04-02 04:02:10,2,-17.7084740319586
2025-04-02 04:02:20,3,14.6083028562448
2025-04-02 04:02:30,4,45.3990499739514
2025-04-02 04:02:40,1,-24.8689887164884
2025-04-02 04:02:50,2,7.32381971276414
2025-04-02 04:03:00,3,38.7515586452149
2025-04-02 04:03:10,4,66.1311865323634
2025-04-02 04:03:20,1,-1.76324379851755e-12
2025-04-02 04:03:30,2,31.8959309297984
2025-04-02 04:03:40,3,60.4599114862425
2025-04-02 04:03:50,4,82.7080574274556
2025-04-02 04:04:00,1,24.868988716485
2025-04-02 04:04:10,2,54.4639035014961
2025-04-02 04:04:20,3,78.3693457325887
2025-04-02 04:04:30,4,94.0880768954226
2025-04-02 04:04:40,1,48.1753674101722
2025-04-02 04:04:50,2,73.609708711969
2025-04-02 04:05:00,3,91.3545457642591
2025-04-02 04:05:10,4,99.5561964603081
2025-04-02 04:05:20,1,68.4547105928704
2025-04-02 04:05:30,2,88.1303452064967
2025-04-02 04:05:40,3,98.5996037070503
2025-04-02 04:05:50,4,98.7688340595133
2025-04-02 04:06:00,1,84.4327925502033
2025-04-02 04:06:10,2,97.1134279909626
2025-04-02 04:06:20,3,99.6492859249504
2025-04-02 04:06:30,4,91.775462568401
2025-04-02 04:06:40,1,95.1056516295168
2025-04-02 04:06:50,2,99.9945169365512
2025-04-02 04:07:00,3,94.4376370237477
2025-04-02 04:07:10,4,79.0155012375727
2025-04-02 04:07:20,1,99.8026728428275
2025-04-02 04:07:30,2,96.5925826289072
2025-04-02 04:07:40,3,83.2921240710085
2025-04-02 04:07:50,4,61.2907053653014
2025-04-02 04:08:00,1,98.2287250728697
2025-04-02 04:08:10,2,87.121381112019
2025-04-02 04:08:20,3,66.913060635883
2025-04-02 04:08:30,4,39.7147890634813
2025-04-02 04:08:40,1,90.4827052466032
2025-04-02 04:08:50,2,72.1760228098354
2025-04-02 04:09:00,3,46.3296035119816
2025-04-02 04:09:10,4,15.6434465040253
2025-04-02 04:09:20,1,77.05132427758
2025-04-02 04:09:30,2,52.6955795496754
2025-04-02 04:09:40,3,22.8350870110593
2025-04-02 04:09:50,4,-9.4108313318505
2025-04-02 04:10:00,1,58.7785252292476
2025-04-02 04:10:10,2,29.904079225616
2025-04-02 04:10:20,3,-2.09424198834338
2025-04-02 04:10:30,4,-33.8737920245295
2025-04-02 04:10:40,1,36.8124552684669
2025-04-02 04:10:50,2,5.2335956243008
2025-04-02 04:11:00,3,-26.8919820615243
2025-04-02 04:11:10,4,-56.2083377852144
2025-04-02 04:11:20,1,12.5333233564282
2025-04-02 04:11:30,2,-19.7657340379076
2025-04-02 04:11:40,3,-49.999999999999
2025-04-02 04:11:50,4,-75.0111069630479
2025-04-02 04:12:00,1,-12.5333233564339
2025-04-02 04:12:10,2,-43.5231099372293
2025-04-02 04:12:20,3,-69.9663340513367
2025-04-02 04:12:30,4,-89.1006524188335
2025-04-02 04:12:40,1,-36.8124552684722
2025-04-02 04:12:50,2,-64.5457687723931
2025-04-02 04:13:00,3,-85.5364260160514
2025-04-02 04:13:10,4,-97.5916761938734
2025-04-02 04:13:20,1,-58.7785252292522
2025-04-02 04:13:30,2,-81.5127795728547
2025-04-02 04:13:40,3,-95.7319497532075
2025-04-02 04:13:50,4,-99.9506560365733
2025-04-02 04:14:00,1,-77.0513242775763
2025-04-02 04:14:10,2,-93.3580426497202
2025-04-02 04:14:20,3,-99.912283009886
2025-04-02 04:14:30,4,-96.0293685676952
2025-04-02 04:14:40,1,-90.4827052466008
2025-04-02 04:14:50,2,-99.3372765600398
2025-04-02 04:15:00,3,-97.8147600733795
2025-04-02 04:15:10,4,-86.0742027003954
2025-04-02 04:15:20,1,-98.2287250728686
2025-04-02 04:15:30,2,-99.0747840471456
2025-04-02 04:15:40,3,-89.5711760239384
2025-04-02 04:15:50,4,-70.7106781186553
2025-04-02 04:16:00,1,-99.8026728428272
2025-04-02 04:16:10,2,-92.5870584810023
2025-04-02 04:16:20,3,-75.6995055651705
2025-04-02 04:16:30,4,-50.9041415750367
2025-04-02 04:16:40,1,-95.105651629515
2025-04-02 04:16:50,2,-80.2817475191152
2025-04-02 04:17:00,3,-57.071356768445
2025-04-02 04:17:10,4,-27.8991106039212
2025-04-02 04:17:20,1,-84.4327925502002
2025-04-02 04:17:30,2,-62.9320391049876
2025-04-02 04:17:40,3,-34.8572047321825
2025-04-02 04:17:50,4,-3.1410759078098
2025-04-02 04:18:00,1,-68.4547105928662
2025-04-02 04:18:10,2,-41.6280792260435
2025-04-02 04:18:20,3,-10.4528463267651
2025-04-02 04:18:30,4,21.8143241396474
2025-04-02 04:18:40,1,-48.1753674101672
2025-04-02 04:18:50,2,-17.7084740319607
2025-04-02 04:19:00,3,14.6083028562427
2025-04-02 04:19:10,4,45.3990499739495
2025-04-02 04:19:20,1,-24.8689887164795
2025-04-02 04:19:30,2,7.32381971276199
2025-04-02 04:19:40,3,38.7515586452129
2025-04-02 04:19:50,4,66.1311865323618
2025-04-02 04:20:00,1,-3.9193649417808e-12
2025-04-02 04:20:10,2,31.8959309298071
2025-04-02 04:20:20,3,60.4599114862408
2025-04-02 04:20:30,4,82.7080574274544
2025-04-02 04:20:40,1,24.8689887164829
2025-04-02 04:20:50,2,54.4639035015039
2025-04-02 04:21:00,3,78.3693457325873
2025-04-02 04:21:10,4,94.0880768954219
2025-04-02 04:21:20,1,48.1753674101703
2025-04-02 04:21:30,2,73.6097087119675
2025-04-02 04:21:40,3,91.3545457642628
2025-04-02 04:21:50,4,99.5561964603079
2025-04-02 04:22:00,1,68.4547105928688
2025-04-02 04:22:10,2,88.1303452064957
2025-04-02 04:22:20,3,98.5996037070518
2025-04-02 04:22:30,4,98.7688340595137
2025-04-02 04:22:40,1,84.4327925502022
2025-04-02 04:22:50,2,97.1134279909621
2025-04-02 04:23:00,3,99.6492859249506
2025-04-02 04:23:10,4,91.7754625683974
2025-04-02 04:23:20,1,95.1056516295161
2025-04-02 04:23:30,2,99.9945169365513
2025-04-02 04:23:40,3,94.4376370237484
2025-04-02 04:23:50,4,79.0155012375671
2025-04-02 04:24:00,1,99.8026728428274
2025-04-02 04:24:10,2,96.5925826289078
2025-04-02 04:24:20,3,83.2921240710097
2025-04-02 04:24:30,4,61.2907053653031
2025-04-02 04:24:40,1,98.2287250728679
2025-04-02 04:24:50,2,87.1213811120201
2025-04-02 04:25:00,3,66.9130606358846
2025-04-02 04:25:10,4,39.7147890634832
2025-04-02 04:25:20,1,90.4827052465993
2025-04-02 04:25:30,2,72.176022809837
2025-04-02 04:25:40,3,46.3296035119835
2025-04-02 04:25:50,4,15.6434465040274
2025-04-02 04:26:00,1,77.0513242775813
2025-04-02 04:26:10,2,52.6955795496676
2025-04-02 04:26:20,3,22.8350870110614
2025-04-02 04:26:30,4,-9.41083133184835
2025-04-02 04:26:40,1,58.7785252292493
2025-04-02 04:26:50,2,29.9040792256072
2025-04-02 04:27:00,3,-2.09424198834123
2025-04-02 04:27:10,4,-33.8737920245274
2025-04-02 04:27:20,1,36.8124552684689
2025-04-02 04:27:30,2,5.23359562430295
2025-04-02 04:27:40,3,-26.8919820615331
2025-04-02 04:27:50,4,-56.2083377852126
2025-04-02 04:28:00,1,12.5333233564304
2025-04-02 04:28:10,2,-19.7657340379055
2025-04-02 04:28:20,3,-50.000000000007
2025-04-02 04:28:30,4,-75.0111069630464
2025-04-02 04:28:40,1,-12.5333233564317
2025-04-02 04:28:50,2,-43.5231099372273
2025-04-02 04:29:00,3,-69.9663340513351
2025-04-02 04:29:10,4,-89.1006524188377
2025-04-02 04:29:20,1,-36.8124552684702
2025-04-02 04:29:30,2,-64.5457687723914
2025-04-02 04:29:40,3,-85.5364260160503
2025-04-02 04:29:50,4,-97.5916761938755
2025-04-02 04:30:00,1,-58.7785252292505
2025-04-02 04:30:10,2,-81.5127795728534
2025-04-02 04:30:20,3,-95.7319497532069
2025-04-02 04:30:30,4,-99.9506560365734
2025-04-02 04:30:40,1,-77.0513242775822
2025-04-02 04:30:50,2,-93.3580426497194
2025-04-02 04:31:00,3,-99.9122830098859
2025-04-02 04:31:10,4,-96.0293685676959
2025-04-02 04:31:20,1,-90.4827052466047
2025-04-02 04:31:30,2,-99.3372765600395
2025-04-02 04:31:40,3,-97.8147600733799
2025-04-02 04:31:50,4,-86.0742027003965
2025-04-02 04:32:00,1,-98.2287250728682
2025-04-02 04:32:10,2,-99.0747840471443
2025-04-02 04:32:20,3,-89.5711760239393
2025-04-02 04:32:30,4,-70.7106781186568
2025-04-02 04:32:40,1,-99.8026728428273
2025-04-02 04:32:50,2,-92.5870584809988
2025-04-02 04:33:00,3,-75.6995055651719
2025-04-02 04:33:10,4,-50.9041415750386
2025-04-02 04:33:20,1,-95.1056516295157
2025-04-02 04:33:30,2,-80.2817475191165
2025-04-02 04:33:40,3,-57.0713567684375
2025-04-02 04:33:50,4,-27.8991106039233
2025-04-02 04:34:00,1,-84.4327925502014
2025-04-02 04:34:10,2,-62.9320391049893
2025-04-02 04:34:20,3,-34.8572047321738
2025-04-02 04:34:30,4,-3.14107590781196
2025-04-02 04:34:40,1,-68.4547105928678
2025-04-02 04:34:50,2,-41.6280792260455
2025-04-02 04:35:00,3,-10.4528463267672
2025-04-02 04:35:10,4,21.8143241396564
2025-04-02 04:35:20,1,-48.1753674101691
2025-04-02 04:35:30,2,-17.7084740319629
2025-04-02 04:35:40,3,14.6083028562406
2025-04-02 04:35:50,4,45.3990499739577
2025-04-02 04:36:00,1,-24.8689887164816
2025-04-02 04:36:10,2,7.32381971275984
2025-04-02 04:36:20,3,38.7515586452109
2025-04-02 04:36:30,4,66.1311865323602
2025-04-02 04:36:40,1,5.29319768711755e-12
2025-04-02 04:36:50,2,31.8959309298051
2025-04-02 04:37:00,3,60.4599114862391
2025-04-02 04:37:10,4,82.7080574274532
2025-04-02 04:37:20,1,24.8689887164918
2025-04-02 04:37:30,2,54.4639035015021
2025-04-02 04:37:40,3,78.369345732586
2025-04-02 04:37:50,4,94.0880768954212
2025-04-02 04:38:00,1,48.1753674101684
2025-04-02 04:38:10,2,73.6097087119738
2025-04-02 04:38:20,3,91.3545457642619
2025-04-02 04:38:30,4,99.5561964603077
2025-04-02 04:38:40,1,68.4547105928672
2025-04-02 04:38:50,2,88.1303452065001
2025-04-02 04:39:00,3,98.5996037070515
2025-04-02 04:39:10,4,98.768834059514
2025-04-02 04:39:20,1,84.432792550201
2025-04-02 04:39:30,2,97.1134279909616
2025-04-02 04:39:40,3,99.6492859249498
2025-04-02 04:39:50,4,91.7754625683982
2025-04-02 04:40:00,1,95.1056516295154
2025-04-02 04:40:10,2,99.9945169365513
2025-04-02 04:40:20,3,94.4376370237454
2025-04-02 04:40:30,4,79.0155012375684
2025-04-02 04:40:40,1,99.8026728428272
2025-04-02 04:40:50,2,96.5925826289083
2025-04-02 04:41:00,3,83.2921240710109
2025-04-02 04:41:10,4,61.2907053652958
2025-04-02 04:41:20,1,98.2287250728683
2025-04-02 04:41:30,2,87.1213811120211
2025-04-02 04:41:40,3,66.9130606358862
2025-04-02 04:41:50,4,39.7147890634748
2025-04-02 04:42:00,1,90.4827052466002
2025-04-02 04:42:10,2,72.1760228098384
2025-04-02 04:42:20,3,46.3296035119855
2025-04-02 04:42:30,4,15.6434465040295
2025-04-02 04:42:40,1,77.0513242775755
2025-04-02 04:42:50,2,52.6955795496694
2025-04-02 04:43:00,3,22.8350870110635
2025-04-02 04:43:10,4,-9.4108313318462
2025-04-02 04:43:20,1,58.7785252292419
2025-04-02 04:43:30,2,29.9040792256093
2025-04-02 04:43:40,3,-2.09424198833907
2025-04-02 04:43:50,4,-33.8737920245254
2025-04-02 04:44:00,1,36.8124552684709
2025-04-02 04:44:10,2,5.23359562429375
2025-04-02 04:44:20,3,-26.891982061531
2025-04-02 04:44:30,4,-56.2083377852108
2025-04-02 04:44:40,1,12.5333233564325
2025-04-02 04:44:50,2,-19.7657340379145
2025-04-02 04:45:00,3,-50.0000000000051
2025-04-02 04:45:10,4,-75.011106963045
2025-04-02 04:45:20,1,-12.5333233564296
2025-04-02 04:45:30,2,-43.5231099372254
2025-04-02 04:45:40,3,-69.9663340513417
2025-04-02 04:45:50,4,-89.1006524188367
2025-04-02 04:46:00,1,-36.8124552684682
2025-04-02 04:46:10,2,-64.5457687723898
2025-04-02 04:46:20,3,-85.5364260160551
2025-04-02 04:46:30,4,-97.591676193875
2025-04-02 04:46:40,1,-58.7785252292487
2025-04-02 04:46:50,2,-81.5127795728522
2025-04-02 04:47:00,3,-95.7319497532063
2025-04-02 04:47:10,4,-99.9506560365731
2025-04-02 04:47:20,1,-77.0513242775808
2025-04-02 04:47:30,2,-93.3580426497186
2025-04-02 04:47:40,3,-99.9122830098858
2025-04-02 04:47:50,4,-96.0293685676933
2025-04-02 04:48:00,1,-90.4827052466038
2025-04-02 04:48:10,2,-99.3372765600393
2025-04-02 04:48:20,3,-97.8147600733804
2025-04-02 04:48:30,4,-86.0742027003976
2025-04-02 04:48:40,1,-98.2287250728699
2025-04-02 04:48:50,2,-99.0747840471446
2025-04-02 04:49:00,3,-89.5711760239403
2025-04-02 04:49:10,4,-70.7106781186584
2025-04-02 04:49:20,1,-99.8026728428267
2025-04-02 04:49:30,2,-92.5870584809997
2025-04-02 04:49:40,3,-75.6995055651734
2025-04-02 04:49:50,4,-50.9041415750404
2025-04-02 04:50:00,1,-95.1056516295164
2025-04-02 04:50:10,2,-80.281747519111
2025-04-02 04:50:20,3,-57.0713567684392
2025-04-02 04:50:30,4,-27.8991106039254
2025-04-02 04:50:40,1,-84.4327925502026
2025-04-02 04:50:50,2,-62.9320391049822
2025-04-02 04:51:00,3,-34.8572047321758
2025-04-02 04:51:10,4,-3.14107590781411
2025-04-02 04:51:20,1,-68.4547105928694
2025-04-02 04:51:30,2,-41.6280792260474
2025-04-02 04:51:40,3,-10.452846326758
2025-04-02 04:51:50,4,21.8143241396542
2025-04-02 04:52:00,1,-48.175367410171
2025-04-02 04:52:10,2,-17.708474031965
2025-04-02 04:52:20,3,14.6083028562497
2025-04-02 04:52:30,4,45.3990499739558
2025-04-02 04:52:40,1,-24.8689887164837
2025-04-02 04:52:50,2,7.32381971275769
2025-04-02 04:53:00,3,38.7515586452089
2025-04-02 04:53:10,4,66.1311865323671
2025-04-02 04:53:20,1,3.13707654385431e-12
2025-04-02 04:53:30,2,31.895930929803
2025-04-02 04:53:40,3,60.4599114862373
2025-04-02 04:53:50,4,82.7080574274583
2025-04-02 04:54:00,1,24.8689887164898
2025-04-02 04:54:10,2,54.4639035015002
2025-04-02 04:54:20,3,78.3693457325846
2025-04-02 04:54:30,4,94.0880768954204
2025-04-02 04:54:40,1,48.1753674101765
2025-04-02 04:54:50,2,73.6097087119723
2025-04-02 04:55:00,3,91.354545764261
2025-04-02 04:55:10,4,99.5561964603075
2025-04-02 04:55:20,1,68.454710592874
2025-04-02 04:55:30,2,88.130345206499
2025-04-02 04:55:40,3,98.5996037070511
2025-04-02 04:55:50,4,98.7688340595143
2025-04-02 04:56:00,1,84.4327925501998
2025-04-02 04:56:10,2,97.1134279909638
2025-04-02 04:56:20,3,99.64928592495
2025-04-02 04:56:30,4,91.7754625683991
2025-04-02 04:56:40,1,95.1056516295148
2025-04-02 04:56:50,2,99.9945169365512
2025-04-02 04:57:00,3,94.4376370237461
2025-04-02 04:57:10,4,79.0155012375697
2025-04-02 04:57:20,1,99.8026728428271
2025-04-02 04:57:30,2,96.5925826289089
2025-04-02 04:57:40,3,83.2921240710058
2025-04-02 04:57:50,4,61.2907053652975
2025-04-02 04:58:00,1,98.2287250728687
2025-04-02 04:58:10,2,87.1213811120222
2025-04-02 04:58:20,3,66.9130606358793
2025-04-02 04:58:30,4,39.7147890634768
2025-04-02 04:58:40,1,90.4827052466011
2025-04-02 04:58:50,2,72.1760228098399
2025-04-02 04:59:00,3,46.3296035119874
2025-04-02 04:59:10,4,15.6434465040204
2025-04-02 04:59:20,1,77.0513242775768
2025-04-02 04:59:30,2,52.6955795496712
2025-04-02 04:59:40,3,22.8350870110656
2025-04-02 04:59:50,4,-9.41083133185537
2025-04-02 05:00:00,1,58.7785252292436
2025-04-02 05:00:10,2,29.9040792256113
2025-04-02 05:00:20,3,-2.09424198833691
2025-04-02 05:00:30,4,-33.8737920245234
2025-04-02 05:00:40,1,36.8124552684624
2025-04-02 05:00:50,2,5.2335956242959
2025-04-02 05:01:00,3,-26.891982061529
2025-04-02 05:01:10,4,-56.2083377852091
2025-04-02 05:01:20,1,12.5333233564234
2025-04-02 05:01:30,2,-19.7657340379124
2025-04-02 05:01:40,3,-50.0000000000033
2025-04-02 05:01:50,4,-75.0111069630436
2025-04-02 05:02:00,1,-12.5333233564275
2025-04-02 05:02:10,2,-43.5231099372337
2025-04-02 05:02:20,3,-69.9663340513402
2025-04-02 05:02:30,4,-89.1006524188358
2025-04-02 05:02:40,1,-36.8124552684662
2025-04-02 05:02:50,2,-64.5457687723881
2025-04-02 05:03:00,3,-85.536426016054
2025-04-02 05:03:10,4,-97.5916761938745
2025-04-02 05:03:20,1,-58.778525229247
2025-04-02 05:03:30,2,-81.5127795728509
2025-04-02 05:03:40,3,-95.7319497532089
2025-04-02 05:03:50,4,-99.9506560365732
2025-04-02 05:04:00,1,-77.0513242775795
2025-04-02 05:04:10,2,-93.3580426497178
2025-04-02 05:04:20,3,-99.9122830098857
2025-04-02 05:04:30,4,-96.0293685676939
2025-04-02 05:04:40,1,-90.4827052466029
2025-04-02 05:04:50,2,-99.337276560039
2025-04-02 05:05:00,3,-97.8147600733808
2025-04-02 05:05:10,4,-86.0742027003929
2025-04-02 05:05:20,1,-98.2287250728695
2025-04-02 05:05:30,2,-99.0747840471449
2025-04-02 05:05:40,3,-89.5711760239413
2025-04-02 05:05:50,4,-70.7106781186599
2025-04-02 05:06:00,1,-99.8026728428269
2025-04-02 05:06:10,2,-92.5870584810005
2025-04-02 05:06:20,3,-75.6995055651748
2025-04-02 05:06:30,4,-50.9041415750423
2025-04-02 05:06:40,1,-95.1056516295135
2025-04-02 05:06:50,2,-80.2817475191123
2025-04-02 05:07:00,3,-57.071356768441
2025-04-02 05:07:10,4,-27.8991106039275
2025-04-02 05:07:20,1,-84.4327925502037
2025-04-02 05:07:30,2,-62.9320391049838
2025-04-02 05:07:40,3,-34.8572047321779
2025-04-02 05:07:50,4,-3.14107590781627
2025-04-02 05:08:00,1,-68.454710592871
2025-04-02 05:08:10,2,-41.6280792260391
2025-04-02 05:08:20,3,-10.4528463267602
2025-04-02 05:08:30,4,21.8143241396521
2025-04-02 05:08:40,1,-48.1753674101729
2025-04-02 05:08:50,2,-17.7084740319671
2025-04-02 05:09:00,3,14.6083028562476
2025-04-02 05:09:10,4,45.3990499739539
2025-04-02 05:09:20,1,-24.8689887164858
2025-04-02 05:09:30,2,7.32381971275554
2025-04-02 05:09:40,3,38.7515586452174
2025-04-02 05:09:50,4,66.1311865323655
2025-04-02 05:10:00,1,9.80955400591059e-13
2025-04-02 05:10:10,2,31.895930929801
2025-04-02 05:10:20,3,60.4599114862356
2025-04-02 05:10:30,4,82.7080574274571
2025-04-02 05:10:40,1,24.8689887164877
2025-04-02 05:10:50,2,54.4639035014984
2025-04-02 05:11:00,3,78.3693457325833
2025-04-02 05:11:10,4,94.0880768954235
2025-04-02 05:11:20,1,48.1753674101746
2025-04-02 05:11:30,2,73.6097087119709
2025-04-02 05:11:40,3,91.3545457642602
2025-04-02 05:11:50,4,99.5561964603073
2025-04-02 05:12:00,1,68.4547105928724
2025-04-02 05:12:10,2,88.130345206498
2025-04-02 05:12:20,3,98.5996037070507
2025-04-02 05:12:30,4,98.7688340595147
2025-04-02 05:12:40,1,84.4327925502048
2025-04-02 05:12:50,2,97.1134279909633
2025-04-02 05:13:00,3,99.6492859249502
2025-04-02 05:13:10,4,91.7754625683999
2025-04-02 05:13:20,1,95.1056516295141
2025-04-02 05:13:30,2,99.9945169365512
2025-04-02 05:13:40,3,94.4376370237468
2025-04-02 05:13:50,4,79.0155012375711
2025-04-02 05:14:00,1,99.802672842827
2025-04-02 05:14:10,2,96.5925826289065
2025-04-02 05:14:20,3,83.292124071007
2025-04-02 05:14:30,4,61.2907053652993
2025-04-02 05:14:40,1,98.2287250728691
2025-04-02 05:14:50,2,87.1213811120233
2025-04-02 05:15:00,3,66.9130606358809
2025-04-02 05:15:10,4,39.7147890634787
2025-04-02 05:15:20,1,90.482705246602
2025-04-02 05:15:30,2,72.1760228098414
2025-04-02 05:15:40,3,46.3296035119792
2025-04-02 05:15:50,4,15.6434465040226
2025-04-02 05:16:00,1,77.0513242775782
2025-04-02 05:16:10,2,52.6955795496731
2025-04-02 05:16:20,3,22.8350870110677
2025-04-02 05:16:30,4,-9.41083133185323
2025-04-02 05:16:40,1,58.7785252292454
2025-04-02 05:16:50,2,29.9040792256134
2025-04-02 05:17:00,3,-2.09424198833476
2025-04-02 05:17:10,4,-33.873792024532
2025-04-02 05:17:20,1,36.8124552684644
2025-04-02 05:17:30,2,5.23359562429806
2025-04-02 05:17:40,3,-26.8919820615269
2025-04-02 05:17:50,4,-56.2083377852073
2025-04-02 05:18:00,1,12.5333233564255
2025-04-02 05:18:10,2,-19.7657340379103
2025-04-02 05:18:20,3,-50.0000000000014
2025-04-02 05:18:30,4,-75.0111069630422
2025-04-02 05:18:40,1,-12.5333233564366
2025-04-02 05:18:50,2,-43.5231099372317
2025-04-02 05:19:00,3,-69.9663340513386
2025-04-02 05:19:10,4,-89.1006524188348
2025-04-02 05:19:20,1,-36.8124552684642
2025-04-02 05:19:30,2,-64.5457687723952
2025-04-02 05:19:40,3,-85.5364260160528
2025-04-02 05:19:50,4,-97.5916761938741
2025-04-02 05:20:00,1,-58.7785252292452
2025-04-02 05:20:10,2,-81.5127795728563
2025-04-02 05:20:20,3,-95.7319497532083
2025-04-02 05:20:30,4,-99.9506560365732
2025-04-02 05:20:40,1,-77.0513242775781
2025-04-02 05:20:50,2,-93.3580426497171
2025-04-02 05:21:00,3,-99.9122830098861
2025-04-02 05:21:10,4,-96.0293685676945
2025-04-02 05:21:20,1,-90.4827052466019
2025-04-02 05:21:30,2,-99.3372765600388
2025-04-02 05:21:40,3,-97.8147600733789
2025-04-02 05:21:50,4,-86.074202700394
2025-04-02 05:22:00,1,-98.2287250728691
2025-04-02 05:22:10,2,-99.0747840471452
2025-04-02 05:22:20,3,-89.5711760239422
2025-04-02 05:22:30,4,-70.7106781186534
2025-04-02 05:22:40,1,-99.802672842827
2025-04-02 05:22:50,2,-92.5870584810013
2025-04-02 05:23:00,3,-75.6995055651762
2025-04-02 05:23:10,4,-50.9041415750344
2025-04-02 05:23:20,1,-95.1056516295142
2025-04-02 05:23:30,2,-80.2817475191136
2025-04-02 05:23:40,3,-57.0713567684428
2025-04-02 05:23:50,4,-27.8991106039295
2025-04-02 05:24:00,1,-84.4327925501988
2025-04-02 05:24:10,2,-62.9320391049855
2025-04-02 05:24:20,3,-34.8572047321799
2025-04-02 05:24:30,4,-3.14107590781842
2025-04-02 05:24:40,1,-68.4547105928642
2025-04-02 05:24:50,2,-41.628079226041
2025-04-02 05:25:00,3,-10.4528463267623
2025-04-02 05:25:10,4,21.81432413965
2025-04-02 05:25:20,1,-48.1753674101748
2025-04-02 05:25:30,2,-17.708474031958
2025-04-02 05:25:40,3,14.6083028562454
2025-04-02 05:25:50,4,45.399049973952
2025-04-02 05:26:00,1,-24.8689887164879
2025-04-02 05:26:10,2,7.32381971276473
2025-04-02 05:26:20,3,38.7515586452154
2025-04-02 05:26:30,4,66.1311865323639
2025-04-02 05:26:40,1,-1.17516574267219e-12
2025-04-02 05:26:50,2,31.8959309297989
2025-04-02 05:27:00,3,60.459911486243
2025-04-02 05:27:10,4,82.7080574274559
2025-04-02 05:27:20,1,24.8689887164856
2025-04-02 05:27:30,2,54.4639035014966
2025-04-02 05:27:40,3,78.369345732589
2025-04-02 05:27:50,4,94.0880768954228
2025-04-02 05:28:00,1,48.1753674101727
2025-04-02 05:28:10,2,73.6097087119694
2025-04-02 05:28:20,3,91.3545457642593
2025-04-02 05:28:30,4,99.5561964603082
2025-04-02 05:28:40,1,68.4547105928708
2025-04-02 05:28:50,2,88.130345206497
2025-04-02 05:29:00,3,98.5996037070504
2025-04-02 05:29:10,4,98.7688340595132
2025-04-02 05:29:20,1,84.4327925502036
2025-04-02 05:29:30,2,97.1134279909628
2025-04-02 05:29:40,3,99.6492859249504
2025-04-02 05:29:50,4,91.7754625684008
2025-04-02 05:30:00,1,95.105651629517
2025-04-02 05:30:10,2,99.9945169365512
2025-04-02 05:30:20,3,94.4376370237475
2025-04-02 05:30:30,4,79.0155012375724
2025-04-02 05:30:40,1,99.8026728428276
2025-04-02 05:30:50,2,96.5925826289071
2025-04-02 05:31:00,3,83.2921240710082
2025-04-02 05:31:10,4,61.290705365301
2025-04-02 05:31:20,1,98.2287250728695
2025-04-02 05:31:30,2,87.1213811120187
2025-04-02 05:31:40,3,66.9130606358825
2025-04-02 05:31:50,4,39.7147890634807
2025-04-02 05:32:00,1,90.4827052466029
2025-04-02 05:32:10,2,72.176022809835
2025-04-02 05:32:20,3,46.3296035119811
2025-04-02 05:32:30,4,15.6434465040247
2025-04-02 05:32:40,1,77.0513242775796
2025-04-02 05:32:50,2,52.6955795496749
2025-04-02 05:33:00,3,22.8350870110588
2025-04-02 05:33:10,4,-9.41083133185108
2025-04-02 05:33:20,1,58.7785252292471
2025-04-02 05:33:30,2,29.9040792256155
2025-04-02 05:33:40,3,-2.09424198834397
2025-04-02 05:33:50,4,-33.87379202453
2025-04-02 05:34:00,1,36.8124552684664
2025-04-02 05:34:10,2,5.23359562430021
2025-04-02 05:34:20,3,-26.8919820615248
2025-04-02 05:34:30,4,-56.2083377852149
2025-04-02 05:34:40,1,12.5333233564277
2025-04-02 05:34:50,2,-19.7657340379081
2025-04-02 05:35:00,3,-49.9999999999995
2025-04-02 05:35:10,4,-75.0111069630483
2025-04-02 05:35:20,1,-12.5333233564345
2025-04-02 05:35:30,2,-43.5231099372298
2025-04-02 05:35:40,3,-69.9663340513371
2025-04-02 05:35:50,4,-89.1006524188338
2025-04-02 05:36:00,1,-36.8124552684728
2025-04-02 05:36:10,2,-64.5457687723935
2025-04-02 05:36:20,3,-85.5364260160517
2025-04-02 05:36:30,4,-97.5916761938736
2025-04-02 05:36:40,1,-58.7785252292527
2025-04-02 05:36:50,2,-81.512779572855
2025-04-02 05:37:00,3,-95.7319497532077
2025-04-02 05:37:10,4,-99.9506560365733
2025-04-02 05:37:20,1,-77.0513242775767
2025-04-02 05:37:30,2,-93.3580426497204
2025-04-02 05:37:40,3,-99.912283009886
2025-04-02 05:37:50,4,-96.0293685676951
2025-04-02 05:38:00,1,-90.482705246601
2025-04-02 05:38:10,2,-99.3372765600399
2025-04-02 05:38:20,3,-97.8147600733793
2025-04-02 05:38:30,4,-86.0742027003951
2025-04-02 05:38:40,1,-98.2287250728687
2025-04-02 05:38:50,2,-99.0747840471455
2025-04-02 05:39:00,3,-89.5711760239381
2025-04-02 05:39:10,4,-70.7106781186549
2025-04-02 05:39:20,1,-99.8026728428271
2025-04-02 05:39:30,2,-92.5870584810021
2025-04-02 05:39:40,3,-75.6995055651702
2025-04-02 05:39:50,4,-50.9041415750362
2025-04-02 05:40:00,1,-95.1056516295149
2025-04-02 05:40:10,2,-80.2817475191149
2025-04-02 05:40:20,3,-57.0713567684445
2025-04-02 05:40:30,4,-27.8991106039207
2025-04-02 05:40:40,1,-84.4327925501999
2025-04-02 05:40:50,2,-62.9320391049872
2025-04-02 05:41:00,3,-34.8572047321819
2025-04-02 05:41:10,4,-3.14107590780922
2025-04-02 05:41:20,1,-68.4547105928658
2025-04-02 05:41:30,2,-41.628079226043
2025-04-02 05:41:40,3,-10.4528463267645
2025-04-02 05:41:50,4,21.8143241396479
2025-04-02 05:42:00,1,-48.1753674101667
2025-04-02 05:42:10,2,-17.7084740319602
2025-04-02 05:42:20,3,14.6083028562433
2025-04-02 05:42:30,4,45.39904997395
2025-04-02 05:42:40,1,-24.8689887164789
2025-04-02 05:42:50,2,7.32381971276258
2025-04-02 05:43:00,3,38.7515586452135
2025-04-02 05:43:10,4,66.1311865323622
2025-04-02 05:43:20,1,-3.33128688593544e-12
2025-04-02 05:43:30,2,31.8959309298076
2025-04-02 05:43:40,3,60.4599114862412
2025-04-02 05:43:50,4,82.7080574274547
2025-04-02 05:44:00,1,24.8689887164835
2025-04-02 05:44:10,2,54.4639035015044
2025-04-02 05:44:20,3,78.3693457325877
2025-04-02 05:44:30,4,94.0880768954221
2025-04-02 05:44:40,1,48.1753674101708
2025-04-02 05:44:50,2,73.6097087119679
2025-04-02 05:45:00,3,91.354545764263
2025-04-02 05:45:10,4,99.556196460308
2025-04-02 05:45:20,1,68.4547105928692
2025-04-02 05:45:30,2,88.130345206496
2025-04-02 05:45:40,3,98.5996037070519
2025-04-02 05:45:50,4,98.7688340595136
2025-04-02 05:46:00,1,84.4327925502025
2025-04-02 05:46:10,2,97.1134279909623
2025-04-02 05:46:20,3,99.6492859249506
2025-04-02 05:46:30,4,91.7754625683971
2025-04-02 05:46:40,1,95.1056516295163
2025-04-02 05:46:50,2,99.9945169365513
2025-04-02 05:47:00,3,94.4376370237482
2025-04-02 05:47:10,4,79.0155012375667
2025-04-02 05:47:20,1,99.8026728428274
2025-04-02 05:47:30,2,96.5925826289076
2025-04-02 05:47:40,3,83.2921240710094
2025-04-02 05:47:50,4,61.2907053653027
2025-04-02 05:48:00,1,98.2287250728678
2025-04-02 05:48:10,2,87.1213811120198
2025-04-02 05:48:20,3,66.9130606358841
2025-04-02 05:48:30,4,39.7147890634827
2025-04-02 05:48:40,1,90.482705246599
2025-04-02 05:48:50,2,72.1760228098365
2025-04-02 05:49:00,3,46.329603511983
2025-04-02 05:49:10,4,15.6434465040268
2025-04-02 05:49:20,1,77.051324277581
2025-04-02 05:49:30,2,52.6955795496671
2025-04-02 05:49:40,3,22.8350870110609
2025-04-02 05:49:50,4,-9.41083133184893
2025-04-02 05:50:00,1,58.7785252292489
2025-04-02 05:50:10,2,29.9040792256067
2025-04-02 05:50:20,3,-2.09424198834181
2025-04-02 05:50:30,4,-33.873792024528
2025-04-02 05:50:40,1,36.8124552684684
2025-04-02 05:50:50,2,5.23359562430236
2025-04-02 05:51:00,3,-26.8919820615337
2025-04-02 05:51:10,4,-56.2083377852131
2025-04-02 05:51:20,1,12.5333233564298
2025-04-02 05:51:30,2,-19.765734037906
2025-04-02 05:51:40,3,-50.0000000000075
2025-04-02 05:51:50,4,-75.0111069630468
2025-04-02 05:52:00,1,-12.5333233564323
2025-04-02 05:52:10,2,-43.5231099372279
2025-04-02 05:52:20,3,-69.9663340513355
2025-04-02 05:52:30,4,-89.100652418838
2025-04-02 05:52:40,1,-36.8124552684708
2025-04-02 05:52:50,2,-64.5457687723919
2025-04-02 05:53:00,3,-85.5364260160506
2025-04-02 05:53:10,4,-97.5916761938756
2025-04-02 05:53:20,1,-58.7785252292509
2025-04-02 05:53:30,2,-81.5127795728538
2025-04-02 05:53:40,3,-95.7319497532071
2025-04-02 05:53:50,4,-99.9506560365733
2025-04-02 05:54:00,1,-77.0513242775826
2025-04-02 05:54:10,2,-93.3580426497196
2025-04-02 05:54:20,3,-99.9122830098859
2025-04-02 05:54:30,4,-96.0293685676957
2025-04-02 05:54:40,1,-90.482705246605
2025-04-02 05:54:50,2,-99.3372765600396
2025-04-02 05:55:00,3,-97.8147600733798
2025-04-02 05:55:10,4,-86.0742027003962
2025-04-02 05:55:20,1,-98.2287250728683
2025-04-02 05:55:30,2,-99.0747840471442
2025-04-02 05:55:40,3,-89.5711760239391
2025-04-02 05:55:50,4,-70.7106781186564
2025-04-02 05:56:00,1,-99.8026728428273
2025-04-02 05:56:10,2,-92.5870584809986
2025-04-02 05:56:20,3,-75.6995055651715
2025-04-02 05:56:30,4,-50.9041415750381
2025-04-02 05:56:40,1,-95.1056516295155
2025-04-02 05:56:50,2,-80.2817475191161
2025-04-02 05:57:00,3,-57.071356768437
2025-04-02 05:57:10,4,-27.8991106039228
2025-04-02 05:57:20,1,-84.4327925502011
2025-04-02 05:57:30,2,-62.9320391049889
2025-04-02 05:57:40,3,-34.8572047321733
2025-04-02 05:57:50,4,-3.14107590781137
2025-04-02 05:58:00,1,-68.4547105928674
2025-04-02 05:58:10,2,-41.6280792260449
2025-04-02 05:58:20,3,-10.4528463267666
2025-04-02 05:58:30,4,21.8143241396569
2025-04-02 05:58:40,1,-48.1753674101686
2025-04-02 05:58:50,2,-17.7084740319623
2025-04-02 05:59:00,3,14.6083028562412
2025-04-02 05:59:10,4,45.3990499739583
2025-04-02 05:59:20,1,-24.868988716481
2025-04-02 05:59:30,2,7.32381971276043
2025-04-02 05:59:40,3,38.7515586452115
2025-04-02 05:59:50,4,66.1311865323606
2025-04-02 06:00:00,1,5.88127574296292e-12
2025-04-02 06:00:10,2,31.8959309298056
2025-04-02 06:00:20,3,60.4599114862395
2025-04-02 06:00:30,4,82.7080574274535
2025-04-02 06:00:40,1,24.8689887164924
2025-04-02 06:00:50,2,54.4639035015025
2025-04-02 06:01:00,3,78.3693457325864
2025-04-02 06:01:10,4,94.0880768954214
2025-04-02 06:01:20,1,48.175367410169
2025-04-02 06:01:30,2,73.6097087119742
2025-04-02 06:01:40,3,91.3545457642622
2025-04-02 06:01:50,4,99.5561964603078
2025-04-02 06:02:00,1,68.4547105928677
2025-04-02 06:02:10,2,88.130345206495
2025-04-02 06:02:20,3,98.5996037070516
2025-04-02 06:02:30,4,98.7688340595139
2025-04-02 06:02:40,1,84.4327925502013
2025-04-02 06:02:50,2,97.1134279909618
2025-04-02 06:03:00,3,99.6492859249498
2025-04-02 06:03:10,4,91.775462568398
2025-04-02 06:03:20,1,95.1056516295156
2025-04-02 06:03:30,2,99.9945169365513
2025-04-02 06:03:40,3,94.4376370237489
2025-04-02 06:03:50,4,79.0155012375681
2025-04-02 06:04:00,1,99.8026728428273
2025-04-02 06:04:10,2,96.5925826289082
2025-04-02 06:04:20,3,83.2921240710106
2025-04-02 06:04:30,4,61.2907053652954
2025-04-02 06:04:40,1,98.2287250728682
2025-04-02 06:04:50,2,87.1213811120209
2025-04-02 06:05:00,3,66.9130606358857
2025-04-02 06:05:10,4,39.7147890634847
2025-04-02 06:05:20,1,90.4827052465999
2025-04-02 06:05:30,2,72.176022809838
2025-04-02 06:05:40,3,46.3296035119849
2025-04-02 06:05:50,4,15.643446504029
2025-04-02 06:06:00,1,77.0513242775751
2025-04-02 06:06:10,2,52.6955795496689
2025-04-02 06:06:20,3,22.835087011063
2025-04-02 06:06:30,4,-9.41083133184679
2025-04-02 06:06:40,1,58.7785252292506
2025-04-02 06:06:50,2,29.9040792256087
2025-04-02 06:07:00,3,-2.09424198833966
2025-04-02 06:07:10,4,-33.8737920245259
2025-04-02 06:07:20,1,36.8124552684704
2025-04-02 06:07:30,2,5.23359562429316
2025-04-02 06:07:40,3,-26.8919820615316
2025-04-02 06:07:50,4,-56.2083377852113
2025-04-02 06:08:00,1,12.5333233564319
2025-04-02 06:08:10,2,-19.7657340379039
2025-04-02 06:08:20,3,-50.0000000000056
2025-04-02 06:08:30,4,-75.0111069630454
2025-04-02 06:08:40,1,-12.5333233564302
2025-04-02 06:08:50,2,-43.5231099372259
2025-04-02 06:09:00,3,-69.9663340513421
2025-04-02 06:09:10,4,-89.100652418837
2025-04-02 06:09:20,1,-36.8124552684688
2025-04-02 06:09:30,2,-64.5457687723902
2025-04-02 06:09:40,3,-85.5364260160495
2025-04-02 06:09:50,4,-97.5916761938751
2025-04-02 06:10:00,1,-58.7785252292492
2025-04-02 06:10:10,2,-81.5127795728525
2025-04-02 06:10:20,3,-95.7319497532064
2025-04-02 06:10:30,4,-99.9506560365731
2025-04-02 06:10:40,1,-77.0513242775812
2025-04-02 06:10:50,2,-93.3580426497188
2025-04-02 06:11:00,3,-99.9122830098859
2025-04-02 06:11:10,4,-96.0293685676963
2025-04-02 06:11:20,1,-90.482705246604
2025-04-02 06:11:30,2,-99.3372765600394
2025-04-02 06:11:40,3,-97.8147600733802
2025-04-02 06:11:50,4,-86.0742027003973
2025-04-02 06:12:00,1,-98.22872507287
2025-04-02 06:12:10,2,-99.0747840471445
2025-04-02 06:12:20,3,-89.57117602394
2025-04-02 06:12:30,4,-70.710678118658
2025-04-02 06:12:40,1,-99.8026728428274
2025-04-02 06:12:50,2,-92.5870584809994
2025-04-02 06:13:00,3,-75.699505565173
2025-04-02 06:13:10,4,-50.9041415750399
2025-04-02 06:13:20,1,-95.1056516295162
2025-04-02 06:13:30,2,-80.2817475191107
2025-04-02 06:13:40,3,-57.0713567684388
2025-04-02 06:13:50,4,-27.8991106039248
2025-04-02 06:14:00,1,-84.4327925502023
2025-04-02 06:14:10,2,-62.9320391049905
2025-04-02 06:14:20,3,-34.8572047321753
2025-04-02 06:14:30,4,-3.14107590781353
2025-04-02 06:14:40,1,-68.4547105928689
2025-04-02 06:14:50,2,-41.6280792260469
2025-04-02 06:15:00,3,-10.4528463267575
2025-04-02 06:15:10,4,21.8143241396548
2025-04-02 06:15:20,1,-48.1753674101705
2025-04-02 06:15:30,2,-17.7084740319644
2025-04-02 06:15:40,3,14.608302856239
2025-04-02 06:15:50,4,45.3990499739563
2025-04-02 06:16:00,1,-24.8689887164831
2025-04-02 06:16:10,2,7.32381971275828
2025-04-02 06:16:20,3,38.7515586452095
2025-04-02 06:16:30,4,66.1311865323675
2025-04-02 06:16:40,1,3.72515459969967e-12
2025-04-02 06:16:50,2,31.8959309298036
2025-04-02 06:17:00,3,60.4599114862378
2025-04-02 06:17:10,4,82.7080574274523
2025-04-02 06:17:20,1,24.8689887164903
2025-04-02 06:17:30,2,54.4639035015007
2025-04-02 06:17:40,3,78.369345732585
2025-04-02 06:17:50,4,94.0880768954206
2025-04-02 06:18:00,1,48.175367410177
2025-04-02 06:18:10,2,73.6097087119727
2025-04-02 06:18:20,3,91.3545457642613
2025-04-02 06:18:30,4,99.5561964603076
2025-04-02 06:18:40,1,68.4547105928661
2025-04-02 06:18:50,2,88.1303452064993
2025-04-02 06:19:00,3,98.5996037070512
2025-04-02 06:19:10,4,98.7688340595143
2025-04-02 06:19:20,1,84.4327925502001
2025-04-02 06:19:30,2,97.113427990964
2025-04-02 06:19:40,3,99.64928592495
2025-04-02 06:19:50,4,91.7754625683989
2025-04-02 06:20:00,1,95.105651629515
2025-04-02 06:20:10,2,99.9945169365513
2025-04-02 06:20:20,3,94.4376370237459
2025-04-02 06:20:30,4,79.0155012375694
2025-04-02 06:20:40,1,99.8026728428271
2025-04-02 06:20:50,2,96.5925826289087
2025-04-02 06:21:00,3,83.2921240710055
2025-04-02 06:21:10,4,61.2907053652971
2025-04-02 06:21:20,1,98.2287250728686
2025-04-02 06:21:30,2,87.1213811120219
2025-04-02 06:21:40,3,66.9130606358873
2025-04-02 06:21:50,4,39.7147890634762
2025-04-02 06:22:00,1,90.4827052466009
2025-04-02 06:22:10,2,72.1760228098395
2025-04-02 06:22:20,3,46.3296035119868
2025-04-02 06:22:30,4,15.6434465040199
2025-04-02 06:22:40,1,77.0513242775765
2025-04-02 06:22:50,2,52.6955795496707
2025-04-02 06:23:00,3,22.8350870110651
2025-04-02 06:23:10,4,-9.41083133184464
2025-04-02 06:23:20,1,58.7785252292432
2025-04-02 06:23:30,2,29.9040792256108
2025-04-02 06:23:40,3,-2.0942419883375
2025-04-02 06:23:50,4,-33.8737920245239
2025-04-02 06:24:00,1,36.8124552684618
2025-04-02 06:24:10,2,5.23359562429532
2025-04-02 06:24:20,3,-26.8919820615295
2025-04-02 06:24:30,4,-56.2083377852095
2025-04-02 06:24:40,1,12.5333233564341
2025-04-02 06:24:50,2,-19.765734037913
2025-04-02 06:25:00,3,-50.0000000000038
2025-04-02 06:25:10,4,-75.011106963044
2025-04-02 06:25:20,1,-12.533323356428
2025-04-02 06:25:30,2,-43.5231099372342
2025-04-02 06:25:40,3,-69.9663340513406
2025-04-02 06:25:50,4,-89.100652418836
2025-04-02 06:26:00,1,-36.8124552684668
2025-04-02 06:26:10,2,-64.5457687723886
2025-04-02 06:26:20,3,-85.5364260160542
2025-04-02 06:26:30,4,-97.5916761938746
2025-04-02 06:26:40,1,-58.7785252292474
2025-04-02 06:26:50,2,-81.5127795728513
2025-04-02 06:27:00,3,-95.7319497532091
2025-04-02 06:27:10,4,-99.9506560365731
2025-04-02 06:27:20,1,-77.0513242775798
2025-04-02 06:27:30,2,-93.3580426497181
2025-04-02 06:27:40,3,-99.9122830098858
2025-04-02 06:27:50,4,-96.0293685676937
2025-04-02 06:28:00,1,-90.4827052466031
2025-04-02 06:28:10,2,-99.3372765600391
2025-04-02 06:28:20,3,-97.8147600733807
2025-04-02 06:28:30,4,-86.0742027003926
2025-04-02 06:28:40,1,-98.2287250728696
2025-04-02 06:28:50,2,-99.0747840471448
2025-04-02 06:29:00,3,-89.571176023941
2025-04-02 06:29:10,4,-70.7106781186595
2025-04-02 06:29:20,1,-99.8026728428268
2025-04-02 06:29:30,2,-92.5870584810003
2025-04-02 06:29:40,3,-75.6995055651744
2025-04-02 06:29:50,4,-50.9041415750418
2025-04-02 06:30:00,1,-95.1056516295133
2025-04-02 06:30:10,2,-80.2817475191119
2025-04-02 06:30:20,3,-57.0713567684405
2025-04-02 06:30:30,4,-27.8991106039269
2025-04-02 06:30:40,1,-84.4327925502034
2025-04-02 06:30:50,2,-62.9320391049834
2025-04-02 06:31:00,3,-34.8572047321773
2025-04-02 06:31:10,4,-3.14107590781568
2025-04-02 06:31:20,1,-68.4547105928705
2025-04-02 06:31:30,2,-41.6280792260385
2025-04-02 06:31:40,3,-10.4528463267596
2025-04-02 06:31:50,4,21.8143241396527
2025-04-02 06:32:00,1,-48.1753674101724
2025-04-02 06:32:10,2,-17.7084740319665
2025-04-02 06:32:20,3,14.6083028562481
2025-04-02 06:32:30,4,45.3990499739544
2025-04-02 06:32:40,1,-24.8689887164852
2025-04-02 06:32:50,2,7.32381971275613
2025-04-02 06:33:00,3,38.751558645218
2025-04-02 06:33:10,4,66.1311865323659
2025-04-02 06:33:20,1,1.56903345643642e-12
2025-04-02 06:33:30,2,31.8959309298015
2025-04-02 06:33:40,3,60.4599114862361
2025-04-02 06:33:50,4,82.7080574274574
2025-04-02 06:34:00,1,24.8689887164882
2025-04-02 06:34:10,2,54.4639035014989
2025-04-02 06:34:20,3,78.3693457325837
2025-04-02 06:34:30,4,94.0880768954237
2025-04-02 06:34:40,1,48.1753674101751
2025-04-02 06:34:50,2,73.6097087119713
2025-04-02 06:35:00,3,91.3545457642604
2025-04-02 06:35:10,4,99.5561964603074
2025-04-02 06:35:20,1,68.4547105928728
2025-04-02 06:35:30,2,88.1303452064983
2025-04-02 06:35:40,3,98.5996037070508
2025-04-02 06:35:50,4,98.7688340595146
2025-04-02 06:36:00,1,84.4327925502051
2025-04-02 06:36:10,2,97.1134279909634
2025-04-02 06:36:20,3,99.6492859249501
2025-04-02 06:36:30,4,91.7754625683997
2025-04-02 06:36:40,1,95.1056516295143
2025-04-02 06:36:50,2,99.9945169365512
2025-04-02 06:37:00,3,94.4376370237466
2025-04-02 06:37:10,4,79.0155012375707
2025-04-02 06:37:20,1,99.802672842827
2025-04-02 06:37:30,2,96.5925826289063
2025-04-02 06:37:40,3,83.2921240710067
2025-04-02 06:37:50,4,61.2907053652988
2025-04-02 06:38:00,1,98.228725072869
2025-04-02 06:38:10,2,87.121381112023
2025-04-02 06:38:20,3,66.9130606358805
2025-04-02 06:38:30,4,39.7147890634782
2025-04-02 06:38:40,1,90.4827052466018
2025-04-02 06:38:50,2,72.176022809841
2025-04-02 06:39:00,3,46.3296035119787
2025-04-02 06:39:10,4,15.643446504022
2025-04-02 06:39:20,1,77.0513242775778
2025-04-02 06:39:30,2,52.6955795496726
2025-04-02 06:39:40,3,22.8350870110672
2025-04-02 06:39:50,4,-9.41083133185381
2025-04-02 06:40:00,1,58.7785252292449
2025-04-02 06:40:10,2,29.9040792256128
2025-04-02 06:40:20,3,-2.09424198833535
2025-04-02 06:40:30,4,-33.8737920245326
2025-04-02 06:40:40,1,36.8124552684638
2025-04-02 06:40:50,2,5.23359562429747
2025-04-02 06:41:00,3,-26.8919820615275
2025-04-02 06:41:10,4,-56.2083377852078
2025-04-02 06:41:20,1,12.5333233564249
2025-04-02 06:41:30,2,-19.7657340379108
2025-04-02 06:41:40,3,-50.0000000000019
2025-04-02 06:41:50,4,-75.0111069630426
2025-04-02 06:42:00,1,-12.5333233564372
2025-04-02 06:42:10,2,-43.5231099372323
2025-04-02 06:42:20,3,-69.966334051339
2025-04-02 06:42:30,4,-89.100652418835
2025-04-02 06:42:40,1,-36.8124552684648
2025-04-02 06:42:50,2,-64.5457687723956
2025-04-02 06:43:00,3,-85.5364260160531
2025-04-02 06:43:10,4,-97.5916761938742
2025-04-02 06:43:20,1,-58.7785252292457
2025-04-02 06:43:30,2,-81.5127795728566
2025-04-02 06:43:40,3,-95.7319497532085
2025-04-02 06:43:50,4,-99.9506560365732
2025-04-02 06:44:00,1,-77.0513242775785
2025-04-02 06:44:10,2,-93.3580426497173
2025-04-02 06:44:20,3,-99.9122830098861
2025-04-02 06:44:30,4,-96.0293685676943
2025-04-02 06:44:40,1,-90.4827052466022
2025-04-02 06:44:50,2,-99.3372765600389
2025-04-02 06:45:00,3,-97.8147600733788
2025-04-02 06:45:10,4,-86.0742027003937
2025-04-02 06:45:20,1,-98.2287250728692
2025-04-02 06:45:30,2,-99.0747840471451
2025-04-02 06:45:40,3,-89.5711760239419
2025-04-02 06:45:50,4,-70.710678118653
2025-04-02 06:46:00,1,-99.802672842827
2025-04-02 06:46:10,2,-92.5870584810011
2025-04-02 06:46:20,3,-75.6995055651758
2025-04-02 06:46:30,4,-50.9041415750339
2025-04-02 06:46:40,1,-95.105651629514
2025-04-02 06:46:50,2,-80.2817475191132
2025-04-02 06:47:00,3,-57.0713567684423
2025-04-02 06:47:10,4,-27.899110603929
2025-04-02 06:47:20,1,-84.4327925501985
2025-04-02 06:47:30,2,-62.9320391049851
2025-04-02 06:47:40,3,-34.8572047321793
2025-04-02 06:47:50,4,-3.14107590781784
2025-04-02 06:48:00,1,-68.4547105928638
2025-04-02 06:48:10,2,-41.6280792260405
2025-04-02 06:48:20,3,-10.4528463267617
2025-04-02 06:48:30,4,21.8143241396506
2025-04-02 06:48:40,1,-48.1753674101743
2025-04-02 06:48:50,2,-17.7084740319575
2025-04-02 06:49:00,3,14.608302856246
2025-04-02 06:49:10,4,45.3990499739525
2025-04-02 06:49:20,1,-24.8689887164873
2025-04-02 06:49:30,2,7.32381971276532
2025-04-02 06:49:40,3,38.751558645216
2025-04-02 06:49:50,4,66.1311865323643
2025-04-02 06:50:00,1,-5.87087686826824e-13
2025-04-02 06:50:10,2,31.8959309297995
2025-04-02 06:50:20,3,60.4599114862434
2025-04-02 06:50:30,4,82.7080574274562
2025-04-02 06:50:40,1,24.8689887164861
2025-04-02 06:50:50,2,54.4639035014971
2025-04-02 06:51:00,3,78.3693457325894
2025-04-02 06:51:10,4,94.088076895423
2025-04-02 06:51:20,1,48.1753674101733
2025-04-02 06:51:30,2,73.6097087119698
2025-04-02 06:51:40,3,91.3545457642595
2025-04-02 06:51:50,4,99.5561964603083
2025-04-02 06:52:00,1,68.4547105928712
2025-04-02 06:52:10,2,88.1303452064973
2025-04-02 06:52:20,3,98.5996037070505
2025-04-02 06:52:30,4,98.7688340595132
2025-04-02 06:52:40,1,84.4327925502039
2025-04-02 06:52:50,2,97.1134279909629
2025-04-02 06:53:00,3,99.6492859249503
2025-04-02 06:53:10,4,91.7754625684006
2025-04-02 06:53:20,1,95.1056516295172
2025-04-02 06:53:30,2,99.9945169365512
2025-04-02 06:53:40,3,94.4376370237473
2025-04-02 06:53:50,4,79.015501237572
2025-04-02 06:54:00,1,99.8026728428276
2025-04-02 06:54:10,2,96.5925826289069
2025-04-02 06:54:20,3,83.2921240710079
2025-04-02 06:54:30,4,61.2907053653005
2025-04-02 06:54:40,1,98.2287250728694
2025-04-02 06:54:50,2,87.1213811120185
2025-04-02 06:55:00,3,66.9130606358821
2025-04-02 06:55:10,4,39.7147890634802
2025-04-02 06:55:20,1,90.4827052466027
2025-04-02 06:55:30,2,72.1760228098346
2025-04-02 06:55:40,3,46.3296035119806
2025-04-02 06:55:50,4,15.6434465040241
2025-04-02 06:56:00,1,77.0513242775792
2025-04-02 06:56:10,2,52.6955795496744
2025-04-02 06:56:20,3,22.8350870110582
2025-04-02 06:56:30,4,-9.41083133185167
2025-04-02 06:56:40,1,58.7785252292466
2025-04-02 06:56:50,2,29.9040792256149
2025-04-02 06:57:00,3,-2.09424198834456
2025-04-02 06:57:10,4,-33.8737920245306
2025-04-02 06:57:20,1,36.8124552684658
2025-04-02 06:57:30,2,5.23359562429962
2025-04-02 06:57:40,3,-26.8919820615254
2025-04-02 06:57:50,4,-56.2083377852154
2025-04-02 06:58:00,1,12.5333233564271
2025-04-02 06:58:10,2,-19.7657340379087
2025-04-02 06:58:20,3,-50
2025-04-02 06:58:30,4,-75.0111069630486
2025-04-02 06:58:40,1,-12.533323356435
2025-04-02 06:58:50,2,-43.5231099372303
2025-04-02 06:59:00,3,-69.9663340513375
2025-04-02 06:59:10,4,-89.100652418834
2025-04-02 06:59:20,1,-36.8124552684733
2025-04-02 06:59:30,2,-64.545768772394
2025-04-02 06:59:40,3,-85.536426016052
2025-04-02 06:59:50,4,-97.5916761938737
2025-04-02 07:00:00,1,-58.7785252292439
2025-04-02 07:00:10,2,-81.5127795728553
2025-04-02 07:00:20,3,-95.7319497532078
2025-04-02 07:00:30,4,-99.9506560365733
2025-04-02 07:00:40,1,-77.0513242775771
2025-04-02 07:00:50,2,-93.3580426497206
2025-04-02 07:01:00,3,-99.9122830098861
2025-04-02 07:01:10,4,-96.0293685676949
2025-04-02 07:01:20,1,-90.4827052466013
2025-04-02 07:01:30,2,-99.3372765600386
2025-04-02 07:01:40,3,-97.8147600733792
2025-04-02 07:01:50,4,-86.0742027003948
2025-04-02 07:02:00,1,-98.2287250728688
2025-04-02 07:02:10,2,-99.0747840471454
2025-04-02 07:02:20,3,-89.5711760239379
2025-04-02 07:02:30,4,-70.7106781186545
2025-04-02 07:02:40,1,-99.8026728428271
2025-04-02 07:02:50,2,-92.5870584810019
2025-04-02 07:03:00,3,-75.6995055651772
2025-04-02 07:03:10,4,-50.9041415750357
2025-04-02 07:03:20,1,-95.1056516295147
2025-04-02 07:03:30,2,-80.2817475191145
2025-04-02 07:03:40,3,-57.0713567684441
2025-04-02 07:03:50,4,-27.8991106039201
2025-04-02 07:04:00,1,-84.4327925501996
2025-04-02 07:04:10,2,-62.9320391049867
2025-04-02 07:04:20,3,-34.8572047321814
2025-04-02 07:04:30,4,-3.14107590781999
2025-04-02 07:04:40,1,-68.4547105928654
2025-04-02 07:04:50,2,-41.6280792260424
2025-04-02 07:05:00,3,-10.4528463267639
2025-04-02 07:05:10,4,21.8143241396485
2025-04-02 07:05:20,1,-48.1753674101662
2025-04-02 07:05:30,2,-17.7084740319596
2025-04-02 07:05:40,3,14.6083028562439
2025-04-02 07:05:50,4,45.3990499739506
2025-04-02 07:06:00,1,-24.8689887164894
2025-04-02 07:06:10,2,7.32381971276317
2025-04-02 07:06:20,3,38.751558645214
2025-04-02 07:06:30,4,66.1311865323627
2025-04-02 07:06:40,1,-2.74320883009007e-12
2025-04-02 07:06:50,2,31.8959309298082
2025-04-02 07:07:00,3,60.4599114862417
2025-04-02 07:07:10,4,82.708057427455
2025-04-02 07:07:20,1,24.8689887164841
2025-04-02 07:07:30,2,54.4639035014953
2025-04-02 07:07:40,3,78.3693457325881
2025-04-02 07:07:50,4,94.0880768954223
2025-04-02 07:08:00,1,48.1753674101714
2025-04-02 07:08:10,2,73.6097087119683
2025-04-02 07:08:20,3,91.3545457642633
2025-04-02 07:08:30,4,99.556196460308
2025-04-02 07:08:40,1,68.4547105928697
2025-04-02 07:08:50,2,88.1303452064963
2025-04-02 07:09:00,3,98.5996037070501
2025-04-02 07:09:10,4,98.7688340595135
2025-04-02 07:09:20,1,84.4327925502028
2025-04-02 07:09:30,2,97.1134279909624
2025-04-02 07:09:40,3,99.6492859249505
2025-04-02 07:09:50,4,91.7754625683969
2025-04-02 07:10:00,1,95.1056516295165
2025-04-02 07:10:10,2,99.9945169365512
2025-04-02 07:10:20,3,94.437637023748
2025-04-02 07:10:30,4,79.0155012375733
2025-04-02 07:10:40,1,99.8026728428275
2025-04-02 07:10:50,2,96.5925826289075
2025-04-02 07:11:00,3,83.2921240710091
2025-04-02 07:11:10,4,61.2907053653022
2025-04-02 07:11:20,1,98.2287250728677
2025-04-02 07:11:30,2,87.1213811120195
2025-04-02 07:11:40,3,66.9130606358837
2025-04-02 07:11:50,4,39.7147890634822
2025-04-02 07:12:00,1,90.4827052466036
2025-04-02 07:12:10,2,72.1760228098361
2025-04-02 07:12:20,3,46.3296035119825
2025-04-02 07:12:30,4,15.6434465040262
2025-04-02 07:12:40,1,77.0513242775806
2025-04-02 07:12:50,2,52.6955795496666
2025-04-02 07:13:00,3,22.8350870110603
2025-04-02 07:13:10,4,-9.41083133184952
2025-04-02 07:13:20,1,58.7785252292484
2025-04-02 07:13:30,2,29.904079225617
2025-04-02 07:13:40,3,-2.0942419883424
2025-04-02 07:13:50,4,-33.8737920245285
2025-04-02 07:14:00,1,36.8124552684679
2025-04-02 07:14:10,2,5.23359562430178
2025-04-02 07:14:20,3,-26.8919820615343
2025-04-02 07:14:30,4,-56.2083377852136
2025-04-02 07:14:40,1,12.5333233564292
2025-04-02 07:14:50,2,-19.7657340379066
2025-04-02 07:15:00,3,-49.9999999999982
2025-04-02 07:15:10,4,-75.0111069630472
2025-04-02 07:15:20,1,-12.5333233564329
2025-04-02 07:15:30,2,-43.5231099372284
2025-04-02 07:15:40,3,-69.9663340513359
2025-04-02 07:15:50,4,-89.1006524188382
2025-04-02 07:16:00,1,-36.8124552684713
2025-04-02 07:16:10,2,-64.5457687723923
2025-04-02 07:16:20,3,-85.5364260160509
2025-04-02 07:16:30,4,-97.5916761938732
2025-04-02 07:16:40,1,-58.7785252292514
2025-04-02 07:16:50,2,-81.5127795728541
2025-04-02 07:17:00,3,-95.7319497532072
2025-04-02 07:17:10,4,-99.9506560365733
2025-04-02 07:17:20,1,-77.051324277583
2025-04-02 07:17:30,2,-93.3580426497198
2025-04-02 07:17:40,3,-99.912283009886
2025-04-02 07:17:50,4,-96.0293685676955
2025-04-02 07:18:00,1,-90.4827052466004
2025-04-02 07:18:10,2,-99.3372765600397
2025-04-02 07:18:20,3,-97.8147600733797
2025-04-02 07:18:30,4,-86.0742027003959
2025-04-02 07:18:40,1,-98.2287250728684
2025-04-02 07:18:50,2,-99.0747840471441
2025-04-02 07:19:00,3,-89.5711760239388
2025-04-02 07:19:10,4,-70.710678118656
2025-04-02 07:19:20,1,-99.8026728428272
2025-04-02 07:19:30,2,-92.5870584810027
2025-04-02 07:19:40,3,-75.6995055651712
2025-04-02 07:19:50,4,-50.9041415750376
2025-04-02 07:20:00,1,-95.1056516295153
2025-04-02 07:20:10,2,-80.2817475191158
2025-04-02 07:20:20,3,-57.0713567684365
2025-04-02 07:20:30,4,-27.8991106039222
2025-04-02 07:20:40,1,-84.4327925502008
2025-04-02 07:20:50,2,-62.9320391049884
2025-04-02 07:21:00,3,-34.8572047321834
2025-04-02 07:21:10,4,-3.14107590781078
2025-04-02 07:21:20,1,-68.4547105928669
2025-04-02 07:21:30,2,-41.6280792260444
2025-04-02 07:21:40,3,-10.452846326766
2025-04-02 07:21:50,4,21.8143241396575
2025-04-02 07:22:00,1,-48.1753674101681
2025-04-02 07:22:10,2,-17.7084740319617
2025-04-02 07:22:20,3,14.6083028562417
2025-04-02 07:22:30,4,45.3990499739486
2025-04-02 07:22:40,1,-24.8689887164805
2025-04-02 07:22:50,2,7.32381971276102
2025-04-02 07:23:00,3,38.751558645212
2025-04-02 07:23:10,4,66.1311865323611
2025-04-02 07:23:20,1,6.46935379880828e-12
2025-04-02 07:23:30,2,31.8959309298062
2025-04-02 07:23:40,3,60.45991148624
2025-04-02 07:23:50,4,82.7080574274538
2025-04-02 07:24:00,1,24.868988716482
2025-04-02 07:24:10,2,54.463903501503
2025-04-02 07:24:20,3,78.3693457325867
2025-04-02 07:24:30,4,94.0880768954216
2025-04-02 07:24:40,1,48.1753674101695
2025-04-02 07:24:50,2,73.6097087119746
2025-04-02 07:25:00,3,91.3545457642624
2025-04-02 07:25:10,4,99.5561964603078
2025-04-02 07:25:20,1,68.4547105928681
2025-04-02 07:25:30,2,88.1303452064952
2025-04-02 07:25:40,3,98.5996037070517
2025-04-02 07:25:50,4,98.7688340595138
2025-04-02 07:26:00,1,84.4327925502016
2025-04-02 07:26:10,2,97.1134279909619
2025-04-02 07:26:20,3,99.6492859249498
2025-04-02 07:26:30,4,91.7754625683978
2025-04-02 07:26:40,1,95.1056516295158
2025-04-02 07:26:50,2,99.9945169365513
2025-04-02 07:27:00,3,94.4376370237487
2025-04-02 07:27:10,4,79.0155012375677
2025-04-02 07:27:20,1,99.8026728428273
2025-04-02 07:27:30,2,96.592582628908
2025-04-02 07:27:40,3,83.2921240710102
2025-04-02 07:27:50,4,61.2907053652949
2025-04-02 07:28:00,1,98.2287250728681
2025-04-02 07:28:10,2,87.1213811120206
2025-04-02 07:28:20,3,66.9130606358853
2025-04-02 07:28:30,4,39.7147890634841
2025-04-02 07:28:40,1,90.4827052465997
2025-04-02 07:28:50,2,72.1760228098376
2025-04-02 07:29:00,3,46.3296035119844
2025-04-02 07:29:10,4,15.6434465040284
2025-04-02 07:29:20,1,77.0513242775747
2025-04-02 07:29:30,2,52.6955795496684
2025-04-02 07:29:40,3,22.8350870110624
2025-04-02 07:29:50,4,-9.41083133184737
2025-04-02 07:30:00,1,58.7785252292501
2025-04-02 07:30:10,2,29.9040792256082
2025-04-02 07:30:20,3,-2.09424198834025
2025-04-02 07:30:30,4,-33.8737920245265
2025-04-02 07:30:40,1,36.8124552684699
2025-04-02 07:30:50,2,5.23359562429258
2025-04-02 07:31:00,3,-26.8919820615322
2025-04-02 07:31:10,4,-56.2083377852118
2025-04-02 07:31:20,1,12.5333233564313
2025-04-02 07:31:30,2,-19.7657340379045
2025-04-02 07:31:40,3,-50.0000000000062
2025-04-02 07:31:50,4,-75.0111069630458
2025-04-02 07:32:00,1,-12.5333233564308
2025-04-02 07:32:10,2,-43.5231099372264
2025-04-02 07:32:20,3,-69.9663340513425
2025-04-02 07:32:30,4,-89.1006524188373
2025-04-02 07:32:40,1,-36.8124552684693
2025-04-02 07:32:50,2,-64.5457687723907
2025-04-02 07:33:00,3,-85.5364260160498
2025-04-02 07:33:10,4,-97.5916761938752
2025-04-02 07:33:20,1,-58.7785252292497
2025-04-02 07:33:30,2,-81.5127795728528
2025-04-02 07:33:40,3,-95.7319497532066
2025-04-02 07:33:50,4,-99.950656036573
2025-04-02 07:34:00,1,-77.0513242775816
2025-04-02 07:34:10,2,-93.358042649719
2025-04-02 07:34:20,3,-99.9122830098859
2025-04-02 07:34:30,4,-96.0293685676961
2025-04-02 07:34:40,1,-90.4827052466043
2025-04-02 07:34:50,2,-99.3372765600394
2025-04-02 07:35:00,3,-97.8147600733801
2025-04-02 07:35:10,4,-86.074202700397
2025-04-02 07:35:20,1,-98.2287250728701
2025-04-02 07:35:30,2,-99.0747840471444
2025-04-02 07:35:40,3,-89.5711760239398
2025-04-02 07:35:50,4,-70.7106781186575
2025-04-02 07:36:00,1,-99.8026728428274
2025-04-02 07:36:10,2,-92.5870584809992
2025-04-02 07:36:20,3,-75.6995055651726
2025-04-02 07:36:30,4,-50.9041415750394
2025-04-02 07:36:40,1,-95.105651629516
2025-04-02 07:36:50,2,-80.2817475191103
2025-04-02 07:37:00,3,-57.0713567684383
2025-04-02 07:37:10,4,-27.8991106039243
2025-04-02 07:37:20,1,-84.4327925502019
2025-04-02 07:37:30,2,-62.9320391049901
2025-04-02 07:37:40,3,-34.8572047321747
2025-04-02 07:37:50,4,-3.14107590781294
2025-04-02 07:38:00,1,-68.4547105928685
2025-04-02 07:38:10,2,-41.6280792260464
2025-04-02 07:38:20,3,-10.4528463267569
2025-04-02 07:38:30,4,21.8143241396554
2025-04-02 07:38:40,1,-48.17536741017
2025-04-02 07:38:50,2,-17.7084740319638
2025-04-02 07:39:00,3,14.6083028562396
2025-04-02 07:39:10,4,45.3990499739569
2025-04-02 07:39:20,1,-24.8689887164825
2025-04-02 07:39:30,2,7.32381971275887
2025-04-02 07:39:40,3,38.75155864521
2025-04-02 07:39:50,4,66.131186532368
2025-04-02 07:40:00,1,4.31323265554504e-12
2025-04-02 07:40:10,2,31.8959309298041
2025-04-02 07:40:20,3,60.4599114862383
2025-04-02 07:40:30,4,82.7080574274526
2025-04-02 07:40:40,1,24.8689887164909
2025-04-02 07:40:50,2,54.4639035015012
2025-04-02 07:41:00,3,78.3693457325854
2025-04-02 07:41:10,4,94.0880768954208
2025-04-02 07:41:20,1,48.1753674101776
2025-04-02 07:41:30,2,73.6097087119731
2025-04-02 07:41:40,3,91.3545457642615
2025-04-02 07:41:50,4,99.5561964603076
2025-04-02 07:42:00,1,68.4547105928665
2025-04-02 07:42:10,2,88.1303452064996
2025-04-02 07:42:20,3,98.5996037070513
2025-04-02 07:42:30,4,98.7688340595142
2025-04-02 07:42:40,1,84.4327925502005
2025-04-02 07:42:50,2,97.1134279909641
2025-04-02 07:43:00,3,99.6492859249499
2025-04-02 07:43:10,4,91.7754625683986
2025-04-02 07:43:20,1,95.1056516295152
2025-04-02 07:43:30,2,99.9945169365513
2025-04-02 07:43:40,3,94.4376370237457
2025-04-02 07:43:50,4,79.015501237569
2025-04-02 07:44:00,1,99.8026728428272
2025-04-02 07:44:10,2,96.5925826289086
2025-04-02 07:44:20,3,83.2921240710052
2025-04-02 07:44:30,4,61.2907053652966
2025-04-02 07:44:40,1,98.2287250728685
2025-04-02 07:44:50,2,87.1213811120216
2025-04-02 07:45:00,3,66.9130606358869
2025-04-02 07:45:10,4,39.7147890634757
2025-04-02 07:45:20,1,90.4827052466006
2025-04-02 07:45:30,2,72.1760228098391
2025-04-02 07:45:40,3,46.3296035119863
2025-04-02 07:45:50,4,15.6434465040193
2025-04-02 07:46:00,1,77.0513242775761
2025-04-02 07:46:10,2,52.6955795496702
2025-04-02 07:46:20,3,22.8350870110645
2025-04-02 07:46:30,4,-9.41083133184523
2025-04-02 07:46:40,1,58.7785252292427
2025-04-02 07:46:50,2,29.9040792256102
2025-04-02 07:47:00,3,-2.09424198833809
2025-04-02 07:47:10,4,-33.8737920245245
2025-04-02 07:47:20,1,36.8124552684613
2025-04-02 07:47:30,2,5.23359562429473
2025-04-02 07:47:40,3,-26.8919820615301
2025-04-02 07:47:50,4,-56.20833778521
2025-04-02 07:48:00,1,12.5333233564335
2025-04-02 07:48:10,2,-19.7657340379135
2025-04-02 07:48:20,3,-50.0000000000043
2025-04-02 07:48:30,4,-75.0111069630444
2025-04-02 07:48:40,1,-12.5333233564286
2025-04-02 07:48:50,2,-43.5231099372347
2025-04-02 07:49:00,3,-69.966334051341
2025-04-02 07:49:10,4,-89.1006524188363
2025-04-02 07:49:20,1,-36.8124552684673
2025-04-02 07:49:30,2,-64.545768772389
2025-04-02 07:49:40,3,-85.5364260160546
2025-04-02 07:49:50,4,-97.5916761938748
2025-04-02 07:50:00,1,-58.7785252292479
2025-04-02 07:50:10,2,-81.5127795728516
2025-04-02 07:50:20,3,-95.7319497532093
2025-04-02 07:50:30,4,-99.9506560365731
2025-04-02 07:50:40,1,-77.0513242775802
2025-04-02 07:50:50,2,-93.3580426497183
2025-04-02 07:51:00,3,-99.9122830098858
2025-04-02 07:51:10,4,-96.0293685676936
2025-04-02 07:51:20,1,-90.4827052466034
2025-04-02 07:51:30,2,-99.3372765600392
2025-04-02 07:51:40,3,-97.8147600733806
2025-04-02 07:51:50,4,-86.0742027003923
2025-04-02 07:52:00,1,-98.2287250728697
2025-04-02 07:52:10,2,-99.0747840471447
2025-04-02 07:52:20,3,-89.5711760239407
2025-04-02 07:52:30,4,-70.7106781186591
2025-04-02 07:52:40,1,-99.8026728428268
2025-04-02 07:52:50,2,-92.587058481
2025-04-02 07:53:00,3,-75.699505565174
2025-04-02 07:53:10,4,-50.9041415750413
2025-04-02 07:53:20,1,-95.1056516295132
2025-04-02 07:53:30,2,-80.2817475191116
2025-04-02 07:53:40,3,-57.07135676844
2025-04-02 07:53:50,4,-27.8991106039263
2025-04-02 07:54:00,1,-84.4327925502031
2025-04-02 07:54:10,2,-62.9320391049829
2025-04-02 07:54:20,3,-34.8572047321768
2025-04-02 07:54:30,4,-3.14107590781509
2025-04-02 07:54:40,1,-68.4547105928701
2025-04-02 07:54:50,2,-41.628079226038
2025-04-02 07:55:00,3,-10.452846326759
2025-04-02 07:55:10,4,21.8143241396533
2025-04-02 07:55:20,1,-48.1753674101719
2025-04-02 07:55:30,2,-17.708474031966
2025-04-02 07:55:40,3,14.6083028562487
2025-04-02 07:55:50,4,45.3990499739549
2025-04-02 07:56:00,1,-24.8689887164846
2025-04-02 07:56:10,2,7.32381971275672
2025-04-02 07:56:20,3,38.7515586452185
2025-04-02 07:56:30,4,66.1311865323664
2025-04-02 07:56:40,1,2.15711151228179e-12
2025-04-02 07:56:50,2,31.8959309298021
2025-04-02 07:57:00,3,60.4599114862365
2025-04-02 07:57:10,4,82.7080574274578
2025-04-02 07:57:20,1,24.8689887164888
2025-04-02 07:57:30,2,54.4639035014994
2025-04-02 07:57:40,3,78.369345732584
2025-04-02 07:57:50,4,94.0880768954239
2025-04-02 07:58:00,1,48.1753674101757
2025-04-02 07:58:10,2,73.6097087119716
2025-04-02 07:58:20,3,91.3545457642606
2025-04-02 07:58:30,4,99.5561964603074
2025-04-02 07:58:40,1,68.4547105928732
2025-04-02 07:58:50,2,88.1303452064986
2025-04-02 07:59:00,3,98.5996037070509
2025-04-02 07:59:10,4,98.7688340595145
2025-04-02 07:59:20,1,84.4327925501993
2025-04-02 07:59:30,2,97.1134279909636
2025-04-02 07:59:40,3,99.6492859249501
2025-04-02 07:59:50,4,91.7754625683995
2025-04-02 08:00:00,1,95.1056516295145
2025-04-02 08:00:10,2,99.9945169365512
2025-04-02 08:00:20,3,94.4376370237464
2025-04-02 08:00:30,4,79.0155012375703
2025-04-02 08:00:40,1,99.8026728428271
2025-04-02 08:00:50,2,96.5925826289091
2025-04-02 08:01:00,3,83.2921240710064
2025-04-02 08:01:10,4,61.2907053652983
2025-04-02 08:01:20,1,98.2287250728689
2025-04-02 08:01:30,2,87.1213811120227
2025-04-02 08:01:40,3,66.91306063588
2025-04-02 08:01:50,4,39.7147890634777
2025-04-02 08:02:00,1,90.4827052466015
2025-04-02 08:02:10,2,72.1760228098406
2025-04-02 08:02:20,3,46.3296035119882
2025-04-02 08:02:30,4,15.6434465040214
2025-04-02 08:02:40,1,77.0513242775775
2025-04-02 08:02:50,2,52.6955795496721
2025-04-02 08:03:00,3,22.8350870110666
2025-04-02 08:03:10,4,-9.4108313318544
2025-04-02 08:03:20,1,58.7785252292444
2025-04-02 08:03:30,2,29.9040792256123
2025-04-02 08:03:40,3,-2.09424198833593
2025-04-02 08:03:50,4,-33.8737920245224
2025-04-02 08:04:00,1,36.8124552684633
2025-04-02 08:04:10,2,5.23359562429688
2025-04-02 08:04:20,3,-26.891982061528
2025-04-02 08:04:30,4,-56.2083377852082
2025-04-02 08:04:40,1,12.5333233564243
2025-04-02 08:04:50,2,-19.7657340379114
2025-04-02 08:05:00,3,-50.0000000000024
2025-04-02 08:05:10,4,-75.0111069630429
2025-04-02 08:05:20,1,-12.5333233564265
2025-04-02 08:05:30,2,-43.5231099372328
2025-04-02 08:05:40,3,-69.9663340513395
2025-04-02 08:05:50,4,-89.1006524188353
2025-04-02 08:06:00,1,-36.8124552684653
2025-04-02 08:06:10,2,-64.5457687723961
2025-04-02 08:06:20,3,-85.5364260160534
2025-04-02 08:06:30,4,-97.5916761938743
2025-04-02 08:06:40,1,-58.7785252292462
2025-04-02 08:06:50,2,-81.5127795728503
2025-04-02 08:07:00,3,-95.7319497532086
2025-04-02 08:07:10,4,-99.9506560365732
2025-04-02 08:07:20,1,-77.0513242775788
2025-04-02 08:07:30,2,-93.3580426497175
2025-04-02 08:07:40,3,-99.9122830098862
2025-04-02 08:07:50,4,-96.0293685676941
2025-04-02 08:08:00,1,-90.4827052466024
2025-04-02 08:08:10,2,-99.3372765600389
2025-04-02 08:08:20,3,-97.814760073381
2025-04-02 08:08:30,4,-86.0742027003934
2025-04-02 08:08:40,1,-98.2287250728693
2025-04-02 08:08:50,2,-99.074784047145
2025-04-02 08:09:00,3,-89.5711760239417
2025-04-02 08:09:10,4,-70.7106781186526
2025-04-02 08:09:20,1,-99.8026728428269
2025-04-02 08:09:30,2,-92.5870584810009
2025-04-02 08:09:40,3,-75.6995055651754
2025-04-02 08:09:50,4,-50.9041415750431
2025-04-02 08:10:00,1,-95.1056516295138
2025-04-02 08:10:10,2,-80.2817475191129
2025-04-02 08:10:20,3,-57.0713567684418
2025-04-02 08:10:30,4,-27.8991106039284
2025-04-02 08:10:40,1,-84.4327925501982
2025-04-02 08:10:50,2,-62.9320391049846
2025-04-02 08:11:00,3,-34.8572047321788
2025-04-02 08:11:10,4,-3.14107590781725
2025-04-02 08:11:20,1,-68.4547105928717
2025-04-02 08:11:30,2,-41.62807922604
2025-04-02 08:11:40,3,-10.4528463267612
2025-04-02 08:11:50,4,21.8143241396512
2025-04-02 08:12:00,1,-48.1753674101738
2025-04-02 08:12:10,2,-17.7084740319569
2025-04-02 08:12:20,3,14.6083028562466
2025-04-02 08:12:30,4,45.399049973953
2025-04-02 08:12:40,1,-24.8689887164867
2025-04-02 08:12:50,2,7.32381971275457
2025-04-02 08:13:00,3,38.7515586452165
2025-04-02 08:13:10,4,66.1311865323648
2025-04-02 08:13:20,1,9.90369018541372e-16
2025-04-02 08:13:30,2,31.8959309298
2025-04-02 08:13:40,3,60.4599114862439
2025-04-02 08:13:50,4,82.7080574274566
2025-04-02 08:14:00,1,24.8689887164867
2025-04-02 08:14:10,2,54.4639035014976
2025-04-02 08:14:20,3,78.3693457325827
2025-04-02 08:14:30,4,94.0880768954232
2025-04-02 08:14:40,1,48.1753674101738
2025-04-02 08:14:50,2,73.6097087119702
2025-04-02 08:15:00,3,91.3545457642598
2025-04-02 08:15:10,4,99.5561964603083
2025-04-02 08:15:20,1,68.4547105928717
2025-04-02 08:15:30,2,88.1303452064976
2025-04-02 08:15:40,3,98.5996037070506
2025-04-02 08:15:50,4,98.7688340595148
2025-04-02 08:16:00,1,84.4327925502043
2025-04-02 08:16:10,2,97.1134279909631
2025-04-02 08:16:20,3,99.6492859249503
2025-04-02 08:16:30,4,91.7754625684003
2025-04-02 08:16:40,1,95.1056516295173
2025-04-02 08:16:50,2,99.9945169365512
2025-04-02 08:17:00,3,94.4376370237471
2025-04-02 08:17:10,4,79.0155012375717
2025-04-02 08:17:20,1,99.8026728428269
2025-04-02 08:17:30,2,96.5925826289067
2025-04-02 08:17:40,3,83.2921240710075
2025-04-02 08:17:50,4,61.2907053653
2025-04-02 08:18:00,1,98.2287250728693
2025-04-02 08:18:10,2,87.1213811120182
2025-04-02 08:18:20,3,66.9130606358816
2025-04-02 08:18:30,4,39.7147890634796
2025-04-02 08:18:40,1,90.4827052466024
2025-04-02 08:18:50,2,72.1760228098421
2025-04-02 08:19:00,3,46.3296035119801
2025-04-02 08:19:10,4,15.6434465040235
2025-04-02 08:19:20,1,77.0513242775788
2025-04-02 08:19:30,2,52.6955795496739
2025-04-02 08:19:40,3,22.8350870110576
2025-04-02 08:19:50,4,-9.41083133185225
2025-04-02 08:20:00,1,58.7785252292462
2025-04-02 08:20:10,2,29.9040792256143
2025-04-02 08:20:20,3,-2.09424198833378
2025-04-02 08:20:30,4,-33.8737920245311
2025-04-02 08:20:40,1,36.8124552684653
2025-04-02 08:20:50,2,5.23359562429904
2025-04-02 08:21:00,3,-26.891982061526
2025-04-02 08:21:10,4,-56.2083377852159
2025-04-02 08:21:20,1,12.5333233564265
2025-04-02 08:21:30,2,-19.7657340379093
2025-04-02 08:21:40,3,-50.0000000000006
2025-04-02 08:21:50,4,-75.0111069630415
2025-04-02 08:22:00,1,-12.5333233564356
2025-04-02 08:22:10,2,-43.5231099372309
2025-04-02 08:22:20,3,-69.9663340513379
2025-04-02 08:22:30,4,-89.1006524188343
2025-04-02 08:22:40,1,-36.8124552684739
2025-04-02 08:22:50,2,-64.5457687723944
2025-04-02 08:23:00,3,-85.5364260160523
2025-04-02 08:23:10,4,-97.5916761938738
2025-04-02 08:23:20,1,-58.7785252292444
2025-04-02 08:23:30,2,-81.5127795728557
2025-04-02 08:23:40,3,-95.731949753208
2025-04-02 08:23:50,4,-99.9506560365732
2025-04-02 08:24:00,1,-77.0513242775775
2025-04-02 08:24:10,2,-93.3580426497208
2025-04-02 08:24:20,3,-99.9122830098861
2025-04-02 08:24:30,4,-96.0293685676947
2025-04-02 08:24:40,1,-90.4827052466015
2025-04-02 08:24:50,2,-99.3372765600387
2025-04-02 08:25:00,3,-97.8147600733791
2025-04-02 08:25:10,4,-86.0742027003945
2025-04-02 08:25:20,1,-98.2287250728689
2025-04-02 08:25:30,2,-99.0747840471453
2025-04-02 08:25:40,3,-89.5711760239376
2025-04-02 08:25:50,4,-70.7106781186541
2025-04-02 08:26:00,1,-99.8026728428271
2025-04-02 08:26:10,2,-92.5870584810017
2025-04-02 08:26:20,3,-75.6995055651768
2025-04-02 08:26:30,4,-50.9041415750352
2025-04-02 08:26:40,1,-95.1056516295145
2025-04-02 08:26:50,2,-80.2817475191141
2025-04-02 08:27:00,3,-57.0713567684436
2025-04-02 08:27:10,4,-27.8991106039196
2025-04-02 08:27:20,1,-84.4327925501993
2025-04-02 08:27:30,2,-62.9320391049863
2025-04-02 08:27:40,3,-34.8572047321808
2025-04-02 08:27:50,4,-3.1410759078194
2025-04-02 08:28:00,1,-68.4547105928649
2025-04-02 08:28:10,2,-41.6280792260419
2025-04-02 08:28:20,3,-10.4528463267633
2025-04-02 08:28:30,4,21.8143241396491
2025-04-02 08:28:40,1,-48.1753674101657
2025-04-02 08:28:50,2,-17.708474031959
2025-04-02 08:29:00,3,14.6083028562445
2025-04-02 08:29:10,4,45.3990499739511
2025-04-02 08:29:20,1,-24.8689887164888
2025-04-02 08:29:30,2,7.32381971276375
2025-04-02 08:29:40,3,38.7515586452145
2025-04-02 08:29:50,4,66.1311865323631
2025-04-02 08:30:00,1,-2.15513077424471e-12
2025-04-02 08:30:10,2,31.8959309298088
2025-04-02 08:30:20,3,60.4599114862422
2025-04-02 08:30:30,4,82.7080574274554
2025-04-02 08:30:40,1,24.8689887164846
2025-04-02 08:30:50,2,54.4639035014958
2025-04-02 08:31:00,3,78.3693457325884
2025-04-02 08:31:10,4,94.0880768954225
2025-04-02 08:31:20,1,48.1753674101719
2025-04-02 08:31:30,2,73.6097087119687
2025-04-02 08:31:40,3,91.3545457642635
2025-04-02 08:31:50,4,99.5561964603081
2025-04-02 08:32:00,1,68.4547105928701
2025-04-02 08:32:10,2,88.1303452064965
2025-04-02 08:32:20,3,98.5996037070502
2025-04-02 08:32:30,4,98.7688340595134
2025-04-02 08:32:40,1,84.4327925502031
2025-04-02 08:32:50,2,97.1134279909625
2025-04-02 08:33:00,3,99.6492859249505
2025-04-02 08:33:10,4,91.7754625683967
2025-04-02 08:33:20,1,95.1056516295167
2025-04-02 08:33:30,2,99.9945169365512
2025-04-02 08:33:40,3,94.4376370237478
2025-04-02 08:33:50,4,79.015501237573
2025-04-02 08:34:00,1,99.8026728428275
2025-04-02 08:34:10,2,96.5925826289073
2025-04-02 08:34:20,3,83.2921240710087
2025-04-02 08:34:30,4,61.2907053653017
2025-04-02 08:34:40,1,98.2287250728676
2025-04-02 08:34:50,2,87.1213811120192
2025-04-02 08:35:00,3,66.9130606358833
2025-04-02 08:35:10,4,39.7147890634816
2025-04-02 08:35:20,1,90.4827052466034
2025-04-02 08:35:30,2,72.1760228098357
2025-04-02 08:35:40,3,46.329603511982
2025-04-02 08:35:50,4,15.6434465040257
2025-04-02 08:36:00,1,77.0513242775802
2025-04-02 08:36:10,2,52.6955795496661
2025-04-02 08:36:20,3,22.8350870110597
2025-04-02 08:36:30,4,-9.4108313318501
2025-04-02 08:36:40,1,58.7785252292479
2025-04-02 08:36:50,2,29.9040792256164
2025-04-02 08:37:00,3,-2.09424198834299
2025-04-02 08:37:10,4,-33.8737920245291
2025-04-02 08:37:20,1,36.8124552684673
2025-04-02 08:37:30,2,5.23359562430119
2025-04-02 08:37:40,3,-26.8919820615348
2025-04-02 08:37:50,4,-56.2083377852141
2025-04-02 08:38:00,1,12.5333233564286
2025-04-02 08:38:10,2,-19.7657340379072
2025-04-02 08:38:20,3,-49.9999999999987
2025-04-02 08:38:30,4,-75.0111069630476
2025-04-02 08:38:40,1,-12.5333233564335
2025-04-02 08:38:50,2,-43.5231099372289
2025-04-02 08:39:00,3,-69.9663340513364
2025-04-02 08:39:10,4,-89.1006524188385
2025-04-02 08:39:20,1,-36.8124552684719
2025-04-02 08:39:30,2,-64.5457687723928
2025-04-02 08:39:40,3,-85.5364260160512
2025-04-02 08:39:50,4,-97.5916761938734
2025-04-02 08:40:00,1,-58.7785252292519
2025-04-02 08:40:10,2,-81.5127795728544
2025-04-02 08:40:20,3,-95.7319497532074
2025-04-02 08:40:30,4,-99.9506560365733
2025-04-02 08:40:40,1,-77.0513242775833
2025-04-02 08:40:50,2,-93.35804264972
2025-04-02 08:41:00,3,-99.912283009886
2025-04-02 08:41:10,4,-96.0293685676953
2025-04-02 08:41:20,1,-90.4827052466006
2025-04-02 08:41:30,2,-99.3372765600397
2025-04-02 08:41:40,3,-97.8147600733795
2025-04-02 08:41:50,4,-86.0742027003956
2025-04-02 08:42:00,1,-98.2287250728685
2025-04-02 08:42:10,2,-99.0747840471441
2025-04-02 08:42:20,3,-89.5711760239385
2025-04-02 08:42:30,4,-70.7106781186556
2025-04-02 08:42:40,1,-99.8026728428272
2025-04-02 08:42:50,2,-92.5870584810025
2025-04-02 08:43:00,3,-75.6995055651708
2025-04-02 08:43:10,4,-50.9041415750371
2025-04-02 08:43:20,1,-95.1056516295152
2025-04-02 08:43:30,2,-80.2817475191154
2025-04-02 08:43:40,3,-57.071356768436
2025-04-02 08:43:50,4,-27.8991106039216
2025-04-02 08:44:00,1,-84.4327925502005
2025-04-02 08:44:10,2,-62.932039104988
2025-04-02 08:44:20,3,-34.8572047321828
2025-04-02 08:44:30,4,-3.1410759078102
2025-04-02 08:44:40,1,-68.4547105928665
2025-04-02 08:44:50,2,-41.6280792260439
2025-04-02 08:45:00,3,-10.4528463267655
2025-04-02 08:45:10,4,21.8143241396581
2025-04-02 08:45:20,1,-48.1753674101676
2025-04-02 08:45:30,2,-17.7084740319611
2025-04-02 08:45:40,3,14.6083028562423
2025-04-02 08:45:50,4,45.3990499739492
2025-04-02 08:46:00,1,-24.8689887164799
2025-04-02 08:46:10,2,7.3238197127616
2025-04-02 08:46:20,3,38.7515586452126
2025-04-02 08:46:30,4,66.1311865323615
2025-04-02 08:46:40,1,7.05743185465365e-12
2025-04-02 08:46:50,2,31.8959309298067
2025-04-02 08:47:00,3,60.4599114862405
2025-04-02 08:47:10,4,82.7080574274542
2025-04-02 08:47:20,1,24.8689887164825
2025-04-02 08:47:30,2,54.4639035015035
2025-04-02 08:47:40,3,78.3693457325871
2025-04-02 08:47:50,4,94.0880768954218
2025-04-02 08:48:00,1,48.17536741017
2025-04-02 08:48:10,2,73.609708711975
2025-04-02 08:48:20,3,91.3545457642626
2025-04-02 08:48:30,4,99.5561964603079
2025-04-02 08:48:40,1,68.4547105928685
2025-04-02 08:48:50,2,88.1303452064955
2025-04-02 08:49:00,3,98.5996037070518
2025-04-02 08:49:10,4,98.7688340595138
2025-04-02 08:49:20,1,84.4327925502019
2025-04-02 08:49:30,2,97.113427990962
2025-04-02 08:49:40,3,99.6492859249497
2025-04-02 08:49:50,4,91.7754625683975
2025-04-02 08:50:00,1,95.105651629516
2025-04-02 08:50:10,2,99.9945169365513
2025-04-02 08:50:20,3,94.4376370237485
2025-04-02 08:50:30,4,79.0155012375673
2025-04-02 08:50:40,1,99.8026728428274
2025-04-02 08:50:50,2,96.5925826289079
2025-04-02 08:51:00,3,83.2921240710099
2025-04-02 08:51:10,4,61.2907053652944
2025-04-02 08:51:20,1,98.228725072868
2025-04-02 08:51:30,2,87.1213811120203
2025-04-02 08:51:40,3,66.9130606358848
2025-04-02 08:51:50,4,39.7147890634836
2025-04-02 08:52:00,1,90.4827052465994
2025-04-02 08:52:10,2,72.1760228098372
2025-04-02 08:52:20,3,46.3296035119839
2025-04-02 08:52:30,4,15.6434465040278
2025-04-02 08:52:40,1,77.0513242775743
2025-04-02 08:52:50,2,52.6955795496679
2025-04-02 08:53:00,3,22.8350870110618
2025-04-02 08:53:10,4,-9.41083133184796
2025-04-02 08:53:20,1,58.7785252292497
2025-04-02 08:53:30,2,29.9040792256076
2025-04-02 08:53:40,3,-2.09424198834083
2025-04-02 08:53:50,4,-33.8737920245271
2025-04-02 08:54:00,1,36.8124552684693
2025-04-02 08:54:10,2,5.23359562429199
2025-04-02 08:54:20,3,-26.8919820615327
2025-04-02 08:54:30,4,-56.2083377852123
2025-04-02 08:54:40,1,12.5333233564308
2025-04-02 08:54:50,2,-19.7657340379051
2025-04-02 08:55:00,3,-50.0000000000067
2025-04-02 08:55:10,4,-75.0111069630462
2025-04-02 08:55:20,1,-12.5333233564313
2025-04-02 08:55:30,2,-43.523109937227
2025-04-02 08:55:40,3,-69.966334051343
2025-04-02 08:55:50,4,-89.1006524188375
2025-04-02 08:56:00,1,-36.8124552684699
2025-04-02 08:56:10,2,-64.5457687723911
2025-04-02 08:56:20,3,-85.5364260160501
2025-04-02 08:56:30,4,-97.5916761938754
2025-04-02 08:56:40,1,-58.7785252292501
2025-04-02 08:56:50,2,-81.5127795728532
2025-04-02 08:57:00,3,-95.7319497532068
2025-04-02 08:57:10,4,-99.950656036573
2025-04-02 08:57:20,1,-77.051324277582
2025-04-02 08:57:30,2,-93.3580426497193
2025-04-02 08:57:40,3,-99.9122830098859
2025-04-02 08:57:50,4,-96.029368567696
2025-04-02 08:58:00,1,-90.4827052466045
2025-04-02 08:58:10,2,-99.3372765600395
2025-04-02 08:58:20,3,-97.81476007338
2025-04-02 08:58:30,4,-86.0742027003967
2025-04-02 08:58:40,1,-98.2287250728681
2025-04-02 08:58:50,2,-99.0747840471444
2025-04-02 08:59:00,3,-89.5711760239395
2025-04-02 08:59:10,4,-70.7106781186571
2025-04-02 08:59:20,1,-99.8026728428273
2025-04-02 08:59:30,2,-92.587058480999
2025-04-02 08:59:40,3,-75.6995055651722
2025-04-02 08:59:50,4,-50.9041415750389
2025-04-02 09:00:00,1,-95.1056516295158
2025-04-02 09:00:10,2,-80.2817475191167
2025-04-02 09:00:20,3,-57.0713567684378
2025-04-02 09:00:30,4,-27.8991106039237
2025-04-02 09:00:40,1,-84.4327925502016
2025-04-02 09:00:50,2,-62.9320391049896
2025-04-02 09:01:00,3,-34.8572047321742
2025-04-02 09:01:10,4,-3.14107590781235
2025-04-02 09:01:20,1,-68.4547105928681
2025-04-02 09:01:30,2,-41.6280792260458
2025-04-02 09:01:40,3,-10.4528463267676
2025-04-02 09:01:50,4,21.814324139656
2025-04-02 09:02:00,1,-48.1753674101695
2025-04-02 09:02:10,2,-17.7084740319633
2025-04-02 09:02:20,3,14.6083028562402
2025-04-02 09:02:30,4,45.3990499739574
2025-04-02 09:02:40,1,-24.868988716482
2025-04-02 09:02:50,2,7.32381971275945
2025-04-02 09:03:00,3,38.7515586452106
2025-04-02 09:03:10,4,66.1311865323599
2025-04-02 09:03:20,1,4.9013107113904e-12
2025-04-02 09:03:30,2,31.8959309298047
2025-04-02 09:03:40,3,60.4599114862387
2025-04-02 09:03:50,4,82.7080574274529
2025-04-02 09:04:00,1,24.8689887164915
2025-04-02 09:04:10,2,54.4639035015017
2025-04-02 09:04:20,3,78.3693457325857
2025-04-02 09:04:30,4,94.088076895421
2025-04-02 09:04:40,1,48.1753674101681
2025-04-02 09:04:50,2,73.6097087119735
2025-04-02 09:05:00,3,91.3545457642618
2025-04-02 09:05:10,4,99.5561964603077
2025-04-02 09:05:20,1,68.4547105928669
2025-04-02 09:05:30,2,88.1303452064999
2025-04-02 09:05:40,3,98.5996037070514
2025-04-02 09:05:50,4,98.7688340595141
2025-04-02 09:06:00,1,84.4327925502008
2025-04-02 09:06:10,2,97.1134279909615
2025-04-02 09:06:20,3,99.6492859249499
2025-04-02 09:06:30,4,91.7754625683984
2025-04-02 09:06:40,1,95.1056516295153
2025-04-02 09:06:50,2,99.9945169365513
2025-04-02 09:07:00,3,94.4376370237455
2025-04-02 09:07:10,4,79.0155012375687
2025-04-02 09:07:20,1,99.8026728428272
2025-04-02 09:07:30,2,96.5925826289084
2025-04-02 09:07:40,3,83.2921240710111
2025-04-02 09:07:50,4,61.2907053652962
2025-04-02 09:08:00,1,98.2287250728684
2025-04-02 09:08:10,2,87.1213811120213
2025-04-02 09:08:20,3,66.9130606358865
2025-04-02 09:08:30,4,39.7147890634752
2025-04-02 09:08:40,1,90.4827052466003
2025-04-02 09:08:50,2,72.1760228098387
2025-04-02 09:09:00,3,46.3296035119858
2025-04-02 09:09:10,4,15.6434465040299
2025-04-02 09:09:20,1,77.0513242775757
2025-04-02 09:09:30,2,52.6955795496697
2025-04-02 09:09:40,3,22.8350870110639
2025-04-02 09:09:50,4,-9.41083133184581
2025-04-02 09:10:00,1,58.7785252292422
2025-04-02 09:10:10,2,29.9040792256097
2025-04-02 09:10:20,3,-2.09424198833868
2025-04-02 09:10:30,4,-33.873792024525
2025-04-02 09:10:40,1,36.8124552684713
2025-04-02 09:10:50,2,5.23359562429414
2025-04-02 09:11:00,3,-26.8919820615307
2025-04-02 09:11:10,4,-56.2083377852105
2025-04-02 09:11:20,1,12.5333233564329
2025-04-02 09:11:30,2,-19.7657340379141
2025-04-02 09:11:40,3,-50.0000000000048
2025-04-02 09:11:50,4,-75.0111069630448
2025-04-02 09:12:00,1,-12.5333233564292
2025-04-02 09:12:10,2,-43.523109937225
2025-04-02 09:12:20,3,-69.9663340513414
2025-04-02 09:12:30,4,-89.1006524188365
2025-04-02 09:12:40,1,-36.8124552684679
2025-04-02 09:12:50,2,-64.5457687723895
2025-04-02 09:13:00,3,-85.5364260160549
2025-04-02 09:13:10,4,-97.5916761938749
2025-04-02 09:13:20,1,-58.7785252292484
2025-04-02 09:13:30,2,-81.5127795728519
2025-04-02 09:13:40,3,-95.7319497532062
2025-04-02 09:13:50,4,-99.9506560365731
2025-04-02 09:14:00,1,-77.0513242775806
2025-04-02 09:14:10,2,-93.3580426497185
2025-04-02 09:14:20,3,-99.9122830098858
2025-04-02 09:14:30,4,-96.0293685676934
2025-04-02 09:14:40,1,-90.4827052466036
2025-04-02 09:14:50,2,-99.3372765600392
2025-04-02 09:15:00,3,-97.8147600733804
2025-04-02 09:15:10,4,-86.0742027003978
2025-04-02 09:15:20,1,-98.2287250728698
2025-04-02 09:15:30,2,-99.0747840471447
2025-04-02 09:15:40,3,-89.5711760239405
2025-04-02 09:15:50,4,-70.7106781186586
2025-04-02 09:16:00,1,-99.8026728428268
2025-04-02 09:16:10,2,-92.5870584809998
2025-04-02 09:16:20,3,-75.6995055651736
2025-04-02 09:16:30,4,-50.9041415750408
2025-04-02 09:16:40,1,-95.1056516295165
2025-04-02 09:16:50,2,-80.2817475191112
2025-04-02 09:17:00,3,-57.0713567684396
2025-04-02 09:17:10,4,-27.8991106039258
2025-04-02 09:17:20,1,-84.4327925502028
2025-04-02 09:17:30,2,-62.9320391049825
2025-04-02 09:17:40,3,-34.8572047321762
2025-04-02 09:17:50,4,-3.14107590781451
2025-04-02 09:18:00,1,-68.4547105928697
2025-04-02 09:18:10,2,-41.6280792260478
2025-04-02 09:18:20,3,-10.4528463267584
2025-04-02 09:18:30,4,21.8143241396539
2025-04-02 09:18:40,1,-48.1753674101714
2025-04-02 09:18:50,2,-17.7084740319654
2025-04-02 09:19:00,3,14.6083028562493
2025-04-02 09:19:10,4,45.3990499739555
2025-04-02 09:19:20,1,-24.8689887164841
2025-04-02 09:19:30,2,7.3238197127573
2025-04-02 09:19:40,3,38.7515586452086
2025-04-02 09:19:50,4,66.1311865323668
2025-04-02 09:20:00,1,2.74518956812715e-12
2025-04-02 09:20:10,2,31.8959309298026
2025-04-02 09:20:20,3,60.459911486237
2025-04-02 09:20:30,4,82.7080574274581
2025-04-02 09:20:40,1,24.8689887164894
2025-04-02 09:20:50,2,54.4639035014999
2025-04-02 09:21:00,3,78.3693457325844
2025-04-02 09:21:10,4,94.0880768954203
2025-04-02 09:21:20,1,48.1753674101762
2025-04-02 09:21:30,2,73.609708711972
2025-04-02 09:21:40,3,91.3545457642609
2025-04-02 09:21:50,4,99.5561964603075
2025-04-02 09:22:00,1,68.4547105928737
2025-04-02 09:22:10,2,88.1303452064989
2025-04-02 09:22:20,3,98.599603707051
2025-04-02 09:22:30,4,98.7688340595144
2025-04-02 09:22:40,1,84.4327925501996
2025-04-02 09:22:50,2,97.1134279909637
2025-04-02 09:23:00,3,99.6492859249501
2025-04-02 09:23:10,4,91.7754625683992
2025-04-02 09:23:20,1,95.1056516295147
2025-04-02 09:23:30,2,99.9945169365512
2025-04-02 09:23:40,3,94.4376370237462
2025-04-02 09:23:50,4,79.01550123757
2025-04-02 09:24:00,1,99.8026728428271
2025-04-02 09:24:10,2,96.592582628909
2025-04-02 09:24:20,3,83.292124071006
2025-04-02 09:24:30,4,61.2907053652979
2025-04-02 09:24:40,1,98.2287250728688
2025-04-02 09:24:50,2,87.1213811120224
2025-04-02 09:25:00,3,66.9130606358796
2025-04-02 09:25:10,4,39.7147890634771
2025-04-02 09:25:20,1,90.4827052466013
2025-04-02 09:25:30,2,72.1760228098402
2025-04-02 09:25:40,3,46.3296035119877
2025-04-02 09:25:50,4,15.6434465040208
2025-04-02 09:26:00,1,77.0513242775771
2025-04-02 09:26:10,2,52.6955795496716
2025-04-02 09:26:20,3,22.835087011066
2025-04-02 09:26:30,4,-9.41083133185498
2025-04-02 09:26:40,1,58.7785252292439
2025-04-02 09:26:50,2,29.9040792256117
2025-04-02 09:27:00,3,-2.09424198833652
2025-04-02 09:27:10,4,-33.873792024523
2025-04-02 09:27:20,1,36.8124552684627
2025-04-02 09:27:30,2,5.2335956242963
2025-04-02 09:27:40,3,-26.8919820615286
2025-04-02 09:27:50,4,-56.2083377852087
2025-04-02 09:28:00,1,12.5333233564238
2025-04-02 09:28:10,2,-19.765734037912
2025-04-02 09:28:20,3,-50.0000000000029
2025-04-02 09:28:30,4,-75.0111069630433
2025-04-02 09:28:40,1,-12.5333233564271
2025-04-02 09:28:50,2,-43.5231099372333
2025-04-02 09:29:00,3,-69.9663340513399
2025-04-02 09:29:10,4,-89.1006524188356
2025-04-02 09:29:20,1,-36.8124552684658
2025-04-02 09:29:30,2,-64.5457687723965
2025-04-02 09:29:40,3,-85.5364260160537
2025-04-02 09:29:50,4,-97.5916761938744
2025-04-02 09:30:00,1,-58.7785252292466
2025-04-02 09:30:10,2,-81.5127795728507
2025-04-02 09:30:20,3,-95.7319497532088
2025-04-02 09:30:30,4,-99.9506560365732
2025-04-02 09:30:40,1,-77.0513242775792
2025-04-02 09:30:50,2,-93.3580426497177
2025-04-02 09:31:00,3,-99.9122830098862
2025-04-02 09:31:10,4,-96.029368567694
2025-04-02 09:31:20,1,-90.4827052466027
2025-04-02 09:31:30,2,-99.337276560039
2025-04-02 09:31:40,3,-97.8147600733809
2025-04-02 09:31:50,4,-86.0742027003931
2025-04-02 09:32:00,1,-98.2287250728694
2025-04-02 09:32:10,2,-99.0747840471449
2025-04-02 09:32:20,3,-89.5711760239414
2025-04-02 09:32:30,4,-70.7106781186521
2025-04-02 09:32:40,1,-99.8026728428269
2025-04-02 09:32:50,2,-92.5870584810006
2025-04-02 09:33:00,3,-75.699505565175
2025-04-02 09:33:10,4,-50.9041415750426
2025-04-02 09:33:20,1,-95.1056516295136
2025-04-02 09:33:30,2,-80.2817475191125
2025-04-02 09:33:40,3,-57.0713567684413
2025-04-02 09:33:50,4,-27.8991106039278
2025-04-02 09:34:00,1,-84.4327925501978
2025-04-02 09:34:10,2,-62.9320391049841
2025-04-02 09:34:20,3,-34.8572047321782
2025-04-02 09:34:30,4,-3.14107590781666
2025-04-02 09:34:40,1,-68.4547105928712
2025-04-02 09:34:50,2,-41.6280792260394
2025-04-02 09:35:00,3,-10.4528463267606
2025-04-02 09:35:10,4,21.8143241396518
2025-04-02 09:35:20,1,-48.1753674101733
2025-04-02 09:35:30,2,-17.7084740319563
2025-04-02 09:35:40,3,14.6083028562472
2025-04-02 09:35:50,4,45.3990499739535
2025-04-02 09:36:00,1,-24.8689887164861
2025-04-02 09:36:10,2,7.32381971275515
2025-04-02 09:36:20,3,38.7515586452171
2025-04-02 09:36:30,4,66.1311865323652
2025-04-02 09:36:40,1,5.89068424863906e-13
2025-04-02 09:36:50,2,31.8959309298006
2025-04-02 09:37:00,3,60.4599114862444
2025-04-02 09:37:10,4,82.7080574274569
2025-04-02 09:37:20,1,24.8689887164873
2025-04-02 09:37:30,2,54.4639035014981
2025-04-02 09:37:40,3,78.3693457325831
2025-04-02 09:37:50,4,94.0880768954234
2025-04-02 09:38:00,1,48.1753674101743
2025-04-02 09:38:10,2,73.6097087119706
2025-04-02 09:38:20,3,91.35454576426
2025-04-02 09:38:30,4,99.5561964603084
2025-04-02 09:38:40,1,68.4547105928721
2025-04-02 09:38:50,2,88.1303452064978
2025-04-02 09:39:00,3,98.5996037070507
2025-04-02 09:39:10,4,98.7688340595148
2025-04-02 09:39:20,1,84.4327925502046
2025-04-02 09:39:30,2,97.1134279909632
2025-04-02 09:39:40,3,99.6492859249502
2025-04-02 09:39:50,4,91.7754625684001
2025-04-02 09:40:00,1,95.1056516295175
2025-04-02 09:40:10,2,99.9945169365512
2025-04-02 09:40:20,3,94.4376370237469
2025-04-02 09:40:30,4,79.0155012375713
2025-04-02 09:40:40,1,99.802672842827
2025-04-02 09:40:50,2,96.5925826289066
2025-04-02 09:41:00,3,83.2921240710072
2025-04-02 09:41:10,4,61.2907053652996
2025-04-02 09:41:20,1,98.2287250728692
2025-04-02 09:41:30,2,87.1213811120179
2025-04-02 09:41:40,3,66.9130606358812
2025-04-02 09:41:50,4,39.7147890634791
2025-04-02 09:42:00,1,90.4827052466022
2025-04-02 09:42:10,2,72.1760228098417
2025-04-02 09:42:20,3,46.3296035119795
2025-04-02 09:42:30,4,15.643446504023
2025-04-02 09:42:40,1,77.0513242775785
2025-04-02 09:42:50,2,52.6955795496734
2025-04-02 09:43:00,3,22.835087011057
2025-04-02 09:43:10,4,-9.41083133185284
2025-04-02 09:43:20,1,58.7785252292457
2025-04-02 09:43:30,2,29.9040792256138
2025-04-02 09:43:40,3,-2.09424198833437
2025-04-02 09:43:50,4,-33.8737920245317
2025-04-02 09:44:00,1,36.8124552684648
2025-04-02 09:44:10,2,5.23359562429845
2025-04-02 09:44:20,3,-26.8919820615265
2025-04-02 09:44:30,4,-56.2083377852163
2025-04-02 09:44:40,1,12.5333233564259
2025-04-02 09:44:50,2,-19.7657340379099
2025-04-02 09:45:00,3,-50.0000000000011
2025-04-02 09:45:10,4,-75.0111069630419
2025-04-02 09:45:20,1,-12.5333233564362
2025-04-02 09:45:30,2,-43.5231099372314
2025-04-02 09:45:40,3,-69.9663340513383
2025-04-02 09:45:50,4,-89.1006524188346
2025-04-02 09:46:00,1,-36.8124552684744
2025-04-02 09:46:10,2,-64.5457687723949
2025-04-02 09:46:20,3,-85.5364260160526
2025-04-02 09:46:30,4,-97.591676193874
2025-04-02 09:46:40,1,-58.7785252292449
2025-04-02 09:46:50,2,-81.512779572856
2025-04-02 09:47:00,3,-95.7319497532082
2025-04-02 09:47:10,4,-99.9506560365732
2025-04-02 09:47:20,1,-77.0513242775778
2025-04-02 09:47:30,2,-93.358042649721
2025-04-02 09:47:40,3,-99.9122830098861
2025-04-02 09:47:50,4,-96.0293685676946
2025-04-02 09:48:00,1,-90.4827052466018
2025-04-02 09:48:10,2,-99.3372765600387
2025-04-02 09:48:20,3,-97.814760073379
2025-04-02 09:48:30,4,-86.0742027003942
2025-04-02 09:48:40,1,-98.228725072869
2025-04-02 09:48:50,2,-99.0747840471452
2025-04-02 09:49:00,3,-89.5711760239373
2025-04-02 09:49:10,4,-70.7106781186537
2025-04-02 09:49:20,1,-99.802672842827
2025-04-02 09:49:30,2,-92.5870584810014
2025-04-02 09:49:40,3,-75.6995055651764
2025-04-02 09:49:50,4,-50.9041415750347
2025-04-02 09:50:00,1,-95.1056516295143
2025-04-02 09:50:10,2,-80.2817475191138
2025-04-02 09:50:20,3,-57.0713567684431
2025-04-02 09:50:30,4,-27.899110603919
2025-04-02 09:50:40,1,-84.432792550199
2025-04-02 09:50:50,2,-62.9320391049858
2025-04-02 09:51:00,3,-34.8572047321803
2025-04-02 09:51:10,4,-3.14107590781882
2025-04-02 09:51:20,1,-68.4547105928645
2025-04-02 09:51:30,2,-41.6280792260414
2025-04-02 09:51:40,3,-10.4528463267627
2025-04-02 09:51:50,4,21.8143241396497
2025-04-02 09:52:00,1,-48.1753674101652
2025-04-02 09:52:10,2,-17.7084740319584
2025-04-02 09:52:20,3,14.608302856245
2025-04-02 09:52:30,4,45.3990499739516
2025-04-02 09:52:40,1,-24.8689887164882
2025-04-02 09:52:50,2,7.32381971276434
2025-04-02 09:53:00,3,38.7515586452151
2025-04-02 09:53:10,4,66.1311865323636
2025-04-02 09:53:20,1,-1.56705271839934e-12
2025-04-02 09:53:30,2,31.8959309298093
2025-04-02 09:53:40,3,60.4599114862426
2025-04-02 09:53:50,4,82.7080574274557
2025-04-02 09:54:00,1,24.8689887164852
2025-04-02 09:54:10,2,54.4639035014963
2025-04-02 09:54:20,3,78.3693457325888
2025-04-02 09:54:30,4,94.0880768954227
2025-04-02 09:54:40,1,48.1753674101724
2025-04-02 09:54:50,2,73.6097087119691
2025-04-02 09:55:00,3,91.3545457642638
2025-04-02 09:55:10,4,99.5561964603082
2025-04-02 09:55:20,1,68.4547105928705
2025-04-02 09:55:30,2,88.1303452064968
2025-04-02 09:55:40,3,98.5996037070503
2025-04-02 09:55:50,4,98.7688340595133
2025-04-02 09:56:00,1,84.4327925502034
2025-04-02 09:56:10,2,97.1134279909627
2025-04-02 09:56:20,3,99.6492859249504
2025-04-02 09:56:30,4,91.7754625683964
2025-04-02 09:56:40,1,95.1056516295169
2025-04-02 09:56:50,2,99.9945169365512
2025-04-02 09:57:00,3,94.4376370237476
2025-04-02 09:57:10,4,79.0155012375726
2025-04-02 09:57:20,1,99.8026728428275
2025-04-02 09:57:30,2,96.5925826289072
2025-04-02 09:57:40,3,83.2921240710084
2025-04-02 09:57:50,4,61.2907053653013
2025-04-02 09:58:00,1,98.2287250728696
2025-04-02 09:58:10,2,87.1213811120189
2025-04-02 09:58:20,3,66.9130606358828
2025-04-02 09:58:30,4,39.7147890634811
2025-04-02 09:58:40,1,90.4827052466031
2025-04-02 09:58:50,2,72.1760228098353
2025-04-02 09:59:00,3,46.3296035119815
2025-04-02 09:59:10,4,15.6434465040251
2025-04-02 09:59:20,1,77.0513242775798
2025-04-02 09:59:30,2,52.6955795496752
2025-04-02 09:59:40,3,22.8350870110591
2025-04-02 09:59:50,4,-9.41083133185069
2025-04-02 10:00:00,1,58.7785252292474
2025-04-02 10:00:10,2,29.9040792256158
2025-04-02 10:00:20,3,-2.09424198834358
2025-04-02 10:00:30,4,-33.8737920245296
2025-04-02 10:00:40,1,36.8124552684668
2025-04-02 10:00:50,2,5.2335956243006
2025-04-02 10:01:00,3,-26.8919820615244
2025-04-02 10:01:10,4,-56.2083377852146
2025-04-02 10:01:20,1,12.533323356428
2025-04-02 10:01:30,2,-19.7657340379078
2025-04-02 10:01:40,3,-49.9999999999992
2025-04-02 10:01:50,4,-75.011106963048
2025-04-02 10:02:00,1,-12.5333233564341
2025-04-02 10:02:10,2,-43.5231099372294
2025-04-02 10:02:20,3,-69.9663340513368
2025-04-02 10:02:30,4,-89.1006524188336
2025-04-02 10:02:40,1,-36.8124552684724
2025-04-02 10:02:50,2,-64.5457687723932
2025-04-02 10:03:00,3,-85.5364260160515
2025-04-02 10:03:10,4,-97.5916761938735
2025-04-02 10:03:20,1,-58.7785252292524
2025-04-02 10:03:30,2,-81.5127795728548
2025-04-02 10:03:40,3,-95.7319497532076
2025-04-02 10:03:50,4,-99.9506560365733
2025-04-02 10:04:00,1,-77.0513242775765
2025-04-02 10:04:10,2,-93.3580426497202
2025-04-02 10:04:20,3,-99.912283009886
2025-04-02 10:04:30,4,-96.0293685676952
2025-04-02 10:04:40,1,-90.4827052466009
2025-04-02 10:04:50,2,-99.3372765600398
2025-04-02 10:05:00,3,-97.8147600733794
2025-04-02 10:05:10,4,-86.0742027003953
2025-04-02 10:05:20,1,-98.2287250728686
2025-04-02 10:05:30,2,-99.0747840471455
2025-04-02 10:05:40,3,-89.5711760239383
2025-04-02 10:05:50,4,-70.7106781186552
2025-04-02 10:06:00,1,-99.8026728428271
2025-04-02 10:06:10,2,-92.5870584810023
2025-04-02 10:06:20,3,-75.6995055651704
2025-04-02 10:06:30,4,-50.9041415750366
2025-04-02 10:06:40,1,-95.105651629515
2025-04-02 10:06:50,2,-80.2817475191151
2025-04-02 10:07:00,3,-57.0713567684449
2025-04-02 10:07:10,4,-27.8991106039211
2025-04-02 10:07:20,1,-84.4327925502001
2025-04-02 10:07:30,2,-62.9320391049875
2025-04-02 10:07:40,3,-34.8572047321823
2025-04-02 10:07:50,4,-3.14107590780961
2025-04-02 10:08:00,1,-68.4547105928661
2025-04-02 10:08:10,2,-41.6280792260433
2025-04-02 10:08:20,3,-10.4528463267649
2025-04-02 10:08:30,4,21.8143241396476
2025-04-02 10:08:40,1,-48.1753674101671
2025-04-02 10:08:50,2,-17.7084740319606
2025-04-02 10:09:00,3,14.6083028562429
2025-04-02 10:09:10,4,45.3990499739497
2025-04-02 10:09:20,1,-24.8689887164793
2025-04-02 10:09:30,2,7.32381971276219
2025-04-02 10:09:40,3,38.7515586452131
2025-04-02 10:09:50,4,66.131186532362
2025-04-02 10:10:00,1,-3.72317386166259e-12
2025-04-02 10:10:10,2,31.8959309298073
2025-04-02 10:10:20,3,60.4599114862409
2025-04-02 10:10:30,4,82.7080574274545
2025-04-02 10:10:40,1,24.8689887164831
2025-04-02 10:10:50,2,54.463903501504
2025-04-02 10:11:00,3,78.3693457325875
2025-04-02 10:11:10,4,94.088076895422
2025-04-02 10:11:20,1,48.1753674101705
2025-04-02 10:11:30,2,73.6097087119677
2025-04-02 10:11:40,3,91.3545457642629
2025-04-02 10:11:50,4,99.556196460308
2025-04-02 10:12:00,1,68.4547105928689
2025-04-02 10:12:10,2,88.1303452064958
2025-04-02 10:12:20,3,98.5996037070519
2025-04-02 10:12:30,4,98.7688340595136
2025-04-02 10:12:40,1,84.4327925502023
2025-04-02 10:12:50,2,97.1134279909622
2025-04-02 10:13:00,3,99.6492859249506
2025-04-02 10:13:10,4,91.7754625683973
2025-04-02 10:13:20,1,95.1056516295162
2025-04-02 10:13:30,2,99.9945169365513
2025-04-02 10:13:40,3,94.4376370237483
2025-04-02 10:13:50,4,79.015501237567
2025-04-02 10:14:00,1,99.8026728428274
2025-04-02 10:14:10,2,96.5925826289077
2025-04-02 10:14:20,3,83.2921240710096
2025-04-02 10:14:30,4,61.290705365303
2025-04-02 10:14:40,1,98.2287250728679
2025-04-02 10:14:50,2,87.12138111202
2025-04-02 10:15:00,3,66.9130606358844
2025-04-02 10:15:10,4,39.7147890634831
2025-04-02 10:15:20,1,90.4827052465992
2025-04-02 10:15:30,2,72.1760228098368
2025-04-02 10:15:40,3,46.3296035119834
2025-04-02 10:15:50,4,15.6434465040272
2025-04-02 10:16:00,1,77.0513242775812
2025-04-02 10:16:10,2,52.6955795496674
2025-04-02 10:16:20,3,22.8350870110612
2025-04-02 10:16:30,4,-9.41083133184855
2025-04-02 10:16:40,1,58.7785252292492
2025-04-02 10:16:50,2,29.904079225607
2025-04-02 10:17:00,3,-2.09424198834142
2025-04-02 10:17:10,4,-33.8737920245276
2025-04-02 10:17:20,1,36.8124552684688
2025-04-02 10:17:30,2,5.23359562430276
2025-04-02 10:17:40,3,-26.8919820615333
2025-04-02 10:17:50,4,-56.2083377852128
2025-04-02 10:18:00,1,12.5333233564302
2025-04-02 10:18:10,2,-19.7657340379056
2025-04-02 10:18:20,3,-50.0000000000072
2025-04-02 10:18:30,4,-75.0111069630466
2025-04-02 10:18:40,1,-12.5333233564319
2025-04-02 10:18:50,2,-43.5231099372275
2025-04-02 10:19:00,3,-69.9663340513353
2025-04-02 10:19:10,4,-89.1006524188378
2025-04-02 10:19:20,1,-36.8124552684704
2025-04-02 10:19:30,2,-64.5457687723916
2025-04-02 10:19:40,3,-85.5364260160504
2025-04-02 10:19:50,4,-97.5916761938755
2025-04-02 10:20:00,1,-58.7785252292506
2025-04-02 10:20:10,2,-81.5127795728535
2025-04-02 10:20:20,3,-95.7319497532069
2025-04-02 10:20:30,4,-99.9506560365734
2025-04-02 10:20:40,1,-77.0513242775823
2025-04-02 10:20:50,2,-93.3580426497195
2025-04-02 10:21:00,3,-99.9122830098859
2025-04-02 10:21:10,4,-96.0293685676958
2025-04-02 10:21:20,1,-90.4827052466048
2025-04-02 10:21:30,2,-99.3372765600396
2025-04-02 10:21:40,3,-97.8147600733799
2025-04-02 10:21:50,4,-86.0742027003964
2025-04-02 10:22:00,1,-98.2287250728682
2025-04-02 10:22:10,2,-99.0747840471443
2025-04-02 10:22:20,3,-89.5711760239392
2025-04-02 10:22:30,4,-70.7106781186567
2025-04-02 10:22:40,1,-99.8026728428273
2025-04-02 10:22:50,2,-92.5870584809988
2025-04-02 10:23:00,3,-75.6995055651718
2025-04-02 10:23:10,4,-50.9041415750384
2025-04-02 10:23:20,1,-95.1056516295156
2025-04-02 10:23:30,2,-80.2817475191164
2025-04-02 10:23:40,3,-57.0713567684373
2025-04-02 10:23:50,4,-27.8991106039231
2025-04-02 10:24:00,1,-84.4327925502013
2025-04-02 10:24:10,2,-62.9320391049892
2025-04-02 10:24:20,3,-34.8572047321736
2025-04-02 10:24:30,4,-3.14107590781176
2025-04-02 10:24:40,1,-68.4547105928677
2025-04-02 10:24:50,2,-41.6280792260453
2025-04-02 10:25:00,3,-10.452846326767
2025-04-02 10:25:10,4,21.8143241396565
2025-04-02 10:25:20,1,-48.175367410169
2025-04-02 10:25:30,2,-17.7084740319627
2025-04-02 10:25:40,3,14.6083028562408
2025-04-02 10:25:50,4,45.3990499739579
2025-04-02 10:26:00,1,-24.8689887164814
2025-04-02 10:26:10,2,7.32381971276004
2025-04-02 10:26:20,3,38.7515586452111
2025-04-02 10:26:30,4,66.1311865323603
2025-04-02 10:26:40,1,5.48938876723577e-12
2025-04-02 10:26:50,2,31.8959309298052
2025-04-02 10:27:00,3,60.4599114862392
2025-04-02 10:27:10,4,82.7080574274533
2025-04-02 10:27:20,1,24.868988716492
2025-04-02 10:27:30,2,54.4639035015022
2025-04-02 10:27:40,3,78.3693457325861
2025-04-02 10:27:50,4,94.0880768954212
2025-04-02 10:28:00,1,48.1753674101686
2025-04-02 10:28:10,2,73.6097087119739
2025-04-02 10:28:20,3,91.354545764262
2025-04-02 10:28:30,4,99.5561964603078
2025-04-02 10:28:40,1,68.4547105928674
2025-04-02 10:28:50,2,88.1303452065002
2025-04-02 10:29:00,3,98.5996037070515
2025-04-02 10:29:10,4,98.768834059514
2025-04-02 10:29:20,1,84.4327925502011
2025-04-02 10:29:30,2,97.1134279909617
2025-04-02 10:29:40,3,99.6492859249498
2025-04-02 10:29:50,4,91.7754625683982
2025-04-02 10:30:00,1,95.1056516295155
2025-04-02 10:30:10,2,99.9945169365513
2025-04-02 10:30:20,3,94.4376370237453
2025-04-02 10:30:30,4,79.0155012375683
2025-04-02 10:30:40,1,99.8026728428273
2025-04-02 10:30:50,2,96.5925826289083
2025-04-02 10:31:00,3,83.2921240710108
2025-04-02 10:31:10,4,61.2907053652957
2025-04-02 10:31:20,1,98.2287250728683
2025-04-02 10:31:30,2,87.121381112021
2025-04-02 10:31:40,3,66.913060635886
2025-04-02 10:31:50,4,39.7147890634746
2025-04-02 10:32:00,1,90.4827052466001
2025-04-02 10:32:10,2,72.1760228098383
2025-04-02 10:32:20,3,46.3296035119853
2025-04-02 10:32:30,4,15.6434465040293
2025-04-02 10:32:40,1,77.0513242775753
2025-04-02 10:32:50,2,52.6955795496692
2025-04-02 10:33:00,3,22.8350870110633
2025-04-02 10:33:10,4,-9.4108313318464
2025-04-02 10:33:20,1,58.7785252292417
2025-04-02 10:33:30,2,29.9040792256091
2025-04-02 10:33:40,3,-2.09424198833927
2025-04-02 10:33:50,4,-33.8737920245256
2025-04-02 10:34:00,1,36.8124552684708
2025-04-02 10:34:10,2,5.23359562429355
2025-04-02 10:34:20,3,-26.8919820615312
2025-04-02 10:34:30,4,-56.208337785211
2025-04-02 10:34:40,1,12.5333233564323
2025-04-02 10:34:50,2,-19.7657340379147
2025-04-02 10:35:00,3,-50.0000000000053
2025-04-02 10:35:10,4,-75.0111069630451
2025-04-02 10:35:20,1,-12.5333233564298
2025-04-02 10:35:30,2,-43.5231099372256
2025-04-02 10:35:40,3,-69.9663340513418
2025-04-02 10:35:50,4,-89.1006524188368
2025-04-02 10:36:00,1,-36.8124552684684
2025-04-02 10:36:10,2,-64.5457687723899
2025-04-02 10:36:20,3,-85.5364260160552
2025-04-02 10:36:30,4,-97.591676193875
2025-04-02 10:36:40,1,-58.7785252292489
2025-04-02 10:36:50,2,-81.5127795728523
2025-04-02 10:37:00,3,-95.7319497532063
2025-04-02 10:37:10,4,-99.9506560365731
2025-04-02 10:37:20,1,-77.051324277581
2025-04-02 10:37:30,2,-93.3580426497187
2025-04-02 10:37:40,3,-99.9122830098858
2025-04-02 10:37:50,4,-96.0293685676932
2025-04-02 10:38:00,1,-90.4827052466039
2025-04-02 10:38:10,2,-99.3372765600393
2025-04-02 10:38:20,3,-97.8147600733803
2025-04-02 10:38:30,4,-86.0742027003975
2025-04-02 10:38:40,1,-98.2287250728699
2025-04-02 10:38:50,2,-99.0747840471446
2025-04-02 10:39:00,3,-89.5711760239402
2025-04-02 10:39:10,4,-70.7106781186582
2025-04-02 10:39:20,1,-99.8026728428267
2025-04-02 10:39:30,2,-92.5870584809996
2025-04-02 10:39:40,3,-75.6995055651732
2025-04-02 10:39:50,4,-50.9041415750403
2025-04-02 10:40:00,1,-95.1056516295163
2025-04-02 10:40:10,2,-80.2817475191109
2025-04-02 10:40:20,3,-57.0713567684391
2025-04-02 10:40:30,4,-27.8991106039252
2025-04-02 10:40:40,1,-84.4327925502025
2025-04-02 10:40:50,2,-62.932039104982
2025-04-02 10:41:00,3,-34.8572047321757
2025-04-02 10:41:10,4,-3.14107590781392
2025-04-02 10:41:20,1,-68.4547105928692
2025-04-02 10:41:30,2,-41.6280792260473
2025-04-02 10:41:40,3,-10.4528463267579
2025-04-02 10:41:50,4,21.8143241396544
2025-04-02 10:42:00,1,-48.1753674101708
2025-04-02 10:42:10,2,-17.7084740319648
2025-04-02 10:42:20,3,14.6083028562499
2025-04-02 10:42:30,4,45.399049973956
2025-04-02 10:42:40,1,-24.8689887164835
2025-04-02 10:42:50,2,7.32381971275789
2025-04-02 10:43:00,3,38.7515586452091
2025-04-02 10:43:10,4,66.1311865323673
2025-04-02 10:43:20,1,3.33326762397252e-12
2025-04-02 10:43:30,2,31.8959309298032
2025-04-02 10:43:40,3,60.4599114862375
2025-04-02 10:43:50,4,82.7080574274584
2025-04-02 10:44:00,1,24.8689887164899
2025-04-02 10:44:10,2,54.4639035015004
2025-04-02 10:44:20,3,78.3693457325848
2025-04-02 10:44:30,4,94.0880768954205
2025-04-02 10:44:40,1,48.1753674101767
2025-04-02 10:44:50,2,73.6097087119724
2025-04-02 10:45:00,3,91.3545457642611
2025-04-02 10:45:10,4,99.5561964603076
2025-04-02 10:45:20,1,68.4547105928741
2025-04-02 10:45:30,2,88.1303452064991
2025-04-02 10:45:40,3,98.5996037070511
2025-04-02 10:45:50,4,98.7688340595143
2025-04-02 10:46:00,1,84.4327925501999
2025-04-02 10:46:10,2,97.1134279909639
2025-04-02 10:46:20,3,99.64928592495
2025-04-02 10:46:30,4,91.775462568399
2025-04-02 10:46:40,1,95.1056516295149
2025-04-02 10:46:50,2,99.9945169365512
2025-04-02 10:47:00,3,94.437637023746
2025-04-02 10:47:10,4,79.0155012375696
2025-04-02 10:47:20,1,99.8026728428271
2025-04-02 10:47:30,2,96.5925826289088
2025-04-02 10:47:40,3,83.2921240710057
2025-04-02 10:47:50,4,61.2907053652974
2025-04-02 10:48:00,1,98.2287250728687
2025-04-02 10:48:10,2,87.1213811120221
2025-04-02 10:48:20,3,66.9130606358792
2025-04-02 10:48:30,4,39.7147890634766
2025-04-02 10:48:40,1,90.482705246601
2025-04-02 10:48:50,2,72.1760228098398
2025-04-02 10:49:00,3,46.3296035119872
2025-04-02 10:49:10,4,15.6434465040202
2025-04-02 10:49:20,1,77.0513242775767
2025-04-02 10:49:30,2,52.6955795496711
2025-04-02 10:49:40,3,22.8350870110654
2025-04-02 10:49:50,4,-9.41083133185557
2025-04-02 10:50:00,1,58.7785252292435
2025-04-02 10:50:10,2,29.9040792256112
2025-04-02 10:50:20,3,-2.09424198833711
2025-04-02 10:50:30,4,-33.8737920245236
2025-04-02 10:50:40,1,36.8124552684622
2025-04-02 10:50:50,2,5.23359562429571
2025-04-02 10:51:00,3,-26.8919820615292
2025-04-02 10:51:10,4,-56.2083377852092
2025-04-02 10:51:20,1,12.5333233564232
2025-04-02 10:51:30,2,-19.7657340379126
2025-04-02 10:51:40,3,-50.0000000000034
2025-04-02 10:51:50,4,-75.0111069630437
2025-04-02 10:52:00,1,-12.5333233564277
2025-04-02 10:52:10,2,-43.5231099372339
2025-04-02 10:52:20,3,-69.9663340513403
2025-04-02 10:52:30,4,-89.1006524188358
2025-04-02 10:52:40,1,-36.8124552684664
2025-04-02 10:52:50,2,-64.545768772397
2025-04-02 10:53:00,3,-85.5364260160541
2025-04-02 10:53:10,4,-97.5916761938746
2025-04-02 10:53:20,1,-58.7785252292471
2025-04-02 10:53:30,2,-81.512779572851
2025-04-02 10:53:40,3,-95.731949753209
2025-04-02 10:53:50,4,-99.9506560365731
2025-04-02 10:54:00,1,-77.0513242775796
2025-04-02 10:54:10,2,-93.3580426497179
2025-04-02 10:54:20,3,-99.9122830098862
2025-04-02 10:54:30,4,-96.0293685676938
2025-04-02 10:54:40,1,-90.4827052466029
2025-04-02 10:54:50,2,-99.3372765600391
2025-04-02 10:55:00,3,-97.8147600733808
2025-04-02 10:55:10,4,-86.0742027003928
2025-04-02 10:55:20,1,-98.2287250728695
2025-04-02 10:55:30,2,-99.0747840471449
2025-04-02 10:55:40,3,-89.5711760239412
2025-04-02 10:55:50,4,-70.7106781186517
2025-04-02 10:56:00,1,-99.8026728428269
2025-04-02 10:56:10,2,-92.5870584810004
2025-04-02 10:56:20,3,-75.6995055651746
2025-04-02 10:56:30,4,-50.9041415750421
2025-04-02 10:56:40,1,-95.1056516295135
2025-04-02 10:56:50,2,-80.2817475191122
2025-04-02 10:57:00,3,-57.0713567684409
2025-04-02 10:57:10,4,-27.8991106039273
2025-04-02 10:57:20,1,-84.4327925502036
2025-04-02 10:57:30,2,-62.9320391049837
2025-04-02 10:57:40,3,-34.8572047321777
2025-04-02 10:57:50,4,-3.14107590781607
2025-04-02 10:58:00,1,-68.4547105928708
2025-04-02 10:58:10,2,-41.6280792260389
2025-04-02 10:58:20,3,-10.45284632676
2025-04-02 10:58:30,4,21.8143241396523
2025-04-02 10:58:40,1,-48.1753674101727
2025-04-02 10:58:50,2,-17.7084740319669
2025-04-02 10:59:00,3,14.6083028562477
2025-04-02 10:59:10,4,45.3990499739541
2025-04-02 10:59:20,1,-24.8689887164856
2025-04-02 10:59:30,2,7.32381971275574
2025-04-02 10:59:40,3,38.7515586452176
2025-04-02 10:59:50,4,66.1311865323656
2025-04-02 11:00:00,1,1.17714648070927e-12
2025-04-02 11:00:10,2,31.8959309298011
2025-04-02 11:00:20,3,60.4599114862358
2025-04-02 11:00:30,4,82.7080574274572
2025-04-02 11:00:40,1,24.8689887164879
2025-04-02 11:00:50,2,54.4639035014986
2025-04-02 11:01:00,3,78.3693457325834
2025-04-02 11:01:10,4,94.0880768954236
2025-04-02 11:01:20,1,48.1753674101748
2025-04-02 11:01:30,2,73.609708711971
2025-04-02 11:01:40,3,91.3545457642603
2025-04-02 11:01:50,4,99.5561964603073
2025-04-02 11:02:00,1,68.4547105928725
2025-04-02 11:02:10,2,88.1303452064981
2025-04-02 11:02:20,3,98.5996037070508
2025-04-02 11:02:30,4,98.7688340595147
2025-04-02 11:02:40,1,84.4327925502049
2025-04-02 11:02:50,2,97.1134279909634
2025-04-02 11:03:00,3,99.6492859249502
2025-04-02 11:03:10,4,91.7754625683999
2025-04-02 11:03:20,1,95.1056516295142
2025-04-02 11:03:30,2,99.9945169365512
2025-04-02 11:03:40,3,94.4376370237467
2025-04-02 11:03:50,4,79.0155012375709
2025-04-02 11:04:00,1,99.802672842827
2025-04-02 11:04:10,2,96.5925826289064
2025-04-02 11:04:20,3,83.2921240710069
2025-04-02 11:04:30,4,61.2907053652991
2025-04-02 11:04:40,1,98.2287250728691
2025-04-02 11:04:50,2,87.1213811120232
2025-04-02 11:05:00,3,66.9130606358808
2025-04-02 11:05:10,4,39.7147890634786
2025-04-02 11:05:20,1,90.4827052466019
2025-04-02 11:05:30,2,72.1760228098413
2025-04-02 11:05:40,3,46.329603511979
2025-04-02 11:05:50,4,15.6434465040224
2025-04-02 11:06:00,1,77.0513242775781
2025-04-02 11:06:10,2,52.6955795496729
2025-04-02 11:06:20,3,22.8350870110675
2025-04-02 11:06:30,4,-9.41083133185342
2025-04-02 11:06:40,1,58.7785252292452
2025-04-02 11:06:50,2,29.9040792256132
2025-04-02 11:07:00,3,-2.09424198833495
2025-04-02 11:07:10,4,-33.8737920245322
2025-04-02 11:07:20,1,36.8124552684642
2025-04-02 11:07:30,2,5.23359562429786
2025-04-02 11:07:40,3,-26.8919820615271
2025-04-02 11:07:50,4,-56.2083377852074
2025-04-02 11:08:00,1,12.5333233564253
2025-04-02 11:08:10,2,-19.7657340379105
2025-04-02 11:08:20,3,-50.0000000000016
2025-04-02 11:08:30,4,-75.0111069630423
2025-04-02 11:08:40,1,-12.5333233564368
2025-04-02 11:08:50,2,-43.5231099372319
2025-04-02 11:09:00,3,-69.9663340513387
2025-04-02 11:09:10,4,-89.1006524188349
2025-04-02 11:09:20,1,-36.8124552684644
2025-04-02 11:09:30,2,-64.5457687723953
2025-04-02 11:09:40,3,-85.5364260160529
2025-04-02 11:09:50,4,-97.5916761938741
2025-04-02 11:10:00,1,-58.7785252292454
2025-04-02 11:10:10,2,-81.5127795728564
2025-04-02 11:10:20,3,-95.7319497532084
2025-04-02 11:10:30,4,-99.9506560365732
2025-04-02 11:10:40,1,-77.0513242775782
2025-04-02 11:10:50,2,-93.3580426497171
2025-04-02 11:11:00,3,-99.9122830098861
2025-04-02 11:11:10,4,-96.0293685676944
2025-04-02 11:11:20,1,-90.482705246602
2025-04-02 11:11:30,2,-99.3372765600388
2025-04-02 11:11:40,3,-97.8147600733789
2025-04-02 11:11:50,4,-86.0742027003939
2025-04-02 11:12:00,1,-98.2287250728691
2025-04-02 11:12:10,2,-99.0747840471452
2025-04-02 11:12:20,3,-89.5711760239421
2025-04-02 11:12:30,4,-70.7106781186532
2025-04-02 11:12:40,1,-99.802672842827
2025-04-02 11:12:50,2,-92.5870584810012
2025-04-02 11:13:00,3,-75.699505565176
2025-04-02 11:13:10,4,-50.9041415750342
2025-04-02 11:13:20,1,-95.1056516295141
2025-04-02 11:13:30,2,-80.2817475191135
2025-04-02 11:13:40,3,-57.0713567684426
2025-04-02 11:13:50,4,-27.8991106039293
2025-04-02 11:14:00,1,-84.4327925501987
2025-04-02 11:14:10,2,-62.9320391049854
2025-04-02 11:14:20,3,-34.8572047321797
2025-04-02 11:14:30,4,-3.14107590781823
2025-04-02 11:14:40,1,-68.4547105928641
2025-04-02 11:14:50,2,-41.6280792260408
2025-04-02 11:15:00,3,-10.4528463267621
2025-04-02 11:15:10,4,21.8143241396502
2025-04-02 11:15:20,1,-48.1753674101746
2025-04-02 11:15:30,2,-17.7084740319579
2025-04-02 11:15:40,3,14.6083028562456
2025-04-02 11:15:50,4,45.3990499739521
2025-04-02 11:16:00,1,-24.8689887164877
2025-04-02 11:16:10,2,7.32381971276493
2025-04-02 11:16:20,3,38.7515586452156
2025-04-02 11:16:30,4,66.131186532364
2025-04-02 11:16:40,1,-9.78974662553976e-13
2025-04-02 11:16:50,2,31.8959309297991
2025-04-02 11:17:00,3,60.4599114862431
2025-04-02 11:17:10,4,82.708057427456
2025-04-02 11:17:20,1,24.8689887164858
2025-04-02 11:17:30,2,54.4639035014968
2025-04-02 11:17:40,3,78.3693457325892
2025-04-02 11:17:50,4,94.0880768954229
2025-04-02 11:18:00,1,48.1753674101729
2025-04-02 11:18:10,2,73.6097087119695
2025-04-02 11:18:20,3,91.3545457642594
2025-04-02 11:18:30,4,99.5561964603082
2025-04-02 11:18:40,1,68.454710592871
2025-04-02 11:18:50,2,88.1303452064971
2025-04-02 11:19:00,3,98.5996037070504
2025-04-02 11:19:10,4,98.7688340595132
2025-04-02 11:19:20,1,84.4327925502037
2025-04-02 11:19:30,2,97.1134279909628
2025-04-02 11:19:40,3,99.6492859249504
2025-04-02 11:19:50,4,91.7754625684007
2025-04-02 11:20:00,1,95.105651629517
2025-04-02 11:20:10,2,99.9945169365512
2025-04-02 11:20:20,3,94.4376370237474
2025-04-02 11:20:30,4,79.0155012375723
2025-04-02 11:20:40,1,99.8026728428276
2025-04-02 11:20:50,2,96.592582628907
2025-04-02 11:21:00,3,83.2921240710081
2025-04-02 11:21:10,4,61.2907053653008
2025-04-02 11:21:20,1,98.2287250728695
2025-04-02 11:21:30,2,87.1213811120186
2025-04-02 11:21:40,3,66.9130606358824
2025-04-02 11:21:50,4,39.7147890634806
2025-04-02 11:22:00,1,90.4827052466029
2025-04-02 11:22:10,2,72.1760228098349
2025-04-02 11:22:20,3,46.3296035119809
2025-04-02 11:22:30,4,15.6434465040245
2025-04-02 11:22:40,1,77.0513242775795
2025-04-02 11:22:50,2,52.6955795496747
2025-04-02 11:23:00,3,22.8350870110586
2025-04-02 11:23:10,4,-9.41083133185128
2025-04-02 11:23:20,1,58.778525229247
2025-04-02 11:23:30,2,29.9040792256153
2025-04-02 11:23:40,3,-2.09424198834416
2025-04-02 11:23:50,4,-33.8737920245302
2025-04-02 11:24:00,1,36.8124552684662
2025-04-02 11:24:10,2,5.23359562430001
2025-04-02 11:24:20,3,-26.891982061525
2025-04-02 11:24:30,4,-56.208337785215
2025-04-02 11:24:40,1,12.5333233564275
2025-04-02 11:24:50,2,-19.7657340379083
2025-04-02 11:25:00,3,-49.9999999999997
2025-04-02 11:25:10,4,-75.0111069630484
2025-04-02 11:25:20,1,-12.5333233564347
2025-04-02 11:25:30,2,-43.52310993723
2025-04-02 11:25:40,3,-69.9663340513372
2025-04-02 11:25:50,4,-89.1006524188339
2025-04-02 11:26:00,1,-36.812455268473
2025-04-02 11:26:10,2,-64.5457687723937
2025-04-02 11:26:20,3,-85.5364260160518
2025-04-02 11:26:30,4,-97.5916761938736
2025-04-02 11:26:40,1,-58.7785252292528
2025-04-02 11:26:50,2,-81.5127795728551
2025-04-02 11:27:00,3,-95.7319497532077
2025-04-02 11:27:10,4,-99.9506560365733
2025-04-02 11:27:20,1,-77.0513242775768
2025-04-02 11:27:30,2,-93.3580426497204
2025-04-02 11:27:40,3,-99.912283009886
2025-04-02 11:27:50,4,-96.029368567695
2025-04-02 11:28:00,1,-90.4827052466011
2025-04-02 11:28:10,2,-99.3372765600399
2025-04-02 11:28:20,3,-97.8147600733793
2025-04-02 11:28:30,4,-86.074202700395
2025-04-02 11:28:40,1,-98.2287250728687
2025-04-02 11:28:50,2,-99.0747840471455
2025-04-02 11:29:00,3,-89.571176023938
2025-04-02 11:29:10,4,-70.7106781186548
2025-04-02 11:29:20,1,-99.8026728428271
2025-04-02 11:29:30,2,-92.587058481002
2025-04-02 11:29:40,3,-75.69950556517
2025-04-02 11:29:50,4,-50.9041415750361
2025-04-02 11:30:00,1,-95.1056516295148
2025-04-02 11:30:10,2,-80.2817475191147
2025-04-02 11:30:20,3,-57.0713567684444
2025-04-02 11:30:30,4,-27.8991106039205
2025-04-02 11:30:40,1,-84.4327925501998
2025-04-02 11:30:50,2,-62.932039104987
2025-04-02 11:31:00,3,-34.8572047321817
2025-04-02 11:31:10,4,-3.14107590780902
2025-04-02 11:31:20,1,-68.4547105928657
2025-04-02 11:31:30,2,-41.6280792260428
2025-04-02 11:31:40,3,-10.4528463267643
2025-04-02 11:31:50,4,21.8143241396481
2025-04-02 11:32:00,1,-48.1753674101666
2025-04-02 11:32:10,2,-17.70847403196
2025-04-02 11:32:20,3,14.6083028562435
2025-04-02 11:32:30,4,45.3990499739502
2025-04-02 11:32:40,1,-24.8689887164787
2025-04-02 11:32:50,2,7.32381971276278
2025-04-02 11:33:00,3,38.7515586452136
2025-04-02 11:33:10,4,66.1311865323624
2025-04-02 11:33:20,1,-3.13509580581722e-12
2025-04-02 11:33:30,2,31.8959309298078
2025-04-02 11:33:40,3,60.4599114862414
2025-04-02 11:33:50,4,82.7080574274548
2025-04-02 11:34:00,1,24.8689887164837
2025-04-02 11:34:10,2,54.4639035015045
2025-04-02 11:34:20,3,78.3693457325878
2025-04-02 11:34:30,4,94.0880768954222
2025-04-02 11:34:40,1,48.175367410171
2025-04-02 11:34:50,2,73.6097087119681
2025-04-02 11:35:00,3,91.3545457642631
2025-04-02 11:35:10,4,99.556196460308
2025-04-02 11:35:20,1,68.4547105928694
2025-04-02 11:35:30,2,88.1303452064961
2025-04-02 11:35:40,3,98.599603707052
2025-04-02 11:35:50,4,98.7688340595136
2025-04-02 11:36:00,1,84.4327925502026
2025-04-02 11:36:10,2,97.1134279909623
2025-04-02 11:36:20,3,99.6492859249505
2025-04-02 11:36:30,4,91.7754625683971
2025-04-02 11:36:40,1,95.1056516295164
2025-04-02 11:36:50,2,99.9945169365513
2025-04-02 11:37:00,3,94.4376370237481
2025-04-02 11:37:10,4,79.0155012375666
2025-04-02 11:37:20,1,99.8026728428274
2025-04-02 11:37:30,2,96.5925826289076
2025-04-02 11:37:40,3,83.2921240710093
2025-04-02 11:37:50,4,61.2907053653025
2025-04-02 11:38:00,1,98.2287250728678
2025-04-02 11:38:10,2,87.1213811120197
2025-04-02 11:38:20,3,66.913060635884
2025-04-02 11:38:30,4,39.7147890634825
2025-04-02 11:38:40,1,90.4827052465989
2025-04-02 11:38:50,2,72.1760228098364
2025-04-02 11:39:00,3,46.3296035119828
2025-04-02 11:39:10,4,15.6434465040266
2025-04-02 11:39:20,1,77.0513242775808
2025-04-02 11:39:30,2,52.6955795496669
2025-04-02 11:39:40,3,22.8350870110607
2025-04-02 11:39:50,4,-9.41083133184913
2025-04-02 11:40:00,1,58.7785252292487
2025-04-02 11:40:10,2,29.9040792256065
2025-04-02 11:40:20,3,-2.09424198834201
2025-04-02 11:40:30,4,-33.8737920245282
2025-04-02 11:40:40,1,36.8124552684682
2025-04-02 11:40:50,2,5.23359562430217
2025-04-02 11:41:00,3,-26.8919820615339
2025-04-02 11:41:10,4,-56.2083377852133
2025-04-02 11:41:20,1,12.5333233564296
2025-04-02 11:41:30,2,-19.7657340379062
2025-04-02 11:41:40,3,-50.0000000000077
2025-04-02 11:41:50,4,-75.011106963047
2025-04-02 11:42:00,1,-12.5333233564325
2025-04-02 11:42:10,2,-43.523109937228
2025-04-02 11:42:20,3,-69.9663340513357
2025-04-02 11:42:30,4,-89.1006524188381
2025-04-02 11:42:40,1,-36.8124552684709
2025-04-02 11:42:50,2,-64.545768772392
2025-04-02 11:43:00,3,-85.5364260160507
2025-04-02 11:43:10,4,-97.5916761938756
2025-04-02 11:43:20,1,-58.7785252292511
2025-04-02 11:43:30,2,-81.5127795728539
2025-04-02 11:43:40,3,-95.7319497532071
2025-04-02 11:43:50,4,-99.9506560365733
2025-04-02 11:44:00,1,-77.0513242775827
2025-04-02 11:44:10,2,-93.3580426497197
2025-04-02 11:44:20,3,-99.912283009886
2025-04-02 11:44:30,4,-96.0293685676956
2025-04-02 11:44:40,1,-90.482705246605
2025-04-02 11:44:50,2,-99.3372765600396
2025-04-02 11:45:00,3,-97.8147600733798
2025-04-02 11:45:10,4,-86.0742027003961
2025-04-02 11:45:20,1,-98.2287250728683
2025-04-02 11:45:30,2,-99.0747840471442
2025-04-02 11:45:40,3,-89.571176023939
2025-04-02 11:45:50,4,-70.7106781186563
2025-04-02 11:46:00,1,-99.8026728428272
2025-04-02 11:46:10,2,-92.5870584809986
2025-04-02 11:46:20,3,-75.6995055651714
2025-04-02 11:46:30,4,-50.9041415750379
2025-04-02 11:46:40,1,-95.1056516295154
2025-04-02 11:46:50,2,-80.281747519116
2025-04-02 11:47:00,3,-57.0713567684368
2025-04-02 11:47:10,4,-27.8991106039226
2025-04-02 11:47:20,1,-84.432792550201
2025-04-02 11:47:30,2,-62.9320391049887
2025-04-02 11:47:40,3,-34.8572047321731
2025-04-02 11:47:50,4,-3.14107590781118
2025-04-02 11:48:00,1,-68.4547105928672
2025-04-02 11:48:10,2,-41.6280792260448
2025-04-02 11:48:20,3,-10.4528463267664
2025-04-02 11:48:30,4,21.8143241396571
2025-04-02 11:48:40,1,-48.1753674101684
2025-04-02 11:48:50,2,-17.7084740319621
2025-04-02 11:49:00,3,14.6083028562414
2025-04-02 11:49:10,4,45.3990499739584
2025-04-02 11:49:20,1,-24.8689887164808
2025-04-02 11:49:30,2,7.32381971276063
2025-04-02 11:49:40,3,38.7515586452117
2025-04-02 11:49:50,4,66.1311865323608
2025-04-02 11:50:00,1,6.07746682308113e-12
2025-04-02 11:50:10,2,31.8959309298058
2025-04-02 11:50:20,3,60.4599114862397
2025-04-02 11:50:30,4,82.7080574274536
2025-04-02 11:50:40,1,24.8689887164926
2025-04-02 11:50:50,2,54.4639035015027
2025-04-02 11:51:00,3,78.3693457325865
2025-04-02 11:51:10,4,94.0880768954214
2025-04-02 11:51:20,1,48.1753674101691
2025-04-02 11:51:30,2,73.6097087119743
2025-04-02 11:51:40,3,91.3545457642623
2025-04-02 11:51:50,4,99.5561964603078
2025-04-02 11:52:00,1,68.4547105928678
2025-04-02 11:52:10,2,88.1303452065004
2025-04-02 11:52:20,3,98.5996037070516
2025-04-02 11:52:30,4,98.7688340595139
2025-04-02 11:52:40,1,84.4327925502014
2025-04-02 11:52:50,2,97.1134279909618
2025-04-02 11:53:00,3,99.6492859249498
2025-04-02 11:53:10,4,91.7754625683979
2025-04-02 11:53:20,1,95.1056516295157
2025-04-02 11:53:30,2,99.9945169365513
2025-04-02 11:53:40,3,94.4376370237451
2025-04-02 11:53:50,4,79.0155012375679
2025-04-02 11:54:00,1,99.8026728428273
2025-04-02 11:54:10,2,96.5925826289081
2025-04-02 11:54:20,3,83.2921240710105
2025-04-02 11:54:30,4,61.2907053652952
2025-04-02 11:54:40,1,98.2287250728682
2025-04-02 11:54:50,2,87.1213811120208
2025-04-02 11:55:00,3,66.9130606358856
2025-04-02 11:55:10,4,39.7147890634845
2025-04-02 11:55:20,1,90.4827052465998
2025-04-02 11:55:30,2,72.1760228098379
2025-04-02 11:55:40,3,46.3296035119848
2025-04-02 11:55:50,4,15.6434465040288
2025-04-02 11:56:00,1,77.051324277575
2025-04-02 11:56:10,2,52.6955795496687
2025-04-02 11:56:20,3,22.8350870110628
2025-04-02 11:56:30,4,-9.41083133184698
2025-04-02 11:56:40,1,58.7785252292505
2025-04-02 11:56:50,2,29.9040792256085
2025-04-02 11:57:00,3,-2.09424198833985
2025-04-02 11:57:10,4,-33.8737920245261
2025-04-02 11:57:20,1,36.8124552684702
2025-04-02 11:57:30,2,5.23359562429297
2025-04-02 11:57:40,3,-26.8919820615318
2025-04-02 11:57:50,4,-56.2083377852115
2025-04-02 11:58:00,1,12.5333233564317
2025-04-02 11:58:10,2,-19.7657340379041
2025-04-02 11:58:20,3,-50.0000000000058
2025-04-02 11:58:30,4,-75.0111069630455
2025-04-02 11:58:40,1,-12.5333233564304
2025-04-02 11:58:50,2,-43.5231099372261
2025-04-02 11:59:00,3,-69.9663340513422
2025-04-02 11:59:10,4,-89.1006524188371
2025-04-02 11:59:20,1,-36.8124552684689
2025-04-02 11:59:30,2,-64.5457687723904
2025-04-02 11:59:40,3,-85.5364260160496
2025-04-02 11:59:50,4,-97.5916761938752
2025-04-02 12:00:00,1,-58.7785252292493
2025-04-02 12:00:10,2,-81.5127795728526
2025-04-02 12:00:20,3,-95.7319497532065
2025-04-02 12:00:30,4,-99.9506560365731
2025-04-02 12:00:40,1,-77.0513242775813
2025-04-02 12:00:50,2,-93.3580426497189
2025-04-02 12:01:00,3,-99.9122830098859
2025-04-02 12:01:10,4,-96.0293685676962
2025-04-02 12:01:20,1,-90.4827052466041
2025-04-02 12:01:30,2,-99.3372765600394
2025-04-02 12:01:40,3,-97.8147600733802
2025-04-02 12:01:50,4,-86.0742027003972
2025-04-02 12:02:00,1,-98.2287250728701
2025-04-02 12:02:10,2,-99.0747840471445
2025-04-02 12:02:20,3,-89.5711760239399
2025-04-02 12:02:30,4,-70.7106781186578
2025-04-02 12:02:40,1,-99.8026728428274
2025-04-02 12:02:50,2,-92.5870584809994
2025-04-02 12:03:00,3,-75.6995055651728
2025-04-02 12:03:10,4,-50.9041415750398
2025-04-02 12:03:20,1,-95.1056516295161
2025-04-02 12:03:30,2,-80.2817475191105
2025-04-02 12:03:40,3,-57.0713567684386
2025-04-02 12:03:50,4,-27.8991106039246
2025-04-02 12:04:00,1,-84.4327925502022
2025-04-02 12:04:10,2,-62.9320391049904
2025-04-02 12:04:20,3,-34.8572047321751
2025-04-02 12:04:30,4,-3.14107590781333
2025-04-02 12:04:40,1,-68.4547105928688
2025-04-02 12:04:50,2,-41.6280792260467
2025-04-02 12:05:00,3,-10.4528463267573
2025-04-02 12:05:10,4,21.814324139655
2025-04-02 12:05:20,1,-48.1753674101703
2025-04-02 12:05:30,2,-17.7084740319642
2025-04-02 12:05:40,3,14.6083028562392
2025-04-02 12:05:50,4,45.3990499739565
2025-04-02 12:06:00,1,-24.8689887164829
2025-04-02 12:06:10,2,7.32381971275848
2025-04-02 12:06:20,3,38.7515586452097
2025-04-02 12:06:30,4,66.1311865323677
2025-04-02 12:06:40,1,3.92134567981788e-12
2025-04-02 12:06:50,2,31.8959309298037
2025-04-02 12:07:00,3,60.459911486238
2025-04-02 12:07:10,4,82.7080574274524
2025-04-02 12:07:20,1,24.8689887164905
2025-04-02 12:07:30,2,54.4639035015009
2025-04-02 12:07:40,3,78.3693457325851
2025-04-02 12:07:50,4,94.0880768954207
2025-04-02 12:08:00,1,48.1753674101772
2025-04-02 12:08:10,2,73.6097087119728
2025-04-02 12:08:20,3,91.3545457642614
2025-04-02 12:08:30,4,99.5561964603076
2025-04-02 12:08:40,1,68.4547105928662
2025-04-02 12:08:50,2,88.1303452064994
2025-04-02 12:09:00,3,98.5996037070512
2025-04-02 12:09:10,4,98.7688340595142
2025-04-02 12:09:20,1,84.4327925502002
2025-04-02 12:09:30,2,97.113427990964
2025-04-02 12:09:40,3,99.64928592495
2025-04-02 12:09:50,4,91.7754625683988
2025-04-02 12:10:00,1,95.105651629515
2025-04-02 12:10:10,2,99.9945169365513
2025-04-02 12:10:20,3,94.4376370237458
2025-04-02 12:10:30,4,79.0155012375693
2025-04-02 12:10:40,1,99.8026728428272
2025-04-02 12:10:50,2,96.5925826289087
2025-04-02 12:11:00,3,83.2921240710054
2025-04-02 12:11:10,4,61.2907053652969
2025-04-02 12:11:20,1,98.2287250728686
2025-04-02 12:11:30,2,87.1213811120218
2025-04-02 12:11:40,3,66.9130606358872
2025-04-02 12:11:50,4,39.7147890634761
2025-04-02 12:12:00,1,90.4827052466008
2025-04-02 12:12:10,2,72.1760228098394
2025-04-02 12:12:20,3,46.3296035119867
2025-04-02 12:12:30,4,15.6434465040197
2025-04-02 12:12:40,1,77.0513242775763
2025-04-02 12:12:50,2,52.6955795496706
2025-04-02 12:13:00,3,22.8350870110649
2025-04-02 12:13:10,4,-9.41083133184484
2025-04-02 12:13:20,1,58.778525229243
2025-04-02 12:13:30,2,29.9040792256106
2025-04-02 12:13:40,3,-2.0942419883377
2025-04-02 12:13:50,4,-33.8737920245241
2025-04-02 12:14:00,1,36.8124552684616
2025-04-02 12:14:10,2,5.23359562429512
2025-04-02 12:14:20,3,-26.8919820615297
2025-04-02 12:14:30,4,-56.2083377852097
2025-04-02 12:14:40,1,12.5333233564339
2025-04-02 12:14:50,2,-19.7657340379131
2025-04-02 12:15:00,3,-50.000000000004
2025-04-02 12:15:10,4,-75.0111069630441
2025-04-02 12:15:20,1,-12.5333233564282
2025-04-02 12:15:30,2,-43.5231099372344
2025-04-02 12:15:40,3,-69.9663340513407
2025-04-02 12:15:50,4,-89.1006524188361
2025-04-02 12:16:00,1,-36.8124552684669
2025-04-02 12:16:10,2,-64.5457687723887
2025-04-02 12:16:20,3,-85.5364260160543
2025-04-02 12:16:30,4,-97.5916761938747
2025-04-02 12:16:40,1,-58.7785252292476
2025-04-02 12:16:50,2,-81.5127795728514
2025-04-02 12:17:00,3,-95.7319497532092
2025-04-02 12:17:10,4,-99.9506560365731
2025-04-02 12:17:20,1,-77.05132427758
2025-04-02 12:17:30,2,-93.3580426497181
2025-04-02 12:17:40,3,-99.9122830098858
2025-04-02 12:17:50,4,-96.0293685676937
2025-04-02 12:18:00,1,-90.4827052466032
2025-04-02 12:18:10,2,-99.3372765600391
2025-04-02 12:18:20,3,-97.8147600733806
2025-04-02 12:18:30,4,-86.0742027003925
2025-04-02 12:18:40,1,-98.2287250728697
2025-04-02 12:18:50,2,-99.0747840471448
2025-04-02 12:19:00,3,-89.5711760239409
2025-04-02 12:19:10,4,-70.7106781186593
2025-04-02 12:19:20,1,-99.8026728428268
2025-04-02 12:19:30,2,-92.5870584810002
2025-04-02 12:19:40,3,-75.6995055651742
2025-04-02 12:19:50,4,-50.9041415750416
2025-04-02 12:20:00,1,-95.1056516295133
2025-04-02 12:20:10,2,-80.2817475191118
2025-04-02 12:20:20,3,-57.0713567684404
2025-04-02 12:20:30,4,-27.8991106039267
2025-04-02 12:20:40,1,-84.4327925502033
2025-04-02 12:20:50,2,-62.9320391049832
2025-04-02 12:21:00,3,-34.8572047321771
2025-04-02 12:21:10,4,-3.14107590781549
2025-04-02 12:21:20,1,-68.4547105928704
2025-04-02 12:21:30,2,-41.6280792260383
2025-04-02 12:21:40,3,-10.4528463267594
2025-04-02 12:21:50,4,21.8143241396529
2025-04-02 12:22:00,1,-48.1753674101722
2025-04-02 12:22:10,2,-17.7084740319663
2025-04-02 12:22:20,3,14.6083028562483
2025-04-02 12:22:30,4,45.3990499739546
2025-04-02 12:22:40,1,-24.868988716485
2025-04-02 12:22:50,2,7.32381971275633
2025-04-02 12:23:00,3,38.7515586452182
2025-04-02 12:23:10,4,66.1311865323661
2025-04-02 12:23:20,1,1.76522453655464e-12
2025-04-02 12:23:30,2,31.8959309298017
2025-04-02 12:23:40,3,60.4599114862362
2025-04-02 12:23:50,4,82.7080574274576
2025-04-02 12:24:00,1,24.8689887164884
2025-04-02 12:24:10,2,54.4639035014991
2025-04-02 12:24:20,3,78.3693457325838
2025-04-02 12:24:30,4,94.0880768954238
2025-04-02 12:24:40,1,48.1753674101753
2025-04-02 12:24:50,2,73.6097087119714
2025-04-02 12:25:00,3,91.3545457642605
2025-04-02 12:25:10,4,99.5561964603074
2025-04-02 12:25:20,1,68.4547105928729
2025-04-02 12:25:30,2,88.1303452064984
2025-04-02 12:25:40,3,98.5996037070509
2025-04-02 12:25:50,4,98.7688340595146
2025-04-02 12:26:00,1,84.4327925502052
2025-04-02 12:26:10,2,97.1134279909635
2025-04-02 12:26:20,3,99.6492859249501
2025-04-02 12:26:30,4,91.7754625683996
2025-04-02 12:26:40,1,95.1056516295144
2025-04-02 12:26:50,2,99.9945169365512
2025-04-02 12:27:00,3,94.4376370237465
2025-04-02 12:27:10,4,79.0155012375706
2025-04-02 12:27:20,1,99.802672842827
2025-04-02 12:27:30,2,96.5925826289063
2025-04-02 12:27:40,3,83.2921240710066
2025-04-02 12:27:50,4,61.2907053652986
2025-04-02 12:28:00,1,98.228725072869
2025-04-02 12:28:10,2,87.1213811120229
2025-04-02 12:28:20,3,66.9130606358803
2025-04-02 12:28:30,4,39.714789063478
2025-04-02 12:28:40,1,90.4827052466017
2025-04-02 12:28:50,2,72.1760228098409
2025-04-02 12:29:00,3,46.3296035119785
2025-04-02 12:29:10,4,15.6434465040218
2025-04-02 12:29:20,1,77.0513242775777
2025-04-02 12:29:30,2,52.6955795496724
2025-04-02 12:29:40,3,22.835087011067
2025-04-02 12:29:50,4,-9.41083133185401
2025-04-02 12:30:00,1,58.7785252292447
2025-04-02 12:30:10,2,29.9040792256127
2025-04-02 12:30:20,3,-2.09424198833554
2025-04-02 12:30:30,4,-33.8737920245328
2025-04-02 12:30:40,1,36.8124552684637
2025-04-02 12:30:50,2,5.23359562429727
2025-04-02 12:31:00,3,-26.8919820615277
2025-04-02 12:31:10,4,-56.2083377852079
2025-04-02 12:31:20,1,12.5333233564247
2025-04-02 12:31:30,2,-19.765734037911
2025-04-02 12:31:40,3,-50.0000000000021
2025-04-02 12:31:50,4,-75.0111069630427
2025-04-02 12:32:00,1,-12.5333233564374
2025-04-02 12:32:10,2,-43.5231099372324
2025-04-02 12:32:20,3,-69.9663340513392
2025-04-02 12:32:30,4,-89.1006524188351
2025-04-02 12:32:40,1,-36.8124552684649
2025-04-02 12:32:50,2,-64.5457687723958
2025-04-02 12:33:00,3,-85.5364260160532
2025-04-02 12:33:10,4,-97.5916761938742
2025-04-02 12:33:20,1,-58.7785252292459
2025-04-02 12:33:30,2,-81.5127795728567
2025-04-02 12:33:40,3,-95.7319497532085
2025-04-02 12:33:50,4,-99.9506560365732
2025-04-02 12:34:00,1,-77.0513242775786
2025-04-02 12:34:10,2,-93.3580426497173
2025-04-02 12:34:20,3,-99.9122830098862
2025-04-02 12:34:30,4,-96.0293685676943
2025-04-02 12:34:40,1,-90.4827052466023
2025-04-02 12:34:50,2,-99.3372765600389
2025-04-02 12:35:00,3,-97.8147600733787
2025-04-02 12:35:10,4,-86.0742027003936
2025-04-02 12:35:20,1,-98.2287250728693
2025-04-02 12:35:30,2,-99.0747840471451
2025-04-02 12:35:40,3,-89.5711760239419
2025-04-02 12:35:50,4,-70.7106781186528
2025-04-02 12:36:00,1,-99.802672842827
2025-04-02 12:36:10,2,-92.587058481001
2025-04-02 12:36:20,3,-75.6995055651757
2025-04-02 12:36:30,4,-50.9041415750337
2025-04-02 12:36:40,1,-95.1056516295139
2025-04-02 12:36:50,2,-80.2817475191131
2025-04-02 12:37:00,3,-57.0713567684421
2025-04-02 12:37:10,4,-27.8991106039288
2025-04-02 12:37:20,1,-84.4327925501984
2025-04-02 12:37:30,2,-62.9320391049849
2025-04-02 12:37:40,3,-34.8572047321791
2025-04-02 12:37:50,4,-3.14107590781764
2025-04-02 12:38:00,1,-68.4547105928636
2025-04-02 12:38:10,2,-41.6280792260403
2025-04-02 12:38:20,3,-10.4528463267616
2025-04-02 12:38:30,4,21.8143241396508
2025-04-02 12:38:40,1,-48.1753674101741
2025-04-02 12:38:50,2,-17.7084740319573
2025-04-02 12:39:00,3,14.6083028562462
2025-04-02 12:39:10,4,45.3990499739527
2025-04-02 12:39:20,1,-24.8689887164871
2025-04-02 12:39:30,2,7.32381971276551
2025-04-02 12:39:40,3,38.7515586452162
2025-04-02 12:39:50,4,66.1311865323645
2025-04-02 12:40:00,1,-3.90896606708612e-13
2025-04-02 12:40:10,2,31.8959309297997
2025-04-02 12:40:20,3,60.4599114862436
2025-04-02 12:40:30,4,82.7080574274564
2025-04-02 12:40:40,1,24.8689887164863
2025-04-02 12:40:50,2,54.4639035014973
2025-04-02 12:41:00,3,78.3693457325895
2025-04-02 12:41:10,4,94.0880768954231
2025-04-02 12:41:20,1,48.1753674101734
2025-04-02 12:41:30,2,73.6097087119699
2025-04-02 12:41:40,3,91.3545457642596
2025-04-02 12:41:50,4,99.5561964603083
2025-04-02 12:42:00,1,68.4547105928714
2025-04-02 12:42:10,2,88.1303452064974
2025-04-02 12:42:20,3,98.5996037070505
2025-04-02 12:42:30,4,98.7688340595131
2025-04-02 12:42:40,1,84.432792550204
2025-04-02 12:42:50,2,97.113427990963
2025-04-02 12:43:00,3,99.6492859249503
2025-04-02 12:43:10,4,91.7754625684005
2025-04-02 12:43:20,1,95.1056516295172
2025-04-02 12:43:30,2,99.9945169365512
2025-04-02 12:43:40,3,94.4376370237472
2025-04-02 12:43:50,4,79.0155012375719
2025-04-02 12:44:00,1,99.8026728428276
2025-04-02 12:44:10,2,96.5925826289068
2025-04-02 12:44:20,3,83.2921240710078
2025-04-02 12:44:30,4,61.2907053653003
2025-04-02 12:44:40,1,98.2287250728694
2025-04-02 12:44:50,2,87.1213811120184
2025-04-02 12:45:00,3,66.9130606358819
2025-04-02 12:45:10,4,39.71478906348
2025-04-02 12:45:20,1,90.4827052466026
2025-04-02 12:45:30,2,72.1760228098345
2025-04-02 12:45:40,3,46.3296035119804
2025-04-02 12:45:50,4,15.6434465040239
2025-04-02 12:46:00,1,77.0513242775791
2025-04-02 12:46:10,2,52.6955795496742
2025-04-02 12:46:20,3,22.835087011058
2025-04-02 12:46:30,4,-9.41083133185186
2025-04-02 12:46:40,1,58.7785252292465
2025-04-02 12:46:50,2,29.9040792256147
2025-04-02 12:47:00,3,-2.09424198834475
2025-04-02 12:47:10,4,-33.8737920245307
2025-04-02 12:47:20,1,36.8124552684657
2025-04-02 12:47:30,2,5.23359562429943
2025-04-02 12:47:40,3,-26.8919820615256
2025-04-02 12:47:50,4,-56.2083377852155
2025-04-02 12:48:00,1,12.5333233564269
2025-04-02 12:48:10,2,-19.7657340379089
2025-04-02 12:48:20,3,-50.0000000000002
2025-04-02 12:48:30,4,-75.0111069630488
2025-04-02 12:48:40,1,-12.5333233564352
2025-04-02 12:48:50,2,-43.5231099372305
2025-04-02 12:49:00,3,-69.9663340513376
2025-04-02 12:49:10,4,-89.1006524188341
2025-04-02 12:49:20,1,-36.8124552684735
2025-04-02 12:49:30,2,-64.5457687723941
2025-04-02 12:49:40,3,-85.5364260160521
2025-04-02 12:49:50,4,-97.5916761938737
2025-04-02 12:50:00,1,-58.7785252292533
2025-04-02 12:50:10,2,-81.5127795728555
2025-04-02 12:50:20,3,-95.7319497532079
2025-04-02 12:50:30,4,-99.9506560365733
2025-04-02 12:50:40,1,-77.0513242775772
2025-04-02 12:50:50,2,-93.3580426497207
2025-04-02 12:51:00,3,-99.9122830098861
2025-04-02 12:51:10,4,-96.0293685676949
2025-04-02 12:51:20,1,-90.4827052466014
2025-04-02 12:51:30,2,-99.3372765600399
2025-04-02 12:51:40,3,-97.8147600733792
2025-04-02 12:51:50,4,-86.0742027003947
2025-04-02 12:52:00,1,-98.2287250728689
2025-04-02 12:52:10,2,-99.0747840471454
2025-04-02 12:52:20,3,-89.5711760239378
2025-04-02 12:52:30,4,-70.7106781186543
2025-04-02 12:52:40,1,-99.8026728428271
2025-04-02 12:52:50,2,-92.5870584810018
2025-04-02 12:53:00,3,-75.6995055651696
2025-04-02 12:53:10,4,-50.9041415750355
2025-04-02 12:53:20,1,-95.1056516295146
2025-04-02 12:53:30,2,-80.2817475191144
2025-04-02 12:53:40,3,-57.0713567684439
2025-04-02 12:53:50,4,-27.8991106039199
2025-04-02 12:54:00,1,-84.4327925501995
2025-04-02 12:54:10,2,-62.9320391049866
2025-04-02 12:54:20,3,-34.8572047321812
2025-04-02 12:54:30,4,-3.1410759078198
2025-04-02 12:54:40,1,-68.4547105928652
2025-04-02 12:54:50,2,-41.6280792260423
2025-04-02 12:55:00,3,-10.4528463267637
2025-04-02 12:55:10,4,21.8143241396487
2025-04-02 12:55:20,1,-48.175367410166
2025-04-02 12:55:30,2,-17.7084740319594
2025-04-02 12:55:40,3,14.6083028562441
2025-04-02 12:55:50,4,45.3990499739507
2025-04-02 12:56:00,1,-24.8689887164892
2025-04-02 12:56:10,2,7.32381971276336
2025-04-02 12:56:20,3,38.7515586452142
2025-04-02 12:56:30,4,66.1311865323628
2025-04-02 12:56:40,1,-2.54701774997186e-12
2025-04-02 12:56:50,2,31.8959309298084
2025-04-02 12:57:00,3,60.4599114862419
2025-04-02 12:57:10,4,82.7080574274551
2025-04-02 12:57:20,1,24.8689887164842
2025-04-02 12:57:30,2,54.4639035014955
2025-04-02 12:57:40,3,78.3693457325882
2025-04-02 12:57:50,4,94.0880768954223
2025-04-02 12:58:00,1,48.1753674101715
2025-04-02 12:58:10,2,73.6097087119685
2025-04-02 12:58:20,3,91.3545457642634
2025-04-02 12:58:30,4,99.5561964603081
2025-04-02 12:58:40,1,68.4547105928698
2025-04-02 12:58:50,2,88.1303452064964
2025-04-02 12:59:00,3,98.5996037070502
2025-04-02 12:59:10,4,98.7688340595135
2025-04-02 12:59:20,1,84.4327925502029
2025-04-02 12:59:30,2,97.1134279909625
2025-04-02 12:59:40,3,99.6492859249505
2025-04-02 12:59:50,4,91.7754625683968
2025-04-02 13:00:00,1,95.1056516295165
2025-04-02 13:00:10,2,99.9945169365512
2025-04-02 13:00:20,3,94.4376370237479
2025-04-02 13:00:30,4,79.0155012375732
2025-04-02 13:00:40,1,99.8026728428275
2025-04-02 13:00:50,2,96.5925826289074
2025-04-02 13:01:00,3,83.292124071009
2025-04-02 13:01:10,4,61.290705365302
2025-04-02 13:01:20,1,98.2287250728677
2025-04-02 13:01:30,2,87.1213811120194
2025-04-02 13:01:40,3,66.9130606358835
2025-04-02 13:01:50,4,39.714789063482
2025-04-02 13:02:00,1,90.4827052466035
2025-04-02 13:02:10,2,72.176022809836
2025-04-02 13:02:20,3,46.3296035119823
2025-04-02 13:02:30,4,15.6434465040261
2025-04-02 13:02:40,1,77.0513242775805
2025-04-02 13:02:50,2,52.6955795496664
2025-04-02 13:03:00,3,22.8350870110601
2025-04-02 13:03:10,4,-9.41083133184971
2025-04-02 13:03:20,1,58.7785252292482
2025-04-02 13:03:30,2,29.9040792256168
2025-04-02 13:03:40,3,-2.0942419883426
2025-04-02 13:03:50,4,-33.8737920245287
2025-04-02 13:04:00,1,36.8124552684677
2025-04-02 13:04:10,2,5.23359562430158
2025-04-02 13:04:20,3,-26.8919820615344
2025-04-02 13:04:30,4,-56.2083377852137
2025-04-02 13:04:40,1,12.533323356429
2025-04-02 13:04:50,2,-19.7657340379068
2025-04-02 13:05:00,3,-49.9999999999983
2025-04-02 13:05:10,4,-75.0111069630474
2025-04-02 13:05:20,1,-12.5333233564331
2025-04-02 13:05:30,2,-43.5231099372286
2025-04-02 13:05:40,3,-69.9663340513361
2025-04-02 13:05:50,4,-89.1006524188383
2025-04-02 13:06:00,1,-36.8124552684715
2025-04-02 13:06:10,2,-64.5457687723925
2025-04-02 13:06:20,3,-85.536426016051
2025-04-02 13:06:30,4,-97.5916761938733
2025-04-02 13:06:40,1,-58.7785252292516
2025-04-02 13:06:50,2,-81.5127795728542
2025-04-02 13:07:00,3,-95.7319497532073
2025-04-02 13:07:10,4,-99.9506560365733
2025-04-02 13:07:20,1,-77.0513242775831
2025-04-02 13:07:30,2,-93.3580426497199
2025-04-02 13:07:40,3,-99.912283009886
2025-04-02 13:07:50,4,-96.0293685676955
2025-04-02 13:08:00,1,-90.4827052466004
2025-04-02 13:08:10,2,-99.3372765600397
2025-04-02 13:08:20,3,-97.8147600733796
2025-04-02 13:08:30,4,-86.0742027003958
2025-04-02 13:08:40,1,-98.2287250728684
2025-04-02 13:08:50,2,-99.0747840471441
2025-04-02 13:09:00,3,-89.5711760239387
2025-04-02 13:09:10,4,-70.7106781186559
2025-04-02 13:09:20,1,-99.8026728428272
2025-04-02 13:09:30,2,-92.5870584810026
2025-04-02 13:09:40,3,-75.699505565171
2025-04-02 13:09:50,4,-50.9041415750374
2025-04-02 13:10:00,1,-95.1056516295153
2025-04-02 13:10:10,2,-80.2817475191157
2025-04-02 13:10:20,3,-57.0713567684363
2025-04-02 13:10:30,4,-27.899110603922
2025-04-02 13:10:40,1,-84.4327925502007
2025-04-02 13:10:50,2,-62.9320391049882
2025-04-02 13:11:00,3,-34.8572047321832
2025-04-02 13:11:10,4,-3.14107590781059
2025-04-02 13:11:20,1,-68.4547105928668
2025-04-02 13:11:30,2,-41.6280792260442
2025-04-02 13:11:40,3,-10.4528463267658
2025-04-02 13:11:50,4,21.8143241396577
2025-04-02 13:12:00,1,-48.1753674101679
2025-04-02 13:12:10,2,-17.7084740319615
2025-04-02 13:12:20,3,14.6083028562419
2025-04-02 13:12:30,4,45.3990499739488
2025-04-02 13:12:40,1,-24.8689887164803
2025-04-02 13:12:50,2,7.32381971276121
2025-04-02 13:13:00,3,38.7515586452122
2025-04-02 13:13:10,4,66.1311865323612
2025-04-02 13:13:20,1,6.6655448789265e-12
2025-04-02 13:13:30,2,31.8959309298063
2025-04-02 13:13:40,3,60.4599114862401
2025-04-02 13:13:50,4,82.7080574274539
2025-04-02 13:14:00,1,24.8689887164822
2025-04-02 13:14:10,2,54.4639035015032
2025-04-02 13:14:20,3,78.3693457325869
2025-04-02 13:14:30,4,94.0880768954216
2025-04-02 13:14:40,1,48.1753674101696
2025-04-02 13:14:50,2,73.6097087119747
2025-04-02 13:15:00,3,91.3545457642625
2025-04-02 13:15:10,4,99.5561964603079
2025-04-02 13:15:20,1,68.4547105928682
2025-04-02 13:15:30,2,88.1303452064953
2025-04-02 13:15:40,3,98.5996037070517
2025-04-02 13:15:50,4,98.7688340595138
2025-04-02 13:16:00,1,84.4327925502017
2025-04-02 13:16:10,2,97.113427990962
2025-04-02 13:16:20,3,99.6492859249497
2025-04-02 13:16:30,4,91.7754625683977
2025-04-02 13:16:40,1,95.1056516295159
2025-04-02 13:16:50,2,99.9945169365513
2025-04-02 13:17:00,3,94.4376370237486
2025-04-02 13:17:10,4,79.0155012375676
2025-04-02 13:17:20,1,99.8026728428273
2025-04-02 13:17:30,2,96.592582628908
2025-04-02 13:17:40,3,83.2921240710102
2025-04-02 13:17:50,4,61.2907053652948
2025-04-02 13:18:00,1,98.2287250728681
2025-04-02 13:18:10,2,87.1213811120205
2025-04-02 13:18:20,3,66.9130606358851
2025-04-02 13:18:30,4,39.714789063484
2025-04-02 13:18:40,1,90.4827052465996
2025-04-02 13:18:50,2,72.1760228098375
2025-04-02 13:19:00,3,46.3296035119842
2025-04-02 13:19:10,4,15.6434465040282
2025-04-02 13:19:20,1,77.0513242775746
2025-04-02 13:19:30,2,52.6955795496682
2025-04-02 13:19:40,3,22.8350870110622
2025-04-02 13:19:50,4,-9.41083133184757
2025-04-02 13:20:00,1,58.77852522925
2025-04-02 13:20:10,2,29.904079225608
2025-04-02 13:20:20,3,-2.09424198834044
2025-04-02 13:20:30,4,-33.8737920245267
2025-04-02 13:20:40,1,36.8124552684697
2025-04-02 13:20:50,2,5.23359562429238
2025-04-02 13:21:00,3,-26.8919820615324
2025-04-02 13:21:10,4,-56.208337785212
2025-04-02 13:21:20,1,12.5333233564312
2025-04-02 13:21:30,2,-19.7657340379047
2025-04-02 13:21:40,3,-50.0000000000063
2025-04-02 13:21:50,4,-75.0111069630459
2025-04-02 13:22:00,1,-12.533323356431
2025-04-02 13:22:10,2,-43.5231099372266
2025-04-02 13:22:20,3,-69.9663340513427
2025-04-02 13:22:30,4,-89.1006524188373
2025-04-02 13:22:40,1,-36.8124552684695
2025-04-02 13:22:50,2,-64.5457687723908
2025-04-02 13:23:00,3,-85.5364260160499
2025-04-02 13:23:10,4,-97.5916761938753
2025-04-02 13:23:20,1,-58.7785252292498
2025-04-02 13:23:30,2,-81.5127795728529
2025-04-02 13:23:40,3,-95.7319497532067
2025-04-02 13:23:50,4,-99.950656036573
2025-04-02 13:24:00,1,-77.0513242775817
2025-04-02 13:24:10,2,-93.3580426497191
2025-04-02 13:24:20,3,-99.9122830098859
2025-04-02 13:24:30,4,-96.0293685676961
2025-04-02 13:24:40,1,-90.4827052466044
2025-04-02 13:24:50,2,-99.3372765600394
2025-04-02 13:25:00,3,-97.8147600733801
2025-04-02 13:25:10,4,-86.0742027003969
2025-04-02 13:25:20,1,-98.2287250728702
2025-04-02 13:25:30,2,-99.0747840471444
2025-04-02 13:25:40,3,-89.5711760239397
2025-04-02 13:25:50,4,-70.7106781186574
2025-04-02 13:26:00,1,-99.8026728428273
2025-04-02 13:26:10,2,-92.5870584809991
2025-04-02 13:26:20,3,-75.6995055651725
2025-04-02 13:26:30,4,-50.9041415750393
2025-04-02 13:26:40,1,-95.1056516295159
2025-04-02 13:26:50,2,-80.2817475191102
2025-04-02 13:27:00,3,-57.0713567684381
2025-04-02 13:27:10,4,-27.8991106039241
2025-04-02 13:27:20,1,-84.4327925502018
2025-04-02 13:27:30,2,-62.9320391049899
2025-04-02 13:27:40,3,-34.8572047321746
2025-04-02 13:27:50,4,-3.14107590781274
2025-04-02 13:28:00,1,-68.4547105928684
2025-04-02 13:28:10,2,-41.6280792260462
2025-04-02 13:28:20,3,-10.4528463267567
2025-04-02 13:28:30,4,21.8143241396556
2025-04-02 13:28:40,1,-48.1753674101698
2025-04-02 13:28:50,2,-17.7084740319636
2025-04-02 13:29:00,3,14.6083028562398
2025-04-02 13:29:10,4,45.399049973957
2025-04-02 13:29:20,1,-24.8689887164823
2025-04-02 13:29:30,2,7.32381971275906
2025-04-02 13:29:40,3,38.7515586452102
2025-04-02 13:29:50,4,66.1311865323681
2025-04-02 13:30:00,1,4.50942373566325e-12
2025-04-02 13:30:10,2,31.8959309298043
2025-04-02 13:30:20,3,60.4599114862384
2025-04-02 13:30:30,4,82.7080574274527
2025-04-02 13:30:40,1,24.8689887164911
2025-04-02 13:30:50,2,54.4639035015014
2025-04-02 13:31:00,3,78.3693457325855
2025-04-02 13:31:10,4,94.0880768954209
2025-04-02 13:31:20,1,48.1753674101777
2025-04-02 13:31:30,2,73.6097087119732
2025-04-02 13:31:40,3,91.3545457642616
2025-04-02 13:31:50,4,99.5561964603077
2025-04-02 13:32:00,1,68.4547105928667
2025-04-02 13:32:10,2,88.1303452064997
2025-04-02 13:32:20,3,98.5996037070513
2025-04-02 13:32:30,4,98.7688340595141
2025-04-02 13:32:40,1,84.4327925502006
2025-04-02 13:32:50,2,97.1134279909642
2025-04-02 13:33:00,3,99.6492859249499
2025-04-02 13:33:10,4,91.7754625683985
2025-04-02 13:33:20,1,95.1056516295152
2025-04-02 13:33:30,2,99.9945169365513
2025-04-02 13:33:40,3,94.4376370237456
2025-04-02 13:33:50,4,79.0155012375689
2025-04-02 13:34:00,1,99.8026728428272
2025-04-02 13:34:10,2,96.5925826289085
2025-04-02 13:34:20,3,83.292124071005
2025-04-02 13:34:30,4,61.2907053652965
2025-04-02 13:34:40,1,98.2287250728685
2025-04-02 13:34:50,2,87.1213811120215
2025-04-02 13:35:00,3,66.9130606358868
2025-04-02 13:35:10,4,39.7147890634755
2025-04-02 13:35:20,1,90.4827052466005
2025-04-02 13:35:30,2,72.176022809839
2025-04-02 13:35:40,3,46.3296035119861
2025-04-02 13:35:50,4,15.6434465040191
2025-04-02 13:36:00,1,77.051324277576
2025-04-02 13:36:10,2,52.6955795496701
2025-04-02 13:36:20,3,22.8350870110643
2025-04-02 13:36:30,4,-9.41083133184542
2025-04-02 13:36:40,1,58.7785252292425
2025-04-02 13:36:50,2,29.90407922561
2025-04-02 13:37:00,3,-2.09424198833829
2025-04-02 13:37:10,4,-33.8737920245247
2025-04-02 13:37:20,1,36.8124552684611
2025-04-02 13:37:30,2,5.23359562429453
2025-04-02 13:37:40,3,-26.8919820615303
2025-04-02 13:37:50,4,-56.2083377852102
2025-04-02 13:38:00,1,12.5333233564333
2025-04-02 13:38:10,2,-19.7657340379137
2025-04-02 13:38:20,3,-50.0000000000045
2025-04-02 13:38:30,4,-75.0111069630445
2025-04-02 13:38:40,1,-12.5333233564288
2025-04-02 13:38:50,2,-43.5231099372349
2025-04-02 13:39:00,3,-69.9663340513411
2025-04-02 13:39:10,4,-89.1006524188364
2025-04-02 13:39:20,1,-36.8124552684675
2025-04-02 13:39:30,2,-64.5457687723892
2025-04-02 13:39:40,3,-85.5364260160547
2025-04-02 13:39:50,4,-97.5916761938748
2025-04-02 13:40:00,1,-58.7785252292481
2025-04-02 13:40:10,2,-81.5127795728517
2025-04-02 13:40:20,3,-95.7319497532093
2025-04-02 13:40:30,4,-99.9506560365731
2025-04-02 13:40:40,1,-77.0513242775803
2025-04-02 13:40:50,2,-93.3580426497183
2025-04-02 13:41:00,3,-99.9122830098858
2025-04-02 13:41:10,4,-96.0293685676935
2025-04-02 13:41:20,1,-90.4827052466034
2025-04-02 13:41:30,2,-99.3372765600392
2025-04-02 13:41:40,3,-97.8147600733805
2025-04-02 13:41:50,4,-86.0742027003922
2025-04-02 13:42:00,1,-98.2287250728698
2025-04-02 13:42:10,2,-99.0747840471447
2025-04-02 13:42:20,3,-89.5711760239407
2025-04-02 13:42:30,4,-70.7106781186589
2025-04-02 13:42:40,1,-99.8026728428268
2025-04-02 13:42:50,2,-92.587058481
2025-04-02 13:43:00,3,-75.6995055651739
2025-04-02 13:43:10,4,-50.9041415750411
2025-04-02 13:43:20,1,-95.1056516295131
2025-04-02 13:43:30,2,-80.2817475191115
2025-04-02 13:43:40,3,-57.0713567684399
2025-04-02 13:43:50,4,-27.8991106039261
2025-04-02 13:44:00,1,-84.432792550203
2025-04-02 13:44:10,2,-62.9320391049828
2025-04-02 13:44:20,3,-34.8572047321766
2025-04-02 13:44:30,4,-3.1410759078149
2025-04-02 13:44:40,1,-68.4547105928699
2025-04-02 13:44:50,2,-41.6280792260378
2025-04-02 13:45:00,3,-10.4528463267588
2025-04-02 13:45:10,4,21.8143241396535
2025-04-02 13:45:20,1,-48.1753674101717
2025-04-02 13:45:30,2,-17.7084740319658
2025-04-02 13:45:40,3,14.6083028562489
2025-04-02 13:45:50,4,45.3990499739551
2025-04-02 13:46:00,1,-24.8689887164844
2025-04-02 13:46:10,2,7.32381971275691
2025-04-02 13:46:20,3,38.7515586452187
2025-04-02 13:46:30,4,66.1311865323665
2025-04-02 13:46:40,1,2.3533025924e-12
2025-04-02 13:46:50,2,31.8959309298023
2025-04-02 13:47:00,3,60.4599114862367
2025-04-02 13:47:10,4,82.7080574274579
2025-04-02 13:47:20,1,24.868988716489
2025-04-02 13:47:30,2,54.4639035014996
2025-04-02 13:47:40,3,78.3693457325842
2025-04-02 13:47:50,4,94.088076895424
2025-04-02 13:48:00,1,48.1753674101758
2025-04-02 13:48:10,2,73.6097087119718
2025-04-02 13:48:20,3,91.3545457642607
2025-04-02 13:48:30,4,99.5561964603075
2025-04-02 13:48:40,1,68.4547105928734
2025-04-02 13:48:50,2,88.1303452064987
2025-04-02 13:49:00,3,98.599603707051
2025-04-02 13:49:10,4,98.7688340595145
2025-04-02 13:49:20,1,84.4327925502055
2025-04-02 13:49:30,2,97.1134279909636
2025-04-02 13:49:40,3,99.6492859249501
2025-04-02 13:49:50,4,91.7754625683994
2025-04-02 13:50:00,1,95.1056516295145
2025-04-02 13:50:10,2,99.9945169365512
2025-04-02 13:50:20,3,94.4376370237463
2025-04-02 13:50:30,4,79.0155012375702
2025-04-02 13:50:40,1,99.8026728428271
2025-04-02 13:50:50,2,96.5925826289061
2025-04-02 13:51:00,3,83.2921240710062
2025-04-02 13:51:10,4,61.2907053652982
2025-04-02 13:51:20,1,98.2287250728689
2025-04-02 13:51:30,2,87.1213811120226
2025-04-02 13:51:40,3,66.9130606358799
2025-04-02 13:51:50,4,39.7147890634775
2025-04-02 13:52:00,1,90.4827052466014
2025-04-02 13:52:10,2,72.1760228098405
2025-04-02 13:52:20,3,46.329603511978
2025-04-02 13:52:30,4,15.6434465040212
2025-04-02 13:52:40,1,77.0513242775773
2025-04-02 13:52:50,2,52.6955795496719
2025-04-02 13:53:00,3,22.8350870110664
2025-04-02 13:53:10,4,-9.41083133185459
2025-04-02 13:53:20,1,58.7785252292443
2025-04-02 13:53:30,2,29.9040792256121
2025-04-02 13:53:40,3,-2.09424198833613
2025-04-02 13:53:50,4,-33.8737920245226
2025-04-02 13:54:00,1,36.8124552684631
2025-04-02 13:54:10,2,5.23359562429669
2025-04-02 13:54:20,3,-26.8919820615282
2025-04-02 13:54:30,4,-56.2083377852084
2025-04-02 13:54:40,1,12.5333233564242
2025-04-02 13:54:50,2,-19.7657340379116
2025-04-02 13:55:00,3,-50.0000000000026
2025-04-02 13:55:10,4,-75.0111069630431
2025-04-02 13:55:20,1,-12.5333233564267
2025-04-02 13:55:30,2,-43.523109937233
2025-04-02 13:55:40,3,-69.9663340513396
2025-04-02 13:55:50,4,-89.1006524188354
2025-04-02 13:56:00,1,-36.8124552684655
2025-04-02 13:56:10,2,-64.5457687723962
2025-04-02 13:56:20,3,-85.5364260160535
2025-04-02 13:56:30,4,-97.5916761938743
2025-04-02 13:56:40,1,-58.7785252292463
2025-04-02 13:56:50,2,-81.5127795728505
2025-04-02 13:57:00,3,-95.7319497532087
2025-04-02 13:57:10,4,-99.9506560365732
2025-04-02 13:57:20,1,-77.051324277579
2025-04-02 13:57:30,2,-93.3580426497176
2025-04-02 13:57:40,3,-99.9122830098862
2025-04-02 13:57:50,4,-96.0293685676941
2025-04-02 13:58:00,1,-90.4827052466025
2025-04-02 13:58:10,2,-99.337276560039
2025-04-02 13:58:20,3,-97.814760073381
2025-04-02 13:58:30,4,-86.0742027003933
2025-04-02 13:58:40,1,-98.2287250728694
2025-04-02 13:58:50,2,-99.074784047145
2025-04-02 13:59:00,3,-89.5711760239416
2025-04-02 13:59:10,4,-70.7106781186524
2025-04-02 13:59:20,1,-99.8026728428269
2025-04-02 13:59:30,2,-92.5870584810008
2025-04-02 13:59:40,3,-75.6995055651753
2025-04-02 13:59:50,4,-50.904141575043
2025-04-02 14:00:00,1,-95.1056516295138
2025-04-02 14:00:10,2,-80.2817475191127
2025-04-02 14:00:20,3,-57.0713567684417
2025-04-02 14:00:30,4,-27.8991106039282
2025-04-02 14:00:40,1,-84.432792550198
2025-04-02 14:00:50,2,-62.9320391049844
2025-04-02 14:01:00,3,-34.8572047321786
2025-04-02 14:01:10,4,-3.14107590781705
2025-04-02 14:01:20,1,-68.4547105928715
2025-04-02 14:01:30,2,-41.6280792260398
2025-04-02 14:01:40,3,-10.452846326761
2025-04-02 14:01:50,4,21.8143241396514
2025-04-02 14:02:00,1,-48.1753674101736
2025-04-02 14:02:10,2,-17.7084740319567
2025-04-02 14:02:20,3,14.6083028562468
2025-04-02 14:02:30,4,45.3990499739532
2025-04-02 14:02:40,1,-24.8689887164865
2025-04-02 14:02:50,2,7.32381971275476
2025-04-02 14:03:00,3,38.7515586452167
2025-04-02 14:03:10,4,66.1311865323649
2025-04-02 14:03:20,1,1.97181449136753e-13
2025-04-02 14:03:30,2,31.8959309298002
2025-04-02 14:03:40,3,60.459911486244
2025-04-02 14:03:50,4,82.7080574274567
2025-04-02 14:04:00,1,24.8689887164869
2025-04-02 14:04:10,2,54.4639035014978
2025-04-02 14:04:20,3,78.3693457325828
2025-04-02 14:04:30,4,94.0880768954233
2025-04-02 14:04:40,1,48.1753674101739
2025-04-02 14:04:50,2,73.6097087119703
2025-04-02 14:05:00,3,91.3545457642599
2025-04-02 14:05:10,4,99.5561964603083
2025-04-02 14:05:20,1,68.4547105928718
2025-04-02 14:05:30,2,88.1303452064977
2025-04-02 14:05:40,3,98.5996037070506
2025-04-02 14:05:50,4,98.7688340595148
2025-04-02 14:06:00,1,84.4327925502044
2025-04-02 14:06:10,2,97.1134279909631
2025-04-02 14:06:20,3,99.6492859249503
2025-04-02 14:06:30,4,91.7754625684002
2025-04-02 14:06:40,1,95.1056516295174
2025-04-02 14:06:50,2,99.9945169365512
2025-04-02 14:07:00,3,94.437637023747
2025-04-02 14:07:10,4,79.0155012375715
2025-04-02 14:07:20,1,99.8026728428269
2025-04-02 14:07:30,2,96.5925826289067
2025-04-02 14:07:40,3,83.2921240710074
2025-04-02 14:07:50,4,61.2907053652999
2025-04-02 14:08:00,1,98.2287250728693
2025-04-02 14:08:10,2,87.1213811120181
2025-04-02 14:08:20,3,66.9130606358815
2025-04-02 14:08:30,4,39.7147890634795
2025-04-02 14:08:40,1,90.4827052466024
2025-04-02 14:08:50,2,72.176022809842
2025-04-02 14:09:00,3,46.3296035119799
2025-04-02 14:09:10,4,15.6434465040233
2025-04-02 14:09:20,1,77.0513242775787
2025-04-02 14:09:30,2,52.6955795496737
2025-04-02 14:09:40,3,22.8350870110574
2025-04-02 14:09:50,4,-9.41083133185245
2025-04-02 14:10:00,1,58.778525229246
2025-04-02 14:10:10,2,29.9040792256141
2025-04-02 14:10:20,3,-2.09424198833397
2025-04-02 14:10:30,4,-33.8737920245313
2025-04-02 14:10:40,1,36.8124552684651
2025-04-02 14:10:50,2,5.23359562429884
2025-04-02 14:11:00,3,-26.8919820615261
2025-04-02 14:11:10,4,-56.208337785216
2025-04-02 14:11:20,1,12.5333233564263
2025-04-02 14:11:30,2,-19.7657340379095
2025-04-02 14:11:40,3,-50.0000000000007
2025-04-02 14:11:50,4,-75.0111069630416
2025-04-02 14:12:00,1,-12.5333233564358
2025-04-02 14:12:10,2,-43.523109937231
2025-04-02 14:12:20,3,-69.9663340513381
2025-04-02 14:12:30,4,-89.1006524188344
2025-04-02 14:12:40,1,-36.812455268474
2025-04-02 14:12:50,2,-64.5457687723946
2025-04-02 14:13:00,3,-85.5364260160524
2025-04-02 14:13:10,4,-97.5916761938739
2025-04-02 14:13:20,1,-58.7785252292446
2025-04-02 14:13:30,2,-81.5127795728558
2025-04-02 14:13:40,3,-95.7319497532081
2025-04-02 14:13:50,4,-99.9506560365732
2025-04-02 14:14:00,1,-77.0513242775776
2025-04-02 14:14:10,2,-93.3580426497209
2025-04-02 14:14:20,3,-99.9122830098861
2025-04-02 14:14:30,4,-96.0293685676947
2025-04-02 14:14:40,1,-90.4827052466016
2025-04-02 14:14:50,2,-99.3372765600387
2025-04-02 14:15:00,3,-97.8147600733791
2025-04-02 14:15:10,4,-86.0742027003944
2025-04-02 14:15:20,1,-98.228725072869
2025-04-02 14:15:30,2,-99.0747840471453
2025-04-02 14:15:40,3,-89.5711760239375
2025-04-02 14:15:50,4,-70.7106781186539
2025-04-02 14:16:00,1,-99.8026728428271
2025-04-02 14:16:10,2,-92.5870584810016
2025-04-02 14:16:20,3,-75.6995055651767
2025-04-02 14:16:30,4,-50.904141575035
2025-04-02 14:16:40,1,-95.1056516295144
2025-04-02 14:16:50,2,-80.281747519114
2025-04-02 14:17:00,3,-57.0713567684434
2025-04-02 14:17:10,4,-27.8991106039194
2025-04-02 14:17:20,1,-84.4327925501992
2025-04-02 14:17:30,2,-62.9320391049861
2025-04-02 14:17:40,3,-34.8572047321806
2025-04-02 14:17:50,4,-3.14107590781921
2025-04-02 14:18:00,1,-68.4547105928648
2025-04-02 14:18:10,2,-41.6280792260417
2025-04-02 14:18:20,3,-10.4528463267631
2025-04-02 14:18:30,4,21.8143241396493
2025-04-02 14:18:40,1,-48.1753674101655
2025-04-02 14:18:50,2,-17.7084740319588
2025-04-02 14:19:00,3,14.6083028562446
2025-04-02 14:19:10,4,45.3990499739513
2025-04-02 14:19:20,1,-24.8689887164886
2025-04-02 14:19:30,2,7.32381971276395
2025-04-02 14:19:40,3,38.7515586452147
2025-04-02 14:19:50,4,66.1311865323633
2025-04-02 14:20:00,1,-1.95893969412649e-12
2025-04-02 14:20:10,2,31.8959309298089
2025-04-02 14:20:20,3,60.4599114862423
2025-04-02 14:20:30,4,82.7080574274555
2025-04-02 14:20:40,1,24.8689887164848
2025-04-02 14:20:50,2,54.463903501496
2025-04-02 14:21:00,3,78.3693457325885
2025-04-02 14:21:10,4,94.0880768954225
2025-04-02 14:21:20,1,48.1753674101721
2025-04-02 14:21:30,2,73.6097087119689
2025-04-02 14:21:40,3,91.3545457642636
2025-04-02 14:21:50,4,99.5561964603081
2025-04-02 14:22:00,1,68.4547105928702
2025-04-02 14:22:10,2,88.1303452064966
2025-04-02 14:22:20,3,98.5996037070502
2025-04-02 14:22:30,4,98.7688340595134
2025-04-02 14:22:40,1,84.4327925502032
2025-04-02 14:22:50,2,97.1134279909626
2025-04-02 14:23:00,3,99.6492859249504
2025-04-02 14:23:10,4,91.7754625683966
2025-04-02 14:23:20,1,95.1056516295167
2025-04-02 14:23:30,2,99.9945169365512
2025-04-02 14:23:40,3,94.4376370237477
2025-04-02 14:23:50,4,79.0155012375729
2025-04-02 14:24:00,1,99.8026728428275
2025-04-02 14:24:10,2,96.5925826289073
2025-04-02 14:24:20,3,83.2921240710086
2025-04-02 14:24:30,4,61.2907053653016
2025-04-02 14:24:40,1,98.2287250728676
2025-04-02 14:24:50,2,87.1213811120191
2025-04-02 14:25:00,3,66.9130606358831
2025-04-02 14:25:10,4,39.7147890634814
2025-04-02 14:25:20,1,90.4827052466033
2025-04-02 14:25:30,2,72.1760228098356
2025-04-02 14:25:40,3,46.3296035119818
2025-04-02 14:25:50,4,15.6434465040255
2025-04-02 14:26:00,1,77.0513242775801
2025-04-02 14:26:10,2,52.6955795496659
2025-04-02 14:26:20,3,22.8350870110595
2025-04-02 14:26:30,4,-9.4108313318503
2025-04-02 14:26:40,1,58.7785252292478
2025-04-02 14:26:50,2,29.9040792256162
2025-04-02 14:27:00,3,-2.09424198834319
2025-04-02 14:27:10,4,-33.8737920245293
2025-04-02 14:27:20,1,36.8124552684671
2025-04-02 14:27:30,2,5.23359562430099
2025-04-02 14:27:40,3,-26.891982061535
2025-04-02 14:27:50,4,-56.2083377852142
2025-04-02 14:28:00,1,12.5333233564284
2025-04-02 14:28:10,2,-19.7657340379074
2025-04-02 14:28:20,3,-49.9999999999989
2025-04-02 14:28:30,4,-75.0111069630477
2025-04-02 14:28:40,1,-12.5333233564337
2025-04-02 14:28:50,2,-43.5231099372291
2025-04-02 14:29:00,3,-69.9663340513365
2025-04-02 14:29:10,4,-89.1006524188386
2025-04-02 14:29:20,1,-36.812455268472
2025-04-02 14:29:30,2,-64.5457687723929
2025-04-02 14:29:40,3,-85.5364260160513
2025-04-02 14:29:50,4,-97.5916761938734
2025-04-02 14:30:00,1,-58.778525229252
2025-04-02 14:30:10,2,-81.5127795728545
2025-04-02 14:30:20,3,-95.7319497532075
2025-04-02 14:30:30,4,-99.9506560365733
2025-04-02 14:30:40,1,-77.0513242775835
2025-04-02 14:30:50,2,-93.3580426497201
2025-04-02 14:31:00,3,-99.912283009886
2025-04-02 14:31:10,4,-96.0293685676953
2025-04-02 14:31:20,1,-90.4827052466007
2025-04-02 14:31:30,2,-99.3372765600398
2025-04-02 14:31:40,3,-97.8147600733795
2025-04-02 14:31:50,4,-86.0742027003955
2025-04-02 14:32:00,1,-98.2287250728686
2025-04-02 14:32:10,2,-99.074784047144
2025-04-02 14:32:20,3,-89.5711760239385
2025-04-02 14:32:30,4,-70.7106781186555
2025-04-02 14:32:40,1,-99.8026728428272
2025-04-02 14:32:50,2,-92.5870584810024
2025-04-02 14:33:00,3,-75.6995055651707
2025-04-02 14:33:10,4,-50.9041415750369
2025-04-02 14:33:20,1,-95.1056516295151
2025-04-02 14:33:30,2,-80.2817475191153
2025-04-02 14:33:40,3,-57.0713567684359
2025-04-02 14:33:50,4,-27.8991106039214
2025-04-02 14:34:00,1,-84.4327925502004
2025-04-02 14:34:10,2,-62.9320391049878
2025-04-02 14:34:20,3,-34.8572047321826
2025-04-02 14:34:30,4,-3.14107590781
2025-04-02 14:34:40,1,-68.4547105928664
2025-04-02 14:34:50,2,-41.6280792260437
2025-04-02 14:35:00,3,-10.4528463267653
2025-04-02 14:35:10,4,21.8143241396583
2025-04-02 14:35:20,1,-48.1753674101674
2025-04-02 14:35:30,2,-17.7084740319609
2025-04-02 14:35:40,3,14.6083028562425
2025-04-02 14:35:50,4,45.3990499739494
2025-04-02 14:36:00,1,-24.8689887164797
2025-04-02 14:36:10,2,7.3238197127618
2025-04-02 14:36:20,3,38.7515586452127
2025-04-02 14:36:30,4,66.1311865323617
2025-04-02 14:36:40,1,7.25362293477186e-12
2025-04-02 14:36:50,2,31.8959309298069
2025-04-02 14:37:00,3,60.4599114862406
2025-04-02 14:37:10,4,82.7080574274543
2025-04-02 14:37:20,1,24.8689887164827
2025-04-02 14:37:30,2,54.4639035015037
2025-04-02 14:37:40,3,78.3693457325872
2025-04-02 14:37:50,4,94.0880768954218
2025-04-02 14:38:00,1,48.1753674101702
2025-04-02 14:38:10,2,73.6097087119751
2025-04-02 14:38:20,3,91.3545457642627
2025-04-02 14:38:30,4,99.5561964603079
2025-04-02 14:38:40,1,68.4547105928687
2025-04-02 14:38:50,2,88.1303452064956
2025-04-02 14:39:00,3,98.5996037070518
2025-04-02 14:39:10,4,98.7688340595137
2025-04-02 14:39:20,1,84.432792550202
2025-04-02 14:39:30,2,97.1134279909621
2025-04-02 14:39:40,3,99.6492859249497
2025-04-02 14:39:50,4,91.7754625683974
2025-04-02 14:40:00,1,95.1056516295161
2025-04-02 14:40:10,2,99.9945169365513
2025-04-02 14:40:20,3,94.4376370237485
2025-04-02 14:40:30,4,79.0155012375672
2025-04-02 14:40:40,1,99.8026728428274
2025-04-02 14:40:50,2,96.5925826289078
2025-04-02 14:41:00,3,83.2921240710098
2025-04-02 14:41:10,4,61.2907053652943
2025-04-02 14:41:20,1,98.228725072868
2025-04-02 14:41:30,2,87.1213811120202
2025-04-02 14:41:40,3,66.9130606358847
2025-04-02 14:41:50,4,39.7147890634834
2025-04-02 14:42:00,1,90.4827052465994
2025-04-02 14:42:10,2,72.1760228098371
2025-04-02 14:42:20,3,46.3296035119837
2025-04-02 14:42:30,4,15.6434465040276
2025-04-02 14:42:40,1,77.0513242775742
2025-04-02 14:42:50,2,52.6955795496677
2025-04-02 14:43:00,3,22.8350870110616
2025-04-02 14:43:10,4,-9.41083133184815
2025-04-02 14:43:20,1,58.7785252292495
2025-04-02 14:43:30,2,29.9040792256074
2025-04-02 14:43:40,3,-2.09424198834103
2025-04-02 14:43:50,4,-33.8737920245272
2025-04-02 14:44:00,1,36.8124552684691
2025-04-02 14:44:10,2,5.23359562429179
2025-04-02 14:44:20,3,-26.8919820615329
2025-04-02 14:44:30,4,-56.2083377852124
2025-04-02 14:44:40,1,12.5333233564306
2025-04-02 14:44:50,2,-19.7657340379053
2025-04-02 14:45:00,3,-50.0000000000068
2025-04-02 14:45:10,4,-75.0111069630463
2025-04-02 14:45:20,1,-12.5333233564315
2025-04-02 14:45:30,2,-43.5231099372271
2025-04-02 14:45:40,3,-69.9663340513431
2025-04-02 14:45:50,4,-89.1006524188376
2025-04-02 14:46:00,1,-36.81245526847
2025-04-02 14:46:10,2,-64.5457687723913
2025-04-02 14:46:20,3,-85.5364260160502
2025-04-02 14:46:30,4,-97.5916761938754
2025-04-02 14:46:40,1,-58.7785252292503
2025-04-02 14:46:50,2,-81.5127795728533
2025-04-02 14:47:00,3,-95.7319497532068
2025-04-02 14:47:10,4,-99.950656036573
2025-04-02 14:47:20,1,-77.0513242775821
2025-04-02 14:47:30,2,-93.3580426497193
2025-04-02 14:47:40,3,-99.9122830098859
2025-04-02 14:47:50,4,-96.0293685676959
2025-04-02 14:48:00,1,-90.4827052466046
2025-04-02 14:48:10,2,-99.3372765600395
2025-04-02 14:48:20,3,-97.81476007338
2025-04-02 14:48:30,4,-86.0742027003966
2025-04-02 14:48:40,1,-98.2287250728703
2025-04-02 14:48:50,2,-99.0747840471443
2025-04-02 14:49:00,3,-89.5711760239394
2025-04-02 14:49:10,4,-70.710678118657
2025-04-02 14:49:20,1,-99.8026728428273
2025-04-02 14:49:30,2,-92.5870584809989
2025-04-02 14:49:40,3,-75.6995055651721
2025-04-02 14:49:50,4,-50.9041415750388
2025-04-02 14:50:00,1,-95.1056516295157
2025-04-02 14:50:10,2,-80.2817475191098
2025-04-02 14:50:20,3,-57.0713567684376
2025-04-02 14:50:30,4,-27.8991106039235
2025-04-02 14:50:40,1,-84.4327925502015
2025-04-02 14:50:50,2,-62.9320391049895
2025-04-02 14:51:00,3,-34.857204732174
2025-04-02 14:51:10,4,-3.14107590781216
2025-04-02 14:51:20,1,-68.4547105928679
2025-04-02 14:51:30,2,-41.6280792260456
2025-04-02 14:51:40,3,-10.4528463267561
2025-04-02 14:51:50,4,21.8143241396562
2025-04-02 14:52:00,1,-48.1753674101693
2025-04-02 14:52:10,2,-17.7084740319631
2025-04-02 14:52:20,3,14.6083028562404
2025-04-02 14:52:30,4,45.3990499739576
2025-04-02 14:52:40,1,-24.8689887164818
2025-04-02 14:52:50,2,7.32381971275965
2025-04-02 14:53:00,3,38.7515586452107
2025-04-02 14:53:10,4,66.13118653236
2025-04-02 14:53:20,1,5.09750179150861e-12
2025-04-02 14:53:30,2,31.8959309298049
2025-04-02 14:53:40,3,60.4599114862389
2025-04-02 14:53:50,4,82.708057427453
2025-04-02 14:54:00,1,24.8689887164917
2025-04-02 14:54:10,2,54.4639035015019
2025-04-02 14:54:20,3,78.3693457325859
2025-04-02 14:54:30,4,94.0880768954211
2025-04-02 14:54:40,1,48.1753674101683
2025-04-02 14:54:50,2,73.6097087119736
2025-04-02 14:55:00,3,91.3545457642619
2025-04-02 14:55:10,4,99.5561964603077
2025-04-02 14:55:20,1,68.4547105928671
2025-04-02 14:55:30,2,88.1303452065
2025-04-02 14:55:40,3,98.5996037070514
2025-04-02 14:55:50,4,98.768834059514
2025-04-02 14:56:00,1,84.4327925502009
2025-04-02 14:56:10,2,97.1134279909616
2025-04-02 14:56:20,3,99.6492859249499
2025-04-02 14:56:30,4,91.7754625683983
2025-04-02 14:56:40,1,95.1056516295154
2025-04-02 14:56:50,2,99.9945169365513
2025-04-02 14:57:00,3,94.4376370237454
2025-04-02 14:57:10,4,79.0155012375685
2025-04-02 14:57:20,1,99.8026728428272
2025-04-02 14:57:30,2,96.5925826289084
2025-04-02 14:57:40,3,83.292124071011
2025-04-02 14:57:50,4,61.290705365296
2025-04-02 14:58:00,1,98.2287250728684
2025-04-02 14:58:10,2,87.1213811120212
2025-04-02 14:58:20,3,66.9130606358863
2025-04-02 14:58:30,4,39.714789063475
2025-04-02 14:58:40,1,90.4827052466003
2025-04-02 14:58:50,2,72.1760228098386
2025-04-02 14:59:00,3,46.3296035119856
2025-04-02 14:59:10,4,15.6434465040297
2025-04-02 14:59:20,1,77.0513242775756
2025-04-02 14:59:30,2,52.6955795496696
2025-04-02 14:59:40,3,22.8350870110637
2025-04-02 14:59:50,4,-9.41083133184601
2025-04-02 15:00:00,1,58.778525229242
2025-04-02 15:00:10,2,29.9040792256095
2025-04-02 15:00:20,3,-2.09424198833887
2025-04-02 15:00:30,4,-33.8737920245252
2025-04-02 15:00:40,1,36.8124552684711
2025-04-02 15:00:50,2,5.23359562429395
2025-04-02 15:01:00,3,-26.8919820615309
2025-04-02 15:01:10,4,-56.2083377852107
2025-04-02 15:01:20,1,12.5333233564327
2025-04-02 15:01:30,2,-19.7657340379143
2025-04-02 15:01:40,3,-50.000000000005
2025-04-02 15:01:50,4,-75.0111069630449
2025-04-02 15:02:00,1,-12.5333233564294
2025-04-02 15:02:10,2,-43.5231099372252
2025-04-02 15:02:20,3,-69.9663340513415
2025-04-02 15:02:30,4,-89.1006524188366
2025-04-02 15:02:40,1,-36.812455268468
2025-04-02 15:02:50,2,-64.5457687723896
2025-04-02 15:03:00,3,-85.536426016055
2025-04-02 15:03:10,4,-97.5916761938749
2025-04-02 15:03:20,1,-58.7785252292485
2025-04-02 15:03:30,2,-81.5127795728521
2025-04-02 15:03:40,3,-95.7319497532062
2025-04-02 15:03:50,4,-99.9506560365731
2025-04-02 15:04:00,1,-77.0513242775807
2025-04-02 15:04:10,2,-93.3580426497185
2025-04-02 15:04:20,3,-99.9122830098858
2025-04-02 15:04:30,4,-96.0293685676933
2025-04-02 15:04:40,1,-90.4827052466037
2025-04-02 15:04:50,2,-99.3372765600393
2025-04-02 15:05:00,3,-97.8147600733804
2025-04-02 15:05:10,4,-86.0742027003977
2025-04-02 15:05:20,1,-98.2287250728699
2025-04-02 15:05:30,2,-99.0747840471446
2025-04-02 15:05:40,3,-89.5711760239404
2025-04-02 15:05:50,4,-70.7106781186585
2025-04-02 15:06:00,1,-99.8026728428267
2025-04-02 15:06:10,2,-92.5870584809997
2025-04-02 15:06:20,3,-75.6995055651735
2025-04-02 15:06:30,4,-50.9041415750406
2025-04-02 15:06:40,1,-95.1056516295164
2025-04-02 15:06:50,2,-80.2817475191111
2025-04-02 15:07:00,3,-57.0713567684394
2025-04-02 15:07:10,4,-27.8991106039256
2025-04-02 15:07:20,1,-84.4327925502027
2025-04-02 15:07:30,2,-62.9320391049823
2025-04-02 15:07:40,3,-34.857204732176
2025-04-02 15:07:50,4,-3.14107590781431
2025-04-02 15:08:00,1,-68.4547105928695
2025-04-02 15:08:10,2,-41.6280792260476
2025-04-02 15:08:20,3,-10.4528463267582
2025-04-02 15:08:30,4,21.8143241396541
2025-04-02 15:08:40,1,-48.1753674101712
2025-04-02 15:08:50,2,-17.7084740319652
2025-04-02 15:09:00,3,14.6083028562495
2025-04-02 15:09:10,4,45.3990499739556
2025-04-02 15:09:20,1,-24.8689887164839
2025-04-02 15:09:30,2,7.3238197127575
2025-04-02 15:09:40,3,38.7515586452088
2025-04-02 15:09:50,4,66.131186532367
2025-04-02 15:10:00,1,2.94138064824537e-12
2025-04-02 15:10:10,2,31.8959309298028
2025-04-02 15:10:20,3,60.4599114862372
2025-04-02 15:10:30,4,82.7080574274582
2025-04-02 15:10:40,1,24.8689887164896
2025-04-02 15:10:50,2,54.4639035015001
2025-04-02 15:11:00,3,78.3693457325845
2025-04-02 15:11:10,4,94.0880768954204
2025-04-02 15:11:20,1,48.1753674101763
2025-04-02 15:11:30,2,73.6097087119722
2025-04-02 15:11:40,3,91.354545764261
2025-04-02 15:11:50,4,99.5561964603075
2025-04-02 15:12:00,1,68.4547105928738
2025-04-02 15:12:10,2,88.1303452064989
2025-04-02 15:12:20,3,98.5996037070511
2025-04-02 15:12:30,4,98.7688340595144
2025-04-02 15:12:40,1,84.4327925501997
2025-04-02 15:12:50,2,97.1134279909638
2025-04-02 15:13:00,3,99.64928592495
2025-04-02 15:13:10,4,91.7754625683992
2025-04-02 15:13:20,1,95.1056516295147
2025-04-02 15:13:30,2,99.9945169365512
2025-04-02 15:13:40,3,94.4376370237461
2025-04-02 15:13:50,4,79.0155012375699
2025-04-02 15:14:00,1,99.8026728428271
2025-04-02 15:14:10,2,96.5925826289089
2025-04-02 15:14:20,3,83.2921240710059
2025-04-02 15:14:30,4,61.2907053652977
2025-04-02 15:14:40,1,98.2287250728688
2025-04-02 15:14:50,2,87.1213811120223
2025-04-02 15:15:00,3,66.9130606358795
2025-04-02 15:15:10,4,39.7147890634769
2025-04-02 15:15:20,1,90.4827052466012
2025-04-02 15:15:30,2,72.1760228098401
2025-04-02 15:15:40,3,46.3296035119875
2025-04-02 15:15:50,4,15.6434465040206
2025-04-02 15:16:00,1,77.051324277577
2025-04-02 15:16:10,2,52.6955795496714
2025-04-02 15:16:20,3,22.8350870110658
2025-04-02 15:16:30,4,-9.41083133185518
2025-04-02 15:16:40,1,58.7785252292438
2025-04-02 15:16:50,2,29.9040792256115
2025-04-02 15:17:00,3,-2.09424198833672
2025-04-02 15:17:10,4,-33.8737920245232
2025-04-02 15:17:20,1,36.8124552684626
2025-04-02 15:17:30,2,5.2335956242961
2025-04-02 15:17:40,3,-26.8919820615288
2025-04-02 15:17:50,4,-56.2083377852089
2025-04-02 15:18:00,1,12.5333233564236
2025-04-02 15:18:10,2,-19.7657340379122
2025-04-02 15:18:20,3,-50.0000000000031
2025-04-02 15:18:30,4,-75.0111069630435
2025-04-02 15:18:40,1,-12.5333233564273
2025-04-02 15:18:50,2,-43.5231099372335
2025-04-02 15:19:00,3,-69.96633405134
2025-04-02 15:19:10,4,-89.1006524188357
2025-04-02 15:19:20,1,-36.812455268466
2025-04-02 15:19:30,2,-64.5457687723967
2025-04-02 15:19:40,3,-85.5364260160539
2025-04-02 15:19:50,4,-97.5916761938745
2025-04-02 15:20:00,1,-58.7785252292468
2025-04-02 15:20:10,2,-81.5127795728508
2025-04-02 15:20:20,3,-95.7319497532089
2025-04-02 15:20:30,4,-99.9506560365732
2025-04-02 15:20:40,1,-77.0513242775793
2025-04-02 15:20:50,2,-93.3580426497178
2025-04-02 15:21:00,3,-99.9122830098862
2025-04-02 15:21:10,4,-96.0293685676939
2025-04-02 15:21:20,1,-90.4827052466028
2025-04-02 15:21:30,2,-99.337276560039
2025-04-02 15:21:40,3,-97.8147600733809
2025-04-02 15:21:50,4,-86.074202700393
2025-04-02 15:22:00,1,-98.2287250728695
2025-04-02 15:22:10,2,-99.0747840471449
2025-04-02 15:22:20,3,-89.5711760239413
2025-04-02 15:22:30,4,-70.710678118652
2025-04-02 15:22:40,1,-99.8026728428269
2025-04-02 15:22:50,2,-92.5870584810006
2025-04-02 15:23:00,3,-75.6995055651749
2025-04-02 15:23:10,4,-50.9041415750425
2025-04-02 15:23:20,1,-95.1056516295136
2025-04-02 15:23:30,2,-80.2817475191124
2025-04-02 15:23:40,3,-57.0713567684412
2025-04-02 15:23:50,4,-27.8991106039276
2025-04-02 15:24:00,1,-84.4327925501977
2025-04-02 15:24:10,2,-62.932039104984
2025-04-02 15:24:20,3,-34.857204732178
2025-04-02 15:24:30,4,-3.14107590781647
2025-04-02 15:24:40,1,-68.4547105928711
2025-04-02 15:24:50,2,-41.6280792260392
2025-04-02 15:25:00,3,-10.4528463267604
2025-04-02 15:25:10,4,21.814324139652
2025-04-02 15:25:20,1,-48.1753674101731
2025-04-02 15:25:30,2,-17.7084740319561
2025-04-02 15:25:40,3,14.6083028562474
2025-04-02 15:25:50,4,45.3990499739537
2025-04-02 15:26:00,1,-24.868988716486
2025-04-02 15:26:10,2,7.32381971275535
2025-04-02 15:26:20,3,38.7515586452173
2025-04-02 15:26:30,4,66.1311865323653
2025-04-02 15:26:40,1,7.85259504982118e-13
2025-04-02 15:26:50,2,31.8959309298008
2025-04-02 15:27:00,3,60.4599114862445
2025-04-02 15:27:10,4,82.708057427457
2025-04-02 15:27:20,1,24.8689887164875
2025-04-02 15:27:30,2,54.4639035014983
2025-04-02 15:27:40,3,78.3693457325832
2025-04-02 15:27:50,4,94.0880768954235
2025-04-02 15:28:00,1,48.1753674101745
2025-04-02 15:28:10,2,73.6097087119707
2025-04-02 15:28:20,3,91.3545457642601
2025-04-02 15:28:30,4,99.5561964603084
2025-04-02 15:28:40,1,68.4547105928722
2025-04-02 15:28:50,2,88.1303452064979
2025-04-02 15:29:00,3,98.5996037070507
2025-04-02 15:29:10,4,98.7688340595147
2025-04-02 15:29:20,1,84.4327925502047
2025-04-02 15:29:30,2,97.1134279909633
2025-04-02 15:29:40,3,99.6492859249502
2025-04-02 15:29:50,4,91.7754625684
2025-04-02 15:30:00,1,95.1056516295176
2025-04-02 15:30:10,2,99.9945169365512
2025-04-02 15:30:20,3,94.4376370237468
2025-04-02 15:30:30,4,79.0155012375712
2025-04-02 15:30:40,1,99.802672842827
2025-04-02 15:30:50,2,96.5925826289065
2025-04-02 15:31:00,3,83.2921240710071
2025-04-02 15:31:10,4,61.2907053652994
2025-04-02 15:31:20,1,98.2287250728692
2025-04-02 15:31:30,2,87.1213811120178
2025-04-02 15:31:40,3,66.9130606358811
2025-04-02 15:31:50,4,39.7147890634789
2025-04-02 15:32:00,1,90.4827052466021
2025-04-02 15:32:10,2,72.1760228098416
2025-04-02 15:32:20,3,46.3296035119794
2025-04-02 15:32:30,4,15.6434465040228
2025-04-02 15:32:40,1,77.0513242775783
2025-04-02 15:32:50,2,52.6955795496732
2025-04-02 15:33:00,3,22.8350870110569
2025-04-02 15:33:10,4,-9.41083133185303
2025-04-02 15:33:20,1,58.7785252292455
2025-04-02 15:33:30,2,29.9040792256136
2025-04-02 15:33:40,3,-2.09424198833456
2025-04-02 15:33:50,4,-33.8737920245319
2025-04-02 15:34:00,1,36.8124552684646
2025-04-02 15:34:10,2,5.23359562429825
2025-04-02 15:34:20,3,-26.8919820615267
2025-04-02 15:34:30,4,-56.2083377852165
2025-04-02 15:34:40,1,12.5333233564257
2025-04-02 15:34:50,2,-19.7657340379101
2025-04-02 15:35:00,3,-50.0000000000012
2025-04-02 15:35:10,4,-75.011106963042
2025-04-02 15:35:20,1,-12.5333233564364
2025-04-02 15:35:30,2,-43.5231099372316
2025-04-02 15:35:40,3,-69.9663340513385
2025-04-02 15:35:50,4,-89.1006524188347
2025-04-02 15:36:00,1,-36.8124552684746
2025-04-02 15:36:10,2,-64.545768772395
2025-04-02 15:36:20,3,-85.5364260160527
2025-04-02 15:36:30,4,-97.591676193874
2025-04-02 15:36:40,1,-58.7785252292451
2025-04-02 15:36:50,2,-81.5127795728561
2025-04-02 15:37:00,3,-95.7319497532082
2025-04-02 15:37:10,4,-99.9506560365732
2025-04-02 15:37:20,1,-77.051324277578
2025-04-02 15:37:30,2,-93.3580426497211
2025-04-02 15:37:40,3,-99.9122830098861
2025-04-02 15:37:50,4,-96.0293685676945
2025-04-02 15:38:00,1,-90.4827052466019
2025-04-02 15:38:10,2,-99.3372765600388
2025-04-02 15:38:20,3,-97.8147600733789
2025-04-02 15:38:30,4,-86.0742027003941
2025-04-02 15:38:40,1,-98.2287250728691
2025-04-02 15:38:50,2,-99.0747840471452
2025-04-02 15:39:00,3,-89.5711760239373
2025-04-02 15:39:10,4,-70.7106781186535
2025-04-02 15:39:20,1,-99.802672842827
2025-04-02 15:39:30,2,-92.5870584810014
2025-04-02 15:39:40,3,-75.6995055651763
2025-04-02 15:39:50,4,-50.9041415750345
2025-04-02 15:40:00,1,-95.1056516295142
2025-04-02 15:40:10,2,-80.2817475191137
2025-04-02 15:40:20,3,-57.0713567684429
2025-04-02 15:40:30,4,-27.8991106039188
2025-04-02 15:40:40,1,-84.4327925501989
2025-04-02 15:40:50,2,-62.9320391049857
2025-04-02 15:41:00,3,-34.8572047321801
2025-04-02 15:41:10,4,-3.14107590781862
2025-04-02 15:41:20,1,-68.4547105928644
2025-04-02 15:41:30,2,-41.6280792260412
2025-04-02 15:41:40,3,-10.4528463267625
2025-04-02 15:41:50,4,21.8143241396498
2025-04-02 15:42:00,1,-48.175367410165
2025-04-02 15:42:10,2,-17.7084740319582
2025-04-02 15:42:20,3,14.6083028562452
2025-04-02 15:42:30,4,45.3990499739518
2025-04-02 15:42:40,1,-24.868988716488
2025-04-02 15:42:50,2,7.32381971276454
2025-04-02 15:43:00,3,38.7515586452153
2025-04-02 15:43:10,4,66.1311865323637
2025-04-02 15:43:20,1,-1.37086163828113e-12
2025-04-02 15:43:30,2,31.8959309298095
2025-04-02 15:43:40,3,60.4599114862428
2025-04-02 15:43:50,4,82.7080574274558
2025-04-02 15:44:00,1,24.8689887164854
2025-04-02 15:44:10,2,54.4639035014965
2025-04-02 15:44:20,3,78.3693457325889
2025-04-02 15:44:30,4,94.0880768954227
2025-04-02 15:44:40,1,48.1753674101726
2025-04-02 15:44:50,2,73.6097087119693
2025-04-02 15:45:00,3,91.3545457642638
2025-04-02 15:45:10,4,99.5561964603082
2025-04-02 15:45:20,1,68.4547105928707
2025-04-02 15:45:30,2,88.1303452064969
2025-04-02 15:45:40,3,98.5996037070503
2025-04-02 15:45:50,4,98.7688340595133
2025-04-02 15:46:00,1,84.4327925502035
2025-04-02 15:46:10,2,97.1134279909627
2025-04-02 15:46:20,3,99.6492859249504
2025-04-02 15:46:30,4,91.7754625683963
2025-04-02 15:46:40,1,95.1056516295169
2025-04-02 15:46:50,2,99.9945169365512
2025-04-02 15:47:00,3,94.4376370237475
2025-04-02 15:47:10,4,79.0155012375725
2025-04-02 15:47:20,1,99.8026728428276
2025-04-02 15:47:30,2,96.5925826289071
2025-04-02 15:47:40,3,83.2921240710083
2025-04-02 15:47:50,4,61.2907053653011
2025-04-02 15:48:00,1,98.2287250728674
2025-04-02 15:48:10,2,87.1213811120188
2025-04-02 15:48:20,3,66.9130606358827
2025-04-02 15:48:30,4,39.7147890634809
2025-04-02 15:48:40,1,90.482705246603
2025-04-02 15:48:50,2,72.1760228098352
2025-04-02 15:49:00,3,46.3296035119813
2025-04-02 15:49:10,4,15.6434465040249
2025-04-02 15:49:20,1,77.0513242775797
2025-04-02 15:49:30,2,52.6955795496654
2025-04-02 15:49:40,3,22.835087011059
2025-04-02 15:49:50,4,-9.41083133185089
2025-04-02 15:50:00,1,58.7785252292473
2025-04-02 15:50:10,2,29.9040792256156
2025-04-02 15:50:20,3,-2.09424198834377
2025-04-02 15:50:30,4,-33.8737920245298
2025-04-02 15:50:40,1,36.8124552684666
2025-04-02 15:50:50,2,5.23359562430041
2025-04-02 15:51:00,3,-26.8919820615356
2025-04-02 15:51:10,4,-56.2083377852147
2025-04-02 15:51:20,1,12.5333233564278
2025-04-02 15:51:30,2,-19.765734037908
2025-04-02 15:51:40,3,-49.9999999999994
2025-04-02 15:51:50,4,-75.0111069630481
2025-04-02 15:52:00,1,-12.5333233564343
2025-04-02 15:52:10,2,-43.5231099372296
2025-04-02 15:52:20,3,-69.9663340513369
2025-04-02 15:52:30,4,-89.1006524188337
2025-04-02 15:52:40,1,-36.8124552684726
2025-04-02 15:52:50,2,-64.5457687723934
2025-04-02 15:53:00,3,-85.5364260160516
2025-04-02 15:53:10,4,-97.5916761938735
2025-04-02 15:53:20,1,-58.7785252292525
2025-04-02 15:53:30,2,-81.5127795728549
2025-04-02 15:53:40,3,-95.7319497532076
2025-04-02 15:53:50,4,-99.9506560365733
2025-04-02 15:54:00,1,-77.0513242775766
2025-04-02 15:54:10,2,-93.3580426497203
2025-04-02 15:54:20,3,-99.912283009886
2025-04-02 15:54:30,4,-96.0293685676951
2025-04-02 15:54:40,1,-90.4827052466009
2025-04-02 15:54:50,2,-99.3372765600398
2025-04-02 15:55:00,3,-97.8147600733794
2025-04-02 15:55:10,4,-86.0742027003952
2025-04-02 15:55:20,1,-98.2287250728687
2025-04-02 15:55:30,2,-99.0747840471455
2025-04-02 15:55:40,3,-89.5711760239382
2025-04-02 15:55:50,4,-70.710678118655
2025-04-02 15:56:00,1,-99.8026728428271
2025-04-02 15:56:10,2,-92.5870584810022
2025-04-02 15:56:20,3,-75.6995055651703
2025-04-02 15:56:30,4,-50.9041415750364
2025-04-02 15:56:40,1,-95.1056516295149
2025-04-02 15:56:50,2,-80.281747519115
2025-04-02 15:57:00,3,-57.0713567684447
2025-04-02 15:57:10,4,-27.8991106039209
2025-04-02 15:57:20,1,-84.4327925502
2025-04-02 15:57:30,2,-62.9320391049873
2025-04-02 15:57:40,3,-34.8572047321821
2025-04-02 15:57:50,4,-3.14107590780941
2025-04-02 15:58:00,1,-68.4547105928659
2025-04-02 15:58:10,2,-41.6280792260432
2025-04-02 15:58:20,3,-10.4528463267647
2025-04-02 15:58:30,4,21.8143241396477
2025-04-02 15:58:40,1,-48.1753674101669
2025-04-02 15:58:50,2,-17.7084740319604
2025-04-02 15:59:00,3,14.6083028562431
2025-04-02 15:59:10,4,45.3990499739499
2025-04-02 15:59:20,1,-24.8689887164791
2025-04-02 15:59:30,2,7.32381971276238
2025-04-02 15:59:40,3,38.7515586452133
2025-04-02 15:59:50,4,66.1311865323621
2025-04-02 16:00:00,1,-3.52698278154438e-12
2025-04-02 16:00:10,2,31.8959309298075
2025-04-02 16:00:20,3,60.4599114862411
2025-04-02 16:00:30,4,82.7080574274546
2025-04-02 16:00:40,1,24.8689887164833
2025-04-02 16:00:50,2,54.4639035015042
2025-04-02 16:01:00,3,78.3693457325876
2025-04-02 16:01:10,4,94.088076895422
2025-04-02 16:01:20,1,48.1753674101707
2025-04-02 16:01:30,2,73.6097087119678
2025-04-02 16:01:40,3,91.354545764263
2025-04-02 16:01:50,4,99.556196460308
2025-04-02 16:02:00,1,68.4547105928691
2025-04-02 16:02:10,2,88.1303452064959
2025-04-02 16:02:20,3,98.5996037070519
2025-04-02 16:02:30,4,98.7688340595136
2025-04-02 16:02:40,1,84.4327925502024
2025-04-02 16:02:50,2,97.1134279909622
2025-04-02 16:03:00,3,99.6492859249506
2025-04-02 16:03:10,4,91.7754625683972
2025-04-02 16:03:20,1,95.1056516295162
2025-04-02 16:03:30,2,99.9945169365513
2025-04-02 16:03:40,3,94.4376370237483
2025-04-02 16:03:50,4,79.0155012375669
2025-04-02 16:04:00,1,99.8026728428274
2025-04-02 16:04:10,2,96.5925826289077
2025-04-02 16:04:20,3,83.2921240710095
2025-04-02 16:04:30,4,61.2907053653028
2025-04-02 16:04:40,1,98.2287250728678
2025-04-02 16:04:50,2,87.1213811120199
2025-04-02 16:05:00,3,66.9130606358843
2025-04-02 16:05:10,4,39.7147890634829
2025-04-02 16:05:20,1,90.4827052465991
2025-04-02 16:05:30,2,72.1760228098367
2025-04-02 16:05:40,3,46.3296035119832
2025-04-02 16:05:50,4,15.643446504027
2025-04-02 16:06:00,1,77.0513242775811
2025-04-02 16:06:10,2,52.6955795496672
2025-04-02 16:06:20,3,22.8350870110611
2025-04-02 16:06:30,4,-9.41083133184874
2025-04-02 16:06:40,1,58.778525229249
2025-04-02 16:06:50,2,29.9040792256068
2025-04-02 16:07:00,3,-2.09424198834162
2025-04-02 16:07:10,4,-33.8737920245278
2025-04-02 16:07:20,1,36.8124552684686
2025-04-02 16:07:30,2,5.23359562430256
2025-04-02 16:07:40,3,-26.8919820615335
2025-04-02 16:07:50,4,-56.2083377852129
2025-04-02 16:08:00,1,12.53332335643
2025-04-02 16:08:10,2,-19.7657340379058
2025-04-02 16:08:20,3,-50.0000000000073
2025-04-02 16:08:30,4,-75.0111069630467
2025-04-02 16:08:40,1,-12.5333233564321
2025-04-02 16:08:50,2,-43.5231099372277
2025-04-02 16:09:00,3,-69.9663340513354
2025-04-02 16:09:10,4,-89.1006524188379
2025-04-02 16:09:20,1,-36.8124552684706
2025-04-02 16:09:30,2,-64.5457687723917
2025-04-02 16:09:40,3,-85.5364260160505
2025-04-02 16:09:50,4,-97.5916761938755
2025-04-02 16:10:00,1,-58.7785252292508
2025-04-02 16:10:10,2,-81.5127795728536
2025-04-02 16:10:20,3,-95.731949753207
2025-04-02 16:10:30,4,-99.9506560365734
2025-04-02 16:10:40,1,-77.0513242775825
2025-04-02 16:10:50,2,-93.3580426497195
2025-04-02 16:11:00,3,-99.9122830098859
2025-04-02 16:11:10,4,-96.0293685676957
2025-04-02 16:11:20,1,-90.4827052466049
2025-04-02 16:11:30,2,-99.3372765600396
2025-04-02 16:11:40,3,-97.8147600733798
2025-04-02 16:11:50,4,-86.0742027003963
2025-04-02 16:12:00,1,-98.2287250728683
2025-04-02 16:12:10,2,-99.0747840471443
2025-04-02 16:12:20,3,-89.5711760239392
2025-04-02 16:12:30,4,-70.7106781186566
2025-04-02 16:12:40,1,-99.8026728428273
2025-04-02 16:12:50,2,-92.5870584809987
2025-04-02 16:13:00,3,-75.6995055651717
2025-04-02 16:13:10,4,-50.9041415750382
2025-04-02 16:13:20,1,-95.1056516295156
2025-04-02 16:13:30,2,-80.2817475191163
2025-04-02 16:13:40,3,-57.0713567684371
2025-04-02 16:13:50,4,-27.8991106039229
2025-04-02 16:14:00,1,-84.4327925502012
2025-04-02 16:14:10,2,-62.932039104989
2025-04-02 16:14:20,3,-34.8572047321735
2025-04-02 16:14:30,4,-3.14107590781157
2025-04-02 16:14:40,1,-68.4547105928675
2025-04-02 16:14:50,2,-41.6280792260451
2025-04-02 16:15:00,3,-10.4528463267668
2025-04-02 16:15:10,4,21.8143241396567
2025-04-02 16:15:20,1,-48.1753674101688
2025-04-02 16:15:30,2,-17.7084740319625
2025-04-02 16:15:40,3,14.608302856241
2025-04-02 16:15:50,4,45.3990499739581
2025-04-02 16:16:00,1,-24.8689887164812
2025-04-02 16:16:10,2,7.32381971276024
2025-04-02 16:16:20,3,38.7515586452113
2025-04-02 16:16:30,4,66.1311865323605
2025-04-02 16:16:40,1,5.68557984735398e-12
2025-04-02 16:16:50,2,31.8959309298054
2025-04-02 16:17:00,3,60.4599114862394
2025-04-02 16:17:10,4,82.7080574274534
2025-04-02 16:17:20,1,24.8689887164922
2025-04-02 16:17:30,2,54.4639035015024
2025-04-02 16:17:40,3,78.3693457325862
2025-04-02 16:17:50,4,94.0880768954213
2025-04-02 16:18:00,1,48.1753674101688
2025-04-02 16:18:10,2,73.609708711974
2025-04-02 16:18:20,3,91.3545457642621
2025-04-02 16:18:30,4,99.5561964603078
2025-04-02 16:18:40,1,68.4547105928675
2025-04-02 16:18:50,2,88.1303452065003
2025-04-02 16:19:00,3,98.5996037070515
2025-04-02 16:19:10,4,98.7688340595139
2025-04-02 16:19:20,1,84.4327925502012
2025-04-02 16:19:30,2,97.1134279909617
2025-04-02 16:19:40,3,99.6492859249498
2025-04-02 16:19:50,4,91.7754625683981
2025-04-02 16:20:00,1,95.1056516295156
2025-04-02 16:20:10,2,99.9945169365513
2025-04-02 16:20:20,3,94.4376370237452
2025-04-02 16:20:30,4,79.0155012375682
2025-04-02 16:20:40,1,99.8026728428273
2025-04-02 16:20:50,2,96.5925826289082
2025-04-02 16:21:00,3,83.2921240710107
2025-04-02 16:21:10,4,61.2907053652955
2025-04-02 16:21:20,1,98.2287250728683
2025-04-02 16:21:30,2,87.1213811120209
2025-04-02 16:21:40,3,66.9130606358859
2025-04-02 16:21:50,4,39.7147890634744
2025-04-02 16:22:00,1,90.4827052466
2025-04-02 16:22:10,2,72.1760228098382
2025-04-02 16:22:20,3,46.3296035119851
2025-04-02 16:22:30,4,15.6434465040292
2025-04-02 16:22:40,1,77.0513242775752
2025-04-02 16:22:50,2,52.6955795496691
2025-04-02 16:23:00,3,22.8350870110632
2025-04-02 16:23:10,4,-9.41083133184659
2025-04-02 16:23:20,1,58.7785252292416
2025-04-02 16:23:30,2,29.9040792256089
2025-04-02 16:23:40,3,-2.09424198833946
2025-04-02 16:23:50,4,-33.8737920245258
2025-04-02 16:24:00,1,36.8124552684706
2025-04-02 16:24:10,2,5.23359562429336
2025-04-02 16:24:20,3,-26.8919820615314
2025-04-02 16:24:30,4,-56.2083377852111
2025-04-02 16:24:40,1,12.5333233564321
2025-04-02 16:24:50,2,-19.7657340379149
2025-04-02 16:25:00,3,-50.0000000000055
2025-04-02 16:25:10,4,-75.0111069630453
2025-04-02 16:25:20,1,-12.53332335643
2025-04-02 16:25:30,2,-43.5231099372257
2025-04-02 16:25:40,3,-69.966334051342
2025-04-02 16:25:50,4,-89.1006524188369
2025-04-02 16:26:00,1,-36.8124552684686
2025-04-02 16:26:10,2,-64.5457687723901
2025-04-02 16:26:20,3,-85.5364260160553
2025-04-02 16:26:30,4,-97.5916761938751
2025-04-02 16:26:40,1,-58.778525229249
2025-04-02 16:26:50,2,-81.5127795728524
2025-04-02 16:27:00,3,-95.7319497532064
2025-04-02 16:27:10,4,-99.9506560365731
2025-04-02 16:27:20,1,-77.0513242775811
2025-04-02 16:27:30,2,-93.3580426497188
2025-04-02 16:27:40,3,-99.9122830098858
2025-04-02 16:27:50,4,-96.0293685676932
2025-04-02 16:28:00,1,-90.4827052466039
2025-04-02 16:28:10,2,-99.3372765600393
2025-04-02 16:28:20,3,-97.8147600733803
2025-04-02 16:28:30,4,-86.0742027003974
2025-04-02 16:28:40,1,-98.22872507287
2025-04-02 16:28:50,2,-99.0747840471445
2025-04-02 16:29:00,3,-89.5711760239401
2025-04-02 16:29:10,4,-70.7106781186581
2025-04-02 16:29:20,1,-99.8026728428267
2025-04-02 16:29:30,2,-92.5870584809995
2025-04-02 16:29:40,3,-75.6995055651731
2025-04-02 16:29:50,4,-50.9041415750401
2025-04-02 16:30:00,1,-95.1056516295162
2025-04-02 16:30:10,2,-80.2817475191108
2025-04-02 16:30:20,3,-57.0713567684389
2025-04-02 16:30:30,4,-27.899110603925
2025-04-02 16:30:40,1,-84.4327925502024
2025-04-02 16:30:50,2,-62.9320391049819
2025-04-02 16:31:00,3,-34.8572047321755
2025-04-02 16:31:10,4,-3.14107590781372
2025-04-02 16:31:20,1,-68.4547105928691
2025-04-02 16:31:30,2,-41.6280792260471
2025-04-02 16:31:40,3,-10.4528463267577
2025-04-02 16:31:50,4,21.8143241396546
2025-04-02 16:32:00,1,-48.1753674101707
2025-04-02 16:32:10,2,-17.7084740319646
2025-04-02 16:32:20,3,14.6083028562501
2025-04-02 16:32:30,4,45.3990499739562
2025-04-02 16:32:40,1,-24.8689887164833
2025-04-02 16:32:50,2,7.32381971275808
2025-04-02 16:33:00,3,38.7515586452093
2025-04-02 16:33:10,4,66.1311865323674
2025-04-02 16:33:20,1,3.52945870409073e-12
2025-04-02 16:33:30,2,31.8959309298034
2025-04-02 16:33:40,3,60.4599114862377
2025-04-02 16:33:50,4,82.7080574274585
2025-04-02 16:34:00,1,24.8689887164901
2025-04-02 16:34:10,2,54.4639035015006
2025-04-02 16:34:20,3,78.3693457325849
2025-04-02 16:34:30,4,94.0880768954206
2025-04-02 16:34:40,1,48.1753674101769
2025-04-02 16:34:50,2,73.6097087119726
2025-04-02 16:35:00,3,91.3545457642612
2025-04-02 16:35:10,4,99.5561964603076
2025-04-02 16:35:20,1,68.4547105928742
2025-04-02 16:35:30,2,88.1303452064992
2025-04-02 16:35:40,3,98.5996037070512
2025-04-02 16:35:50,4,98.7688340595143
2025-04-02 16:36:00,1,84.4327925502
2025-04-02 16:36:10,2,97.1134279909639
2025-04-02 16:36:20,3,99.64928592495
2025-04-02 16:36:30,4,91.7754625683989
2025-04-02 16:36:40,1,95.1056516295149
2025-04-02 16:36:50,2,99.9945169365512
2025-04-02 16:37:00,3,94.4376370237459
2025-04-02 16:37:10,4,79.0155012375695
2025-04-02 16:37:20,1,99.8026728428271
2025-04-02 16:37:30,2,96.5925826289088
2025-04-02 16:37:40,3,83.2921240710056
2025-04-02 16:37:50,4,61.2907053652972
2025-04-02 16:38:00,1,98.2287250728687
2025-04-02 16:38:10,2,87.121381112022
2025-04-02 16:38:20,3,66.913060635879
2025-04-02 16:38:30,4,39.7147890634764
2025-04-02 16:38:40,1,90.4827052466009
2025-04-02 16:38:50,2,72.1760228098397
2025-04-02 16:39:00,3,46.329603511987
2025-04-02 16:39:10,4,15.64344650402
2025-04-02 16:39:20,1,77.0513242775766
2025-04-02 16:39:30,2,52.6955795496709
2025-04-02 16:39:40,3,22.8350870110653
2025-04-02 16:39:50,4,-9.41083133185576
2025-04-02 16:40:00,1,58.7785252292433
2025-04-02 16:40:10,2,29.904079225611
2025-04-02 16:40:20,3,-2.09424198833731
2025-04-02 16:40:30,4,-33.8737920245237
2025-04-02 16:40:40,1,36.812455268462
2025-04-02 16:40:50,2,5.23359562429551
2025-04-02 16:41:00,3,-26.8919820615294
2025-04-02 16:41:10,4,-56.2083377852094
2025-04-02 16:41:20,1,12.533323356423
2025-04-02 16:41:30,2,-19.7657340379128
2025-04-02 16:41:40,3,-50.0000000000036
2025-04-02 16:41:50,4,-75.0111069630438
2025-04-02 16:42:00,1,-12.5333233564279
2025-04-02 16:42:10,2,-43.523109937234
2025-04-02 16:42:20,3,-69.9663340513404
2025-04-02 16:42:30,4,-89.1006524188359
2025-04-02 16:42:40,1,-36.8124552684666
2025-04-02 16:42:50,2,-64.5457687723971
2025-04-02 16:43:00,3,-85.5364260160542
2025-04-02 16:43:10,4,-97.5916761938746
2025-04-02 16:43:20,1,-58.7785252292473
2025-04-02 16:43:30,2,-81.5127795728511
2025-04-02 16:43:40,3,-95.731949753209
2025-04-02 16:43:50,4,-99.9506560365731
2025-04-02 16:44:00,1,-77.0513242775797
2025-04-02 16:44:10,2,-93.358042649718
2025-04-02 16:44:20,3,-99.9122830098862
2025-04-02 16:44:30,4,-96.0293685676938
2025-04-02 16:44:40,1,-90.482705246603
2025-04-02 16:44:50,2,-99.3372765600391
2025-04-02 16:45:00,3,-97.8147600733807
2025-04-02 16:45:10,4,-86.0742027003927
2025-04-02 16:45:20,1,-98.2287250728696
2025-04-02 16:45:30,2,-99.0747840471448
2025-04-02 16:45:40,3,-89.5711760239411
2025-04-02 16:45:50,4,-70.7106781186516
2025-04-02 16:46:00,1,-99.8026728428268
2025-04-02 16:46:10,2,-92.5870584810003
2025-04-02 16:46:20,3,-75.6995055651745
2025-04-02 16:46:30,4,-50.9041415750419
2025-04-02 16:46:40,1,-95.1056516295134
2025-04-02 16:46:50,2,-80.281747519112
2025-04-02 16:47:00,3,-57.0713567684407
2025-04-02 16:47:10,4,-27.8991106039271
2025-04-02 16:47:20,1,-84.4327925501974
2025-04-02 16:47:30,2,-62.9320391049835
2025-04-02 16:47:40,3,-34.8572047321775
2025-04-02 16:47:50,4,-3.14107590781588
2025-04-02 16:48:00,1,-68.4547105928707
2025-04-02 16:48:10,2,-41.6280792260387
2025-04-02 16:48:20,3,-10.4528463267598
2025-04-02 16:48:30,4,21.8143241396525
2025-04-02 16:48:40,1,-48.1753674101726
2025-04-02 16:48:50,2,-17.7084740319555
2025-04-02 16:49:00,3,14.6083028562479
2025-04-02 16:49:10,4,45.3990499739542
2025-04-02 16:49:20,1,-24.8689887164854
2025-04-02 16:49:30,2,7.32381971275593
2025-04-02 16:49:40,3,38.7515586452178
2025-04-02 16:49:50,4,66.1311865323658
2025-04-02 16:50:00,1,1.37333756082748e-12
2025-04-02 16:50:10,2,31.8959309298013
2025-04-02 16:50:20,3,60.4599114862359
2025-04-02 16:50:30,4,82.7080574274573
2025-04-02 16:50:40,1,24.868988716488
2025-04-02 16:50:50,2,54.4639035014988
2025-04-02 16:51:00,3,78.3693457325836
2025-04-02 16:51:10,4,94.0880768954237
2025-04-02 16:51:20,1,48.175367410175
2025-04-02 16:51:30,2,73.6097087119711
2025-04-02 16:51:40,3,91.3545457642603
2025-04-02 16:51:50,4,99.5561964603074
2025-04-02 16:52:00,1,68.4547105928727
2025-04-02 16:52:10,2,88.1303452064982
2025-04-02 16:52:20,3,98.5996037070508
2025-04-02 16:52:30,4,98.7688340595146
2025-04-02 16:52:40,1,84.432792550205
2025-04-02 16:52:50,2,97.1134279909634
2025-04-02 16:53:00,3,99.6492859249502
2025-04-02 16:53:10,4,91.7754625683998
2025-04-02 16:53:20,1,95.1056516295142
2025-04-02 16:53:30,2,99.9945169365512
2025-04-02 16:53:40,3,94.4376370237466
2025-04-02 16:53:50,4,79.0155012375708
2025-04-02 16:54:00,1,99.802672842827
2025-04-02 16:54:10,2,96.5925826289064
2025-04-02 16:54:20,3,83.2921240710068
2025-04-02 16:54:30,4,61.2907053652989
2025-04-02 16:54:40,1,98.2287250728691
2025-04-02 16:54:50,2,87.1213811120231
2025-04-02 16:55:00,3,66.9130606358806
2025-04-02 16:55:10,4,39.7147890634784
2025-04-02 16:55:20,1,90.4827052466019
2025-04-02 16:55:30,2,72.1760228098411
2025-04-02 16:55:40,3,46.3296035119788
2025-04-02 16:55:50,4,15.6434465040222
2025-04-02 16:56:00,1,77.051324277578
2025-04-02 16:56:10,2,52.6955795496727
2025-04-02 16:56:20,3,22.8350870110674
2025-04-02 16:56:30,4,-9.41083133185362
2025-04-02 16:56:40,1,58.7785252292451
2025-04-02 16:56:50,2,29.904079225613
2025-04-02 16:57:00,3,-2.09424198833515
2025-04-02 16:57:10,4,-33.8737920245324
2025-04-02 16:57:20,1,36.812455268464
2025-04-02 16:57:30,2,5.23359562429767
2025-04-02 16:57:40,3,-26.8919820615273
2025-04-02 16:57:50,4,-56.2083377852076
2025-04-02 16:58:00,1,12.5333233564251
2025-04-02 16:58:10,2,-19.7657340379106
2025-04-02 16:58:20,3,-50.0000000000017
2025-04-02 16:58:30,4,-75.0111069630424
2025-04-02 16:58:40,1,-12.533323356437
2025-04-02 16:58:50,2,-43.5231099372321
2025-04-02 16:59:00,3,-69.9663340513389
2025-04-02 16:59:10,4,-89.1006524188349
2025-04-02 16:59:20,1,-36.8124552684646
2025-04-02 16:59:30,2,-64.5457687723955
2025-04-02 16:59:40,3,-85.536426016053
2025-04-02 16:59:50,4,-97.5916761938741
2025-04-02 17:00:00,1,-58.7785252292455
2025-04-02 17:00:10,2,-81.5127795728565
2025-04-02 17:00:20,3,-95.7319497532084
2025-04-02 17:00:30,4,-99.9506560365732
2025-04-02 17:00:40,1,-77.0513242775783
2025-04-02 17:00:50,2,-93.3580426497172
2025-04-02 17:01:00,3,-99.9122830098861
2025-04-02 17:01:10,4,-96.0293685676944
2025-04-02 17:01:20,1,-90.4827052466021
2025-04-02 17:01:30,2,-99.3372765600388
2025-04-02 17:01:40,3,-97.8147600733788
2025-04-02 17:01:50,4,-86.0742027003938
2025-04-02 17:02:00,1,-98.2287250728692
2025-04-02 17:02:10,2,-99.0747840471451
2025-04-02 17:02:20,3,-89.571176023942
2025-04-02 17:02:30,4,-70.7106781186531
2025-04-02 17:02:40,1,-99.802672842827
2025-04-02 17:02:50,2,-92.5870584810012
2025-04-02 17:03:00,3,-75.6995055651759
2025-04-02 17:03:10,4,-50.904141575034
2025-04-02 17:03:20,1,-95.1056516295141
2025-04-02 17:03:30,2,-80.2817475191133
2025-04-02 17:03:40,3,-57.0713567684425
2025-04-02 17:03:50,4,-27.8991106039291
2025-04-02 17:04:00,1,-84.4327925501986
2025-04-02 17:04:10,2,-62.9320391049852
2025-04-02 17:04:20,3,-34.8572047321795
2025-04-02 17:04:30,4,-3.14107590781803
2025-04-02 17:04:40,1,-68.4547105928639
2025-04-02 17:04:50,2,-41.6280792260407
2025-04-02 17:05:00,3,-10.4528463267619
2025-04-02 17:05:10,4,21.8143241396504
2025-04-02 17:05:20,1,-48.1753674101745
2025-04-02 17:05:30,2,-17.7084740319577
2025-04-02 17:05:40,3,14.6083028562458
2025-04-02 17:05:50,4,45.3990499739523
2025-04-02 17:06:00,1,-24.8689887164875
2025-04-02 17:06:10,2,7.32381971276512
2025-04-02 17:06:20,3,38.7515586452158
2025-04-02 17:06:30,4,66.1311865323642
2025-04-02 17:06:40,1,-7.82783582435765e-13
2025-04-02 17:06:50,2,31.8959309297993
2025-04-02 17:07:00,3,60.4599114862433
2025-04-02 17:07:10,4,82.7080574274561
2025-04-02 17:07:20,1,24.868988716486
2025-04-02 17:07:30,2,54.463903501497
2025-04-02 17:07:40,3,78.3693457325893
2025-04-02 17:07:50,4,94.0880768954229
2025-04-02 17:08:00,1,48.1753674101731
2025-04-02 17:08:10,2,73.6097087119697
2025-04-02 17:08:20,3,91.3545457642595
2025-04-02 17:08:30,4,99.5561964603082
2025-04-02 17:08:40,1,68.4547105928711
2025-04-02 17:08:50,2,88.1303452064972
2025-04-02 17:09:00,3,98.5996037070504
2025-04-02 17:09:10,4,98.7688340595132
2025-04-02 17:09:20,1,84.4327925502038
2025-04-02 17:09:30,2,97.1134279909629
2025-04-02 17:09:40,3,99.6492859249503
2025-04-02 17:09:50,4,91.7754625684006
2025-04-02 17:10:00,1,95.1056516295171
2025-04-02 17:10:10,2,99.9945169365512
2025-04-02 17:10:20,3,94.4376370237474
2025-04-02 17:10:30,4,79.0155012375722
2025-04-02 17:10:40,1,99.8026728428276
2025-04-02 17:10:50,2,96.592582628907
2025-04-02 17:11:00,3,83.292124071008
2025-04-02 17:11:10,4,61.2907053653006
2025-04-02 17:11:20,1,98.2287250728695
2025-04-02 17:11:30,2,87.1213811120186
2025-04-02 17:11:40,3,66.9130606358822
2025-04-02 17:11:50,4,39.7147890634804
2025-04-02 17:12:00,1,90.4827052466028
2025-04-02 17:12:10,2,72.1760228098348
2025-04-02 17:12:20,3,46.3296035119808
2025-04-02 17:12:30,4,15.6434465040243
2025-04-02 17:12:40,1,77.0513242775793
2025-04-02 17:12:50,2,52.6955795496746
2025-04-02 17:13:00,3,22.8350870110584
2025-04-02 17:13:10,4,-9.41083133185147
2025-04-02 17:13:20,1,58.7785252292468
2025-04-02 17:13:30,2,29.9040792256151
2025-04-02 17:13:40,3,-2.09424198834436
2025-04-02 17:13:50,4,-33.8737920245304
2025-04-02 17:14:00,1,36.812455268466
2025-04-02 17:14:10,2,5.23359562429982
2025-04-02 17:14:20,3,-26.8919820615252
2025-04-02 17:14:30,4,-56.2083377852152
2025-04-02 17:14:40,1,12.5333233564273
2025-04-02 17:14:50,2,-19.7657340379085
2025-04-02 17:15:00,3,-49.9999999999999
2025-04-02 17:15:10,4,-75.0111069630485
2025-04-02 17:15:20,1,-12.5333233564349
2025-04-02 17:15:30,2,-43.5231099372302
2025-04-02 17:15:40,3,-69.9663340513374
2025-04-02 17:15:50,4,-89.100652418834
2025-04-02 17:16:00,1,-36.8124552684731
2025-04-02 17:16:10,2,-64.5457687723938
2025-04-02 17:16:20,3,-85.5364260160519
2025-04-02 17:16:30,4,-97.5916761938737
2025-04-02 17:16:40,1,-58.778525229253
2025-04-02 17:16:50,2,-81.5127795728552
2025-04-02 17:17:00,3,-95.7319497532078
2025-04-02 17:17:10,4,-99.9506560365733
2025-04-02 17:17:20,1,-77.051324277577
2025-04-02 17:17:30,2,-93.3580426497205
2025-04-02 17:17:40,3,-99.912283009886
2025-04-02 17:17:50,4,-96.029368567695
2025-04-02 17:18:00,1,-90.4827052466012
2025-04-02 17:18:10,2,-99.3372765600399
2025-04-02 17:18:20,3,-97.8147600733793
2025-04-02 17:18:30,4,-86.0742027003949
2025-04-02 17:18:40,1,-98.2287250728688
2025-04-02 17:18:50,2,-99.0747840471454
2025-04-02 17:19:00,3,-89.5711760239379
2025-04-02 17:19:10,4,-70.7106781186546
2025-04-02 17:19:20,1,-99.8026728428271
2025-04-02 17:19:30,2,-92.587058481002
2025-04-02 17:19:40,3,-75.6995055651699
2025-04-02 17:19:50,4,-50.9041415750359
2025-04-02 17:20:00,1,-95.1056516295147
2025-04-02 17:20:10,2,-80.2817475191146
2025-04-02 17:20:20,3,-57.0713567684442
2025-04-02 17:20:30,4,-27.8991106039203
2025-04-02 17:20:40,1,-84.4327925501997
2025-04-02 17:20:50,2,-62.9320391049869
2025-04-02 17:21:00,3,-34.8572047321815
2025-04-02 17:21:10,4,-3.14107590780882
2025-04-02 17:21:20,1,-68.4547105928655
2025-04-02 17:21:30,2,-41.6280792260426
2025-04-02 17:21:40,3,-10.4528463267641
2025-04-02 17:21:50,4,21.8143241396483
2025-04-02 17:22:00,1,-48.1753674101664
2025-04-02 17:22:10,2,-17.7084740319598
2025-04-02 17:22:20,3,14.6083028562437
2025-04-02 17:22:30,4,45.3990499739504
2025-04-02 17:22:40,1,-24.8689887164786
2025-04-02 17:22:50,2,7.32381971276297
2025-04-02 17:23:00,3,38.7515586452138
2025-04-02 17:23:10,4,66.1311865323625
2025-04-02 17:23:20,1,-2.93890472569901e-12
2025-04-02 17:23:30,2,31.895930929808
2025-04-02 17:23:40,3,60.4599114862415
2025-04-02 17:23:50,4,82.7080574274549
2025-04-02 17:24:00,1,24.8689887164839
2025-04-02 17:24:10,2,54.4639035015047
2025-04-02 17:24:20,3,78.3693457325879
2025-04-02 17:24:30,4,94.0880768954222
2025-04-02 17:24:40,1,48.1753674101712
2025-04-02 17:24:50,2,73.6097087119682
2025-04-02 17:25:00,3,91.3545457642632
2025-04-02 17:25:10,4,99.556196460308
2025-04-02 17:25:20,1,68.4547105928695
2025-04-02 17:25:30,2,88.1303452064962
2025-04-02 17:25:40,3,98.599603707052
2025-04-02 17:25:50,4,98.7688340595135
2025-04-02 17:26:00,1,84.4327925502027
2025-04-02 17:26:10,2,97.1134279909624
2025-04-02 17:26:20,3,99.6492859249505
2025-04-02 17:26:30,4,91.775462568397
2025-04-02 17:26:40,1,95.1056516295164
2025-04-02 17:26:50,2,99.9945169365513
2025-04-02 17:27:00,3,94.4376370237481
2025-04-02 17:27:10,4,79.0155012375665
2025-04-02 17:27:20,1,99.8026728428275
2025-04-02 17:27:30,2,96.5925826289075
2025-04-02 17:27:40,3,83.2921240710092
2025-04-02 17:27:50,4,61.2907053653023
2025-04-02 17:28:00,1,98.2287250728677
2025-04-02 17:28:10,2,87.1213811120196
2025-04-02 17:28:20,3,66.9130606358838
2025-04-02 17:28:30,4,39.7147890634823
2025-04-02 17:28:40,1,90.4827052465989
2025-04-02 17:28:50,2,72.1760228098363
2025-04-02 17:29:00,3,46.3296035119827
2025-04-02 17:29:10,4,15.6434465040264
2025-04-02 17:29:20,1,77.0513242775807
2025-04-02 17:29:30,2,52.6955795496667
2025-04-02 17:29:40,3,22.8350870110605
2025-04-02 17:29:50,4,-9.41083133184932
2025-04-02 17:30:00,1,58.7785252292485
2025-04-02 17:30:10,2,29.9040792256063
2025-04-02 17:30:20,3,-2.09424198834221
2025-04-02 17:30:30,4,-33.8737920245283
2025-04-02 17:30:40,1,36.812455268468
2025-04-02 17:30:50,2,5.23359562430197
2025-04-02 17:31:00,3,-26.8919820615341
2025-04-02 17:31:10,4,-56.2083377852134
2025-04-02 17:31:20,1,12.5333233564294
2025-04-02 17:31:30,2,-19.7657340379064
2025-04-02 17:31:40,3,-50.0000000000079
2025-04-02 17:31:50,4,-75.0111069630471
2025-04-02 17:32:00,1,-12.5333233564327
2025-04-02 17:32:10,2,-43.5231099372282
2025-04-02 17:32:20,3,-69.9663340513358
2025-04-02 17:32:30,4,-89.1006524188381
2025-04-02 17:32:40,1,-36.8124552684711
2025-04-02 17:32:50,2,-64.5457687723922
2025-04-02 17:33:00,3,-85.5364260160508
2025-04-02 17:33:10,4,-97.5916761938757
2025-04-02 17:33:20,1,-58.7785252292512
2025-04-02 17:33:30,2,-81.512779572854
2025-04-02 17:33:40,3,-95.7319497532072
2025-04-02 17:33:50,4,-99.9506560365733
2025-04-02 17:34:00,1,-77.0513242775828
2025-04-02 17:34:10,2,-93.3580426497197
2025-04-02 17:34:20,3,-99.912283009886
2025-04-02 17:34:30,4,-96.0293685676956
2025-04-02 17:34:40,1,-90.4827052466051
2025-04-02 17:34:50,2,-99.3372765600397
2025-04-02 17:35:00,3,-97.8147600733797
2025-04-02 17:35:10,4,-86.074202700396
2025-04-02 17:35:20,1,-98.2287250728684
2025-04-02 17:35:30,2,-99.0747840471442
2025-04-02 17:35:40,3,-89.5711760239389
2025-04-02 17:35:50,4,-70.7106781186562
2025-04-02 17:36:00,1,-99.8026728428272
2025-04-02 17:36:10,2,-92.5870584809985
2025-04-02 17:36:20,3,-75.6995055651713
2025-04-02 17:36:30,4,-50.9041415750377
2025-04-02 17:36:40,1,-95.1056516295154
2025-04-02 17:36:50,2,-80.2817475191159
2025-04-02 17:37:00,3,-57.0713567684367
2025-04-02 17:37:10,4,-27.8991106039224
2025-04-02 17:37:20,1,-84.4327925502009
2025-04-02 17:37:30,2,-62.9320391049886
2025-04-02 17:37:40,3,-34.8572047321729
2025-04-02 17:37:50,4,-3.14107590781098
2025-04-02 17:38:00,1,-68.4547105928671
2025-04-02 17:38:10,2,-41.6280792260446
2025-04-02 17:38:20,3,-10.4528463267662
2025-04-02 17:38:30,4,21.8143241396573
2025-04-02 17:38:40,1,-48.1753674101683
2025-04-02 17:38:50,2,-17.7084740319619
2025-04-02 17:39:00,3,14.6083028562415
2025-04-02 17:39:10,4,45.3990499739586
2025-04-02 17:39:20,1,-24.8689887164806
2025-04-02 17:39:30,2,7.32381971276082
2025-04-02 17:39:40,3,38.7515586452118
2025-04-02 17:39:50,4,66.1311865323609
2025-04-02 17:40:00,1,6.27365790319934e-12
2025-04-02 17:40:10,2,31.895930929806
2025-04-02 17:40:20,3,60.4599114862398
2025-04-02 17:40:30,4,82.7080574274537
2025-04-02 17:40:40,1,24.8689887164928
2025-04-02 17:40:50,2,54.4639035015029
2025-04-02 17:41:00,3,78.3693457325866
2025-04-02 17:41:10,4,94.0880768954215
2025-04-02 17:41:20,1,48.1753674101693
2025-04-02 17:41:30,2,73.6097087119744
2025-04-02 17:41:40,3,91.3545457642623
2025-04-02 17:41:50,4,99.5561964603078
2025-04-02 17:42:00,1,68.454710592868
2025-04-02 17:42:10,2,88.1303452065005
2025-04-02 17:42:20,3,98.5996037070516
2025-04-02 17:42:30,4,98.7688340595139
2025-04-02 17:42:40,1,84.4327925502015
2025-04-02 17:42:50,2,97.1134279909619
2025-04-02 17:43:00,3,99.6492859249498
2025-04-02 17:43:10,4,91.7754625683978
2025-04-02 17:43:20,1,95.1056516295157
2025-04-02 17:43:30,2,99.9945169365513
2025-04-02 17:43:40,3,94.437637023745
2025-04-02 17:43:50,4,79.0155012375678
2025-04-02 17:44:00,1,99.8026728428273
2025-04-02 17:44:10,2,96.5925826289081
2025-04-02 17:44:20,3,83.2921240710104
2025-04-02 17:44:30,4,61.2907053652951
2025-04-02 17:44:40,1,98.2287250728681
2025-04-02 17:44:50,2,87.1213811120207
2025-04-02 17:45:00,3,66.9130606358854
2025-04-02 17:45:10,4,39.7147890634739
2025-04-02 17:45:20,1,90.4827052465998
2025-04-02 17:45:30,2,72.1760228098378
2025-04-02 17:45:40,3,46.3296035119846
2025-04-02 17:45:50,4,15.6434465040286
2025-04-02 17:46:00,1,77.0513242775748
2025-04-02 17:46:10,2,52.6955795496686
2025-04-02 17:46:20,3,22.8350870110626
2025-04-02 17:46:30,4,-9.41083133184718
2025-04-02 17:46:40,1,58.7785252292411
2025-04-02 17:46:50,2,29.9040792256083
2025-04-02 17:47:00,3,-2.09424198834005
2025-04-02 17:47:10,4,-33.8737920245263
2025-04-02 17:47:20,1,36.81245526847
2025-04-02 17:47:30,2,5.23359562429277
2025-04-02 17:47:40,3,-26.891982061532
2025-04-02 17:47:50,4,-56.2083377852116
2025-04-02 17:48:00,1,12.5333233564315
2025-04-02 17:48:10,2,-19.7657340379155
2025-04-02 17:48:20,3,-50.000000000006
2025-04-02 17:48:30,4,-75.0111069630457
2025-04-02 17:48:40,1,-12.5333233564306
2025-04-02 17:48:50,2,-43.5231099372263
2025-04-02 17:49:00,3,-69.9663340513424
2025-04-02 17:49:10,4,-89.1006524188372
2025-04-02 17:49:20,1,-36.8124552684691
2025-04-02 17:49:30,2,-64.5457687723905
2025-04-02 17:49:40,3,-85.5364260160497
2025-04-02 17:49:50,4,-97.5916761938752
2025-04-02 17:50:00,1,-58.7785252292495
2025-04-02 17:50:10,2,-81.5127795728527
2025-04-02 17:50:20,3,-95.7319497532065
2025-04-02 17:50:30,4,-99.9506560365731
2025-04-02 17:50:40,1,-77.0513242775815
2025-04-02 17:50:50,2,-93.358042649719
2025-04-02 17:51:00,3,-99.9122830098859
2025-04-02 17:51:10,4,-96.0293685676962
2025-04-02 17:51:20,1,-90.4827052466042
2025-04-02 17:51:30,2,-99.3372765600394
2025-04-02 17:51:40,3,-97.8147600733802
2025-04-02 17:51:50,4,-86.0742027003971
2025-04-02 17:52:00,1,-98.2287250728701
2025-04-02 17:52:10,2,-99.0747840471445
2025-04-02 17:52:20,3,-89.5711760239399
2025-04-02 17:52:30,4,-70.7106781186577
2025-04-02 17:52:40,1,-99.8026728428274
2025-04-02 17:52:50,2,-92.5870584809993
2025-04-02 17:53:00,3,-75.6995055651727
2025-04-02 17:53:10,4,-50.9041415750396
2025-04-02 17:53:20,1,-95.1056516295161
2025-04-02 17:53:30,2,-80.2817475191104
2025-04-02 17:53:40,3,-57.0713567684384
2025-04-02 17:53:50,4,-27.8991106039244
2025-04-02 17:54:00,1,-84.432792550202
2025-04-02 17:54:10,2,-62.9320391049902
2025-04-02 17:54:20,3,-34.8572047321749
2025-04-02 17:54:30,4,-3.14107590781313
2025-04-02 17:54:40,1,-68.4547105928687
2025-04-02 17:54:50,2,-41.6280792260465
2025-04-02 17:55:00,3,-10.4528463267571
2025-04-02 17:55:10,4,21.8143241396552
2025-04-02 17:55:20,1,-48.1753674101702
2025-04-02 17:55:30,2,-17.708474031964
2025-04-02 17:55:40,3,14.6083028562394
2025-04-02 17:55:50,4,45.3990499739567
2025-04-02 17:56:00,1,-24.8689887164827
2025-04-02 17:56:10,2,7.32381971275867
2025-04-02 17:56:20,3,38.7515586452098
2025-04-02 17:56:30,4,66.1311865323678
2025-04-02 17:56:40,1,4.1175367599361e-12
2025-04-02 17:56:50,2,31.8959309298039
2025-04-02 17:57:00,3,60.4599114862381
2025-04-02 17:57:10,4,82.7080574274525
2025-04-02 17:57:20,1,24.8689887164907
2025-04-02 17:57:30,2,54.4639035015011
2025-04-02 17:57:40,3,78.3693457325853
2025-04-02 17:57:50,4,94.0880768954208
2025-04-02 17:58:00,1,48.1753674101774
2025-04-02 17:58:10,2,73.609708711973
2025-04-02 17:58:20,3,91.3545457642614
2025-04-02 17:58:30,4,99.5561964603076
2025-04-02 17:58:40,1,68.4547105928664
2025-04-02 17:58:50,2,88.1303452064995
2025-04-02 17:59:00,3,98.5996037070513
2025-04-02 17:59:10,4,98.7688340595142
2025-04-02 17:59:20,1,84.4327925502004
2025-04-02 17:59:30,2,97.1134279909641
2025-04-02 17:59:40,3,99.6492859249499
2025-04-02 17:59:50,4,91.7754625683987
2025-04-02 18:00:00,1,95.1056516295151
2025-04-02 18:00:10,2,99.9945169365513
2025-04-02 18:00:20,3,94.4376370237458
2025-04-02 18:00:30,4,79.0155012375691
2025-04-02 18:00:40,1,99.8026728428272
2025-04-02 18:00:50,2,96.5925826289086
2025-04-02 18:01:00,3,83.2921240710053
2025-04-02 18:01:10,4,61.2907053652968
2025-04-02 18:01:20,1,98.2287250728686
2025-04-02 18:01:30,2,87.1213811120217
2025-04-02 18:01:40,3,66.913060635887
2025-04-02 18:01:50,4,39.7147890634759
2025-04-02 18:02:00,1,90.4827052466007
2025-04-02 18:02:10,2,72.1760228098393
2025-04-02 18:02:20,3,46.3296035119865
2025-04-02 18:02:30,4,15.6434465040195
2025-04-02 18:02:40,1,77.0513242775762
2025-04-02 18:02:50,2,52.6955795496704
2025-04-02 18:03:00,3,22.8350870110647
2025-04-02 18:03:10,4,-9.41083133184503
2025-04-02 18:03:20,1,58.7785252292428
2025-04-02 18:03:30,2,29.9040792256104
2025-04-02 18:03:40,3,-2.09424198833789
2025-04-02 18:03:50,4,-33.8737920245243
2025-04-02 18:04:00,1,36.8124552684615
2025-04-02 18:04:10,2,5.23359562429493
2025-04-02 18:04:20,3,-26.8919820615299
2025-04-02 18:04:30,4,-56.2083377852099
2025-04-02 18:04:40,1,12.5333233564337
2025-04-02 18:04:50,2,-19.7657340379133
2025-04-02 18:05:00,3,-50.0000000000041
2025-04-02 18:05:10,4,-75.0111069630442
2025-04-02 18:05:20,1,-12.5333233564284
2025-04-02 18:05:30,2,-43.5231099372346
2025-04-02 18:05:40,3,-69.9663340513409
2025-04-02 18:05:50,4,-89.1006524188362
2025-04-02 18:06:00,1,-36.8124552684671
2025-04-02 18:06:10,2,-64.5457687723889
2025-04-02 18:06:20,3,-85.5364260160544
2025-04-02 18:06:30,4,-97.5916761938747
2025-04-02 18:06:40,1,-58.7785252292478
2025-04-02 18:06:50,2,-81.5127795728515
2025-04-02 18:07:00,3,-95.7319497532092
2025-04-02 18:07:10,4,-99.9506560365731
2025-04-02 18:07:20,1,-77.0513242775801
2025-04-02 18:07:30,2,-93.3580426497182
2025-04-02 18:07:40,3,-99.9122830098858
2025-04-02 18:07:50,4,-96.0293685676936
2025-04-02 18:08:00,1,-90.4827052466033
2025-04-02 18:08:10,2,-99.3372765600392
2025-04-02 18:08:20,3,-97.8147600733806
2025-04-02 18:08:30,4,-86.0742027003924
2025-04-02 18:08:40,1,-98.2287250728697
2025-04-02 18:08:50,2,-99.0747840471448
2025-04-02 18:09:00,3,-89.5711760239408
2025-04-02 18:09:10,4,-70.7106781186592
2025-04-02 18:09:20,1,-99.8026728428268
2025-04-02 18:09:30,2,-92.5870584810001
2025-04-02 18:09:40,3,-75.6995055651741
2025-04-02 18:09:50,4,-50.9041415750415
2025-04-02 18:10:00,1,-95.1056516295132
2025-04-02 18:10:10,2,-80.2817475191117
2025-04-02 18:10:20,3,-57.0713567684402
2025-04-02 18:10:30,4,-27.8991106039265
2025-04-02 18:10:40,1,-84.4327925502032
2025-04-02 18:10:50,2,-62.9320391049831
2025-04-02 18:11:00,3,-34.8572047321769
2025-04-02 18:11:10,4,-3.14107590781529
2025-04-02 18:11:20,1,-68.4547105928702
2025-04-02 18:11:30,2,-41.6280792260382
2025-04-02 18:11:40,3,-10.4528463267592
2025-04-02 18:11:50,4,21.8143241396531
2025-04-02 18:12:00,1,-48.1753674101721
2025-04-02 18:12:10,2,-17.7084740319661
2025-04-02 18:12:20,3,14.6083028562485
2025-04-02 18:12:30,4,45.3990499739548
2025-04-02 18:12:40,1,-24.8689887164848
2025-04-02 18:12:50,2,7.32381971275652
2025-04-02 18:13:00,3,38.7515586452183
2025-04-02 18:13:10,4,66.1311865323662
2025-04-02 18:13:20,1,1.96141561667285e-12
2025-04-02 18:13:30,2,31.8959309298019
2025-04-02 18:13:40,3,60.4599114862364
2025-04-02 18:13:50,4,82.7080574274577
2025-04-02 18:14:00,1,24.8689887164886
2025-04-02 18:14:10,2,54.4639035014993
2025-04-02 18:14:20,3,78.3693457325839
2025-04-02 18:14:30,4,94.0880768954239
2025-04-02 18:14:40,1,48.1753674101755
2025-04-02 18:14:50,2,73.6097087119715
2025-04-02 18:15:00,3,91.3545457642606
2025-04-02 18:15:10,4,99.5561964603074
2025-04-02 18:15:20,1,68.4547105928731
2025-04-02 18:15:30,2,88.1303452064985
2025-04-02 18:15:40,3,98.5996037070509
2025-04-02 18:15:50,4,98.7688340595145
2025-04-02 18:16:00,1,84.4327925502053
2025-04-02 18:16:10,2,97.1134279909635
2025-04-02 18:16:20,3,99.6492859249501
2025-04-02 18:16:30,4,91.7754625683995
2025-04-02 18:16:40,1,95.1056516295144
2025-04-02 18:16:50,2,99.9945169365512
2025-04-02 18:17:00,3,94.4376370237465
2025-04-02 18:17:10,4,79.0155012375705
2025-04-02 18:17:20,1,99.8026728428271
2025-04-02 18:17:30,2,96.5925826289062
2025-04-02 18:17:40,3,83.2921240710065
2025-04-02 18:17:50,4,61.2907053652985
2025-04-02 18:18:00,1,98.228725072869
2025-04-02 18:18:10,2,87.1213811120228
2025-04-02 18:18:20,3,66.9130606358802
2025-04-02 18:18:30,4,39.7147890634779
2025-04-02 18:18:40,1,90.4827052466016
2025-04-02 18:18:50,2,72.1760228098407
2025-04-02 18:19:00,3,46.3296035119783
2025-04-02 18:19:10,4,15.6434465040216
2025-04-02 18:19:20,1,77.0513242775776
2025-04-02 18:19:30,2,52.6955795496722
2025-04-02 18:19:40,3,22.8350870110668
2025-04-02 18:19:50,4,-9.4108313318542
2025-04-02 18:20:00,1,58.7785252292446
2025-04-02 18:20:10,2,29.9040792256125
2025-04-02 18:20:20,3,-2.09424198833574
2025-04-02 18:20:30,4,-33.873792024533
2025-04-02 18:20:40,1,36.8124552684635
2025-04-02 18:20:50,2,5.23359562429708
2025-04-02 18:21:00,3,-26.8919820615278
2025-04-02 18:21:10,4,-56.2083377852081
2025-04-02 18:21:20,1,12.5333233564245
2025-04-02 18:21:30,2,-19.7657340379112
2025-04-02 18:21:40,3,-50.0000000000023
2025-04-02 18:21:50,4,-75.0111069630428
2025-04-02 18:22:00,1,-12.5333233564376
2025-04-02 18:22:10,2,-43.5231099372326
2025-04-02 18:22:20,3,-69.9663340513393
2025-04-02 18:22:30,4,-89.1006524188352
2025-04-02 18:22:40,1,-36.8124552684651
2025-04-02 18:22:50,2,-64.5457687723959
2025-04-02 18:23:00,3,-85.5364260160533
2025-04-02 18:23:10,4,-97.5916761938743
2025-04-02 18:23:20,1,-58.778525229246
2025-04-02 18:23:30,2,-81.5127795728568
2025-04-02 18:23:40,3,-95.7319497532086
2025-04-02 18:23:50,4,-99.9506560365732
2025-04-02 18:24:00,1,-77.0513242775787
2025-04-02 18:24:10,2,-93.3580426497174
2025-04-02 18:24:20,3,-99.9122830098862
2025-04-02 18:24:30,4,-96.0293685676942
2025-04-02 18:24:40,1,-90.4827052466024
2025-04-02 18:24:50,2,-99.3372765600389
2025-04-02 18:25:00,3,-97.8147600733787
2025-04-02 18:25:10,4,-86.0742027003935
2025-04-02 18:25:20,1,-98.2287250728693
2025-04-02 18:25:30,2,-99.0747840471451
2025-04-02 18:25:40,3,-89.5711760239418
2025-04-02 18:25:50,4,-70.7106781186527
2025-04-02 18:26:00,1,-99.8026728428269
2025-04-02 18:26:10,2,-92.5870584810009
2025-04-02 18:26:20,3,-75.6995055651755
2025-04-02 18:26:30,4,-50.9041415750335
2025-04-02 18:26:40,1,-95.1056516295139
2025-04-02 18:26:50,2,-80.281747519113
2025-04-02 18:27:00,3,-57.071356768442
2025-04-02 18:27:10,4,-27.8991106039286
2025-04-02 18:27:20,1,-84.4327925501983
2025-04-02 18:27:30,2,-62.9320391049848
2025-04-02 18:27:40,3,-34.857204732179
2025-04-02 18:27:50,4,-3.14107590781745
2025-04-02 18:28:00,1,-68.4547105928635
2025-04-02 18:28:10,2,-41.6280792260401
2025-04-02 18:28:20,3,-10.4528463267614
2025-04-02 18:28:30,4,21.814324139651
2025-04-02 18:28:40,1,-48.1753674101739
2025-04-02 18:28:50,2,-17.7084740319571
2025-04-02 18:29:00,3,14.6083028562464
2025-04-02 18:29:10,4,45.3990499739528
2025-04-02 18:29:20,1,-24.8689887164869
2025-04-02 18:29:30,2,7.32381971276571
2025-04-02 18:29:40,3,38.7515586452163
2025-04-02 18:29:50,4,66.1311865323646
2025-04-02 18:30:00,1,-1.947055265904e-13
2025-04-02 18:30:10,2,31.8959309297998
2025-04-02 18:30:20,3,60.4599114862437
2025-04-02 18:30:30,4,82.7080574274565
2025-04-02 18:30:40,1,24.8689887164865
2025-04-02 18:30:50,2,54.4639035014975
2025-04-02 18:31:00,3,78.3693457325897
2025-04-02 18:31:10,4,94.0880768954231
2025-04-02 18:31:20,1,48.1753674101736
2025-04-02 18:31:30,2,73.6097087119701
2025-04-02 18:31:40,3,91.3545457642597
2025-04-02 18:31:50,4,99.5561964603083
2025-04-02 18:32:00,1,68.4547105928715
2025-04-02 18:32:10,2,88.1303452064975
2025-04-02 18:32:20,3,98.5996037070505
2025-04-02 18:32:30,4,98.7688340595131
2025-04-02 18:32:40,1,84.4327925502041
2025-04-02 18:32:50,2,97.113427990963
2025-04-02 18:33:00,3,99.6492859249503
2025-04-02 18:33:10,4,91.7754625684004
2025-04-02 18:33:20,1,95.1056516295173
2025-04-02 18:33:30,2,99.9945169365512
2025-04-02 18:33:40,3,94.4376370237472
2025-04-02 18:33:50,4,79.0155012375718
2025-04-02 18:34:00,1,99.8026728428276
2025-04-02 18:34:10,2,96.5925826289068
2025-04-02 18:34:20,3,83.2921240710077
2025-04-02 18:34:30,4,61.2907053653002
2025-04-02 18:34:40,1,98.2287250728694
2025-04-02 18:34:50,2,87.1213811120183
2025-04-02 18:35:00,3,66.9130606358818
2025-04-02 18:35:10,4,39.7147890634798
2025-04-02 18:35:20,1,90.4827052466025
2025-04-02 18:35:30,2,72.1760228098344
2025-04-02 18:35:40,3,46.3296035119802
2025-04-02 18:35:50,4,15.6434465040237
2025-04-02 18:36:00,1,77.051324277579
2025-04-02 18:36:10,2,52.6955795496741
2025-04-02 18:36:20,3,22.8350870110578
2025-04-02 18:36:30,4,-9.41083133185206
2025-04-02 18:36:40,1,58.7785252292463
2025-04-02 18:36:50,2,29.9040792256145
2025-04-02 18:37:00,3,-2.09424198834495
2025-04-02 18:37:10,4,-33.8737920245309
2025-04-02 18:37:20,1,36.8124552684655
2025-04-02 18:37:30,2,5.23359562429923
2025-04-02 18:37:40,3,-26.8919820615258
2025-04-02 18:37:50,4,-56.2083377852157
2025-04-02 18:38:00,1,12.5333233564267
2025-04-02 18:38:10,2,-19.7657340379091
2025-04-02 18:38:20,3,-50.0000000000004
2025-04-02 18:38:30,4,-75.0111069630489
2025-04-02 18:38:40,1,-12.5333233564354
2025-04-02 18:38:50,2,-43.5231099372307
2025-04-02 18:39:00,3,-69.9663340513378
2025-04-02 18:39:10,4,-89.1006524188342
2025-04-02 18:39:20,1,-36.8124552684737
2025-04-02 18:39:30,2,-64.5457687723943
2025-04-02 18:39:40,3,-85.5364260160522
2025-04-02 18:39:50,4,-97.5916761938738
2025-04-02 18:40:00,1,-58.7785252292535
2025-04-02 18:40:10,2,-81.5127795728556
2025-04-02 18:40:20,3,-95.731949753208
2025-04-02 18:40:30,4,-99.9506560365732
2025-04-02 18:40:40,1,-77.0513242775773
2025-04-02 18:40:50,2,-93.3580426497207
2025-04-02 18:41:00,3,-99.9122830098861
2025-04-02 18:41:10,4,-96.0293685676948
2025-04-02 18:41:20,1,-90.4827052466014
2025-04-02 18:41:30,2,-99.33727656004
2025-04-02 18:41:40,3,-97.8147600733791
2025-04-02 18:41:50,4,-86.0742027003946
2025-04-02 18:42:00,1,-98.2287250728689
2025-04-02 18:42:10,2,-99.0747840471453
2025-04-02 18:42:20,3,-89.5711760239377
2025-04-02 18:42:30,4,-70.7106781186542
2025-04-02 18:42:40,1,-99.8026728428271
2025-04-02 18:42:50,2,-92.5870584810017
2025-04-02 18:43:00,3,-75.6995055651695
2025-04-02 18:43:10,4,-50.9041415750354
2025-04-02 18:43:20,1,-95.1056516295145
2025-04-02 18:43:30,2,-80.2817475191143
2025-04-02 18:43:40,3,-57.0713567684437
2025-04-02 18:43:50,4,-27.8991106039197
2025-04-02 18:44:00,1,-84.4327925501994
2025-04-02 18:44:10,2,-62.9320391049864
2025-04-02 18:44:20,3,-34.857204732181
2025-04-02 18:44:30,4,-3.14107590780824
2025-04-02 18:44:40,1,-68.4547105928651
2025-04-02 18:44:50,2,-41.6280792260421
2025-04-02 18:45:00,3,-10.4528463267635
2025-04-02 18:45:10,4,21.8143241396489
2025-04-02 18:45:20,1,-48.1753674101659
2025-04-02 18:45:30,2,-17.7084740319592
2025-04-02 18:45:40,3,14.6083028562443
2025-04-02 18:45:50,4,45.3990499739509
2025-04-02 18:46:00,1,-24.868988716478
2025-04-02 18:46:10,2,7.32381971276356
2025-04-02 18:46:20,3,38.7515586452144
2025-04-02 18:46:30,4,66.131186532363
2025-04-02 18:46:40,1,-2.35082666985365e-12
2025-04-02 18:46:50,2,31.8959309298086
2025-04-02 18:47:00,3,60.459911486242
2025-04-02 18:47:10,4,82.7080574274552
2025-04-02 18:47:20,1,24.8689887164844
2025-04-02 18:47:30,2,54.4639035015052
2025-04-02 18:47:40,3,78.3693457325883
2025-04-02 18:47:50,4,94.0880768954224
2025-04-02 18:48:00,1,48.1753674101717
2025-04-02 18:48:10,2,73.6097087119686
2025-04-02 18:48:20,3,91.3545457642634
2025-04-02 18:48:30,4,99.5561964603081
2025-04-02 18:48:40,1,68.4547105928699
2025-04-02 18:48:50,2,88.1303452064965
2025-04-02 18:49:00,3,98.5996037070502
2025-04-02 18:49:10,4,98.7688340595134
2025-04-02 18:49:20,1,84.432792550203
2025-04-02 18:49:30,2,97.1134279909625
2025-04-02 18:49:40,3,99.6492859249505
2025-04-02 18:49:50,4,91.7754625683967
2025-04-02 18:50:00,1,95.1056516295166
2025-04-02 18:50:10,2,99.9945169365512
2025-04-02 18:50:20,3,94.4376370237479
2025-04-02 18:50:30,4,79.0155012375731
2025-04-02 18:50:40,1,99.8026728428275
2025-04-02 18:50:50,2,96.5925826289074
2025-04-02 18:51:00,3,83.2921240710088
2025-04-02 18:51:10,4,61.2907053653019
2025-04-02 18:51:20,1,98.2287250728676
2025-04-02 18:51:30,2,87.1213811120193
2025-04-02 18:51:40,3,66.9130606358834
2025-04-02 18:51:50,4,39.7147890634818
2025-04-02 18:52:00,1,90.4827052466034
2025-04-02 18:52:10,2,72.1760228098359
2025-04-02 18:52:20,3,46.3296035119821
2025-04-02 18:52:30,4,15.6434465040259
2025-04-02 18:52:40,1,77.0513242775803
2025-04-02 18:52:50,2,52.6955795496662
2025-04-02 18:53:00,3,22.8350870110599
2025-04-02 18:53:10,4,-9.41083133184991
2025-04-02 18:53:20,1,58.7785252292481
2025-04-02 18:53:30,2,29.9040792256166
2025-04-02 18:53:40,3,-2.09424198834279
2025-04-02 18:53:50,4,-33.8737920245289
2025-04-02 18:54:00,1,36.8124552684675
2025-04-02 18:54:10,2,5.23359562430139
2025-04-02 18:54:20,3,-26.8919820615346
2025-04-02 18:54:30,4,-56.2083377852139
2025-04-02 18:54:40,1,12.5333233564288
2025-04-02 18:54:50,2,-19.765734037907
2025-04-02 18:55:00,3,-49.9999999999985
2025-04-02 18:55:10,4,-75.0111069630475
2025-04-02 18:55:20,1,-12.5333233564333
2025-04-02 18:55:30,2,-43.5231099372287
2025-04-02 18:55:40,3,-69.9663340513362
2025-04-02 18:55:50,4,-89.1006524188384
2025-04-02 18:56:00,1,-36.8124552684717
2025-04-02 18:56:10,2,-64.5457687723926
2025-04-02 18:56:20,3,-85.5364260160511
2025-04-02 18:56:30,4,-97.5916761938733
2025-04-02 18:56:40,1,-58.7785252292517
2025-04-02 18:56:50,2,-81.5127795728543
2025-04-02 18:57:00,3,-95.7319497532073
2025-04-02 18:57:10,4,-99.9506560365733
2025-04-02 18:57:20,1,-77.0513242775832
2025-04-02 18:57:30,2,-93.3580426497199
2025-04-02 18:57:40,3,-99.912283009886
2025-04-02 18:57:50,4,-96.0293685676954
2025-04-02 18:58:00,1,-90.4827052466005
2025-04-02 18:58:10,2,-99.3372765600397
2025-04-02 18:58:20,3,-97.8147600733796
2025-04-02 18:58:30,4,-86.0742027003957
2025-04-02 18:58:40,1,-98.2287250728685
2025-04-02 18:58:50,2,-99.0747840471441
2025-04-02 18:59:00,3,-89.5711760239386
2025-04-02 18:59:10,4,-70.7106781186557
2025-04-02 18:59:20,1,-99.8026728428272
2025-04-02 18:59:30,2,-92.5870584810026
2025-04-02 18:59:40,3,-75.6995055651709
2025-04-02 18:59:50,4,-50.9041415750372
2025-04-02 19:00:00,1,-95.1056516295152
2025-04-02 19:00:10,2,-80.2817475191156
2025-04-02 19:00:20,3,-57.0713567684362
2025-04-02 19:00:30,4,-27.8991106039218
2025-04-02 19:00:40,1,-84.4327925502006
2025-04-02 19:00:50,2,-62.9320391049881
2025-04-02 19:01:00,3,-34.857204732183
2025-04-02 19:01:10,4,-3.14107590781039
2025-04-02 19:01:20,1,-68.4547105928667
2025-04-02 19:01:30,2,-41.628079226044
2025-04-02 19:01:40,3,-10.4528463267656
2025-04-02 19:01:50,4,21.8143241396579
2025-04-02 19:02:00,1,-48.1753674101678
2025-04-02 19:02:10,2,-17.7084740319613
2025-04-02 19:02:20,3,14.6083028562421
2025-04-02 19:02:30,4,45.399049973949
2025-04-02 19:02:40,1,-24.8689887164801
2025-04-02 19:02:50,2,7.32381971276141
2025-04-02 19:03:00,3,38.7515586452124
2025-04-02 19:03:10,4,66.1311865323614
2025-04-02 19:03:20,1,6.86173595904471e-12
2025-04-02 19:03:30,2,31.8959309298065
2025-04-02 19:03:40,3,60.4599114862403
2025-04-02 19:03:50,4,82.708057427454
2025-04-02 19:04:00,1,24.8689887164824
2025-04-02 19:04:10,2,54.4639035015034
2025-04-02 19:04:20,3,78.369345732587
2025-04-02 19:04:30,4,94.0880768954217
2025-04-02 19:04:40,1,48.1753674101698
2025-04-02 19:04:50,2,73.6097087119748
2025-04-02 19:05:00,3,91.3545457642626
2025-04-02 19:05:10,4,99.5561964603079
2025-04-02 19:05:20,1,68.4547105928684
2025-04-02 19:05:30,2,88.1303452064954
2025-04-02 19:05:40,3,98.5996037070517
2025-04-02 19:05:50,4,98.7688340595138
2025-04-02 19:06:00,1,84.4327925502018
2025-04-02 19:06:10,2,97.113427990962
2025-04-02 19:06:20,3,99.6492859249497
2025-04-02 19:06:30,4,91.7754625683976
2025-04-02 19:06:40,1,95.1056516295159
2025-04-02 19:06:50,2,99.9945169365513
2025-04-02 19:07:00,3,94.4376370237486
2025-04-02 19:07:10,4,79.0155012375675
2025-04-02 19:07:20,1,99.8026728428273
2025-04-02 19:07:30,2,96.5925826289079
2025-04-02 19:07:40,3,83.29212407101
2025-04-02 19:07:50,4,61.2907053652946
2025-04-02 19:08:00,1,98.228725072868
2025-04-02 19:08:10,2,87.1213811120204
2025-04-02 19:08:20,3,66.913060635885
2025-04-02 19:08:30,4,39.7147890634838
2025-04-02 19:08:40,1,90.4827052465995
2025-04-02 19:08:50,2,72.1760228098373
2025-04-02 19:09:00,3,46.3296035119841
2025-04-02 19:09:10,4,15.643446504028
2025-04-02 19:09:20,1,77.0513242775745
2025-04-02 19:09:30,2,52.6955795496681
2025-04-02 19:09:40,3,22.835087011062
2025-04-02 19:09:50,4,-9.41083133184776
2025-04-02 19:10:00,1,58.7785252292498
2025-04-02 19:10:10,2,29.9040792256078
2025-04-02 19:10:20,3,-2.09424198834064
2025-04-02 19:10:30,4,-33.8737920245269
2025-04-02 19:10:40,1,36.8124552684695
2025-04-02 19:10:50,2,5.23359562429218
2025-04-02 19:11:00,3,-26.8919820615326
2025-04-02 19:11:10,4,-56.2083377852121
2025-04-02 19:11:20,1,12.533323356431
2025-04-02 19:11:30,2,-19.7657340379049
2025-04-02 19:11:40,3,-50.0000000000065
2025-04-02 19:11:50,4,-75.011106963046
2025-04-02 19:12:00,1,-12.5333233564312
2025-04-02 19:12:10,2,-43.5231099372268
2025-04-02 19:12:20,3,-69.9663340513428
2025-04-02 19:12:30,4,-89.1006524188374
2025-04-02 19:12:40,1,-36.8124552684697
2025-04-02 19:12:50,2,-64.545768772391
2025-04-02 19:13:00,3,-85.53642601605
2025-04-02 19:13:10,4,-97.5916761938753
2025-04-02 19:13:20,1,-58.77852522925
2025-04-02 19:13:30,2,-81.5127795728531
2025-04-02 19:13:40,3,-95.7319497532067
2025-04-02 19:13:50,4,-99.950656036573
2025-04-02 19:14:00,1,-77.0513242775818
2025-04-02 19:14:10,2,-93.3580426497192
2025-04-02 19:14:20,3,-99.9122830098859
2025-04-02 19:14:30,4,-96.029368567696
2025-04-02 19:14:40,1,-90.4827052466044
2025-04-02 19:14:50,2,-99.3372765600395
2025-04-02 19:15:00,3,-97.81476007338
2025-04-02 19:15:10,4,-86.0742027003968
2025-04-02 19:15:20,1,-98.2287250728702
2025-04-02 19:15:30,2,-99.0747840471444
2025-04-02 19:15:40,3,-89.5711760239396
2025-04-02 19:15:50,4,-70.7106781186573
2025-04-02 19:16:00,1,-99.8026728428273
2025-04-02 19:16:10,2,-92.5870584809991
2025-04-02 19:16:20,3,-75.6995055651723
2025-04-02 19:16:30,4,-50.9041415750391
2025-04-02 19:16:40,1,-95.1056516295159
2025-04-02 19:16:50,2,-80.2817475191101
2025-04-02 19:17:00,3,-57.071356768438
2025-04-02 19:17:10,4,-27.8991106039239
2025-04-02 19:17:20,1,-84.4327925502017
2025-04-02 19:17:30,2,-62.9320391049898
2025-04-02 19:17:40,3,-34.8572047321744
2025-04-02 19:17:50,4,-3.14107590781255
2025-04-02 19:18:00,1,-68.4547105928682
2025-04-02 19:18:10,2,-41.628079226046
2025-04-02 19:18:20,3,-10.4528463267565
2025-04-02 19:18:30,4,21.8143241396558
2025-04-02 19:18:40,1,-48.1753674101696
2025-04-02 19:18:50,2,-17.7084740319634
2025-04-02 19:19:00,3,14.60830285624
2025-04-02 19:19:10,4,45.3990499739572
2025-04-02 19:19:20,1,-24.8689887164822
2025-04-02 19:19:30,2,7.32381971275926
2025-04-02 19:19:40,3,38.7515586452104
2025-04-02 19:19:50,4,66.1311865323683
2025-04-02 19:20:00,1,4.70561481578146e-12
2025-04-02 19:20:10,2,31.8959309298045
2025-04-02 19:20:20,3,60.4599114862386
2025-04-02 19:20:30,4,82.7080574274528
2025-04-02 19:20:40,1,24.8689887164913
2025-04-02 19:20:50,2,54.4639035015016
2025-04-02 19:21:00,3,78.3693457325856
2025-04-02 19:21:10,4,94.088076895421
2025-04-02 19:21:20,1,48.1753674101779
2025-04-02 19:21:30,2,73.6097087119734
2025-04-02 19:21:40,3,91.3545457642617
2025-04-02 19:21:50,4,99.5561964603077
2025-04-02 19:22:00,1,68.4547105928668
2025-04-02 19:22:10,2,88.1303452064998
2025-04-02 19:22:20,3,98.5996037070514
2025-04-02 19:22:30,4,98.7688340595141
2025-04-02 19:22:40,1,84.4327925502007
2025-04-02 19:22:50,2,97.1134279909642
2025-04-02 19:23:00,3,99.6492859249499
2025-04-02 19:23:10,4,91.7754625683985
2025-04-02 19:23:20,1,95.1056516295153
2025-04-02 19:23:30,2,99.9945169365513
2025-04-02 19:23:40,3,94.4376370237456
2025-04-02 19:23:50,4,79.0155012375688
2025-04-02 19:24:00,1,99.8026728428272
2025-04-02 19:24:10,2,96.5925826289085
2025-04-02 19:24:20,3,83.2921240710049
2025-04-02 19:24:30,4,61.2907053652963
2025-04-02 19:24:40,1,98.2287250728684
2025-04-02 19:24:50,2,87.1213811120214
2025-04-02 19:25:00,3,66.9130606358866
2025-04-02 19:25:10,4,39.7147890634753
2025-04-02 19:25:20,1,90.4827052466004
2025-04-02 19:25:30,2,72.1760228098388
2025-04-02 19:25:40,3,46.329603511986
2025-04-02 19:25:50,4,15.6434465040189
2025-04-02 19:26:00,1,77.0513242775758
2025-04-02 19:26:10,2,52.6955795496699
2025-04-02 19:26:20,3,22.8350870110641
2025-04-02 19:26:30,4,-9.41083133184562
2025-04-02 19:26:40,1,58.7785252292424
2025-04-02 19:26:50,2,29.9040792256098
2025-04-02 19:27:00,3,-2.09424198833848
2025-04-02 19:27:10,4,-33.8737920245248
2025-04-02 19:27:20,1,36.8124552684609
2025-04-02 19:27:30,2,5.23359562429434
2025-04-02 19:27:40,3,-26.8919820615305
2025-04-02 19:27:50,4,-56.2083377852103
2025-04-02 19:28:00,1,12.5333233564331
2025-04-02 19:28:10,2,-19.7657340379139
2025-04-02 19:28:20,3,-50.0000000000046
2025-04-02 19:28:30,4,-75.0111069630446
2025-04-02 19:28:40,1,-12.533323356429
2025-04-02 19:28:50,2,-43.5231099372351
2025-04-02 19:29:00,3,-69.9663340513413
2025-04-02 19:29:10,4,-89.1006524188365
2025-04-02 19:29:20,1,-36.8124552684677
2025-04-02 19:29:30,2,-64.5457687723893
2025-04-02 19:29:40,3,-85.5364260160548
2025-04-02 19:29:50,4,-97.5916761938749
2025-04-02 19:30:00,1,-58.7785252292482
2025-04-02 19:30:10,2,-81.5127795728518
2025-04-02 19:30:20,3,-95.7319497532094
2025-04-02 19:30:30,4,-99.9506560365731
2025-04-02 19:30:40,1,-77.0513242775805
2025-04-02 19:30:50,2,-93.3580426497184
2025-04-02 19:31:00,3,-99.9122830098858
2025-04-02 19:31:10,4,-96.0293685676934
2025-04-02 19:31:20,1,-90.4827052466035
2025-04-02 19:31:30,2,-99.3372765600392
2025-04-02 19:31:40,3,-97.8147600733805
2025-04-02 19:31:50,4,-86.0742027003921
2025-04-02 19:32:00,1,-98.2287250728698
2025-04-02 19:32:10,2,-99.0747840471447
2025-04-02 19:32:20,3,-89.5711760239406
2025-04-02 19:32:30,4,-70.7106781186588
2025-04-02 19:32:40,1,-99.8026728428268
2025-04-02 19:32:50,2,-92.5870584809999
2025-04-02 19:33:00,3,-75.6995055651737
2025-04-02 19:33:10,4,-50.9041415750409
2025-04-02 19:33:20,1,-95.105651629513
2025-04-02 19:33:30,2,-80.2817475191113
2025-04-02 19:33:40,3,-57.0713567684397
2025-04-02 19:33:50,4,-27.899110603926
2025-04-02 19:34:00,1,-84.4327925502029
2025-04-02 19:34:10,2,-62.9320391049826
2025-04-02 19:34:20,3,-34.8572047321764
2025-04-02 19:34:30,4,-3.1410759078147
2025-04-02 19:34:40,1,-68.4547105928698
2025-04-02 19:34:50,2,-41.6280792260376
2025-04-02 19:35:00,3,-10.4528463267586
2025-04-02 19:35:10,4,21.8143241396537
2025-04-02 19:35:20,1,-48.1753674101715
2025-04-02 19:35:30,2,-17.7084740319656
2025-04-02 19:35:40,3,14.6083028562491
2025-04-02 19:35:50,4,45.3990499739553
2025-04-02 19:36:00,1,-24.8689887164842
2025-04-02 19:36:10,2,7.32381971275711
2025-04-02 19:36:20,3,38.7515586452189
2025-04-02 19:36:30,4,66.1311865323667
2025-04-02 19:36:40,1,2.54949367251821e-12
2025-04-02 19:36:50,2,31.8959309298024
2025-04-02 19:37:00,3,60.4599114862369
2025-04-02 19:37:10,4,82.708057427458
2025-04-02 19:37:20,1,24.8689887164892
2025-04-02 19:37:30,2,54.4639035014998
2025-04-02 19:37:40,3,78.3693457325843
2025-04-02 19:37:50,4,94.0880768954241
2025-04-02 19:38:00,1,48.175367410176
2025-04-02 19:38:10,2,73.6097087119719
2025-04-02 19:38:20,3,91.3545457642608
2025-04-02 19:38:30,4,99.5561964603075
2025-04-02 19:38:40,1,68.4547105928735
2025-04-02 19:38:50,2,88.1303452064988
2025-04-02 19:39:00,3,98.599603707051
2025-04-02 19:39:10,4,98.7688340595144
2025-04-02 19:39:20,1,84.4327925502056
2025-04-02 19:39:30,2,97.1134279909637
2025-04-02 19:39:40,3,99.6492859249501
2025-04-02 19:39:50,4,91.7754625683993
2025-04-02 19:40:00,1,95.1056516295146
2025-04-02 19:40:10,2,99.9945169365512
2025-04-02 19:40:20,3,94.4376370237463
2025-04-02 19:40:30,4,79.0155012375701
2025-04-02 19:40:40,1,99.8026728428271
2025-04-02 19:40:50,2,96.5925826289061
2025-04-02 19:41:00,3,83.2921240710061
2025-04-02 19:41:10,4,61.290705365298
2025-04-02 19:41:20,1,98.2287250728688
2025-04-02 19:41:30,2,87.1213811120225
2025-04-02 19:41:40,3,66.9130606358797
2025-04-02 19:41:50,4,39.7147890634773
2025-04-02 19:42:00,1,90.4827052466014
2025-04-02 19:42:10,2,72.1760228098403
2025-04-02 19:42:20,3,46.3296035119778
2025-04-02 19:42:30,4,15.643446504021
2025-04-02 19:42:40,1,77.0513242775772
2025-04-02 19:42:50,2,52.6955795496717
2025-04-02 19:43:00,3,22.8350870110662
2025-04-02 19:43:10,4,-9.41083133185479
2025-04-02 19:43:20,1,58.7785252292441
2025-04-02 19:43:30,2,29.9040792256119
2025-04-02 19:43:40,3,-2.09424198833633
2025-04-02 19:43:50,4,-33.8737920245335
2025-04-02 19:44:00,1,36.8124552684629
2025-04-02 19:44:10,2,5.23359562429649
2025-04-02 19:44:20,3,-26.8919820615284
2025-04-02 19:44:30,4,-56.2083377852086
2025-04-02 19:44:40,1,12.533323356424
2025-04-02 19:44:50,2,-19.7657340379118
2025-04-02 19:45:00,3,-50.0000000000028
2025-04-02 19:45:10,4,-75.0111069630432
2025-04-02 19:45:20,1,-12.5333233564382
2025-04-02 19:45:30,2,-43.5231099372332
2025-04-02 19:45:40,3,-69.9663340513397
2025-04-02 19:45:50,4,-89.1006524188355
2025-04-02 19:46:00,1,-36.8124552684657
2025-04-02 19:46:10,2,-64.5457687723964
2025-04-02 19:46:20,3,-85.5364260160536
2025-04-02 19:46:30,4,-97.5916761938744
2025-04-02 19:46:40,1,-58.7785252292465
2025-04-02 19:46:50,2,-81.5127795728572
2025-04-02 19:47:00,3,-95.7319497532088
2025-04-02 19:47:10,4,-99.9506560365732
2025-04-02 19:47:20,1,-77.0513242775791
2025-04-02 19:47:30,2,-93.3580426497176
2025-04-02 19:47:40,3,-99.9122830098862
2025-04-02 19:47:50,4,-96.029368567694
2025-04-02 19:48:00,1,-90.4827052466026
2025-04-02 19:48:10,2,-99.337276560039
2025-04-02 19:48:20,3,-97.8147600733809
2025-04-02 19:48:30,4,-86.0742027003932
2025-04-02 19:48:40,1,-98.2287250728694
2025-04-02 19:48:50,2,-99.074784047145
2025-04-02 19:49:00,3,-89.5711760239415
2025-04-02 19:49:10,4,-70.7106781186523
2025-04-02 19:49:20,1,-99.8026728428269
2025-04-02 19:49:30,2,-92.5870584810007
2025-04-02 19:49:40,3,-75.6995055651751
2025-04-02 19:49:50,4,-50.9041415750428
2025-04-02 19:50:00,1,-95.1056516295137
2025-04-02 19:50:10,2,-80.2817475191126
2025-04-02 19:50:20,3,-57.0713567684415
2025-04-02 19:50:30,4,-27.899110603928
2025-04-02 19:50:40,1,-84.4327925501979
2025-04-02 19:50:50,2,-62.9320391049843
2025-04-02 19:51:00,3,-34.8572047321784
2025-04-02 19:51:10,4,-3.14107590781686
2025-04-02 19:51:20,1,-68.4547105928714
2025-04-02 19:51:30,2,-41.6280792260396
2025-04-02 19:51:40,3,-10.4528463267608
2025-04-02 19:51:50,4,21.8143241396516
2025-04-02 19:52:00,1,-48.1753674101734
2025-04-02 19:52:10,2,-17.7084740319565
2025-04-02 19:52:20,3,14.608302856247
2025-04-02 19:52:30,4,45.3990499739534
2025-04-02 19:52:40,1,-24.8689887164863
2025-04-02 19:52:50,2,7.32381971275496
2025-04-02 19:53:00,3,38.7515586452169
2025-04-02 19:53:10,4,66.131186532365
2025-04-02 19:53:20,1,3.93372529254965e-13
2025-04-02 19:53:30,2,31.8959309298004
2025-04-02 19:53:40,3,60.4599114862442
2025-04-02 19:53:50,4,82.7080574274568
2025-04-02 19:54:00,1,24.8689887164871
2025-04-02 19:54:10,2,54.4639035014979
2025-04-02 19:54:20,3,78.369345732583
2025-04-02 19:54:30,4,94.0880768954233
2025-04-02 19:54:40,1,48.1753674101741
2025-04-02 19:54:50,2,73.6097087119705
2025-04-02 19:55:00,3,91.3545457642599
2025-04-02 19:55:10,4,99.5561964603083
2025-04-02 19:55:20,1,68.4547105928719
2025-04-02 19:55:30,2,88.1303452064978
2025-04-02 19:55:40,3,98.5996037070506
2025-04-02 19:55:50,4,98.7688340595148
2025-04-02 19:56:00,1,84.4327925502045
2025-04-02 19:56:10,2,97.1134279909632
2025-04-02 19:56:20,3,99.6492859249502
2025-04-02 19:56:30,4,91.7754625684002
2025-04-02 19:56:40,1,95.1056516295175
2025-04-02 19:56:50,2,99.9945169365512
2025-04-02 19:57:00,3,94.437637023747
2025-04-02 19:57:10,4,79.0155012375714
2025-04-02 19:57:20,1,99.802672842827
2025-04-02 19:57:30,2,96.5925826289066
2025-04-02 19:57:40,3,83.2921240710073
2025-04-02 19:57:50,4,61.2907053652997
2025-04-02 19:58:00,1,98.2287250728693
2025-04-02 19:58:10,2,87.121381112018
2025-04-02 19:58:20,3,66.9130606358814
2025-04-02 19:58:30,4,39.7147890634793
2025-04-02 19:58:40,1,90.4827052466023
2025-04-02 19:58:50,2,72.1760228098418
2025-04-02 19:59:00,3,46.3296035119797
2025-04-02 19:59:10,4,15.6434465040231
2025-04-02 19:59:20,1,77.0513242775786
2025-04-02 19:59:30,2,52.6955795496736
2025-04-02 19:59:40,3,22.8350870110572
2025-04-02 19:59:50,4,-9.41083133185264
2025-04-02 20:00:00,1,58.7785252292459
2025-04-02 20:00:10,2,29.904079225614
2025-04-02 20:00:20,3,-2.09424198833417
2025-04-02 20:00:30,4,-33.8737920245315
2025-04-02 20:00:40,1,36.8124552684649
2025-04-02 20:00:50,2,5.23359562429864
2025-04-02 20:01:00,3,-26.8919820615263
2025-04-02 20:01:10,4,-56.2083377852162
2025-04-02 20:01:20,1,12.5333233564261
2025-04-02 20:01:30,2,-19.7657340379097
2025-04-02 20:01:40,3,-50.0000000000009
2025-04-02 20:01:50,4,-75.0111069630418
2025-04-02 20:02:00,1,-12.533323356436
2025-04-02 20:02:10,2,-43.5231099372312
2025-04-02 20:02:20,3,-69.9663340513382
2025-04-02 20:02:30,4,-89.1006524188345
2025-04-02 20:02:40,1,-36.8124552684742
2025-04-02 20:02:50,2,-64.5457687723947
2025-04-02 20:03:00,3,-85.5364260160525
2025-04-02 20:03:10,4,-97.5916761938739
2025-04-02 20:03:20,1,-58.7785252292447
2025-04-02 20:03:30,2,-81.5127795728559
2025-04-02 20:03:40,3,-95.7319497532081
2025-04-02 20:03:50,4,-99.9506560365732
2025-04-02 20:04:00,1,-77.0513242775777
2025-04-02 20:04:10,2,-93.3580426497209
2025-04-02 20:04:20,3,-99.9122830098861
2025-04-02 20:04:30,4,-96.0293685676946
2025-04-02 20:04:40,1,-90.4827052466017
2025-04-02 20:04:50,2,-99.3372765600387
2025-04-02 20:05:00,3,-97.814760073379
2025-04-02 20:05:10,4,-86.0742027003943
2025-04-02 20:05:20,1,-98.228725072869
2025-04-02 20:05:30,2,-99.0747840471453
2025-04-02 20:05:40,3,-89.5711760239374
2025-04-02 20:05:50,4,-70.7106781186538
2025-04-02 20:06:00,1,-99.802672842827
2025-04-02 20:06:10,2,-92.5870584810015
2025-04-02 20:06:20,3,-75.6995055651766
2025-04-02 20:06:30,4,-50.9041415750349
2025-04-02 20:06:40,1,-95.1056516295144
2025-04-02 20:06:50,2,-80.2817475191139
2025-04-02 20:07:00,3,-57.0713567684433
2025-04-02 20:07:10,4,-27.8991106039192
2025-04-02 20:07:20,1,-84.4327925501991
2025-04-02 20:07:30,2,-62.932039104986
2025-04-02 20:07:40,3,-34.8572047321804
2025-04-02 20:07:50,4,-3.14107590781901
2025-04-02 20:08:00,1,-68.4547105928647
2025-04-02 20:08:10,2,-41.6280792260416
2025-04-02 20:08:20,3,-10.4528463267629
2025-04-02 20:08:30,4,21.8143241396495
2025-04-02 20:08:40,1,-48.1753674101654
2025-04-02 20:08:50,2,-17.7084740319586
2025-04-02 20:09:00,3,14.6083028562448
2025-04-02 20:09:10,4,45.3990499739514
2025-04-02 20:09:20,1,-24.8689887164884
2025-04-02 20:09:30,2,7.32381971276414
2025-04-02 20:09:40,3,38.7515586452149
2025-04-02 20:09:50,4,66.1311865323634
2025-04-02 20:10:00,1,-1.76274861400828e-12
2025-04-02 20:10:10,2,31.8959309298091
2025-04-02 20:10:20,3,60.4599114862425
2025-04-02 20:10:30,4,82.7080574274556
2025-04-02 20:10:40,1,24.868988716485
2025-04-02 20:10:50,2,54.4639035014961
2025-04-02 20:11:00,3,78.3693457325887
2025-04-02 20:11:10,4,94.0880768954226
2025-04-02 20:11:20,1,48.1753674101722
2025-04-02 20:11:30,2,73.609708711969
2025-04-02 20:11:40,3,91.3545457642637
2025-04-02 20:11:50,4,99.5561964603081
2025-04-02 20:12:00,1,68.4547105928704
2025-04-02 20:12:10,2,88.1303452064967
2025-04-02 20:12:20,3,98.5996037070503
2025-04-02 20:12:30,4,98.7688340595133
2025-04-02 20:12:40,1,84.4327925502033
2025-04-02 20:12:50,2,97.1134279909626
2025-04-02 20:13:00,3,99.6492859249504
2025-04-02 20:13:10,4,91.7754625683965
2025-04-02 20:13:20,1,95.1056516295168
2025-04-02 20:13:30,2,99.9945169365512
2025-04-02 20:13:40,3,94.4376370237477
2025-04-02 20:13:50,4,79.0155012375727
2025-04-02 20:14:00,1,99.8026728428275
2025-04-02 20:14:10,2,96.5925826289072
2025-04-02 20:14:20,3,83.2921240710085
2025-04-02 20:14:30,4,61.2907053653014
2025-04-02 20:14:40,1,98.2287250728675
2025-04-02 20:14:50,2,87.121381112019
2025-04-02 20:15:00,3,66.913060635883
2025-04-02 20:15:10,4,39.7147890634813
2025-04-02 20:15:20,1,90.4827052466032
2025-04-02 20:15:30,2,72.1760228098354
2025-04-02 20:15:40,3,46.3296035119816
2025-04-02 20:15:50,4,15.6434465040253
2025-04-02 20:16:00,1,77.05132427758
2025-04-02 20:16:10,2,52.6955795496657
2025-04-02 20:16:20,3,22.8350870110593
2025-04-02 20:16:30,4,-9.4108313318505
2025-04-02 20:16:40,1,58.7785252292476
2025-04-02 20:16:50,2,29.904079225616
2025-04-02 20:17:00,3,-2.09424198834338
2025-04-02 20:17:10,4,-33.8737920245295
2025-04-02 20:17:20,1,36.8124552684669
2025-04-02 20:17:30,2,5.2335956243008
2025-04-02 20:17:40,3,-26.8919820615352
2025-04-02 20:17:50,4,-56.2083377852144
2025-04-02 20:18:00,1,12.5333233564282
2025-04-02 20:18:10,2,-19.7657340379076
2025-04-02 20:18:20,3,-49.999999999999
2025-04-02 20:18:30,4,-75.0111069630479
2025-04-02 20:18:40,1,-12.5333233564339
2025-04-02 20:18:50,2,-43.5231099372293
2025-04-02 20:19:00,3,-69.9663340513367
2025-04-02 20:19:10,4,-89.1006524188387
2025-04-02 20:19:20,1,-36.8124552684722
2025-04-02 20:19:30,2,-64.5457687723931
2025-04-02 20:19:40,3,-85.5364260160514
2025-04-02 20:19:50,4,-97.5916761938734
2025-04-02 20:20:00,1,-58.7785252292522
2025-04-02 20:20:10,2,-81.5127795728547
2025-04-02 20:20:20,3,-95.7319497532075
2025-04-02 20:20:30,4,-99.9506560365733
2025-04-02 20:20:40,1,-77.0513242775836
2025-04-02 20:20:50,2,-93.3580426497202
2025-04-02 20:21:00,3,-99.912283009886
2025-04-02 20:21:10,4,-96.0293685676952
2025-04-02 20:21:20,1,-90.4827052466008
2025-04-02 20:21:30,2,-99.3372765600398
2025-04-02 20:21:40,3,-97.8147600733795
2025-04-02 20:21:50,4,-86.0742027003954
2025-04-02 20:22:00,1,-98.2287250728686
2025-04-02 20:22:10,2,-99.074784047144
2025-04-02 20:22:20,3,-89.5711760239384
2025-04-02 20:22:30,4,-70.7106781186553
2025-04-02 20:22:40,1,-99.8026728428272
2025-04-02 20:22:50,2,-92.5870584810023
2025-04-02 20:23:00,3,-75.6995055651705
2025-04-02 20:23:10,4,-50.9041415750367
2025-04-02 20:23:20,1,-95.105651629515
2025-04-02 20:23:30,2,-80.2817475191152
2025-04-02 20:23:40,3,-57.0713567684357
2025-04-02 20:23:50,4,-27.8991106039212
2025-04-02 20:24:00,1,-84.4327925502002
2025-04-02 20:24:10,2,-62.9320391049876
2025-04-02 20:24:20,3,-34.8572047321825
2025-04-02 20:24:30,4,-3.1410759078098
2025-04-02 20:24:40,1,-68.4547105928662
2025-04-02 20:24:50,2,-41.6280792260435
2025-04-02 20:25:00,3,-10.4528463267651
2025-04-02 20:25:10,4,21.8143241396585
2025-04-02 20:25:20,1,-48.1753674101672
2025-04-02 20:25:30,2,-17.7084740319607
2025-04-02 20:25:40,3,14.6083028562427
2025-04-02 20:25:50,4,45.3990499739495
2025-04-02 20:26:00,1,-24.8689887164795
2025-04-02 20:26:10,2,7.32381971276199
2025-04-02 20:26:20,3,38.7515586452129
2025-04-02 20:26:30,4,66.1311865323618
2025-04-02 20:26:40,1,7.44981401489007e-12
2025-04-02 20:26:50,2,31.8959309298071
2025-04-02 20:27:00,3,60.4599114862408
2025-04-02 20:27:10,4,82.7080574274544
2025-04-02 20:27:20,1,24.8689887164829
2025-04-02 20:27:30,2,54.4639035015039
2025-04-02 20:27:40,3,78.3693457325873
2025-04-02 20:27:50,4,94.0880768954219
2025-04-02 20:28:00,1,48.1753674101703
2025-04-02 20:28:10,2,73.6097087119752
2025-04-02 20:28:20,3,91.3545457642628
2025-04-02 20:28:30,4,99.5561964603079
2025-04-02 20:28:40,1,68.4547105928688
2025-04-02 20:28:50,2,88.1303452064957
2025-04-02 20:29:00,3,98.5996037070518
2025-04-02 20:29:10,4,98.7688340595137
2025-04-02 20:29:20,1,84.4327925502022
2025-04-02 20:29:30,2,97.1134279909621
2025-04-02 20:29:40,3,99.6492859249497
2025-04-02 20:29:50,4,91.7754625683974
2025-04-02 20:30:00,1,95.1056516295161
2025-04-02 20:30:10,2,99.9945169365513
2025-04-02 20:30:20,3,94.4376370237484
2025-04-02 20:30:30,4,79.0155012375671
2025-04-02 20:30:40,1,99.8026728428274
2025-04-02 20:30:50,2,96.5925826289078
2025-04-02 20:31:00,3,83.2921240710097
2025-04-02 20:31:10,4,61.2907053652941
2025-04-02 20:31:20,1,98.2287250728679
2025-04-02 20:31:30,2,87.1213811120201
2025-04-02 20:31:40,3,66.9130606358846
2025-04-02 20:31:50,4,39.7147890634832
2025-04-02 20:32:00,1,90.4827052465993
2025-04-02 20:32:10,2,72.176022809837
2025-04-02 20:32:20,3,46.3296035119835
2025-04-02 20:32:30,4,15.6434465040274
2025-04-02 20:32:40,1,77.0513242775741
2025-04-02 20:32:50,2,52.6955795496676
2025-04-02 20:33:00,3,22.8350870110614
2025-04-02 20:33:10,4,-9.41083133184835
2025-04-02 20:33:20,1,58.7785252292493
2025-04-02 20:33:30,2,29.9040792256072
2025-04-02 20:33:40,3,-2.09424198834123
2025-04-02 20:33:50,4,-33.8737920245274
2025-04-02 20:34:00,1,36.8124552684689
2025-04-02 20:34:10,2,5.2335956242916
2025-04-02 20:34:20,3,-26.8919820615331
2025-04-02 20:34:30,4,-56.2083377852126
2025-04-02 20:34:40,1,12.5333233564304
2025-04-02 20:34:50,2,-19.7657340379055
2025-04-02 20:35:00,3,-50.000000000007
2025-04-02 20:35:10,4,-75.0111069630464
2025-04-02 20:35:20,1,-12.5333233564317
2025-04-02 20:35:30,2,-43.5231099372273
2025-04-02 20:35:40,3,-69.9663340513432
2025-04-02 20:35:50,4,-89.1006524188377
2025-04-02 20:36:00,1,-36.8124552684702
2025-04-02 20:36:10,2,-64.5457687723914
2025-04-02 20:36:20,3,-85.5364260160503
2025-04-02 20:36:30,4,-97.5916761938755
2025-04-02 20:36:40,1,-58.7785252292505
2025-04-02 20:36:50,2,-81.5127795728534
2025-04-02 20:37:00,3,-95.7319497532069
2025-04-02 20:37:10,4,-99.950656036573
2025-04-02 20:37:20,1,-77.0513242775822
2025-04-02 20:37:30,2,-93.3580426497194
2025-04-02 20:37:40,3,-99.9122830098859
2025-04-02 20:37:50,4,-96.0293685676959
2025-04-02 20:38:00,1,-90.4827052466047
2025-04-02 20:38:10,2,-99.3372765600395
2025-04-02 20:38:20,3,-97.8147600733799
2025-04-02 20:38:30,4,-86.0742027003965
2025-04-02 20:38:40,1,-98.2287250728703
2025-04-02 20:38:50,2,-99.0747840471443
2025-04-02 20:39:00,3,-89.5711760239393
2025-04-02 20:39:10,4,-70.7106781186568
2025-04-02 20:39:20,1,-99.8026728428273
2025-04-02 20:39:30,2,-92.5870584809988
2025-04-02 20:39:40,3,-75.6995055651719
2025-04-02 20:39:50,4,-50.9041415750386
2025-04-02 20:40:00,1,-95.1056516295157
2025-04-02 20:40:10,2,-80.2817475191097
2025-04-02 20:40:20,3,-57.0713567684375
2025-04-02 20:40:30,4,-27.8991106039233
2025-04-02 20:40:40,1,-84.4327925502014
2025-04-02 20:40:50,2,-62.9320391049893
2025-04-02 20:41:00,3,-34.8572047321738
2025-04-02 20:41:10,4,-3.14107590781196
2025-04-02 20:41:20,1,-68.4547105928678
2025-04-02 20:41:30,2,-41.6280792260455
2025-04-02 20:41:40,3,-10.4528463267559
2025-04-02 20:41:50,4,21.8143241396564
2025-04-02 20:42:00,1,-48.1753674101691
2025-04-02 20:42:10,2,-17.7084740319629
2025-04-02 20:42:20,3,14.6083028562406
2025-04-02 20:42:30,4,45.3990499739577
2025-04-02 20:42:40,1,-24.8689887164816
2025-04-02 20:42:50,2,7.32381971275984
2025-04-02 20:43:00,3,38.7515586452109
2025-04-02 20:43:10,4,66.1311865323687
2025-04-02 20:43:20,1,5.29369287162682e-12
2025-04-02 20:43:30,2,31.8959309298051
2025-04-02 20:43:40,3,60.4599114862391
2025-04-02 20:43:50,4,82.7080574274532
2025-04-02 20:44:00,1,24.8689887164918
2025-04-02 20:44:10,2,54.4639035015021
2025-04-02 20:44:20,3,78.369345732586
2025-04-02 20:44:30,4,94.0880768954212
2025-04-02 20:44:40,1,48.1753674101784
2025-04-02 20:44:50,2,73.6097087119738
2025-04-02 20:45:00,3,91.3545457642619
2025-04-02 20:45:10,4,99.5561964603077
2025-04-02 20:45:20,1,68.4547105928672
2025-04-02 20:45:30,2,88.1303452065001
2025-04-02 20:45:40,3,98.5996037070515
2025-04-02 20:45:50,4,98.768834059514
2025-04-02 20:46:00,1,84.432792550201
2025-04-02 20:46:10,2,97.1134279909643
2025-04-02 20:46:20,3,99.6492859249498
2025-04-02 20:46:30,4,91.7754625683982
2025-04-02 20:46:40,1,95.1056516295154
2025-04-02 20:46:50,2,99.9945169365513
2025-04-02 20:47:00,3,94.4376370237454
2025-04-02 20:47:10,4,79.0155012375684
2025-04-02 20:47:20,1,99.8026728428272
2025-04-02 20:47:30,2,96.5925826289083
2025-04-02 20:47:40,3,83.2921240710109
2025-04-02 20:47:50,4,61.2907053652958
2025-04-02 20:48:00,1,98.2287250728683
2025-04-02 20:48:10,2,87.1213811120211
2025-04-02 20:48:20,3,66.9130606358862
2025-04-02 20:48:30,4,39.7147890634748
2025-04-02 20:48:40,1,90.4827052466002
2025-04-02 20:48:50,2,72.1760228098384
2025-04-02 20:49:00,3,46.3296035119854
2025-04-02 20:49:10,4,15.6434465040295
2025-04-02 20:49:20,1,77.0513242775755
2025-04-02 20:49:30,2,52.6955795496694
2025-04-02 20:49:40,3,22.8350870110635
2025-04-02 20:49:50,4,-9.4108313318462
2025-04-02 20:50:00,1,58.7785252292419
2025-04-02 20:50:10,2,29.9040792256093
2025-04-02 20:50:20,3,-2.09424198833907
2025-04-02 20:50:30,4,-33.8737920245254
2025-04-02 20:50:40,1,36.8124552684709
2025-04-02 20:50:50,2,5.23359562429375
2025-04-02 20:51:00,3,-26.891982061531
2025-04-02 20:51:10,4,-56.2083377852108
2025-04-02 20:51:20,1,12.5333233564325
2025-04-02 20:51:30,2,-19.7657340379145
2025-04-02 20:51:40,3,-50.0000000000051
2025-04-02 20:51:50,4,-75.011106963045
2025-04-02 20:52:00,1,-12.5333233564296
2025-04-02 20:52:10,2,-43.5231099372254
2025-04-02 20:52:20,3,-69.9663340513417
2025-04-02 20:52:30,4,-89.1006524188367
2025-04-02 20:52:40,1,-36.8124552684682
2025-04-02 20:52:50,2,-64.5457687723898
2025-04-02 20:53:00,3,-85.5364260160551
2025-04-02 20:53:10,4,-97.591676193875
2025-04-02 20:53:20,1,-58.7785252292487
2025-04-02 20:53:30,2,-81.5127795728522
2025-04-02 20:53:40,3,-95.7319497532063
2025-04-02 20:53:50,4,-99.9506560365731
2025-04-02 20:54:00,1,-77.0513242775808
2025-04-02 20:54:10,2,-93.3580426497186
2025-04-02 20:54:20,3,-99.9122830098858
2025-04-02 20:54:30,4,-96.0293685676933
2025-04-02 20:54:40,1,-90.4827052466038
2025-04-02 20:54:50,2,-99.3372765600393
2025-04-02 20:55:00,3,-97.8147600733804
2025-04-02 20:55:10,4,-86.0742027003976
2025-04-02 20:55:20,1,-98.2287250728699
2025-04-02 20:55:30,2,-99.0747840471446
2025-04-02 20:55:40,3,-89.5711760239403
2025-04-02 20:55:50,4,-70.7106781186584
2025-04-02 20:56:00,1,-99.8026728428267
2025-04-02 20:56:10,2,-92.5870584809997
2025-04-02 20:56:20,3,-75.6995055651734
2025-04-02 20:56:30,4,-50.9041415750404
2025-04-02 20:56:40,1,-95.1056516295164
2025-04-02 20:56:50,2,-80.281747519111
2025-04-02 20:57:00,3,-57.0713567684392
2025-04-02 20:57:10,4,-27.8991106039254
2025-04-02 20:57:20,1,-84.4327925502026
2025-04-02 20:57:30,2,-62.9320391049822
2025-04-02 20:57:40,3,-34.8572047321758
2025-04-02 20:57:50,4,-3.14107590781411
2025-04-02 20:58:00,1,-68.4547105928694
2025-04-02 20:58:10,2,-41.6280792260474
2025-04-02 20:58:20,3,-10.452846326758
2025-04-02 20:58:30,4,21.8143241396542
2025-04-02 20:58:40,1,-48.175367410171
2025-04-02 20:58:50,2,-17.708474031965
2025-04-02 20:59:00,3,14.6083028562497
2025-04-02 20:59:10,4,45.3990499739558
2025-04-02 20:59:20,1,-24.8689887164837
2025-04-02 20:59:30,2,7.32381971275769
2025-04-02 20:59:40,3,38.7515586452089
2025-04-02 20:59:50,4,66.1311865323671
2025-04-02 21:00:00,1,3.13757172836358e-12
2025-04-02 21:00:10,2,31.895930929803
2025-04-02 21:00:20,3,60.4599114862373
2025-04-02 21:00:30,4,82.7080574274583
2025-04-02 21:00:40,1,24.8689887164898
2025-04-02 21:00:50,2,54.4639035015002
2025-04-02 21:01:00,3,78.3693457325846
2025-04-02 21:01:10,4,94.0880768954204
2025-04-02 21:01:20,1,48.1753674101765
2025-04-02 21:01:30,2,73.6097087119723
2025-04-02 21:01:40,3,91.354545764261
2025-04-02 21:01:50,4,99.5561964603075
2025-04-02 21:02:00,1,68.454710592874
2025-04-02 21:02:10,2,88.130345206499
2025-04-02 21:02:20,3,98.5996037070511
2025-04-02 21:02:30,4,98.7688340595143
2025-04-02 21:02:40,1,84.4327925501998
2025-04-02 21:02:50,2,97.1134279909638
2025-04-02 21:03:00,3,99.64928592495
2025-04-02 21:03:10,4,91.7754625683991
2025-04-02 21:03:20,1,95.1056516295148
2025-04-02 21:03:30,2,99.9945169365512
2025-04-02 21:03:40,3,94.4376370237461
2025-04-02 21:03:50,4,79.0155012375697
2025-04-02 21:04:00,1,99.8026728428271
2025-04-02 21:04:10,2,96.5925826289089
2025-04-02 21:04:20,3,83.2921240710058
2025-04-02 21:04:30,4,61.2907053652975
2025-04-02 21:04:40,1,98.2287250728687
2025-04-02 21:04:50,2,87.1213811120222
2025-04-02 21:05:00,3,66.9130606358793
2025-04-02 21:05:10,4,39.7147890634768
2025-04-02 21:05:20,1,90.4827052466011
2025-04-02 21:05:30,2,72.1760228098399
2025-04-02 21:05:40,3,46.3296035119874
2025-04-02 21:05:50,4,15.6434465040204
2025-04-02 21:06:00,1,77.0513242775768
2025-04-02 21:06:10,2,52.6955795496712
2025-04-02 21:06:20,3,22.8350870110656
2025-04-02 21:06:30,4,-9.41083133185537
2025-04-02 21:06:40,1,58.7785252292436
2025-04-02 21:06:50,2,29.9040792256113
2025-04-02 21:07:00,3,-2.09424198833691
2025-04-02 21:07:10,4,-33.8737920245234
2025-04-02 21:07:20,1,36.8124552684624
2025-04-02 21:07:30,2,5.2335956242959
2025-04-02 21:07:40,3,-26.891982061529
2025-04-02 21:07:50,4,-56.2083377852091
2025-04-02 21:08:00,1,12.5333233564234
2025-04-02 21:08:10,2,-19.7657340379124
2025-04-02 21:08:20,3,-50.0000000000033
2025-04-02 21:08:30,4,-75.0111069630436
2025-04-02 21:08:40,1,-12.5333233564275
2025-04-02 21:08:50,2,-43.5231099372337
2025-04-02 21:09:00,3,-69.9663340513402
2025-04-02 21:09:10,4,-89.1006524188358
2025-04-02 21:09:20,1,-36.8124552684662
2025-04-02 21:09:30,2,-64.5457687723968
2025-04-02 21:09:40,3,-85.536426016054
2025-04-02 21:09:50,4,-97.5916761938745
2025-04-02 21:10:00,1,-58.778525229247
2025-04-02 21:10:10,2,-81.5127795728509
2025-04-02 21:10:20,3,-95.7319497532089
2025-04-02 21:10:30,4,-99.9506560365732
2025-04-02 21:10:40,1,-77.0513242775795
2025-04-02 21:10:50,2,-93.3580426497178
2025-04-02 21:11:00,3,-99.9122830098862
2025-04-02 21:11:10,4,-96.0293685676939
2025-04-02 21:11:20,1,-90.4827052466029
2025-04-02 21:11:30,2,-99.337276560039
2025-04-02 21:11:40,3,-97.8147600733808
2025-04-02 21:11:50,4,-86.0742027003929
2025-04-02 21:12:00,1,-98.2287250728695
2025-04-02 21:12:10,2,-99.0747840471449
2025-04-02 21:12:20,3,-89.5711760239413
2025-04-02 21:12:30,4,-70.7106781186519
2025-04-02 21:12:40,1,-99.8026728428269
2025-04-02 21:12:50,2,-92.5870584810005
2025-04-02 21:13:00,3,-75.6995055651748
2025-04-02 21:13:10,4,-50.9041415750423
2025-04-02 21:13:20,1,-95.1056516295135
2025-04-02 21:13:30,2,-80.2817475191123
2025-04-02 21:13:40,3,-57.071356768441
2025-04-02 21:13:50,4,-27.8991106039275
2025-04-02 21:14:00,1,-84.4327925501976
2025-04-02 21:14:10,2,-62.9320391049838
2025-04-02 21:14:20,3,-34.8572047321779
2025-04-02 21:14:30,4,-3.14107590781627
2025-04-02 21:14:40,1,-68.454710592871
2025-04-02 21:14:50,2,-41.6280792260391
2025-04-02 21:15:00,3,-10.4528463267602
2025-04-02 21:15:10,4,21.8143241396632
2025-04-02 21:15:20,1,-48.1753674101729
2025-04-02 21:15:30,2,-17.7084740319559
2025-04-02 21:15:40,3,14.6083028562363
2025-04-02 21:15:50,4,45.3990499739539
2025-04-02 21:16:00,1,-24.8689887164858
2025-04-02 21:16:10,2,7.32381971276688
2025-04-02 21:16:20,3,38.7515586451965
2025-04-02 21:16:30,4,66.131186532374
2025-04-02 21:16:40,1,1.23501343572619e-11
2025-04-02 21:16:50,2,31.895930929801
2025-04-02 21:17:00,3,60.4599114862356
2025-04-02 21:17:10,4,82.7080574274571
2025-04-02 21:17:20,1,24.8689887164877
2025-04-02 21:17:30,2,54.463903501508
2025-04-02 21:17:40,3,78.3693457325762
2025-04-02 21:17:50,4,94.0880768954274
2025-04-02 21:18:00,1,48.1753674101647
2025-04-02 21:18:10,2,73.6097087119709
2025-04-02 21:18:20,3,91.3545457642602
2025-04-02 21:18:30,4,99.5561964603084
2025-04-02 21:18:40,1,68.4547105928724
2025-04-02 21:18:50,2,88.1303452064926
2025-04-02 21:19:00,3,98.5996037070488
2025-04-02 21:19:10,4,98.7688340595111
2025-04-02 21:19:20,1,84.4327925501987
2025-04-02 21:19:30,2,97.1134279909633
2025-04-02 21:19:40,3,99.6492859249502
2025-04-02 21:19:50,4,91.7754625683954
2025-04-02 21:20:00,1,95.1056516295176
2025-04-02 21:20:10,2,99.9945169365513
2025-04-02 21:20:20,3,94.4376370237505
2025-04-02 21:20:30,4,79.0155012375571
2025-04-02 21:20:40,1,99.802672842827
2025-04-02 21:20:50,2,96.5925826289065
2025-04-02 21:21:00,3,83.2921240710196
2025-04-02 21:21:10,4,61.2907053652903
2025-04-02 21:21:20,1,98.228725072867
2025-04-02 21:21:30,2,87.1213811120233
2025-04-02 21:21:40,3,66.9130606358894
2025-04-02 21:21:50,4,39.7147890634787
2025-04-02 21:22:00,1,90.482705246602
2025-04-02 21:22:10,2,72.1760228098336
2025-04-02 21:22:20,3,46.3296035119993
2025-04-02 21:22:30,4,15.6434465040113
2025-04-02 21:22:40,1,77.051324277571
2025-04-02 21:22:50,2,52.6955795496731
2025-04-02 21:23:00,3,22.8350870110677
2025-04-02 21:23:10,4,-9.41083133185323
2025-04-02 21:23:20,1,58.7785252292454
2025-04-02 21:23:30,2,29.9040792256025
2025-04-02 21:23:40,3,-2.09424198832339
2025-04-02 21:23:50,4,-33.8737920245427
2025-04-02 21:24:00,1,36.812455268475
2025-04-02 21:24:10,2,5.23359562429806
2025-04-02 21:24:20,3,-26.8919820615269
2025-04-02 21:24:30,4,-56.2083377852167
2025-04-02 21:24:40,1,12.5333233564255
2025-04-02 21:24:50,2,-19.7657340378991
2025-04-02 21:25:00,3,-49.9999999999916
2025-04-02 21:25:10,4,-75.0111069630572
2025-04-02 21:25:20,1,-12.5333233564253
2025-04-02 21:25:30,2,-43.5231099372317
2025-04-02 21:25:40,3,-69.9663340513386
2025-04-02 21:25:50,4,-89.1006524188399
2025-04-02 21:26:00,1,-36.8124552684748
2025-04-02 21:26:10,2,-64.5457687723865
2025-04-02 21:26:20,3,-85.5364260160469
2025-04-02 21:26:30,4,-97.591676193879
2025-04-02 21:26:40,1,-58.7785252292452
2025-04-02 21:26:50,2,-81.5127795728563
2025-04-02 21:27:00,3,-95.7319497532017
2025-04-02 21:27:10,4,-99.9506560365729
2025-04-02 21:27:20,1,-77.0513242775853
2025-04-02 21:27:30,2,-93.3580426497171
2025-04-02 21:27:40,3,-99.9122830098856
2025-04-02 21:27:50,4,-96.0293685676945
2025-04-02 21:28:00,1,-90.4827052466019
2025-04-02 21:28:10,2,-99.3372765600401
2025-04-02 21:28:20,3,-97.8147600733836
2025-04-02 21:28:30,4,-86.0742027003882
2025-04-02 21:28:40,1,-98.2287250728712
2025-04-02 21:28:50,2,-99.0747840471452
2025-04-02 21:29:00,3,-89.5711760239422
2025-04-02 21:29:10,4,-70.7106781186534
2025-04-02 21:29:20,1,-99.802672842827
2025-04-02 21:29:30,2,-92.587058480997
2025-04-02 21:29:40,3,-75.6995055651836
2025-04-02 21:29:50,4,-50.9041415750246
2025-04-02 21:30:00,1,-95.1056516295177
2025-04-02 21:30:10,2,-80.2817475191136
2025-04-02 21:30:20,3,-57.0713567684428
2025-04-02 21:30:30,4,-27.8991106039186
2025-04-02 21:30:40,1,-84.4327925501988
2025-04-02 21:30:50,2,-62.9320391049943
2025-04-02 21:31:00,3,-34.8572047321905
2025-04-02 21:31:10,4,-3.1410759077957
2025-04-02 21:31:20,1,-68.4547105928725
2025-04-02 21:31:30,2,-41.628079226041
2025-04-02 21:31:40,3,-10.4528463267623
2025-04-02 21:31:50,4,21.8143241396611
2025-04-02 21:32:00,1,-48.1753674101648
2025-04-02 21:32:10,2,-17.7084740319692
2025-04-02 21:32:20,3,14.6083028562342
2025-04-02 21:32:30,4,45.3990499739722
2025-04-02 21:32:40,1,-24.8689887164879
2025-04-02 21:32:50,2,7.32381971276473
2025-04-02 21:33:00,3,38.7515586451945
2025-04-02 21:33:10,4,66.1311865323724
2025-04-02 21:33:20,1,1.01940132139987e-11
2025-04-02 21:33:30,2,31.8959309297989
2025-04-02 21:33:40,3,60.4599114862339
2025-04-02 21:33:50,4,82.7080574274559
2025-04-02 21:34:00,1,24.8689887164856
2025-04-02 21:34:10,2,54.4639035015062
2025-04-02 21:34:20,3,78.3693457325749
2025-04-02 21:34:30,4,94.0880768954267
2025-04-02 21:34:40,1,48.1753674101827
2025-04-02 21:34:50,2,73.6097087119694
2025-04-02 21:35:00,3,91.3545457642593
2025-04-02 21:35:10,4,99.5561964603082
2025-04-02 21:35:20,1,68.4547105928708
2025-04-02 21:35:30,2,88.1303452065024
2025-04-02 21:35:40,3,98.5996037070485
2025-04-02 21:35:50,4,98.7688340595115
2025-04-02 21:36:00,1,84.4327925501975
2025-04-02 21:36:10,2,97.1134279909628
2025-04-02 21:36:20,3,99.6492859249504
2025-04-02 21:36:30,4,91.7754625683963
2025-04-02 21:36:40,1,95.105651629517
2025-04-02 21:36:50,2,99.9945169365514
2025-04-02 21:37:00,3,94.4376370237512
2025-04-02 21:37:10,4,79.0155012375585
2025-04-02 21:37:20,1,99.8026728428269
2025-04-02 21:37:30,2,96.5925826289071
2025-04-02 21:37:40,3,83.2921240710082
2025-04-02 21:37:50,4,61.290705365292
2025-04-02 21:38:00,1,98.2287250728674
2025-04-02 21:38:10,2,87.1213811120243
2025-04-02 21:38:20,3,66.913060635891
2025-04-02 21:38:30,4,39.7147890634599
2025-04-02 21:38:40,1,90.4827052466029
2025-04-02 21:38:50,2,72.176022809835
2025-04-02 21:39:00,3,46.3296035120013
2025-04-02 21:39:10,4,15.6434465040135
2025-04-02 21:39:20,1,77.0513242775723
2025-04-02 21:39:30,2,52.6955795496749
2025-04-02 21:39:40,3,22.8350870110698
2025-04-02 21:39:50,4,-9.41083133185108
2025-04-02 21:40:00,1,58.7785252292471
2025-04-02 21:40:10,2,29.9040792256046
2025-04-02 21:40:20,3,-2.09424198832124
2025-04-02 21:40:30,4,-33.8737920245407
2025-04-02 21:40:40,1,36.8124552684558
2025-04-02 21:40:50,2,5.23359562430021
2025-04-02 21:41:00,3,-26.8919820615248
2025-04-02 21:41:10,4,-56.2083377852149
2025-04-02 21:41:20,1,12.5333233564277
2025-04-02 21:41:30,2,-19.7657340379193
2025-04-02 21:41:40,3,-49.9999999999897
2025-04-02 21:41:50,4,-75.0111069630558
2025-04-02 21:42:00,1,-12.5333233564232
2025-04-02 21:42:10,2,-43.5231099372298
2025-04-02 21:42:20,3,-69.9663340513371
2025-04-02 21:42:30,4,-89.1006524188389
2025-04-02 21:42:40,1,-36.8124552684728
2025-04-02 21:42:50,2,-64.5457687723848
2025-04-02 21:43:00,3,-85.5364260160458
2025-04-02 21:43:10,4,-97.5916761938785
2025-04-02 21:43:20,1,-58.7785252292435
2025-04-02 21:43:30,2,-81.512779572855
2025-04-02 21:43:40,3,-95.7319497532077
2025-04-02 21:43:50,4,-99.9506560365729
2025-04-02 21:44:00,1,-77.051324277584
2025-04-02 21:44:10,2,-93.3580426497163
2025-04-02 21:44:20,3,-99.9122830098856
2025-04-02 21:44:30,4,-96.0293685676887
2025-04-02 21:44:40,1,-90.482705246601
2025-04-02 21:44:50,2,-99.3372765600399
2025-04-02 21:45:00,3,-97.8147600733841
2025-04-02 21:45:10,4,-86.0742027003893
2025-04-02 21:45:20,1,-98.2287250728708
2025-04-02 21:45:30,2,-99.0747840471455
2025-04-02 21:45:40,3,-89.5711760239432
2025-04-02 21:45:50,4,-70.7106781186549
2025-04-02 21:46:00,1,-99.8026728428271
2025-04-02 21:46:10,2,-92.5870584809978
2025-04-02 21:46:20,3,-75.699505565185
2025-04-02 21:46:30,4,-50.9041415750264
2025-04-02 21:46:40,1,-95.1056516295113
2025-04-02 21:46:50,2,-80.2817475191149
2025-04-02 21:47:00,3,-57.0713567684445
2025-04-02 21:47:10,4,-27.8991106039207
2025-04-02 21:47:20,1,-84.4327925501999
2025-04-02 21:47:30,2,-62.9320391049783
2025-04-02 21:47:40,3,-34.8572047321926
2025-04-02 21:47:50,4,-3.14107590779785
2025-04-02 21:48:00,1,-68.4547105928741
2025-04-02 21:48:10,2,-41.628079226043
2025-04-02 21:48:20,3,-10.4528463267645
2025-04-02 21:48:30,4,21.814324139659
2025-04-02 21:48:40,1,-48.1753674101667
2025-04-02 21:48:50,2,-17.7084740319714
2025-04-02 21:49:00,3,14.608302856232
2025-04-02 21:49:10,4,45.3990499739703
2025-04-02 21:49:20,1,-24.8689887164899
2025-04-02 21:49:30,2,7.32381971276258
2025-04-02 21:49:40,3,38.7515586452135
2025-04-02 21:49:50,4,66.1311865323708
2025-04-02 21:50:00,1,8.03789207073544e-12
2025-04-02 21:50:10,2,31.8959309297969
2025-04-02 21:50:20,3,60.4599114862322
2025-04-02 21:50:30,4,82.7080574274675
2025-04-02 21:50:40,1,24.8689887164835
2025-04-02 21:50:50,2,54.4639035015044
2025-04-02 21:51:00,3,78.3693457325736
2025-04-02 21:51:10,4,94.0880768954259
2025-04-02 21:51:20,1,48.1753674101808
2025-04-02 21:51:30,2,73.6097087119679
2025-04-02 21:51:40,3,91.3545457642584
2025-04-02 21:51:50,4,99.556196460308
2025-04-02 21:52:00,1,68.4547105928692
2025-04-02 21:52:10,2,88.1303452065014
2025-04-02 21:52:20,3,98.5996037070481
2025-04-02 21:52:30,4,98.7688340595118
2025-04-02 21:52:40,1,84.4327925502086
2025-04-02 21:52:50,2,97.1134279909623
2025-04-02 21:53:00,3,99.6492859249506
2025-04-02 21:53:10,4,91.7754625683971
2025-04-02 21:53:20,1,95.1056516295163
2025-04-02 21:53:30,2,99.9945169365511
2025-04-02 21:53:40,3,94.4376370237519
2025-04-02 21:53:50,4,79.0155012375598
2025-04-02 21:54:00,1,99.8026728428267
2025-04-02 21:54:10,2,96.5925826289076
2025-04-02 21:54:20,3,83.2921240710094
2025-04-02 21:54:30,4,61.2907053652937
2025-04-02 21:54:40,1,98.2287250728678
2025-04-02 21:54:50,2,87.1213811120254
2025-04-02 21:55:00,3,66.9130606358926
2025-04-02 21:55:10,4,39.7147890634618
2025-04-02 21:55:20,1,90.4827052466039
2025-04-02 21:55:30,2,72.1760228098365
2025-04-02 21:55:40,3,46.329603511983
2025-04-02 21:55:50,4,15.6434465040156
2025-04-02 21:56:00,1,77.0513242775737
2025-04-02 21:56:10,2,52.6955795496767
2025-04-02 21:56:20,3,22.8350870110719
2025-04-02 21:56:30,4,-9.41083133187157
2025-04-02 21:56:40,1,58.7785252292489
2025-04-02 21:56:50,2,29.9040792256067
2025-04-02 21:57:00,3,-2.09424198831908
2025-04-02 21:57:10,4,-33.8737920245387
2025-04-02 21:57:20,1,36.8124552684578
2025-04-02 21:57:30,2,5.23359562430236
2025-04-02 21:57:40,3,-26.8919820615227
2025-04-02 21:57:50,4,-56.2083377852131
2025-04-02 21:58:00,1,12.5333233564298
2025-04-02 21:58:10,2,-19.7657340379172
2025-04-02 21:58:20,3,-49.9999999999878
2025-04-02 21:58:30,4,-75.0111069630543
2025-04-02 21:58:40,1,-12.5333233564436
2025-04-02 21:58:50,2,-43.5231099372279
2025-04-02 21:59:00,3,-69.9663340513355
2025-04-02 21:59:10,4,-89.100652418838
2025-04-02 21:59:20,1,-36.8124552684708
2025-04-02 21:59:30,2,-64.5457687724006
2025-04-02 21:59:40,3,-85.5364260160447
2025-04-02 21:59:50,4,-97.5916761938781
2025-04-02 22:00:00,1,-58.7785252292417
2025-04-02 22:00:10,2,-81.5127795728538
2025-04-02 22:00:20,3,-95.7319497532071
2025-04-02 22:00:30,4,-99.950656036573
2025-04-02 22:00:40,1,-77.0513242775826
2025-04-02 22:00:50,2,-93.3580426497155
2025-04-02 22:01:00,3,-99.9122830098855
2025-04-02 22:01:10,4,-96.0293685676893
2025-04-02 22:01:20,1,-90.4827052466001
2025-04-02 22:01:30,2,-99.3372765600396
2025-04-02 22:01:40,3,-97.8147600733798
2025-04-02 22:01:50,4,-86.0742027003904
2025-04-02 22:02:00,1,-98.2287250728704
2025-04-02 22:02:10,2,-99.0747840471458
2025-04-02 22:02:20,3,-89.5711760239441
2025-04-02 22:02:30,4,-70.7106781186404
2025-04-02 22:02:40,1,-99.8026728428273
2025-04-02 22:02:50,2,-92.5870584809986
2025-04-02 22:03:00,3,-75.6995055651864
2025-04-02 22:03:10,4,-50.9041415750283
2025-04-02 22:03:20,1,-95.105651629512
2025-04-02 22:03:30,2,-80.2817475191161
2025-04-02 22:03:40,3,-57.0713567684463
2025-04-02 22:03:50,4,-27.8991106039228
2025-04-02 22:04:00,1,-84.4327925502011
2025-04-02 22:04:10,2,-62.93203910498
2025-04-02 22:04:20,3,-34.8572047321946
2025-04-02 22:04:30,4,-3.14107590780001
2025-04-02 22:04:40,1,-68.4547105928591
2025-04-02 22:04:50,2,-41.6280792260449
2025-04-02 22:05:00,3,-10.4528463267666
2025-04-02 22:05:10,4,21.8143241396569
2025-04-02 22:05:20,1,-48.1753674101686
2025-04-02 22:05:30,2,-17.7084740319511
2025-04-02 22:05:40,3,14.6083028562299
2025-04-02 22:05:50,4,45.3990499739684
2025-04-02 22:06:00,1,-24.868988716492
2025-04-02 22:06:10,2,7.32381971276043
2025-04-02 22:06:20,3,38.7515586452115
2025-04-02 22:06:30,4,66.1311865323692
2025-04-02 22:06:40,1,5.88177092747219e-12
2025-04-02 22:06:50,2,31.8959309297948
2025-04-02 22:07:00,3,60.4599114862305
2025-04-02 22:07:10,4,82.7080574274663
2025-04-02 22:07:20,1,24.8689887164814
2025-04-02 22:07:30,2,54.4639035015025
2025-04-02 22:07:40,3,78.3693457325864
2025-04-02 22:07:50,4,94.0880768954252
2025-04-02 22:08:00,1,48.1753674101789
2025-04-02 22:08:10,2,73.6097087119665
2025-04-02 22:08:20,3,91.3545457642576
2025-04-02 22:08:30,4,99.5561964603099
2025-04-02 22:08:40,1,68.4547105928677
2025-04-02 22:08:50,2,88.1303452065003
2025-04-02 22:09:00,3,98.5996037070478
2025-04-02 22:09:10,4,98.7688340595121
2025-04-02 22:09:20,1,84.4327925502074
2025-04-02 22:09:30,2,97.1134279909618
2025-04-02 22:09:40,3,99.6492859249507
2025-04-02 22:09:50,4,91.775462568398
2025-04-02 22:10:00,1,95.1056516295156
2025-04-02 22:10:10,2,99.9945169365512
2025-04-02 22:10:20,3,94.4376370237526
2025-04-02 22:10:30,4,79.0155012375611
2025-04-02 22:10:40,1,99.802672842828
2025-04-02 22:10:50,2,96.5925826289082
2025-04-02 22:11:00,3,83.2921240710106
2025-04-02 22:11:10,4,61.2907053652954
2025-04-02 22:11:20,1,98.2287250728682
2025-04-02 22:11:30,2,87.1213811120153
2025-04-02 22:11:40,3,66.9130606358942
2025-04-02 22:11:50,4,39.7147890634638
2025-04-02 22:12:00,1,90.4827052466048
2025-04-02 22:12:10,2,72.176022809838
2025-04-02 22:12:20,3,46.3296035119849
2025-04-02 22:12:30,4,15.6434465040177
2025-04-02 22:12:40,1,77.0513242775751
2025-04-02 22:12:50,2,52.6955795496785
2025-04-02 22:13:00,3,22.835087011074
2025-04-02 22:13:10,4,-9.41083133186942
2025-04-02 22:13:20,1,58.7785252292506
2025-04-02 22:13:30,2,29.9040792256087
2025-04-02 22:13:40,3,-2.09424198833966
2025-04-02 22:13:50,4,-33.8737920245366
2025-04-02 22:14:00,1,36.8124552684598
2025-04-02 22:14:10,2,5.23359562430452
2025-04-02 22:14:20,3,-26.8919820615207
2025-04-02 22:14:30,4,-56.2083377852301
2025-04-02 22:14:40,1,12.5333233564319
2025-04-02 22:14:50,2,-19.7657340379151
2025-04-02 22:15:00,3,-49.999999999986
2025-04-02 22:15:10,4,-75.0111069630529
2025-04-02 22:15:20,1,-12.5333233564415
2025-04-02 22:15:30,2,-43.5231099372259
2025-04-02 22:15:40,3,-69.966334051334
2025-04-02 22:15:50,4,-89.100652418837
2025-04-02 22:16:00,1,-36.8124552684688
2025-04-02 22:16:10,2,-64.5457687723989
2025-04-02 22:16:20,3,-85.5364260160436
2025-04-02 22:16:30,4,-97.5916761938776
2025-04-02 22:16:40,1,-58.77852522924
2025-04-02 22:16:50,2,-81.5127795728525
2025-04-02 22:17:00,3,-95.7319497532064
2025-04-02 22:17:10,4,-99.9506560365731
2025-04-02 22:17:20,1,-77.0513242775812
2025-04-02 22:17:30,2,-93.3580426497229
2025-04-02 22:17:40,3,-99.9122830098854
2025-04-02 22:17:50,4,-96.0293685676899
2025-04-02 22:18:00,1,-90.4827052465992
2025-04-02 22:18:10,2,-99.3372765600394
2025-04-02 22:18:20,3,-97.8147600733802
2025-04-02 22:18:30,4,-86.0742027003915
2025-04-02 22:18:40,1,-98.22872507287
2025-04-02 22:18:50,2,-99.0747840471461
2025-04-02 22:19:00,3,-89.5711760239451
2025-04-02 22:19:10,4,-70.7106781186419
2025-04-02 22:19:20,1,-99.8026728428274
2025-04-02 22:19:30,2,-92.5870584809994
2025-04-02 22:19:40,3,-75.6995055651878
2025-04-02 22:19:50,4,-50.9041415750301
2025-04-02 22:20:00,1,-95.1056516295127
2025-04-02 22:20:10,2,-80.2817475191174
2025-04-02 22:20:20,3,-57.0713567684481
2025-04-02 22:20:30,4,-27.899110603903
2025-04-02 22:20:40,1,-84.4327925502023
2025-04-02 22:20:50,2,-62.9320391049817
2025-04-02 22:21:00,3,-34.8572047321966
2025-04-02 22:21:10,4,-3.14107590780216
2025-04-02 22:21:20,1,-68.4547105928607
2025-04-02 22:21:30,2,-41.6280792260469
2025-04-02 22:21:40,3,-10.4528463267688
2025-04-02 22:21:50,4,21.8143241396548
2025-04-02 22:22:00,1,-48.1753674101705
2025-04-02 22:22:10,2,-17.7084740319532
2025-04-02 22:22:20,3,14.6083028562278
2025-04-02 22:22:30,4,45.3990499739665
2025-04-02 22:22:40,1,-24.8689887164941
2025-04-02 22:22:50,2,7.32381971275828
2025-04-02 22:23:00,3,38.7515586452095
2025-04-02 22:23:10,4,66.1311865323675
2025-04-02 22:23:20,1,3.72564978420894e-12
2025-04-02 22:23:30,2,31.8959309298143
2025-04-02 22:23:40,3,60.4599114862287
2025-04-02 22:23:50,4,82.7080574274651
2025-04-02 22:24:00,1,24.8689887164793
2025-04-02 22:24:10,2,54.4639035015007
2025-04-02 22:24:20,3,78.369345732585
2025-04-02 22:24:30,4,94.0880768954245
2025-04-02 22:24:40,1,48.175367410177
2025-04-02 22:24:50,2,73.609708711965
2025-04-02 22:25:00,3,91.3545457642567
2025-04-02 22:25:10,4,99.5561964603097
2025-04-02 22:25:20,1,68.4547105928661
2025-04-02 22:25:30,2,88.1303452064993
2025-04-02 22:25:40,3,98.5996037070474
2025-04-02 22:25:50,4,98.7688340595125
2025-04-02 22:26:00,1,84.4327925502062
2025-04-02 22:26:10,2,97.1134279909613
2025-04-02 22:26:20,3,99.6492859249509
2025-04-02 22:26:30,4,91.7754625683898
2025-04-02 22:26:40,1,95.105651629515
2025-04-02 22:26:50,2,99.9945169365512
2025-04-02 22:27:00,3,94.4376370237534
2025-04-02 22:27:10,4,79.0155012375624
2025-04-02 22:27:20,1,99.8026728428279
2025-04-02 22:27:30,2,96.5925826289087
2025-04-02 22:27:40,3,83.2921240710118
2025-04-02 22:27:50,4,61.2907053652971
2025-04-02 22:28:00,1,98.2287250728686
2025-04-02 22:28:10,2,87.1213811120163
2025-04-02 22:28:20,3,66.9130606358958
2025-04-02 22:28:30,4,39.7147890634658
2025-04-02 22:28:40,1,90.4827052466057
2025-04-02 22:28:50,2,72.1760228098395
2025-04-02 22:29:00,3,46.3296035119868
2025-04-02 22:29:10,4,15.6434465040199
2025-04-02 22:29:20,1,77.0513242775765
2025-04-02 22:29:30,2,52.6955795496611
2025-04-02 22:29:40,3,22.8350870110761
2025-04-02 22:29:50,4,-9.41083133186728
2025-04-02 22:30:00,1,58.7785252292524
2025-04-02 22:30:10,2,29.9040792256108
2025-04-02 22:30:20,3,-2.0942419883375
2025-04-02 22:30:30,4,-33.8737920245346
2025-04-02 22:30:40,1,36.8124552684618
2025-04-02 22:30:50,2,5.23359562430667
2025-04-02 22:31:00,3,-26.8919820615186
2025-04-02 22:31:10,4,-56.2083377852283
2025-04-02 22:31:20,1,12.5333233564341
2025-04-02 22:31:30,2,-19.765734037913
2025-04-02 22:31:40,3,-49.9999999999841
2025-04-02 22:31:50,4,-75.0111069630515
2025-04-02 22:32:00,1,-12.5333233564393
2025-04-02 22:32:10,2,-43.523109937224
2025-04-02 22:32:20,3,-69.9663340513325
2025-04-02 22:32:30,4,-89.1006524188463
2025-04-02 22:32:40,1,-36.8124552684668
2025-04-02 22:32:50,2,-64.5457687723973
2025-04-02 22:33:00,3,-85.5364260160425
2025-04-02 22:33:10,4,-97.5916761938771
2025-04-02 22:33:20,1,-58.7785252292566
2025-04-02 22:33:30,2,-81.5127795728513
2025-04-02 22:33:40,3,-95.7319497532058
2025-04-02 22:33:50,4,-99.9506560365731
2025-04-02 22:34:00,1,-77.0513242775798
2025-04-02 22:34:10,2,-93.3580426497221
2025-04-02 22:34:20,3,-99.9122830098853
2025-04-02 22:34:30,4,-96.0293685676905
2025-04-02 22:34:40,1,-90.4827052465983
2025-04-02 22:34:50,2,-99.3372765600391
2025-04-02 22:35:00,3,-97.8147600733807
2025-04-02 22:35:10,4,-86.0742027003926
2025-04-02 22:35:20,1,-98.2287250728696
2025-04-02 22:35:30,2,-99.0747840471433
2025-04-02 22:35:40,3,-89.571176023946
2025-04-02 22:35:50,4,-70.7106781186434
2025-04-02 22:36:00,1,-99.8026728428275
2025-04-02 22:36:10,2,-92.5870584810003
2025-04-02 22:36:20,3,-75.6995055651744
2025-04-02 22:36:30,4,-50.904141575032
2025-04-02 22:36:40,1,-95.1056516295133
2025-04-02 22:36:50,2,-80.2817475191187
2025-04-02 22:37:00,3,-57.0713567684499
2025-04-02 22:37:10,4,-27.8991106039051
2025-04-02 22:37:20,1,-84.4327925502034
2025-04-02 22:37:30,2,-62.9320391049834
2025-04-02 22:37:40,3,-34.8572047321986
2025-04-02 22:37:50,4,-3.14107590780432
2025-04-02 22:38:00,1,-68.4547105928622
2025-04-02 22:38:10,2,-41.6280792260489
2025-04-02 22:38:20,3,-10.4528463267709
2025-04-02 22:38:30,4,21.8143241396749
2025-04-02 22:38:40,1,-48.1753674101724
2025-04-02 22:38:50,2,-17.7084740319553
2025-04-02 22:39:00,3,14.6083028562256
2025-04-02 22:39:10,4,45.3990499739645
2025-04-02 22:39:20,1,-24.8689887164742
2025-04-02 22:39:30,2,7.32381971275613
2025-04-02 22:39:40,3,38.7515586452075
2025-04-02 22:39:50,4,66.1311865323659
2025-04-02 22:40:00,1,1.56952864094569e-12
2025-04-02 22:40:10,2,31.8959309298123
2025-04-02 22:40:20,3,60.459911486227
2025-04-02 22:40:30,4,82.7080574274638
2025-04-02 22:40:40,1,24.8689887164772
2025-04-02 22:40:50,2,54.4639035014989
2025-04-02 22:41:00,3,78.3693457325837
2025-04-02 22:41:10,4,94.0880768954237
2025-04-02 22:41:20,1,48.1753674101751
2025-04-02 22:41:30,2,73.609708711979
2025-04-02 22:41:40,3,91.3545457642558
2025-04-02 22:41:50,4,99.5561964603095
2025-04-02 22:42:00,1,68.4547105928645
2025-04-02 22:42:10,2,88.1303452064983
2025-04-02 22:42:20,3,98.5996037070508
2025-04-02 22:42:30,4,98.7688340595128
2025-04-02 22:42:40,1,84.4327925502051
2025-04-02 22:42:50,2,97.1134279909607
2025-04-02 22:43:00,3,99.6492859249511
2025-04-02 22:43:10,4,91.7754625683907
2025-04-02 22:43:20,1,95.1056516295143
2025-04-02 22:43:30,2,99.9945169365512
2025-04-02 22:43:40,3,94.4376370237541
2025-04-02 22:43:50,4,79.0155012375637
2025-04-02 22:44:00,1,99.8026728428277
2025-04-02 22:44:10,2,96.5925826289093
2025-04-02 22:44:20,3,83.292124071013
2025-04-02 22:44:30,4,61.2907053652808
2025-04-02 22:44:40,1,98.228725072869
2025-04-02 22:44:50,2,87.1213811120174
2025-04-02 22:45:00,3,66.9130606358974
2025-04-02 22:45:10,4,39.7147890634678
2025-04-02 22:45:20,1,90.4827052465969
2025-04-02 22:45:30,2,72.176022809841
2025-04-02 22:45:40,3,46.3296035119888
2025-04-02 22:45:50,4,15.643446504022
2025-04-02 22:46:00,1,77.0513242775778
2025-04-02 22:46:10,2,52.6955795496629
2025-04-02 22:46:20,3,22.8350870110782
2025-04-02 22:46:30,4,-9.41083133186513
2025-04-02 22:46:40,1,58.7785252292541
2025-04-02 22:46:50,2,29.9040792256128
2025-04-02 22:47:00,3,-2.09424198833535
2025-04-02 22:47:10,4,-33.8737920245326
2025-04-02 22:47:20,1,36.8124552684638
2025-04-02 22:47:30,2,5.23359562428612
2025-04-02 22:47:40,3,-26.8919820615165
2025-04-02 22:47:50,4,-56.2083377852266
2025-04-02 22:48:00,1,12.5333233564362
2025-04-02 22:48:10,2,-19.7657340379108
2025-04-02 22:48:20,3,-50.0000000000019
2025-04-02 22:48:30,4,-75.0111069630501
2025-04-02 22:48:40,1,-12.5333233564372
2025-04-02 22:48:50,2,-43.523109937222
2025-04-02 22:49:00,3,-69.9663340513309
2025-04-02 22:49:10,4,-89.1006524188454
2025-04-02 22:49:20,1,-36.8124552684648
2025-04-02 22:49:30,2,-64.5457687723956
2025-04-02 22:49:40,3,-85.5364260160414
2025-04-02 22:49:50,4,-97.5916761938767
2025-04-02 22:50:00,1,-58.7785252292549
2025-04-02 22:50:10,2,-81.51277957285
2025-04-02 22:50:20,3,-95.7319497532052
2025-04-02 22:50:30,4,-99.9506560365725
2025-04-02 22:50:40,1,-77.0513242775785
2025-04-02 22:50:50,2,-93.3580426497214
2025-04-02 22:51:00,3,-99.9122830098852
2025-04-02 22:51:10,4,-96.0293685676911
2025-04-02 22:51:20,1,-90.482705246607
2025-04-02 22:51:30,2,-99.3372765600389
2025-04-02 22:51:40,3,-97.8147600733811
2025-04-02 22:51:50,4,-86.0742027003937
2025-04-02 22:52:00,1,-98.2287250728692
2025-04-02 22:52:10,2,-99.0747840471436
2025-04-02 22:52:20,3,-89.571176023947
2025-04-02 22:52:30,4,-70.7106781186449
2025-04-02 22:52:40,1,-99.8026728428277
2025-04-02 22:52:50,2,-92.5870584810011
2025-04-02 22:53:00,3,-75.6995055651758
2025-04-02 22:53:10,4,-50.9041415750339
2025-04-02 22:53:20,1,-95.105651629514
2025-04-02 22:53:30,2,-80.2817475191064
2025-04-02 22:53:40,3,-57.0713567684516
2025-04-02 22:53:50,4,-27.8991106039071
2025-04-02 22:54:00,1,-84.4327925502046
2025-04-02 22:54:10,2,-62.9320391049851
2025-04-02 22:54:20,3,-34.8572047321793
2025-04-02 22:54:30,4,-3.14107590780647
2025-04-02 22:54:40,1,-68.4547105928638
2025-04-02 22:54:50,2,-41.6280792260508
2025-04-02 22:55:00,3,-10.4528463267731
2025-04-02 22:55:10,4,21.8143241396728
2025-04-02 22:55:20,1,-48.1753674101743
2025-04-02 22:55:30,2,-17.7084740319575
2025-04-02 22:55:40,3,14.6083028562235
2025-04-02 22:55:50,4,45.3990499739626
2025-04-02 22:56:00,1,-24.8689887164763
2025-04-02 22:56:10,2,7.32381971275398
2025-04-02 22:56:20,3,38.7515586452055
2025-04-02 22:56:30,4,66.1311865323814
2025-04-02 22:56:40,1,-5.86592502317553e-13
2025-04-02 22:56:50,2,31.8959309298103
2025-04-02 22:57:00,3,60.4599114862253
2025-04-02 22:57:10,4,82.7080574274626
2025-04-02 22:57:20,1,24.8689887164972
2025-04-02 22:57:30,2,54.4639035014971
2025-04-02 22:57:40,3,78.3693457325823
2025-04-02 22:57:50,4,94.088076895423
2025-04-02 22:58:00,1,48.1753674101733
2025-04-02 22:58:10,2,73.6097087119775
2025-04-02 22:58:20,3,91.3545457642549
2025-04-02 22:58:30,4,99.5561964603093
2025-04-02 22:58:40,1,68.4547105928629
2025-04-02 22:58:50,2,88.1303452064973
2025-04-02 22:59:00,3,98.5996037070505
2025-04-02 22:59:10,4,98.7688340595132
2025-04-02 22:59:20,1,84.4327925502039
2025-04-02 22:59:30,2,97.1134279909656
2025-04-02 22:59:40,3,99.6492859249513
2025-04-02 22:59:50,4,91.7754625683915
2025-04-02 23:00:00,1,95.1056516295136
2025-04-02 23:00:10,2,99.9945169365512
2025-04-02 23:00:20,3,94.4376370237473
2025-04-02 23:00:30,4,79.0155012375651
2025-04-02 23:00:40,1,99.8026728428276
2025-04-02 23:00:50,2,96.5925826289098
2025-04-02 23:01:00,3,83.2921240710142
2025-04-02 23:01:10,4,61.2907053652825
2025-04-02 23:01:20,1,98.2287250728694
2025-04-02 23:01:30,2,87.1213811120185
2025-04-02 23:01:40,3,66.913060635899
2025-04-02 23:01:50,4,39.7147890634698
2025-04-02 23:02:00,1,90.4827052465978
2025-04-02 23:02:10,2,72.1760228098425
2025-04-02 23:02:20,3,46.3296035119907
2025-04-02 23:02:30,4,15.6434465040017
2025-04-02 23:02:40,1,77.0513242775792
2025-04-02 23:02:50,2,52.6955795496647
2025-04-02 23:03:00,3,22.8350870110803
2025-04-02 23:03:10,4,-9.41083133186299
2025-04-02 23:03:20,1,58.7785252292374
2025-04-02 23:03:30,2,29.9040792256149
2025-04-02 23:03:40,3,-2.09424198833319
2025-04-02 23:03:50,4,-33.8737920245306
2025-04-02 23:04:00,1,36.8124552684658
2025-04-02 23:04:10,2,5.23359562428827
2025-04-02 23:04:20,3,-26.8919820615144
2025-04-02 23:04:30,4,-56.2083377852248
2025-04-02 23:04:40,1,12.5333233564384
2025-04-02 23:04:50,2,-19.7657340379087
2025-04-02 23:05:00,3,-50
2025-04-02 23:05:10,4,-75.0111069630486
2025-04-02 23:05:20,1,-12.533323356435
2025-04-02 23:05:30,2,-43.5231099372406
2025-04-02 23:05:40,3,-69.9663340513294
2025-04-02 23:05:50,4,-89.1006524188444
2025-04-02 23:06:00,1,-36.8124552684627
2025-04-02 23:06:10,2,-64.545768772394
2025-04-02 23:06:20,3,-85.536426016052
2025-04-02 23:06:30,4,-97.5916761938762
2025-04-02 23:06:40,1,-58.7785252292532
2025-04-02 23:06:50,2,-81.5127795728488
2025-04-02 23:07:00,3,-95.7319497532046
2025-04-02 23:07:10,4,-99.9506560365726
2025-04-02 23:07:20,1,-77.0513242775771
2025-04-02 23:07:30,2,-93.3580426497206
2025-04-02 23:07:40,3,-99.9122830098851
2025-04-02 23:07:50,4,-96.0293685676917
2025-04-02 23:08:00,1,-90.4827052466061
2025-04-02 23:08:10,2,-99.3372765600386
2025-04-02 23:08:20,3,-97.8147600733816
2025-04-02 23:08:30,4,-86.0742027003833
2025-04-02 23:08:40,1,-98.2287250728688
2025-04-02 23:08:50,2,-99.0747840471439
2025-04-02 23:09:00,3,-89.571176023948
2025-04-02 23:09:10,4,-70.7106781186465
2025-04-02 23:09:20,1,-99.8026728428264
2025-04-02 23:09:30,2,-92.5870584810019
2025-04-02 23:09:40,3,-75.6995055651772
2025-04-02 23:09:50,4,-50.9041415750357
2025-04-02 23:10:00,1,-95.1056516295147
2025-04-02 23:10:10,2,-80.2817475191077
2025-04-02 23:10:20,3,-57.0713567684534
2025-04-02 23:10:30,4,-27.8991106039092
2025-04-02 23:10:40,1,-84.4327925502057
2025-04-02 23:10:50,2,-62.9320391049867
2025-04-02 23:11:00,3,-34.8572047321814
2025-04-02 23:11:10,4,-3.14107590780863
2025-04-02 23:11:20,1,-68.4547105928654
2025-04-02 23:11:30,2,-41.6280792260321
2025-04-02 23:11:40,3,-10.4528463267752
2025-04-02 23:11:50,4,21.8143241396707
2025-04-02 23:12:00,1,-48.1753674101762
2025-04-02 23:12:10,2,-17.7084740319596
2025-04-02 23:12:20,3,14.6083028562439
2025-04-02 23:12:30,4,45.3990499739607
2025-04-02 23:12:40,1,-24.8689887164784
2025-04-02 23:12:50,2,7.32381971275183
2025-04-02 23:13:00,3,38.7515586452035
2025-04-02 23:13:10,4,66.1311865323797
2025-04-02 23:13:20,1,-2.7427136455808e-12
2025-04-02 23:13:30,2,31.8959309298082
2025-04-02 23:13:40,3,60.4599114862236
2025-04-02 23:13:50,4,82.7080574274614
2025-04-02 23:14:00,1,24.8689887164951
2025-04-02 23:14:10,2,54.4639035014953
2025-04-02 23:14:20,3,78.369345732581
2025-04-02 23:14:30,4,94.0880768954223
2025-04-02 23:14:40,1,48.1753674101714
2025-04-02 23:14:50,2,73.609708711976
2025-04-02 23:15:00,3,91.354545764254
2025-04-02 23:15:10,4,99.5561964603091
2025-04-02 23:15:20,1,68.454710592878
2025-04-02 23:15:30,2,88.1303452064963
2025-04-02 23:15:40,3,98.5996037070501
2025-04-02 23:15:50,4,98.7688340595135
2025-04-02 23:16:00,1,84.4327925502028
2025-04-02 23:16:10,2,97.1134279909651
2025-04-02 23:16:20,3,99.6492859249515
2025-04-02 23:16:30,4,91.7754625683924
2025-04-02 23:16:40,1,95.105651629513
2025-04-02 23:16:50,2,99.9945169365512
2025-04-02 23:17:00,3,94.437637023748
2025-04-02 23:17:10,4,79.0155012375664
2025-04-02 23:17:20,1,99.8026728428275
2025-04-02 23:17:30,2,96.5925826289104
2025-04-02 23:17:40,3,83.2921240710154
2025-04-02 23:17:50,4,61.2907053652842
2025-04-02 23:18:00,1,98.2287250728698
2025-04-02 23:18:10,2,87.1213811120195
2025-04-02 23:18:20,3,66.9130606358837
2025-04-02 23:18:30,4,39.7147890634717
2025-04-02 23:18:40,1,90.4827052465988
2025-04-02 23:18:50,2,72.176022809844
2025-04-02 23:19:00,3,46.3296035119926
2025-04-02 23:19:10,4,15.6434465040038
2025-04-02 23:19:20,1,77.0513242775806
2025-04-02 23:19:30,2,52.6955795496666
2025-04-02 23:19:40,3,22.8350870110824
2025-04-02 23:19:50,4,-9.41083133186084
2025-04-02 23:20:00,1,58.7785252292392
2025-04-02 23:20:10,2,29.9040792256169
2025-04-02 23:20:20,3,-2.09424198833104
2025-04-02 23:20:30,4,-33.8737920245285
2025-04-02 23:20:40,1,36.8124552684679
2025-04-02 23:20:50,2,5.23359562429042
2025-04-02 23:21:00,3,-26.8919820615124
2025-04-02 23:21:10,4,-56.208337785223
2025-04-02 23:21:20,1,12.5333233564179
2025-04-02 23:21:30,2,-19.7657340379066
2025-04-02 23:21:40,3,-49.9999999999982
2025-04-02 23:21:50,4,-75.0111069630472
2025-04-02 23:22:00,1,-12.5333233564329
2025-04-02 23:22:10,2,-43.5231099372386
2025-04-02 23:22:20,3,-69.9663340513278
2025-04-02 23:22:30,4,-89.1006524188434
2025-04-02 23:22:40,1,-36.8124552684607
2025-04-02 23:22:50,2,-64.5457687723923
2025-04-02 23:23:00,3,-85.5364260160509
2025-04-02 23:23:10,4,-97.5916761938757
2025-04-02 23:23:20,1,-58.7785252292514
2025-04-02 23:23:30,2,-81.5127795728475
2025-04-02 23:23:40,3,-95.7319497532039
2025-04-02 23:23:50,4,-99.9506560365726
2025-04-02 23:24:00,1,-77.0513242775757
2025-04-02 23:24:10,2,-93.3580426497198
2025-04-02 23:24:20,3,-99.912283009886
2025-04-02 23:24:30,4,-96.0293685676924
2025-04-02 23:24:40,1,-90.4827052466052
2025-04-02 23:24:50,2,-99.3372765600384
2025-04-02 23:25:00,3,-97.814760073382
2025-04-02 23:25:10,4,-86.0742027003843
2025-04-02 23:25:20,1,-98.2287250728684
2025-04-02 23:25:30,2,-99.0747840471441
2025-04-02 23:25:40,3,-89.5711760239489
2025-04-02 23:25:50,4,-70.710678118648
2025-04-02 23:26:00,1,-99.8026728428265
2025-04-02 23:26:10,2,-92.5870584810027
2025-04-02 23:26:20,3,-75.6995055651786
2025-04-02 23:26:30,4,-50.9041415750376
2025-04-02 23:26:40,1,-95.1056516295153
2025-04-02 23:26:50,2,-80.281747519109
2025-04-02 23:27:00,3,-57.0713567684552
2025-04-02 23:27:10,4,-27.8991106039113
2025-04-02 23:27:20,1,-84.4327925501947
2025-04-02 23:27:30,2,-62.9320391049884
2025-04-02 23:27:40,3,-34.8572047321834
2025-04-02 23:27:50,4,-3.14107590781078
2025-04-02 23:28:00,1,-68.4547105928669
2025-04-02 23:28:10,2,-41.6280792260341
2025-04-02 23:28:20,3,-10.4528463267773
2025-04-02 23:28:30,4,21.8143241396686
2025-04-02 23:28:40,1,-48.1753674101781
2025-04-02 23:28:50,2,-17.7084740319617
2025-04-02 23:29:00,3,14.6083028562417
2025-04-02 23:29:10,4,45.3990499739588
2025-04-02 23:29:20,1,-24.8689887164805
2025-04-02 23:29:30,2,7.32381971274968
2025-04-02 23:29:40,3,38.7515586452015
2025-04-02 23:29:50,4,66.1311865323781
2025-04-02 23:30:00,1,-4.89883478884405e-12
2025-04-02 23:30:10,2,31.8959309298062
2025-04-02 23:30:20,3,60.45991148624
2025-04-02 23:30:30,4,82.7080574274602
2025-04-02 23:30:40,1,24.868988716493
2025-04-02 23:30:50,2,54.4639035014935
2025-04-02 23:31:00,3,78.3693457325797
2025-04-02 23:31:10,4,94.0880768954293
2025-04-02 23:31:20,1,48.1753674101695
2025-04-02 23:31:30,2,73.6097087119746
2025-04-02 23:31:40,3,91.3545457642532
2025-04-02 23:31:50,4,99.5561964603089
2025-04-02 23:32:00,1,68.4547105928764
2025-04-02 23:32:10,2,88.1303452064952
2025-04-02 23:32:20,3,98.5996037070498
2025-04-02 23:32:30,4,98.7688340595138
2025-04-02 23:32:40,1,84.4327925502016
2025-04-02 23:32:50,2,97.1134279909646
2025-04-02 23:33:00,3,99.6492859249516
2025-04-02 23:33:10,4,91.7754625683932
2025-04-02 23:33:20,1,95.1056516295193
2025-04-02 23:33:30,2,99.9945169365513
2025-04-02 23:33:40,3,94.4376370237487
2025-04-02 23:33:50,4,79.0155012375677
2025-04-02 23:34:00,1,99.8026728428273
2025-04-02 23:34:10,2,96.5925826289051
2025-04-02 23:34:20,3,83.2921240710165
2025-04-02 23:34:30,4,61.2907053652859
2025-04-02 23:34:40,1,98.2287250728702
2025-04-02 23:34:50,2,87.1213811120206
2025-04-02 23:35:00,3,66.9130606358853
2025-04-02 23:35:10,4,39.7147890634737
2025-04-02 23:35:20,1,90.4827052465997
2025-04-02 23:35:30,2,72.1760228098455
2025-04-02 23:35:40,3,46.3296035119945
2025-04-02 23:35:50,4,15.6434465040059
2025-04-02 23:36:00,1,77.051324277582
2025-04-02 23:36:10,2,52.6955795496684
2025-04-02 23:36:20,3,22.8350870110624
2025-04-02 23:36:30,4,-9.41083133185869
2025-04-02 23:36:40,1,58.7785252292409
2025-04-02 23:36:50,2,29.904079225619
2025-04-02 23:37:00,3,-2.09424198832888
2025-04-02 23:37:10,4,-33.8737920245479
2025-04-02 23:37:20,1,36.8124552684699
2025-04-02 23:37:30,2,5.23359562429258
2025-04-02 23:37:40,3,-26.8919820615103
2025-04-02 23:37:50,4,-56.2083377852212
2025-04-02 23:38:00,1,12.5333233564201
2025-04-02 23:38:10,2,-19.7657340379045
2025-04-02 23:38:20,3,-49.9999999999963
2025-04-02 23:38:30,4,-75.0111069630458
2025-04-02 23:38:40,1,-12.5333233564308
2025-04-02 23:38:50,2,-43.5231099372367
2025-04-02 23:39:00,3,-69.9663340513263
2025-04-02 23:39:10,4,-89.1006524188424
2025-04-02 23:39:20,1,-36.8124552684799
2025-04-02 23:39:30,2,-64.5457687723907
2025-04-02 23:39:40,3,-85.5364260160498
2025-04-02 23:39:50,4,-97.5916761938752
2025-04-02 23:40:00,1,-58.7785252292497
2025-04-02 23:40:10,2,-81.5127795728594
2025-04-02 23:40:20,3,-95.7319497532033
2025-04-02 23:40:30,4,-99.9506560365727
2025-04-02 23:40:40,1,-77.0513242775743
2025-04-02 23:40:50,2,-93.358042649719
2025-04-02 23:41:00,3,-99.9122830098859
2025-04-02 23:41:10,4,-96.029368567693
2025-04-02 23:41:20,1,-90.4827052466043
2025-04-02 23:41:30,2,-99.3372765600381
2025-04-02 23:41:40,3,-97.8147600733825
2025-04-02 23:41:50,4,-86.0742027003855
2025-04-02 23:42:00,1,-98.228725072868
2025-04-02 23:42:10,2,-99.0747840471444
2025-04-02 23:42:20,3,-89.5711760239398
2025-04-02 23:42:30,4,-70.7106781186495
2025-04-02 23:42:40,1,-99.8026728428267
2025-04-02 23:42:50,2,-92.5870584810035
2025-04-02 23:43:00,3,-75.69950556518
2025-04-02 23:43:10,4,-50.9041415750199
2025-04-02 23:43:20,1,-95.105651629516
2025-04-02 23:43:30,2,-80.2817475191103
2025-04-02 23:43:40,3,-57.0713567684569
2025-04-02 23:43:50,4,-27.8991106039133
2025-04-02 23:44:00,1,-84.4327925501958
2025-04-02 23:44:10,2,-62.9320391049901
2025-04-02 23:44:20,3,-34.8572047321854
2025-04-02 23:44:30,4,-3.14107590781294
2025-04-02 23:44:40,1,-68.4547105928685
2025-04-02 23:44:50,2,-41.628079226036
2025-04-02 23:45:00,3,-10.4528463267795
2025-04-02 23:45:10,4,21.8143241396665
2025-04-02 23:45:20,1,-48.17536741016
2025-04-02 23:45:30,2,-17.7084740319638
2025-04-02 23:45:40,3,14.6083028562396
2025-04-02 23:45:50,4,45.3990499739569
2025-04-02 23:46:00,1,-24.8689887164825
2025-04-02 23:46:10,2,7.3238197127702
2025-04-02 23:46:20,3,38.7515586451995
2025-04-02 23:46:30,4,66.1311865323765
2025-04-02 23:46:40,1,-7.0549559321073e-12
2025-04-02 23:46:50,2,31.8959309298041
2025-04-02 23:47:00,3,60.4599114862383
2025-04-02 23:47:10,4,82.708057427459
2025-04-02 23:47:20,1,24.8689887164909
2025-04-02 23:47:30,2,54.4639035014917
2025-04-02 23:47:40,3,78.3693457325783
2025-04-02 23:47:50,4,94.0880768954285
2025-04-02 23:48:00,1,48.1753674101676
2025-04-02 23:48:10,2,73.6097087119731
2025-04-02 23:48:20,3,91.3545457642615
2025-04-02 23:48:30,4,99.5561964603087
2025-04-02 23:48:40,1,68.4547105928748
2025-04-02 23:48:50,2,88.1303452064942
2025-04-02 23:49:00,3,98.5996037070494
2025-04-02 23:49:10,4,98.7688340595106
2025-04-02 23:49:20,1,84.4327925502005
2025-04-02 23:49:30,2,97.1134279909641
2025-04-02 23:49:40,3,99.6492859249518
2025-04-02 23:49:50,4,91.7754625683941
2025-04-02 23:50:00,1,95.1056516295187
2025-04-02 23:50:10,2,99.9945169365513
2025-04-02 23:50:20,3,94.4376370237494
2025-04-02 23:50:30,4,79.015501237569
2025-04-02 23:50:40,1,99.8026728428272
2025-04-02 23:50:50,2,96.5925826289056
2025-04-02 23:51:00,3,83.2921240710177
2025-04-02 23:51:10,4,61.2907053652876
2025-04-02 23:51:20,1,98.2287250728664
2025-04-02 23:51:30,2,87.1213811120216
2025-04-02 23:51:40,3,66.9130606358869
2025-04-02 23:51:50,4,39.7147890634757
2025-04-02 23:52:00,1,90.4827052466006
2025-04-02 23:52:10,2,72.1760228098312
2025-04-02 23:52:20,3,46.3296035119964
2025-04-02 23:52:30,4,15.643446504008
2025-04-02 23:52:40,1,77.0513242775833
2025-04-02 23:52:50,2,52.6955795496702
2025-04-02 23:53:00,3,22.8350870110645
2025-04-02 23:53:10,4,-9.41083133185655
2025-04-02 23:53:20,1,58.7785252292427
2025-04-02 23:53:30,2,29.9040792256211
2025-04-02 23:53:40,3,-2.09424198832672
2025-04-02 23:53:50,4,-33.8737920245459
2025-04-02 23:54:00,1,36.8124552684719
2025-04-02 23:54:10,2,5.23359562429473
2025-04-02 23:54:20,3,-26.8919820615301
2025-04-02 23:54:30,4,-56.2083377852194
2025-04-02 23:54:40,1,12.5333233564222
2025-04-02 23:54:50,2,-19.7657340379024
2025-04-02 23:55:00,3,-49.9999999999944
2025-04-02 23:55:10,4,-75.0111069630594
2025-04-02 23:55:20,1,-12.5333233564286
2025-04-02 23:55:30,2,-43.5231099372347
2025-04-02 23:55:40,3,-69.9663340513248
2025-04-02 23:55:50,4,-89.1006524188414
2025-04-02 23:56:00,1,-36.8124552684779
2025-04-02 23:56:10,2,-64.545768772389
2025-04-02 23:56:20,3,-85.5364260160487
2025-04-02 23:56:30,4,-97.5916761938748
2025-04-02 23:56:40,1,-58.7785252292479
2025-04-02 23:56:50,2,-81.5127795728582
2025-04-02 23:57:00,3,-95.7319497532027
2025-04-02 23:57:10,4,-99.9506560365728
2025-04-02 23:57:20,1,-77.0513242775875
2025-04-02 23:57:30,2,-93.3580426497183
2025-04-02 23:57:40,3,-99.9122830098858
2025-04-02 23:57:50,4,-96.0293685676936
2025-04-02 23:58:00,1,-90.4827052466034
2025-04-02 23:58:10,2,-99.3372765600405
2025-04-02 23:58:20,3,-97.8147600733829
2025-04-02 23:58:30,4,-86.0742027003866
2025-04-02 23:58:40,1,-98.2287250728676
2025-04-02 23:58:50,2,-99.0747840471447
2025-04-02 23:59:00,3,-89.5711760239407
2025-04-02 23:59:10,4,-70.710678118651
2025-04-02 23:59:20,1,-99.8026728428268
2025-04-02 23:59:30,2,-92.5870584810043
2025-04-02 23:59:40,3,-75.6995055651814
2025-04-02 23:59:50,4,-50.9041415750217
