Timestamp,Channel,Voltage_mV
2025-01-31 09:49:59,1,0
2025-01-31 09:51:39,2,25.9425903069714
2025-01-31 09:53:19,3,50.1087884547993
2025-01-31 09:54:59,4,70.843838908352
2025-01-31 09:56:39,1,0.251327147700373
2025-01-31 09:58:19,2,26.1852308370936
2025-01-31 09:59:59,3,50.326127806881
2025-01-31 10:01:39,4,71.0209949940459
2025-01-31 10:03:19,1,0.502652707881886
2025-01-31 10:04:59,2,26.4277059670663
2025-01-31 10:06:39,3,50.5431492717877
2025-01-31 10:08:19,4,71.1977024725361
2025-01-31 10:09:59,1,0.753975093035709
2025-01-31 10:11:39,2,26.6700141652848
2025-01-31 10:13:19,3,50.7598514786939
2025-01-31 10:14:59,4,71.3739602276421
2025-01-31 10:16:39,1,1.00529271567307
2025-01-31 10:18:19,2,26.912153901199
2025-01-31 10:19:59,3,50.9762330587905
2025-01-31 10:21:39,4,71.5497671460242
2025-01-31 10:23:19,1,1.25660398833526
2025-01-31 10:24:59,2,27.1541236453226
2025-01-31 10:26:39,3,51.1922926452939
2025-01-31 10:28:19,4,71.7251221171902
2025-01-31 10:29:59,1,1.50790732360371
2025-01-31 10:31:39,2,27.3959218692432
2025-01-31 10:33:19,3,51.4080288734544
2025-01-31 10:34:59,4,71.9000240335029
2025-01-31 10:36:39,1,1.75920113410997
2025-01-31 10:38:19,2,27.6375470456319
2025-01-31 10:39:59,3,51.6234403805648
2025-01-31 10:41:39,4,72.0744717901868
2025-01-31 10:43:19,1,2.01048383254576
2025-01-31 10:44:59,2,27.8789976482526
2025-01-31 10:46:39,3,51.8385258059687
2025-01-31 10:48:19,4,72.248464285335
2025-01-31 10:49:59,1,2.26175383167298
2025-01-31 10:51:39,2,28.1202721519721
2025-01-31 10:53:19,3,52.0532837910698
2025-01-31 10:54:59,4,72.4220004199163
2025-01-31 10:56:39,1,2.51300954433375
2025-01-31 10:58:19,2,28.3613690327697
2025-01-31 10:59:59,3,52.26771297934
2025-01-31 11:01:39,4,72.5950790977821
2025-01-31 11:03:19,1,2.76424938346044
2025-01-31 11:04:59,2,28.6022867677462
2025-01-31 11:06:39,3,52.481812016328
2025-01-31 11:08:19,4,72.7676992256736
2025-01-31 11:09:59,1,3.01547176208567
2025-01-31 11:11:39,2,28.8430238351344
2025-01-31 11:13:19,3,52.6955795496678
2025-01-31 11:14:59,4,72.9398597132281
2025-01-31 11:16:39,1,3.26667509335238
2025-01-31 11:18:19,2,29.0835787143081
2025-01-31 11:19:59,3,52.9090142290875
2025-01-31 11:21:39,4,73.1115594729864
2025-01-31 11:23:19,1,3.51785779052378
2025-01-31 11:24:59,2,29.3239498857919
2025-01-31 11:26:39,3,53.1221147064178
2025-01-31 11:28:19,4,73.2827974203996
2025-01-31 11:29:59,1,3.76901826699345
2025-01-31 11:31:39,2,29.564135831271
2025-01-31 11:33:19,3,53.3348796356001
2025-01-31 11:34:59,4,73.4535724738356
2025-01-31 11:36:39,1,4.02015493629532
2025-01-31 11:38:19,2,29.8041350336003
2025-01-31 11:39:59,3,53.5473076726956
2025-01-31 11:41:39,4,73.6238835545865
2025-01-31 11:43:19,1,4.27126621211369
2025-01-31 11:44:59,2,30.0439459768144
2025-01-31 11:46:39,3,53.7593974758933
2025-01-31 11:48:19,4,73.7937295868749
2025-01-31 11:49:59,1,4.52235050829326
2025-01-31 11:51:39,2,30.283567146137
2025-01-31 11:53:19,3,53.9711477055188
2025-01-31 11:54:59,4,73.963109497861
2025-01-31 11:56:39,1,4.77340623884916
2025-01-31 11:58:19,2,30.5229970279908
2025-01-31 11:59:59,3,54.1825570240425
2025-01-31 12:01:39,4,74.1320222176491
2025-01-31 12:03:19,1,5.02443181797696
2025-01-31 12:04:59,2,30.7622341100062
2025-01-31 12:06:39,3,54.3936240960882
2025-01-31 12:08:19,4,74.3004666792947
2025-01-31 12:09:59,1,5.27542566006265
2025-01-31 12:11:39,2,31.0012768810321
2025-01-31 12:13:19,3,54.6043475884417
2025-01-31 12:14:59,4,74.4684418188111
2025-01-31 12:16:39,1,5.52638617969272
2025-01-31 12:18:19,2,31.2401238311441
2025-01-31 12:19:59,3,54.8147261700587
2025-01-31 12:21:39,4,74.635946575176
2025-01-31 12:23:19,1,5.77731179166413
2025-01-31 12:24:59,2,31.4787734516554
2025-01-31 12:26:39,3,55.024758512074
2025-01-31 12:28:19,4,74.8029798903382
2025-01-31 12:29:59,1,6.02820091099435
2025-01-31 12:31:39,2,31.717224235125
2025-01-31 12:33:19,3,55.234443287809
2025-01-31 12:34:59,4,74.9695407092247
2025-01-31 12:36:39,1,6.27905195293134
2025-01-31 12:38:19,2,31.9554746753684
2025-01-31 12:39:59,3,55.4437791727806
2025-01-31 12:41:39,4,75.1356279797468
2025-01-31 12:43:19,1,6.52986333296357
2025-01-31 12:44:59,2,32.1935232674661
2025-01-31 12:46:39,3,55.6527648447098
2025-01-31 12:48:19,4,75.3012406528069
2025-01-31 12:49:59,1,6.78063346683007
2025-01-31 12:51:39,2,32.431368507774
2025-01-31 12:53:19,3,55.8613989835295
2025-01-31 12:54:59,4,75.4663776823054
2025-01-31 12:56:39,1,7.03136077053038
2025-01-31 12:58:19,2,32.6690088939322
2025-01-31 12:59:59,3,56.0696802713929
2025-01-31 13:01:39,4,75.6310380251472
2025-01-31 13:03:19,1,7.28204366033457
2025-01-31 13:04:59,2,32.9064429248749
2025-01-31 13:06:39,3,56.2776073926823
2025-01-31 13:08:19,4,75.7952206412479
2025-01-31 13:09:59,1,7.53268055279327
2025-01-31 13:11:39,2,33.1436691008397
2025-01-31 13:13:19,3,56.485179034017
2025-01-31 13:14:59,4,75.958924493541
2025-01-31 13:16:39,1,7.78326986474765
2025-01-31 13:18:19,2,33.3806859233771
2025-01-31 13:19:59,3,56.6923938842617
2025-01-31 13:21:39,4,76.122148547984
2025-01-31 13:23:19,1,8.03381001333942
2025-01-31 13:24:59,2,33.6174918953601
2025-01-31 13:26:39,3,56.8992506345348
2025-01-31 13:28:19,4,76.2848917735649
2025-01-31 13:29:59,1,8.28429941602084
2025-01-31 13:31:39,2,33.8540855209935
2025-01-31 13:33:19,3,57.1057479782166
2025-01-31 13:34:59,4,76.4471531423092
2025-01-31 13:36:39,1,8.53473649056469
2025-01-31 13:38:19,2,34.0904653058233
2025-01-31 13:39:59,3,57.3118846109576
2025-01-31 13:41:39,4,76.6089316292858
2025-01-31 13:43:19,1,8.78511965507432
2025-01-31 13:44:59,2,34.3266297567463
2025-01-31 13:46:39,3,57.5176592306869
2025-01-31 13:48:19,4,76.7702262126139
2025-01-31 13:49:59,1,9.03544732799356
2025-01-31 13:51:39,2,34.5625773820196
2025-01-31 13:53:19,3,57.7230705376202
2025-01-31 13:54:59,4,76.9310358734693
2025-01-31 13:56:39,1,9.28571792811678
2025-01-31 13:58:19,2,34.7983066912696
2025-01-31 13:59:59,3,57.9281172342679
2025-01-31 14:01:39,4,77.0913595960907
2025-01-31 14:03:19,1,9.53592987459886
2025-01-31 14:04:59,2,35.033816195502
2025-01-31 14:06:39,3,58.1327980254437
2025-01-31 14:08:19,4,77.2511963677864
2025-01-31 14:09:59,1,9.78608158696515
2025-01-31 14:11:39,2,35.2691044071107
2025-01-31 14:13:19,3,58.3371116182724
2025-01-31 14:14:59,4,77.4105451789405
2025-01-31 14:16:39,1,10.0361714851215
2025-01-31 14:18:19,2,35.5041698398875
2025-01-31 14:19:59,3,58.5410567221985
2025-01-31 14:21:39,4,77.5694050230192
2025-01-31 14:23:19,1,10.2861979893641
2025-01-31 14:24:59,2,35.7390110090313
2025-01-31 14:26:39,3,58.7446320489937
2025-01-31 14:28:19,4,77.7277748965774
2025-01-31 14:29:59,1,10.5361595203898
2025-01-31 14:31:39,2,35.9736264311578
2025-01-31 14:33:19,3,58.9478363127656
2025-01-31 14:34:59,4,77.885653799265
2025-01-31 14:36:39,1,10.7860544993057
2025-01-31 14:38:19,2,36.2080146243083
2025-01-31 14:39:59,3,59.1506682299658
2025-01-31 14:41:39,4,78.043040733833
2025-01-31 14:43:19,1,11.0358813476392
2025-01-31 14:44:59,2,36.4421741079598
2025-01-31 14:46:39,3,59.3531265193975
2025-01-31 14:48:19,4,78.1999347061399
2025-01-31 14:49:59,1,11.2856384873482
2025-01-31 14:51:39,2,36.6761034030335
2025-01-31 14:53:19,3,59.5552099022241
2025-01-31 14:54:59,4,78.3563347251582
2025-01-31 14:56:39,1,11.5353243408308
2025-01-31 14:58:19,2,36.909801031905
2025-01-31 14:59:59,3,59.7569171019773
2025-01-31 15:01:39,4,78.5122398029804
2025-01-31 15:03:19,1,11.7849373309356
2025-01-31 15:04:59,2,37.143265518413
2025-01-31 15:06:39,3,59.9582468445646
2025-01-31 15:08:19,4,78.6676489548252
2025-01-31 15:09:59,1,12.0344758809711
2025-01-31 15:11:39,2,37.3764953878689
2025-01-31 15:13:19,3,60.1591978582781
2025-01-31 15:14:59,4,78.822561199044
2025-01-31 15:16:39,1,12.2839384147164
2025-01-31 15:18:19,2,37.6094891670661
2025-01-31 15:19:59,3,60.3597688738018
2025-01-31 15:21:39,4,78.9769755571268
2025-01-31 15:23:19,1,12.5333233564304
2025-01-31 15:24:59,2,37.8422453842893
2025-01-31 15:26:39,3,60.5599586242203
2025-01-31 15:28:19,4,79.1308910537087
2025-01-31 15:29:59,1,12.7826291308624
2025-01-31 15:31:39,2,38.0747625693237
2025-01-31 15:33:19,3,60.7597658450263
2025-01-31 15:34:59,4,79.2843067165757
2025-01-31 15:36:39,1,13.0318541632614
2025-01-31 15:38:19,2,38.3070392534644
2025-01-31 15:39:59,3,60.9591892741288
2025-01-31 15:41:39,4,79.4372215766711
2025-01-31 15:43:19,1,13.2809968793869
2025-01-31 15:44:59,2,38.5390739695256
2025-01-31 15:46:39,3,61.158227651861
2025-01-31 15:48:19,4,79.5896346681016
2025-01-31 15:49:59,1,13.530055705518
2025-01-31 15:51:39,2,38.77086525185
2025-01-31 15:53:19,3,61.3568797209884
2025-01-31 15:54:59,4,79.7415450281432
2025-01-31 15:56:39,1,13.7790290684638
2025-01-31 15:58:19,2,39.0024116363178
2025-01-31 15:59:59,3,61.5551442267165
2025-01-31 16:01:39,4,79.8929516972475
2025-01-31 16:03:19,1,14.0279153955732
2025-01-31 16:04:59,2,39.2337116603561
2025-01-31 16:06:39,3,61.7530199166989
2025-01-31 16:08:19,4,80.0438537190477
2025-01-31 16:09:59,1,14.2767131147449
2025-01-31 16:11:39,2,39.4647638629485
2025-01-31 16:13:19,3,61.9505055410453
2025-01-31 16:14:59,4,80.1942501403646
2025-01-31 16:16:39,1,14.5254206544373
2025-01-31 16:18:19,2,39.6955667846435
2025-01-31 16:19:59,3,62.1475998523291
2025-01-31 16:21:39,4,80.3441400112128
2025-01-31 16:23:19,1,14.7740364436784
2025-01-31 16:24:59,2,39.9261189675645
2025-01-31 16:26:39,3,62.3443016055955
2025-01-31 16:28:19,4,80.4935223848062
2025-01-31 16:29:59,1,15.0225589120757
2025-01-31 16:31:39,2,40.1564189554185
2025-01-31 16:33:19,3,62.5406095583693
2025-01-31 16:34:59,4,80.6423963175647
2025-01-31 16:36:39,1,15.2709864898263
2025-01-31 16:38:19,2,40.3864652935058
2025-01-31 16:39:59,3,62.7365224706629
2025-01-31 16:41:39,4,80.7907608691196
2025-01-31 16:43:19,1,15.5193176077266
2025-01-31 16:44:59,2,40.6162565287285
2025-01-31 16:46:39,3,62.9320391049837
2025-01-31 16:48:19,4,80.9386151023197
2025-01-31 16:49:59,1,15.7675506971823
2025-01-31 16:51:39,2,40.8457912096004
2025-01-31 16:53:19,3,63.1271582263426
2025-01-31 16:54:59,4,81.0859580832373
2025-01-31 16:56:39,1,16.0156841902182
2025-01-31 16:58:19,2,41.0750678862557
2025-01-31 16:59:59,3,63.321878602261
2025-01-31 17:01:39,4,81.2327888811742
2025-01-31 17:03:19,1,16.2637165194884
2025-01-31 17:04:59,2,41.3040851104582
2025-01-31 17:06:39,3,63.5161990027792
2025-01-31 17:08:19,4,81.3791065686671
2025-01-31 17:09:59,1,16.5116461182858
2025-01-31 17:11:39,2,41.5328414356108
2025-01-31 17:13:19,3,63.7101182004639
2025-01-31 17:14:59,4,81.5249102214941
2025-01-31 17:16:39,1,16.7594714205524
2025-01-31 17:18:19,2,41.7613354167641
2025-01-31 17:19:59,3,63.9036349704162
2025-01-31 17:21:39,4,81.6701989186799
2025-01-31 17:23:19,1,17.0071908608889
2025-01-31 17:24:59,2,41.9895656106259
2025-01-31 17:26:39,3,64.0967480902789
2025-01-31 17:28:19,4,81.8149717425023
2025-01-31 17:29:59,1,17.2548028745647
2025-01-31 17:31:39,2,42.2175305755704
2025-01-31 17:33:19,3,64.2894563402446
2025-01-31 17:34:59,4,81.9592277784975
2025-01-31 17:36:39,1,17.5023058975276
2025-01-31 17:38:19,2,42.4452288716468
2025-01-31 17:39:59,3,64.4817585030633
2025-01-31 17:41:39,4,82.1029661154658
2025-01-31 17:43:19,1,17.7496983664141
2025-01-31 17:44:59,2,42.6726590605891
2025-01-31 17:46:39,3,64.67365336405
2025-01-31 17:48:19,4,82.2461858454778
2025-01-31 17:49:59,1,17.996978718559
2025-01-31 17:51:39,2,42.8998197058245
2025-01-31 17:53:19,3,64.8651397110924
2025-01-31 17:54:59,4,82.3888860638799
2025-01-31 17:56:39,1,18.244145392005
2025-01-31 17:58:19,2,43.126709372483
2025-01-31 17:59:59,3,65.0562163346587
2025-01-31 18:01:39,4,82.5310658693
2025-01-31 18:03:19,1,18.4911968255132
2025-01-31 18:04:59,2,43.353326627406
2025-01-31 18:06:39,3,65.2468820278052
2025-01-31 18:08:19,4,82.672724363653
2025-01-31 18:09:59,1,18.7381314585725
2025-01-31 18:11:39,2,43.5796700391559
2025-01-31 18:13:19,3,65.4371355861836
2025-01-31 18:14:59,4,82.813860652147
2025-01-31 18:16:39,1,18.9849477314094
2025-01-31 18:18:19,2,43.8057381780247
2025-01-31 18:19:59,3,65.6269758080491
2025-01-31 18:21:39,4,82.9544738432885
2025-01-31 18:23:19,1,19.2316440849983
2025-01-31 18:24:59,2,44.031529616043
2025-01-31 18:26:39,3,65.8164014942677
2025-01-31 18:28:19,4,83.0945630488881
2025-01-31 18:29:59,1,19.4782189610709
2025-01-31 18:31:39,2,44.2570429269895
2025-01-31 18:33:19,3,66.0054114483237
2025-01-31 18:34:59,4,83.2341273840663
2025-01-31 18:36:39,1,19.7246708021263
2025-01-31 18:38:19,2,44.4822766863995
2025-01-31 18:39:59,3,66.1940044763277
2025-01-31 18:41:39,4,83.3731659672589
2025-01-31 18:43:19,1,19.9709980514407
2025-01-31 18:44:59,2,44.7072294715743
2025-01-31 18:46:39,3,66.3821793870235
2025-01-31 18:48:19,4,83.5116779202226
2025-01-31 18:49:59,1,20.2171991530773
2025-01-31 18:51:39,2,44.9318998615897
2025-01-31 18:53:19,3,66.5699349917961
2025-01-31 18:54:59,4,83.6496623680406
2025-01-31 18:56:39,1,20.4632725518963
2025-01-31 18:58:19,2,45.1562864373054
2025-01-31 18:59:59,3,66.7572701046791
2025-01-31 19:01:39,4,83.7871184391282
2025-01-31 19:03:19,1,20.7092166935641
2025-01-31 19:04:59,2,45.3803877813739
2025-01-31 19:06:39,3,66.944183542362
2025-01-31 19:08:19,4,83.9240452652382
2025-01-31 19:09:59,1,20.9550300245641
2025-01-31 19:11:39,2,45.6042024782493
2025-01-31 19:13:19,3,67.1306741241981
2025-01-31 19:14:59,4,84.0604419814662
2025-01-31 19:16:39,1,21.2007109922055
2025-01-31 19:18:19,2,45.8277291141964
2025-01-31 19:19:59,3,67.3167406722115
2025-01-31 19:21:39,4,84.1963077262565
2025-01-31 19:23:19,1,21.4462580446338
2025-01-31 19:24:59,2,46.0509662772994
2025-01-31 19:26:39,3,67.5023820111047
2025-01-31 19:28:19,4,84.3316416414071
2025-01-31 19:29:59,1,21.6916696308405
2025-01-31 19:31:39,2,46.2739125574711
2025-01-31 19:33:19,3,67.6875969682661
2025-01-31 19:34:59,4,84.4664428720757
2025-01-31 19:36:39,1,21.9369442006726
2025-01-31 19:38:19,2,46.4965665464615
2025-01-31 19:39:59,3,67.8723843737774
2025-01-31 19:41:39,4,84.6007105667842
2025-01-31 19:43:19,1,22.1820802048425
2025-01-31 19:44:59,2,46.7189268378672
2025-01-31 19:46:39,3,68.0567430604209
2025-01-31 19:48:19,4,84.734443877425
2025-01-31 19:49:59,1,22.4270760949381
2025-01-31 19:51:39,2,46.9409920271395
2025-01-31 19:53:19,3,68.2406718636869
2025-01-31 19:54:59,4,84.8676419592658
2025-01-31 19:56:39,1,22.6719303234322
2025-01-31 19:58:19,2,47.1627607115942
2025-01-31 19:59:59,3,68.4241696217813
2025-01-31 20:01:39,4,85.0003039709551
2025-01-31 20:03:19,1,22.9166413436923
2025-01-31 20:04:59,2,47.3842314904197
2025-01-31 20:06:39,3,68.6072351756323
2025-01-31 20:08:19,4,85.1324290745276
2025-01-31 20:09:59,1,23.1612076099906
2025-01-31 20:11:39,2,47.6054029646861
2025-01-31 20:13:19,3,68.7898673688985
2025-01-31 20:14:59,4,85.2640164354092
2025-01-31 20:16:39,1,23.4056275775138
2025-01-31 20:18:19,2,47.8262737373543
2025-01-31 20:19:59,3,68.9720650479756
2025-01-31 20:21:39,4,85.3950652224228
2025-01-31 20:23:19,1,23.6498997023725
2025-01-31 20:24:59,2,48.0468424132843
2025-01-31 20:26:39,3,69.1538270620042
2025-01-31 20:28:19,4,85.5255746077928
2025-01-31 20:29:59,1,23.8940224416111
2025-01-31 20:31:39,2,48.2671075992446
2025-01-31 20:33:19,3,69.3351522628765
2025-01-31 20:34:59,4,85.6555437671513
2025-01-31 20:36:39,1,24.1379942532177
2025-01-31 20:38:19,2,48.4870679039205
2025-01-31 20:39:59,3,69.516039505244
2025-01-31 20:41:39,4,85.7849718795422
2025-01-31 20:43:19,1,24.3818135961338
2025-01-31 20:44:59,2,48.7067219379233
2025-01-31 20:46:39,3,69.6964876465246
2025-01-31 20:48:19,4,85.9138581274272
2025-01-31 20:49:59,1,24.625478930264
2025-01-31 20:51:39,2,48.9260683137985
2025-01-31 20:53:19,3,69.8764955469097
2025-01-31 20:54:59,4,86.0422016966909
2025-01-31 20:56:39,1,24.8689887164855
2025-01-31 20:58:19,2,49.1451056460354
2025-01-31 20:59:59,3,70.0560620693717
2025-01-31 21:01:39,4,86.1700017766454
2025-01-31 21:03:19,1,25.1123414166581
2025-01-31 21:04:59,2,49.363832551075
2025-01-31 21:06:39,3,70.2351860796708
2025-01-31 21:08:19,4,86.297257560036
2025-01-31 21:09:59,1,25.3555354936341
2025-01-31 21:11:39,2,49.5822476473194
2025-01-31 21:13:19,3,70.4138664463623
2025-01-31 21:14:59,4,86.423968243046
2025-01-31 21:16:39,1,25.5985694112673
2025-01-31 21:18:19,2,49.8003495551402
2025-01-31 21:19:59,3,70.592102040804
2025-01-31 21:21:39,4,86.5501330253019
2025-01-31 21:23:19,1,25.8414416344235
2025-01-31 21:24:59,2,50.018136896887
2025-01-31 21:26:39,3,70.769891737163
2025-01-31 21:28:19,4,86.6757511098783
2025-01-31 21:29:59,1,26.0841506289897
2025-01-31 21:31:39,2,50.2356082968968
2025-01-31 21:33:19,3,70.9472344124229
2025-01-31 21:34:59,4,86.8008217033031
2025-01-31 21:36:39,1,26.326694861884
2025-01-31 21:38:19,2,50.4527623815019
2025-01-31 21:39:59,3,71.124128946391
2025-01-31 21:41:39,4,86.9253440155625
2025-01-31 21:43:19,1,26.5690728010653
2025-01-31 21:44:59,2,50.6695977790392
2025-01-31 21:46:39,3,71.3005742217053
2025-01-31 21:48:19,4,87.0493172601059
2025-01-31 21:49:59,1,26.8112829155426
2025-01-31 21:51:39,2,50.8861131198584
2025-01-31 21:53:19,3,71.4765691238415
2025-01-31 21:54:59,4,87.1727406538509
2025-01-31 21:56:39,1,27.0533236753854
2025-01-31 21:58:19,2,51.1023070363309
2025-01-31 21:59:59,3,71.6521125411203
2025-01-31 22:01:39,4,87.2956134171882
2025-01-31 22:03:19,1,27.2951935517325
2025-01-31 22:04:59,2,51.3181781628585
2025-01-31 22:06:39,3,71.8272033647139
2025-01-31 22:08:19,4,87.4179347739868
2025-01-31 22:09:59,1,27.5368910168025
2025-01-31 22:11:39,2,51.5337251358818
2025-01-31 22:13:19,3,72.0018404886535
2025-01-31 22:14:59,4,87.5397039515984
2025-01-31 22:16:39,1,27.7784145439027
2025-01-31 22:18:19,2,51.748946593889
2025-01-31 22:19:59,3,72.1760228098362
2025-01-31 22:21:39,4,87.6609201808627
2025-01-31 22:23:19,1,28.0197626074394
2025-01-31 22:24:59,2,51.9638411774244
2025-01-31 22:26:39,3,72.3497492280318
2025-01-31 22:28:19,4,87.7815826961122
2025-01-31 22:29:59,1,28.2609336829268
2025-01-31 22:31:39,2,52.178407529097
2025-01-31 22:33:19,3,72.5230186458897
2025-01-31 22:34:59,4,87.9016907351768
2025-01-31 22:36:39,1,28.5019262469976
2025-01-31 22:38:19,2,52.3926442935891
2025-01-31 22:39:59,3,72.6958299689462
2025-01-31 22:41:39,4,88.0212435393888
2025-01-31 22:43:19,1,28.7427387774116
2025-01-31 22:44:59,2,52.6065501176648
2025-01-31 22:46:39,3,72.8681821056311
2025-01-31 22:48:19,4,88.1402403535878
2025-01-31 22:49:59,1,28.9833697530661
2025-01-31 22:51:39,2,52.8201236501788
2025-01-31 22:53:19,3,73.0400739672745
2025-01-31 22:54:59,4,88.2586804261253
2025-01-31 22:56:39,1,29.223817654005
2025-01-31 22:58:19,2,53.0333635420845
2025-01-31 22:59:59,3,73.211504468114
2025-01-31 23:01:39,4,88.3765630088693
2025-01-31 23:03:19,1,29.4640809614287
2025-01-31 23:04:59,2,53.2462684464429
2025-01-31 23:06:39,3,73.3824725253015
2025-01-31 23:08:19,4,88.4938873572095
2025-01-31 23:09:59,1,29.7041581577035
2025-01-31 23:11:39,2,53.4588370184309
2025-01-31 23:13:19,3,73.5529770589097
2025-01-31 23:14:59,4,88.6106527300613
2025-01-31 23:16:39,1,29.9440477263714
2025-01-31 23:18:19,2,53.6710679153498
2025-01-31 23:19:59,3,73.7230169919394
2025-01-31 23:21:39,4,88.7268583898714
2025-01-31 23:23:19,1,30.1837481521596
2025-01-31 23:24:59,2,53.882959796634
2025-01-31 23:26:39,3,73.8925912503259
2025-01-31 23:28:19,4,88.8425036026216
2025-01-31 23:29:59,1,30.4232579209898
2025-01-31 23:31:39,2,54.0945113238591
2025-01-31 23:33:19,3,74.061698762946
2025-01-31 23:34:59,4,88.9575876378338
2025-01-31 23:36:39,1,30.6625755199882
2025-01-31 23:38:19,2,54.3057211607508
2025-01-31 23:39:59,3,74.2303384616249
2025-01-31 23:41:39,4,89.0721097685748
2025-01-31 23:43:19,1,30.9016994374947
2025-01-31 23:44:59,2,54.516587973193
2025-01-31 23:46:39,3,74.3985092811424
2025-01-31 23:48:19,4,89.1860692714605
2025-01-31 23:49:59,1,31.1406281630728
2025-01-31 23:51:39,2,54.7271104292362
2025-01-31 23:53:19,3,74.5662101592403
2025-01-31 23:54:59,4,89.2994654266608
2025-01-31 23:56:39,1,31.3793601875187
2025-01-31 23:58:19,2,54.9372871991062
2025-01-31 23:59:59,3,74.7334400366288
2025-02-01 00:01:39,4,89.412297517904
2025-02-01 00:03:19,1,31.6178940028713
2025-02-01 00:04:59,2,55.1471169552122
2025-02-01 00:06:39,3,74.9001978569929
2025-02-01 00:08:19,4,89.5245648324812
2025-02-01 00:09:59,1,31.8562281024213
2025-02-01 00:11:39,2,55.3565983721556
2025-02-01 00:13:19,3,75.0664825669998
2025-02-01 00:14:59,4,89.636266661251
2025-02-01 00:16:39,1,32.0943609807209
2025-02-01 00:18:19,2,55.5657301267378
2025-02-01 00:19:59,3,75.2322931163047
2025-02-01 00:21:39,4,89.747402298644
2025-02-01 00:23:19,1,32.3322911335936
2025-02-01 00:24:59,2,55.774510897969
2025-02-01 00:26:39,3,75.3976284575582
2025-02-01 00:28:19,4,89.8579710426671
2025-02-01 00:29:59,1,32.5700170581432
2025-02-01 00:31:39,2,55.9829393670764
2025-02-01 00:33:19,3,75.5624875464123
2025-02-01 00:34:59,4,89.9679721949081
2025-02-01 00:36:39,1,32.8075372527635
2025-02-01 00:38:19,2,56.1910142175124
2025-02-01 00:39:59,3,75.7268693415276
2025-02-01 00:41:39,4,90.0774050605398
2025-02-01 00:43:19,1,33.0448502171479
2025-02-01 00:44:59,2,56.3987341349634
2025-02-01 00:46:39,3,75.8907728045791
2025-02-01 00:48:19,4,90.1862689483248
2025-02-01 00:49:59,1,33.2819544522987
2025-02-01 00:51:39,2,56.6060978073572
2025-02-01 00:53:19,3,76.0541969002636
2025-02-01 00:54:59,4,90.2945631706197
2025-02-01 00:56:39,1,33.5188484605367
2025-02-01 00:58:19,2,56.8131039248724
2025-02-01 00:59:59,3,76.2171405963056
2025-02-01 01:01:39,4,90.4022870433792
2025-02-01 01:03:19,1,33.7555307455106
2025-02-01 01:04:59,2,57.0197511799457
2025-02-01 01:06:39,3,76.3796028634642
2025-02-01 01:08:19,4,90.5094398861608
2025-02-01 01:09:59,1,33.9919998122064
2025-02-01 01:11:39,2,57.2260382672808
2025-02-01 01:13:19,3,76.5415826755395
2025-02-01 01:14:59,4,90.616021022129
2025-02-01 01:16:39,1,34.2282541669571
2025-02-01 01:18:19,2,57.4319638838563
2025-02-01 01:19:59,3,76.7030790093788
2025-02-01 01:21:39,4,90.7220297780593
2025-02-01 01:23:19,1,34.4642923174517
2025-02-01 01:24:59,2,57.6375267289342
2025-02-01 01:26:39,3,76.8640908448836
2025-02-01 01:28:19,4,90.8274654843429
2025-02-01 01:29:59,1,34.700112772745
2025-02-01 01:31:39,2,57.8427255040677
2025-02-01 01:33:19,3,77.0246171650157
2025-02-01 01:34:59,4,90.9323274749905
2025-02-01 01:36:39,1,34.9357140432667
2025-02-01 01:38:19,2,58.0475589131098
2025-02-01 01:39:59,3,77.1846569558035
2025-02-01 01:41:39,4,91.0366150876368
2025-02-01 01:43:19,1,35.1710946408313
2025-02-01 01:44:59,2,58.2520256622215
2025-02-01 01:46:39,3,77.3442092063487
2025-02-01 01:48:19,4,91.1403276635445
2025-02-01 01:49:59,1,35.4062530786469
2025-02-01 01:51:39,2,58.4561244598796
2025-02-01 01:53:19,3,77.5032729088327
2025-02-01 01:54:59,4,91.2434645476087
2025-02-01 01:56:39,1,35.6411878713251
2025-02-01 01:58:19,2,58.6598540168852
2025-02-01 01:59:59,3,77.6618470585225
2025-02-01 02:01:39,4,91.3460250883608
2025-02-01 02:03:19,1,35.87589753489
2025-02-01 02:04:59,2,58.8632130463717
2025-02-01 02:06:39,3,77.8199306537778
2025-02-01 02:08:19,4,91.4480086379725
2025-02-01 02:09:59,1,36.1103805867877
2025-02-01 02:11:39,2,59.0662002638129
2025-02-01 02:13:19,3,77.9775226960565
2025-02-01 02:14:59,4,91.5494145522605
2025-02-01 02:16:39,1,36.3446355458961
2025-02-01 02:18:19,2,59.2688143870312
2025-02-01 02:19:59,3,78.1346221899218
2025-02-01 02:21:39,4,91.6502421906898
2025-02-01 02:23:19,1,36.5786609325333
2025-02-01 02:24:59,2,59.4710541362058
2025-02-01 02:26:39,3,78.2912281430477
2025-02-01 02:28:19,4,91.7504909163783
2025-02-01 02:29:59,1,36.8124552684678
2025-02-01 02:31:39,2,59.6729182338804
2025-02-01 02:33:19,3,78.4473395662261
2025-02-01 02:34:59,4,91.8501600961005
2025-02-01 02:36:39,1,37.0460170769276
2025-02-01 02:38:19,2,59.8744054049716
2025-02-01 02:39:59,3,78.6029554733723
2025-02-01 02:41:39,4,91.9492491002917
2025-02-01 02:43:19,1,37.2793448826093
2025-02-01 02:44:59,2,60.0755143767772
2025-02-01 02:46:39,3,78.7580748815317
2025-02-01 02:48:19,4,92.0477573030519
2025-02-01 02:49:59,1,37.5124372116878
2025-02-01 02:51:39,2,60.2762438789833
2025-02-01 02:53:19,3,78.9126968108858
2025-02-01 02:54:59,4,92.1456840821498
2025-02-01 02:56:39,1,37.7452925918251
2025-02-01 02:58:19,2,60.4765926436735
2025-02-01 02:59:59,3,79.0668202847584
2025-02-01 03:01:39,4,92.2430288190267
2025-02-01 03:03:19,1,37.9779095521801
2025-02-01 03:04:59,2,60.676559405336
2025-02-01 03:06:39,3,79.2204443296219
2025-02-01 03:08:19,4,92.3397908988001
2025-02-01 03:09:59,1,38.2102866234177
2025-02-01 03:11:39,2,60.8761429008721
2025-02-01 03:13:19,3,79.3735679751033
2025-02-01 03:14:59,4,92.4359697102684
2025-02-01 03:16:39,1,38.4424223377181
2025-02-01 03:18:19,2,61.0753418696039
2025-02-01 03:19:59,3,79.5261902539906
2025-02-01 03:21:39,4,92.5315646459138
2025-02-01 03:23:19,1,38.6743152287858
2025-02-01 03:24:59,2,61.2741550532825
2025-02-01 03:26:39,3,79.6783102022383
2025-02-01 03:28:19,4,92.6265751019067
2025-02-01 03:29:59,1,38.9059638318593
2025-02-01 03:31:39,2,61.4725811960959
2025-02-01 03:33:19,3,79.8299268589743
2025-02-01 03:34:59,4,92.7210004781094
2025-02-01 03:36:39,1,39.1373666837202
2025-02-01 03:38:19,2,61.6706190446765
2025-02-01 03:39:59,3,79.9810392665054
2025-02-01 03:41:39,4,92.8148401780801
2025-02-01 03:43:19,1,39.3685223227023
2025-02-01 03:44:59,2,61.8682673481098
2025-02-01 03:46:39,3,80.1316464703234
2025-02-01 03:48:19,4,92.9080936090761
2025-02-01 03:49:59,1,39.599429288701
2025-02-01 03:51:39,2,62.0655248579416
2025-02-01 03:53:19,3,80.2817475191114
2025-02-01 03:54:59,4,93.0007601820581
2025-02-01 03:56:39,1,39.8300861231823
2025-02-01 03:58:19,2,62.2623903281863
2025-02-01 03:59:59,3,80.4313414647497
2025-02-01 04:01:39,4,93.0928393116936
2025-02-01 04:03:19,1,40.0604913691923
2025-02-01 04:04:59,2,62.4588625153346
2025-02-01 04:06:39,3,80.5804273623214
2025-02-01 04:08:19,4,93.1843304163608
2025-02-01 04:09:59,1,40.2906435713663
2025-02-01 04:11:39,2,62.6549401783614
2025-02-01 04:13:19,3,80.7290042701191
2025-02-01 04:14:59,4,93.2752329181522
2025-02-01 04:16:39,1,40.5205412759378
2025-02-01 04:18:19,2,62.8506220787335
2025-02-01 04:19:59,3,80.8770712496504
2025-02-01 04:21:39,4,93.3655462428781
2025-02-01 04:23:19,1,40.7501830307481
2025-02-01 04:24:59,2,63.0459069804179
2025-02-01 04:26:39,3,81.0246273656435
2025-02-01 04:28:19,4,93.4552698200706
2025-02-01 04:29:59,1,40.9795673852549
2025-02-01 04:31:39,2,63.2407936498887
2025-02-01 04:33:19,3,81.171671686054
2025-02-01 04:34:59,4,93.5444030829867
2025-02-01 04:36:39,1,41.2086928905421
2025-02-01 04:38:19,2,63.4352808561361
2025-02-01 04:39:59,3,81.31820328207
2025-02-01 04:41:39,4,93.6329454686124
2025-02-01 04:43:19,1,41.4375580993284
2025-02-01 04:44:59,2,63.629367370673
2025-02-01 04:46:39,3,81.4642212281183
2025-02-01 04:48:19,4,93.7208964176657
2025-02-01 04:49:59,1,41.6661615659768
2025-02-01 04:51:39,2,63.8230519675435
2025-02-01 04:53:19,3,81.6097246018702
2025-02-01 04:54:59,4,93.8082553746007
2025-02-01 04:56:39,1,41.8945018465035
2025-02-01 04:58:19,2,64.0163334233305
2025-02-01 04:59:59,3,81.7547124842473
2025-02-01 05:01:39,4,93.8950217876107
2025-02-01 05:03:19,1,42.1225774985872
2025-02-01 05:04:59,2,64.2092105171633
2025-02-01 05:06:39,3,81.8991839594273
2025-02-01 05:08:19,4,93.981195108632
2025-02-01 05:09:59,1,42.3503870815782
2025-02-01 05:11:39,2,64.4016820307253
2025-02-01 05:13:19,3,82.0431381148499
2025-02-01 05:14:59,4,94.0667747933469
2025-02-01 05:16:39,1,42.5779291565073
2025-02-01 05:18:19,2,64.5937467482617
2025-02-01 05:19:59,3,82.1865740412224
2025-02-01 05:21:39,4,94.1517603011877
2025-02-01 05:23:19,1,42.805202286095
2025-02-01 05:24:59,2,64.7854034565876
2025-02-01 05:26:39,3,82.3294908325255
2025-02-01 05:28:19,4,94.2361510953398
2025-02-01 05:29:59,1,43.0322050347609
2025-02-01 05:31:39,2,64.9766509450948
2025-02-01 05:33:19,3,82.4718875860191
2025-02-01 05:34:59,4,94.3199466427449
2025-02-01 05:36:39,1,43.2589359686321
2025-02-01 05:38:19,2,65.1674880057604
2025-02-01 05:39:59,3,82.6137634022479
2025-02-01 05:41:39,4,94.403146414105
2025-02-01 05:43:19,1,43.4853936555528
2025-02-01 05:44:59,2,65.3579134331538
2025-02-01 05:46:39,3,82.7551173850472
2025-02-01 05:48:19,4,94.4857498838849
2025-02-01 05:49:59,1,43.7115766650933
2025-02-01 05:51:39,2,65.5479260244445
2025-02-01 05:53:19,3,82.8959486415483
2025-02-01 05:54:59,4,94.5677565303164
2025-02-01 05:56:39,1,43.9374835685586
2025-02-01 05:58:19,2,65.7375245794096
2025-02-01 05:59:59,3,83.0362562821846
2025-02-01 06:01:39,4,94.6491658354008
2025-02-01 06:03:19,1,44.1631129389981
2025-02-01 06:04:59,2,65.9267079004416
2025-02-01 06:06:39,3,83.1760394206966
2025-02-01 06:08:19,4,94.7299772849127
2025-02-01 06:09:59,1,44.388463351214
2025-02-01 06:11:39,2,66.115474792556
2025-02-01 06:13:19,3,83.3152971741382
2025-02-01 06:14:59,4,94.8101903684032
2025-02-01 06:16:39,1,44.6135333817706
2025-02-01 06:18:19,2,66.3038240633983
2025-02-01 06:19:59,3,83.4540286628817
2025-02-01 06:21:39,4,94.8898045792027
2025-02-01 06:23:19,1,44.8383216090032
2025-02-01 06:24:59,2,66.4917545232523
2025-02-01 06:26:39,3,83.5922330106235
2025-02-01 06:28:19,4,94.9688194144247
2025-02-01 06:29:59,1,45.0628266130273
2025-02-01 06:31:39,2,66.6792649850469
2025-02-01 06:33:19,3,83.7299093443899
2025-02-01 06:34:59,4,95.0472343749685
2025-02-01 06:36:39,1,45.2870469757473
2025-02-01 06:38:19,2,66.8663542643643
2025-02-01 06:39:59,3,83.8670567945424
2025-02-01 06:41:39,4,95.1250489655225
2025-02-01 06:43:19,1,45.5109812808654
2025-02-01 06:44:59,2,67.0530211794469
2025-02-01 06:46:39,3,84.0036744947831
2025-02-01 06:48:19,4,95.2022626945677
2025-02-01 06:49:59,1,45.7346281138908
2025-02-01 06:51:39,2,67.2392645512049
2025-02-01 06:53:19,3,84.1397615821604
2025-02-01 06:54:59,4,95.27887507438
2025-02-01 06:56:39,1,45.9579860621488
2025-02-01 06:58:19,2,67.425083203224
2025-02-01 06:59:59,3,84.2753171970743
2025-02-01 07:01:39,4,95.354885621034
2025-02-01 07:03:19,1,46.1810537147889
2025-02-01 07:04:59,2,67.6104759617726
2025-02-01 07:06:39,3,84.4103404832818
2025-02-01 07:08:19,4,95.4302938544058
2025-02-01 07:09:59,1,46.4038296627948
2025-02-01 07:11:39,2,67.7954416558093
2025-02-01 07:13:19,3,84.5448305879025
2025-02-01 07:14:59,4,95.5050992981761
2025-02-01 07:16:39,1,46.6263124989925
2025-02-01 07:18:19,2,67.9799791169902
2025-02-01 07:19:59,3,84.6787866614238
2025-02-01 07:21:39,4,95.579301479833
2025-02-01 07:23:19,1,46.8485008180593
2025-02-01 07:24:59,2,68.1640871796765
2025-02-01 07:26:39,3,84.8122078577063
2025-02-01 07:28:19,4,95.6528999306752
2025-02-01 07:29:59,1,47.0703932165333
2025-02-01 07:31:39,2,68.3477646809416
2025-02-01 07:33:19,3,84.9450933339893
2025-02-01 07:34:59,4,95.7258941858148
2025-02-01 07:36:39,1,47.2919882928213
2025-02-01 07:38:19,2,68.5310104605784
2025-02-01 07:39:59,3,85.0774422508958
2025-02-01 07:41:39,4,95.7982837841805
2025-02-01 07:43:19,1,47.5132846472084
2025-02-01 07:44:59,2,68.7138233611071
2025-02-01 07:46:39,3,85.2092537724381
2025-02-01 07:48:19,4,95.8700682685203
2025-02-01 07:49:59,1,47.7342808818666
2025-02-01 07:51:39,2,68.8962022277821
2025-02-01 07:53:19,3,85.3405270660231
2025-02-01 07:54:59,4,95.9412471854043
2025-02-01 07:56:39,1,47.9549756008636
2025-02-01 07:58:19,2,69.0781459085993
2025-02-01 07:59:59,3,85.4712613024572
2025-02-01 08:01:39,4,96.0118200852278
2025-02-01 08:03:19,1,48.1753674101715
2025-02-01 08:04:59,2,69.2596532543036
2025-02-01 08:06:39,3,85.601455655952
2025-02-01 08:08:19,4,96.0817865222139
2025-02-01 08:09:59,1,48.395454917676
2025-02-01 08:11:39,2,69.4407231183958
2025-02-01 08:13:19,3,85.7311093041292
2025-02-01 08:14:59,4,96.1511460544168
2025-02-01 08:16:39,1,48.6152367331847
2025-02-01 08:18:19,2,69.6213543571403
2025-02-01 08:19:59,3,85.8602214280259
2025-02-01 08:21:39,4,96.2198982437238
2025-02-01 08:23:19,1,48.8347114684361
2025-02-01 08:24:59,2,69.8015458295721
2025-02-01 08:26:39,3,85.9887912120998
2025-02-01 08:28:19,4,96.2880426558588
2025-02-01 08:29:59,1,49.0538777371087
2025-02-01 08:31:39,2,69.9812963975039
2025-02-01 08:33:19,3,86.1168178442341
2025-02-01 08:34:59,4,96.3555788603846
2025-02-01 08:36:39,1,49.2727341548292
2025-02-01 08:38:19,2,70.1606049255333
2025-02-01 08:39:59,3,86.2443005157432
2025-02-01 08:41:39,4,96.4225064307058
2025-02-01 08:43:19,1,49.4912793391813
2025-02-01 08:44:59,2,70.3394702810504
2025-02-01 08:46:39,3,86.3712384213771
2025-02-01 08:48:19,4,96.4888249440716
2025-02-01 08:49:59,1,49.7095119097151
2025-02-01 08:51:39,2,70.5178913342442
2025-02-01 08:53:19,3,86.4976307593271
2025-02-01 08:54:59,4,96.5545339815781
2025-02-01 08:56:39,1,49.9274304879549
2025-02-01 08:58:19,2,70.6958669581104
2025-02-01 08:59:59,3,86.6234767312304
2025-02-01 09:01:39,4,96.6196331281715
2025-02-01 09:03:19,1,50.1450336974086
2025-02-01 09:04:59,2,70.8733960284584
2025-02-01 09:06:39,3,86.7487755421756
2025-02-01 09:08:19,4,96.68412197265
2025-02-01 09:09:59,1,50.3623201635761
2025-02-01 09:11:39,2,71.0504774239179
2025-02-01 09:13:19,3,86.8735264007072
2025-02-01 09:14:59,4,96.7480001076671
2025-02-01 09:16:39,1,50.5792885139579
2025-02-01 09:18:19,2,71.2271100259466
2025-02-01 09:19:59,3,86.997728518831
2025-02-01 09:21:39,4,96.8112671297338
2025-02-01 09:23:19,1,50.795937378064
2025-02-01 09:24:59,2,71.4032927188371
2025-02-01 09:26:39,3,87.1213811120189
2025-02-01 09:28:19,4,96.8739226392211
2025-02-01 09:29:59,1,51.0122653874225
2025-02-01 09:31:39,2,71.5790243897236
2025-02-01 09:33:19,3,87.244483399214
2025-02-01 09:34:59,4,96.9359662403629
2025-02-01 09:36:39,1,51.228271175588
2025-02-01 09:38:19,2,71.7543039285895
2025-02-01 09:39:59,3,87.3670346028353
2025-02-01 09:41:39,4,96.997397541258
2025-02-01 09:43:19,1,51.4439533781506
2025-02-01 09:44:59,2,71.9291302282739
2025-02-01 09:46:39,3,87.4890339487827
2025-02-01 09:48:19,4,97.058216153873
2025-02-01 09:49:59,1,51.6593106327444
2025-02-01 09:51:39,2,72.1035021844789
2025-02-01 09:53:19,3,87.6104806664422
2025-02-01 09:54:59,4,97.1184216940444
2025-02-01 09:56:39,1,51.8743415790557
2025-02-01 09:58:19,2,72.2774186957764
2025-02-01 09:59:59,3,87.7313739886901
2025-02-01 10:01:39,4,97.1780137814813
2025-02-01 10:03:19,1,52.0890448588324
2025-02-01 10:04:59,2,72.4508786636152
2025-02-01 10:06:39,3,87.8517131518987
2025-02-01 10:08:19,4,97.2369920397677
2025-02-01 10:09:59,1,52.3034191158918
2025-02-01 10:11:39,2,72.623880992328
2025-02-01 10:13:19,3,87.9714973959403
2025-02-01 10:14:59,4,97.2953560963648
2025-02-01 10:16:39,1,52.5174629961296
2025-02-01 10:18:19,2,72.7964245891379
2025-02-01 10:19:59,3,88.0907259641926
2025-02-01 10:21:39,4,97.3531055826137
2025-02-01 10:23:19,1,52.7311751475282
2025-02-01 10:24:59,2,72.9685083641659
2025-02-01 10:26:39,3,88.2093981035432
2025-02-01 10:28:19,4,97.410240133737
2025-02-01 10:29:59,1,52.9445542201657
2025-02-01 10:31:39,2,73.1401312304372
2025-02-01 10:33:19,3,88.3275130643942
2025-02-01 10:34:59,4,97.466759388842
2025-02-01 10:36:39,1,53.1575988662238
2025-02-01 10:38:19,2,73.3112921038887
2025-02-01 10:39:59,3,88.4450701006674
2025-02-01 10:41:39,4,97.5226629909223
2025-02-01 10:43:19,1,53.3703077399967
2025-02-01 10:44:59,2,73.4819899033751
2025-02-01 10:46:39,3,88.5620684698087
2025-02-01 10:48:19,4,97.5779505868604
2025-02-01 10:49:59,1,53.5826794978997
2025-02-01 10:51:39,2,73.6522235506764
2025-02-01 10:53:19,3,88.6785074327928
2025-02-01 10:54:59,4,97.6326218274298
2025-02-01 10:56:39,1,53.7947127984771
2025-02-01 10:58:19,2,73.8219919705044
2025-02-01 10:59:59,3,88.7943862541278
2025-02-01 11:01:39,4,97.6866763672972
2025-02-01 11:03:19,1,54.0064063024116
2025-02-01 11:04:59,2,73.9912940905095
2025-02-01 11:06:39,3,88.9097042018603
2025-02-01 11:08:19,4,97.7401138650248
2025-02-01 11:09:59,1,54.2177586725318
2025-02-01 11:11:39,2,74.1601288412874
2025-02-01 11:13:19,3,89.0244605475794
2025-02-01 11:14:59,4,97.7929339830722
2025-02-01 11:16:39,1,54.4287685738213
2025-02-01 11:18:19,2,74.3284951563862
2025-02-01 11:19:59,3,89.1386545664215
2025-02-01 11:21:39,4,97.8451363877989
2025-02-01 11:23:19,1,54.6394346734269
2025-02-01 11:24:59,2,74.4963919723126
2025-02-01 11:26:39,3,89.2522855370753
2025-02-01 11:28:19,4,97.8967207494662
2025-02-01 11:29:59,1,54.849755640667
2025-02-01 11:31:39,2,74.6638182285391
2025-02-01 11:33:19,3,89.3653527417858
2025-02-01 11:34:59,4,97.9476867422391
2025-02-01 11:36:39,1,55.0597301470402
2025-02-01 11:38:19,2,74.8307728675106
2025-02-01 11:39:59,3,89.477855466359
2025-02-01 11:41:39,4,97.9980340441889
2025-02-01 11:43:19,1,55.2693568662332
2025-02-01 11:44:59,2,74.9972548346507
2025-02-01 11:46:39,3,89.5897930001666
2025-02-01 11:48:19,4,98.0477623372944
2025-02-01 11:49:59,1,55.4786344741297
2025-02-01 11:51:39,2,75.1632630783688
2025-02-01 11:53:19,3,89.7011646361503
2025-02-01 11:54:59,4,98.0968713074449
2025-02-01 11:56:39,1,55.6875616488188
2025-02-01 11:58:19,2,75.3287965500668
2025-02-01 11:59:59,3,89.8119696708263
2025-02-01 12:01:39,4,98.1453606444414
2025-02-01 12:03:19,1,55.8961370706028
2025-02-01 12:04:59,2,75.4938542041451
2025-02-01 12:06:39,3,89.9222074042898
2025-02-01 12:08:19,4,98.1932300419989
2025-02-01 12:09:59,1,56.1043594220059
2025-02-01 12:11:39,2,75.65843499801
2025-02-01 12:13:19,3,90.0318771402194
2025-02-01 12:14:59,4,98.2404791977481
2025-02-01 12:16:39,1,56.3122273877826
2025-02-01 12:18:19,2,75.8225378920797
2025-02-01 12:19:59,3,90.1409781858813
2025-02-01 12:21:39,4,98.2871078132379
2025-02-01 12:23:19,1,56.519739654926
2025-02-01 12:24:59,2,75.9861618497912
2025-02-01 12:26:39,3,90.2495098521341
2025-02-01 12:28:19,4,98.3331155939365
2025-02-01 12:29:59,1,56.7268949126757
2025-02-01 12:31:39,2,76.1493058376066
2025-02-01 12:33:19,3,90.3574714534329
2025-02-01 12:34:59,4,98.3785022492338
2025-02-01 12:36:39,1,56.9336918525264
2025-02-01 12:38:19,2,76.3119688250197
2025-02-01 12:39:59,3,90.4648623078334
2025-02-01 12:41:39,4,98.4232674924429
2025-02-01 12:43:19,1,57.1401291682365
2025-02-01 12:44:59,2,76.4741497845629
2025-02-01 12:46:39,3,90.5716817369966
2025-02-01 12:48:19,4,98.4674110408023
2025-02-01 12:49:59,1,57.3462055558356
2025-02-01 12:51:39,2,76.6358476918129
2025-02-01 12:53:19,3,90.677929066193
2025-02-01 12:54:59,4,98.5109326154774
2025-02-01 12:56:39,1,57.5519197136331
2025-02-01 12:58:19,2,76.797061525398
2025-02-01 12:59:59,3,90.7836036243068
2025-02-01 13:01:39,4,98.5538319415622
2025-02-01 13:03:19,1,57.7572703422268
2025-02-01 13:04:59,2,76.9577902670039
2025-02-01 13:06:39,3,90.8887047438399
2025-02-01 13:08:19,4,98.5961087480812
2025-02-01 13:09:59,1,57.9622561445103
2025-02-01 13:11:39,2,77.1180329013805
2025-02-01 13:13:19,3,90.9932317609166
2025-02-01 13:14:59,4,98.6377627679912
2025-02-01 13:16:39,1,58.1668758256821
2025-02-01 13:18:19,2,77.2777884163483
2025-02-01 13:19:59,3,91.0971840152874
2025-02-01 13:21:39,4,98.6787937381827
2025-02-01 13:23:19,1,58.3711280932529
2025-02-01 13:24:59,2,77.4370558028046
2025-02-01 13:26:39,3,91.2005608503334
2025-02-01 13:28:19,4,98.7192013994819
2025-02-01 13:29:59,1,58.5750116570544
2025-02-01 13:31:39,2,77.5958340547301
2025-02-01 13:33:19,3,91.3033616130703
2025-02-01 13:34:59,4,98.758985496652
2025-02-01 13:36:39,1,58.7785252292473
2025-02-01 13:38:19,2,77.754122169195
2025-02-01 13:39:59,3,91.4055856541526
2025-02-01 13:41:39,4,98.7981457783949
2025-02-01 13:43:19,1,58.9816675243292
2025-02-01 13:44:59,2,77.9119191463655
2025-02-01 13:46:39,3,91.5072323278777
2025-02-01 13:48:19,4,98.8366819973532
2025-02-01 13:49:59,1,59.184437259143
2025-02-01 13:51:39,2,78.0692239895102
2025-02-01 13:53:19,3,91.6083009921901
2025-02-01 13:54:59,4,98.874593910111
2025-02-01 13:56:39,1,59.3868331528847
2025-02-01 13:58:19,2,78.2260357050063
2025-02-01 13:59:59,3,91.708791008685
2025-02-01 14:01:39,4,98.9118812771962
2025-02-01 14:03:19,1,59.588853927112
2025-02-01 14:04:59,2,78.3823533023455
2025-02-01 14:06:39,3,91.8087017426129
2025-02-01 14:08:19,4,98.9485438630814
2025-02-01 14:09:59,1,59.7904983057519
2025-02-01 14:11:39,2,78.5381757941412
2025-02-01 14:13:19,3,91.9080325628833
2025-02-01 14:14:59,4,98.9845814361858
2025-02-01 14:16:39,1,59.9917650151088
2025-02-01 14:18:19,2,78.6935021961337
2025-02-01 14:19:59,3,92.0067828420688
2025-02-01 14:21:39,4,99.0199937688766
2025-02-01 14:23:19,1,60.1926527838728
2025-02-01 14:24:59,2,78.8483315271971
2025-02-01 14:26:39,3,92.104951956409
2025-02-01 14:28:19,4,99.0547806374702
2025-02-01 14:29:59,1,60.3931603431277
2025-02-01 14:31:39,2,79.0026628093451
2025-02-01 14:33:19,3,92.2025392858143
2025-02-01 14:34:59,4,99.0889418222339
2025-02-01 14:36:39,1,60.5932864263586
2025-02-01 14:38:19,2,79.1564950677375
2025-02-01 14:39:59,3,92.2995442138701
2025-02-01 14:41:39,4,99.1224771073869
2025-02-01 14:43:19,1,60.7930297694605
2025-02-01 14:44:59,2,79.3098273306861
2025-02-01 14:46:39,3,92.3959661278407
2025-02-01 14:48:19,4,99.1553862811023
2025-02-01 14:49:59,1,60.9923891107459
2025-02-01 14:51:39,2,79.4626586296611
2025-02-01 14:53:19,3,92.4918044186727
2025-02-01 14:54:59,4,99.1876691355078
2025-02-01 14:56:39,1,61.1913631909528
2025-02-01 14:58:19,2,79.6149879992969
2025-02-01 14:59:59,3,92.5870584809995
2025-02-01 15:01:39,4,99.2193254666874
2025-02-01 15:03:19,1,61.3899507532528
2025-02-01 15:04:59,2,79.7668144773984
2025-02-01 15:06:39,3,92.6817277131446
2025-02-01 15:08:19,4,99.2503550746824
2025-02-01 15:09:59,1,61.5881505432588
2025-02-01 15:11:39,2,79.918137104947
2025-02-01 15:13:19,3,92.7758115171257
2025-02-01 15:14:59,4,99.280757763493
2025-02-01 15:16:39,1,61.7859613090334
2025-02-01 15:18:19,2,80.0689549261069
2025-02-01 15:19:59,3,92.8693092986584
2025-02-01 15:21:39,4,99.3105333410793
2025-02-01 15:23:19,1,61.9833818010962
2025-02-01 15:24:59,2,80.2192669882306
2025-02-01 15:26:39,3,92.9622204671598
2025-02-01 15:28:19,4,99.3396816193625
2025-02-01 15:29:59,1,62.1804107724321
2025-02-01 15:31:39,2,80.3690723418654
2025-02-01 15:33:19,3,93.0545444357526
2025-02-01 15:34:59,4,99.3682024142264
2025-02-01 15:36:39,1,62.377046978499
2025-02-01 15:38:19,2,80.5183700407595
2025-02-01 15:39:59,3,93.1462806212683
2025-02-01 15:41:39,4,99.396095545518
2025-02-01 15:43:19,1,62.5732891772358
2025-02-01 15:44:59,2,80.6671591418673
2025-02-01 15:46:39,3,93.2374284442514
2025-02-01 15:48:19,4,99.4233608370491
2025-02-01 15:49:59,1,62.76913612907
2025-02-01 15:51:39,2,80.815438705356
2025-02-01 15:53:19,3,93.3279873289627
2025-02-01 15:54:59,4,99.4499981165975
2025-02-01 15:56:39,1,62.964586596926
2025-02-01 15:58:19,2,80.9632077946113
2025-02-01 15:59:59,3,93.417956703383
2025-02-01 16:01:39,4,99.4760072159074
2025-02-01 16:03:19,1,63.1596393462323
2025-02-01 16:04:59,2,81.1104654762433
2025-02-01 16:06:39,3,93.5073359992168
2025-02-01 16:08:19,4,99.5013879706914
2025-02-01 16:09:59,1,63.3542931449297
2025-02-01 16:11:39,2,81.2572108200926
2025-02-01 16:13:19,3,93.596124651896
2025-02-01 16:14:59,4,99.5261402206308
2025-02-01 16:16:39,1,63.5485467634791
2025-02-01 16:18:19,2,81.4034428992356
2025-02-01 16:19:59,3,93.6843221005832
2025-02-01 16:21:39,4,99.5502638093769
2025-02-01 16:23:19,1,63.742398974869
2025-02-01 16:24:59,2,81.5491607899912
2025-02-01 16:26:39,3,93.7719277881754
2025-02-01 16:28:19,4,99.5737585845521
2025-02-01 16:29:59,1,63.9358485546235
2025-02-01 16:31:39,2,81.694363571926
2025-02-01 16:33:19,3,93.8589411613073
2025-02-01 16:34:59,4,99.5966243977505
2025-02-01 16:36:39,1,64.1288942808099
2025-02-01 16:38:19,2,81.8390503278602
2025-02-01 16:39:59,3,93.9453616703553
2025-02-01 16:41:39,4,99.6188611045392
2025-02-01 16:43:19,1,64.3215349340465
2025-02-01 16:44:59,2,81.9832201438737
2025-02-01 16:46:39,3,94.0311887694405
2025-02-01 16:48:19,4,99.6404685644592
2025-02-01 16:49:59,1,64.5137692975103
2025-02-01 16:51:39,2,82.1268721093115
2025-02-01 16:53:19,3,94.1164219164322
2025-02-01 16:54:59,4,99.661446641026
2025-02-01 16:56:39,1,64.7055961569444
2025-02-01 16:58:19,2,82.2700053167899
2025-02-01 16:59:59,3,94.2010605729516
2025-02-01 17:01:39,4,99.6817952017306
2025-02-01 17:03:19,1,64.8970143006663
2025-02-01 17:04:59,2,82.4126188622016
2025-02-01 17:06:39,3,94.2851042043749
2025-02-01 17:08:19,4,99.7015141180404
2025-02-01 17:09:59,1,65.0880225195748
2025-02-01 17:11:39,2,82.5547118447219
2025-02-01 17:13:19,3,94.3685522798369
2025-02-01 17:14:59,4,99.7206032654002
2025-02-01 17:16:39,1,65.2786196071584
2025-02-01 17:18:19,2,82.6962833668145
2025-02-01 17:19:59,3,94.4514042722342
2025-02-01 17:21:39,4,99.7390625232324
2025-02-01 17:23:19,1,65.4688043595021
2025-02-01 17:24:59,2,82.8373325342365
2025-02-01 17:26:39,3,94.5336596582285
2025-02-01 17:28:19,4,99.7568917749383
2025-02-01 17:29:59,1,65.6585755752956
2025-02-01 17:31:39,2,82.9778584560449
2025-02-01 17:33:19,3,94.6153179182501
2025-02-01 17:34:59,4,99.7740909078987
2025-02-01 17:36:39,1,65.847932055841
2025-02-01 17:38:19,2,83.1178602446014
2025-02-01 17:39:59,3,94.6963785365011
2025-02-01 17:41:39,4,99.7906598134745
2025-02-01 17:43:19,1,66.0368726050597
2025-02-01 17:44:59,2,83.2573370155788
2025-02-01 17:46:39,3,94.7768410009586
2025-02-01 17:48:19,4,99.8065983870076
2025-02-01 17:49:59,1,66.2253960295005
2025-02-01 17:51:39,2,83.3962878879659
2025-02-01 17:53:19,3,94.8567048033778
2025-02-01 17:54:59,4,99.8219065278212
2025-02-01 17:56:39,1,66.413501138347
2025-02-01 17:58:19,2,83.5347119840735
2025-02-01 17:59:59,3,94.9359694392957
2025-02-01 18:01:39,4,99.8365841392207
2025-02-01 18:03:19,1,66.6011867434252
2025-02-01 18:04:59,2,83.6726084295398
2025-02-01 18:06:39,3,95.0146344080337
2025-02-01 18:08:19,4,99.8506311284945
2025-02-01 18:09:59,1,66.7884516592106
2025-02-01 18:11:39,2,83.8099763533358
2025-02-01 18:13:19,3,95.0926992127011
2025-02-01 18:14:59,4,99.8640474069141
2025-02-01 18:16:39,1,66.9752947028365
2025-02-01 18:18:19,2,83.9468148877712
2025-02-01 18:19:59,3,95.1701633601982
2025-02-01 18:21:39,4,99.8768328897349
2025-02-01 18:23:19,1,67.1617146941004
2025-02-01 18:24:59,2,84.0831231684994
2025-02-01 18:26:39,3,95.2470263612192
2025-02-01 18:28:19,4,99.888987496197
2025-02-01 18:29:59,1,67.3477104554725
2025-02-01 18:31:39,2,84.2189003345231
2025-02-01 18:33:19,3,95.3232877302558
2025-02-01 18:34:59,4,99.9005111495252
2025-02-01 18:36:39,1,67.5332808121024
2025-02-01 18:38:19,2,84.3541455282
2025-02-01 18:39:59,3,95.3989469855997
2025-02-01 18:41:39,4,99.9114037769299
2025-02-01 18:43:19,1,67.718424591827
2025-02-01 18:44:59,2,84.488857895248
2025-02-01 18:46:39,3,95.4740036493459
2025-02-01 18:48:19,4,99.9216653096073
2025-02-01 18:49:59,1,67.9031406251774
2025-02-01 18:51:39,2,84.6230365847505
2025-02-01 18:53:19,3,95.5484572473956
2025-02-01 18:54:59,4,99.93129568274
2025-02-01 18:56:39,1,68.0874277453868
2025-02-01 18:58:19,2,84.756680749162
2025-02-01 18:59:59,3,95.6223073094596
2025-02-01 19:01:39,4,99.9402948354973
2025-02-01 19:03:19,1,68.2712847883977
2025-02-01 19:04:59,2,84.8897895443134
2025-02-01 19:06:39,3,95.6955533690607
2025-02-01 19:08:19,4,99.9486627110357
2025-02-01 19:09:59,1,68.4547105928689
2025-02-01 19:11:39,2,85.0223621294171
2025-02-01 19:13:19,3,95.768194963537
2025-02-01 19:14:59,4,99.9563992564991
2025-02-01 19:16:39,1,68.6377040001834
2025-02-01 19:18:19,2,85.1543976670726
2025-02-01 19:19:59,3,95.8402316340446
2025-02-01 19:21:39,4,99.9635044230194
2025-02-01 19:23:19,1,68.8202638544554
2025-02-01 19:24:59,2,85.2858953232717
2025-02-01 19:26:39,3,95.9116629255609
2025-02-01 19:28:19,4,99.9699781657164
2025-02-01 19:29:59,1,69.0023890025377
2025-02-01 19:31:39,2,85.4168542674038
2025-02-01 19:33:19,3,95.9824883868869
2025-02-01 19:34:59,4,99.9758204436984
2025-02-01 19:36:39,1,69.1840782940289
2025-02-01 19:38:19,2,85.547273672261
2025-02-01 19:39:59,3,96.0527075706506
2025-02-01 19:41:39,4,99.9810312200625
2025-02-01 19:43:19,1,69.3653305812805
2025-02-01 19:44:59,2,85.6771527140434
2025-02-01 19:46:39,3,96.1223200333094
2025-02-01 19:48:19,4,99.9856104618945
2025-02-01 19:49:59,1,69.5461447194047
2025-02-01 19:51:39,2,85.8064905723645
2025-02-01 19:53:19,3,96.1913253351532
2025-02-01 19:54:59,4,99.9895581402694
2025-02-01 19:56:39,1,69.7265195662811
2025-02-01 19:58:19,2,85.9352864302559
2025-02-01 19:59:59,3,96.2597230403069
2025-02-01 20:01:39,4,99.9928742302517
2025-02-01 20:03:19,1,69.9064539825641
2025-02-01 20:04:59,2,86.0635394741732
2025-02-01 20:06:39,3,96.3275127167336
2025-02-01 20:08:19,4,99.995558710895
2025-02-01 20:09:59,1,70.0859468316902
2025-02-01 20:11:39,2,86.1912488940003
2025-02-01 20:13:19,3,96.3946939362368
2025-02-01 20:14:59,4,99.9976115652427
2025-02-01 20:16:39,1,70.2649969798849
2025-02-01 20:18:19,2,86.3184138830551
2025-02-01 20:19:59,3,96.4612662744633
2025-02-01 20:21:39,4,99.9990327803279
2025-02-01 20:23:19,1,70.4436032961703
2025-02-01 20:24:59,2,86.4450336380945
2025-02-01 20:26:39,3,96.5272293109061
2025-02-01 20:28:19,4,99.9998223471734
2025-02-01 20:29:59,1,70.6217646523717
2025-02-01 20:31:39,2,86.5711073593193
2025-02-01 20:33:19,3,96.5925826289068
2025-02-01 20:34:59,4,99.9999802607918
2025-02-01 20:36:39,1,70.7994799231253
2025-02-01 20:38:19,2,86.6966342503794
2025-02-01 20:39:59,3,96.6573258156584
2025-02-01 20:41:39,4,99.9995065201858
2025-02-01 20:43:19,1,70.9767479858847
2025-02-01 20:44:59,2,86.8216135183786
2025-02-01 20:46:39,3,96.7214584622077
2025-02-01 20:48:19,4,99.9984011283477
2025-02-01 20:49:59,1,71.1535677209285
2025-02-01 20:51:39,2,86.9460443738799
2025-02-01 20:53:19,3,96.7849801634579
2025-02-01 20:54:59,4,99.9966640922597
2025-02-01 20:56:39,1,71.3299380113673
2025-02-01 20:58:19,2,87.0699260309106
2025-02-01 20:59:59,3,96.8478905181717
2025-02-01 21:01:39,4,99.994295422894
2025-02-01 21:03:19,1,71.5058577431503
2025-02-01 21:04:59,2,87.1932577069666
2025-02-01 21:06:39,3,96.9101891289729
2025-02-01 21:08:19,4,99.9912951352123
2025-02-01 21:09:59,1,71.681325805073
2025-02-01 21:11:39,2,87.3160386230182
2025-02-01 21:13:19,3,96.9718756023496
2025-02-01 21:14:59,4,99.9876632481661
2025-02-01 21:16:39,1,71.8563410887837
2025-02-01 21:18:19,2,87.4382680035142
2025-02-01 21:19:59,3,97.0329495486566
2025-02-01 21:21:39,4,99.9833997846963
2025-02-01 21:23:19,1,72.0309024887907
2025-02-01 21:24:59,2,87.5599450763876
2025-02-01 21:26:39,3,97.0934105821177
2025-02-01 21:28:19,4,99.9785047717333
2025-02-01 21:29:59,1,72.2050089024694
2025-02-01 21:31:39,2,87.6810690730597
2025-02-01 21:33:19,3,97.1532583208281
2025-02-01 21:34:59,4,99.9729782401967
2025-02-01 21:36:39,1,72.378659230069
2025-02-01 21:38:19,2,87.8016392284456
2025-02-01 21:39:59,3,97.2124923867569
2025-02-01 21:41:39,4,99.966820224995
2025-02-01 21:43:19,1,72.5518523747198
2025-02-01 21:44:59,2,87.9216547809587
2025-02-01 21:46:39,3,97.2711124057496
2025-02-01 21:48:19,4,99.9600307650256
2025-02-01 21:49:59,1,72.7245872424396
2025-02-01 21:51:39,2,88.0411149725155
2025-02-01 21:53:19,3,97.3291180075303
2025-02-01 21:54:59,4,99.9526099031745
2025-02-01 21:56:39,1,72.8968627421411
2025-02-01 21:58:19,2,88.1600190485405
2025-02-01 21:59:59,3,97.386508825704
2025-02-01 22:01:39,4,99.9445576863158
2025-02-01 22:03:19,1,73.0686777856388
2025-02-01 22:04:59,2,88.278366257971
2025-02-01 22:06:39,3,97.4432844977593
2025-02-01 22:08:19,4,99.9358741653117
2025-02-01 22:09:59,1,73.2400312876553
2025-02-01 22:11:39,2,88.3961558532616
2025-02-01 22:13:19,3,97.49944466507
2025-02-01 22:14:59,4,99.9265593950121
2025-02-01 22:16:39,1,73.4109221658289
2025-02-01 22:18:19,2,88.5133870903892
2025-02-01 22:19:59,3,97.5549889728981
2025-02-01 22:21:39,4,99.916613434254
2025-02-01 22:23:19,1,73.5813493407198
2025-02-01 22:24:59,2,88.6300592288577
2025-02-01 22:26:39,3,97.6099170703956
2025-02-01 22:28:19,4,99.9060363458617
2025-02-01 22:29:59,1,73.7513117358174
2025-02-01 22:31:39,2,88.7461715317024
2025-02-01 22:33:19,3,97.6642286106066
2025-02-01 22:34:59,4,99.8948281966456
2025-02-01 22:36:39,1,73.9208082775468
2025-02-01 22:38:19,2,88.8617232654949
2025-02-01 22:39:59,3,97.7179232504699
2025-02-01 22:41:39,4,99.8829890574027
2025-02-01 22:43:19,1,74.0898378952759
2025-02-01 22:44:59,2,88.9767137003476
2025-02-01 22:46:39,3,97.7710006508212
2025-02-01 22:48:19,4,99.8705190029152
2025-02-01 22:49:59,1,74.2583995213215
2025-02-01 22:51:39,2,89.0911421099184
2025-02-01 22:53:19,3,97.8234604763946
2025-02-01 22:54:59,4,99.857418111951
2025-02-01 22:56:39,1,74.426492090957
2025-02-01 22:58:19,2,89.2050077714154
2025-02-01 22:59:59,3,97.8753023958254
2025-02-01 23:01:39,4,99.8436864672622
2025-02-01 23:03:19,1,74.5941145424182
2025-02-01 23:04:59,2,89.3183099656011
2025-02-01 23:06:39,3,97.9265260816518
2025-02-01 23:08:19,4,99.8293241555856
2025-02-01 23:09:59,1,74.7612658169107
2025-02-01 23:11:39,2,89.4310479767974
2025-02-01 23:13:19,3,97.9771312103172
2025-02-01 23:14:59,4,99.8143312676411
2025-02-01 23:16:39,1,74.9279448586161
2025-02-01 23:18:19,2,89.5432210928895
2025-02-01 23:19:59,3,98.0271174621722
2025-02-01 23:21:39,4,99.7987078981321
2025-02-01 23:23:19,1,75.0941506146991
2025-02-01 23:24:59,2,89.6548286053312
2025-02-01 23:26:39,3,98.0764845214763
2025-02-01 23:28:19,4,99.7824541457442
2025-02-01 23:29:59,1,75.2598820353138
2025-02-01 23:31:39,2,89.7658698091488
2025-02-01 23:33:19,3,98.1252320764004
2025-02-01 23:34:59,4,99.7655701131449
2025-02-01 23:36:39,1,75.4251380736104
2025-02-01 23:38:19,2,89.8763440029456
2025-02-01 23:39:59,3,98.1733598190285
2025-02-01 23:41:39,4,99.7480559069831
2025-02-01 23:43:19,1,75.589917685742
2025-02-01 23:44:59,2,89.9862504889067
2025-02-01 23:46:39,3,98.2208674453595
2025-02-01 23:48:19,4,99.7299116378879
2025-02-01 23:49:59,1,75.7542198308709
2025-02-01 23:51:39,2,90.0955885728029
2025-02-01 23:53:19,3,98.2677546553095
2025-02-01 23:54:59,4,99.7111374204684
2025-02-01 23:56:39,1,75.9180434711757
2025-02-01 23:58:19,2,90.2043575639955
2025-02-01 23:59:59,3,98.3140211527134
2025-02-02 00:01:39,4,99.6917333733128
2025-02-02 00:03:19,1,76.081387571857
2025-02-02 00:04:59,2,90.3125567754403
2025-02-02 00:06:39,3,98.3596666453268
2025-02-02 00:08:19,4,99.6716996189875
2025-02-02 00:09:59,1,76.2442511011448
2025-02-02 00:11:39,2,90.4201855236924
2025-02-02 00:13:19,3,98.404690844828
2025-02-02 00:14:59,4,99.6510362840368
2025-02-02 00:16:39,1,76.4066330303045
2025-02-02 00:18:19,2,90.5272431289102
2025-02-02 00:19:59,3,98.4490934668197
2025-02-02 00:21:39,4,99.6297434989813
2025-02-02 00:23:19,1,76.5685323336436
2025-02-02 00:24:59,2,90.6337289148595
2025-02-02 00:26:39,3,98.4928742308308
2025-02-02 00:28:19,4,99.6078213983179
2025-02-02 00:29:59,1,76.7299479885182
2025-02-02 00:31:39,2,90.7396422089182
2025-02-02 00:33:19,3,98.5360328603182
2025-02-02 00:34:59,4,99.5852701205186
2025-02-02 00:36:39,1,76.8908789753391
2025-02-02 00:38:19,2,90.8449823420806
2025-02-02 00:39:59,3,98.5785690826685
2025-02-02 00:41:39,4,99.5620898080294
2025-02-02 00:43:19,1,77.0513242775789
2025-02-02 00:44:59,2,90.949748648961
2025-02-02 00:46:39,3,98.6204826291998
2025-02-02 00:48:19,4,99.5382806072697
2025-02-02 00:49:59,1,77.2112828817778
2025-02-02 00:51:39,2,91.0539404677984
2025-02-02 00:53:19,3,98.6617732351634
2025-02-02 00:54:59,4,99.5138426686316
2025-02-02 00:56:39,1,77.3707537775503
2025-02-02 00:58:19,2,91.1575571404608
2025-02-02 00:59:59,3,98.7024406397454
2025-02-02 01:01:39,4,99.4887761464781
2025-02-02 01:03:19,1,77.5297359575916
2025-02-02 01:04:59,2,91.260598012449
2025-02-02 01:06:39,3,98.7424845860684
2025-02-02 01:08:19,4,99.4630811991432
2025-02-02 01:09:59,1,77.6882284176837
2025-02-02 01:11:39,2,91.3630624329006
2025-02-02 01:13:19,3,98.7819048211929
2025-02-02 01:14:59,4,99.4367579889301
2025-02-02 01:16:39,1,77.8462301567023
2025-02-02 01:18:19,2,91.4649497545949
2025-02-02 01:19:59,3,98.8207010961195
2025-02-02 01:21:39,4,99.4098066821105
2025-02-02 01:23:19,1,78.0037401766225
2025-02-02 01:24:59,2,91.5662593339561
2025-02-02 01:26:39,3,98.8588731657897
2025-02-02 01:28:19,4,99.3822274489234
2025-02-02 01:29:59,1,78.1607574825252
2025-02-02 01:31:39,2,91.6669905310578
2025-02-02 01:33:19,3,98.896420789088
2025-02-02 01:34:59,4,99.3540204635743
2025-02-02 01:36:39,1,78.317281082604
2025-02-02 01:38:19,2,91.7671427096271
2025-02-02 01:39:59,3,98.9333437288432
2025-02-02 01:41:39,4,99.3251859042339
2025-02-02 01:43:19,1,78.4733099881707
2025-02-02 01:44:59,2,91.8667152370483
2025-02-02 01:46:39,3,98.96964175183
2025-02-02 01:48:19,4,99.2957239530369
2025-02-02 01:49:59,1,78.6288432136619
2025-02-02 01:51:39,2,91.9657074843673
2025-02-02 01:53:19,3,99.0053146287703
2025-02-02 01:54:59,4,99.265634796081
2025-02-02 01:56:39,1,78.7838797766452
2025-02-02 01:58:19,2,92.0641188262952
2025-02-02 01:59:59,3,99.0403621343347
2025-02-02 02:01:39,4,99.2349186234257
2025-02-02 02:03:19,1,78.9384186978255
2025-02-02 02:04:59,2,92.1619486412125
2025-02-02 02:06:39,3,99.0747840471444
2025-02-02 02:08:19,4,99.203575629091
2025-02-02 02:09:59,1,79.0924590010508
2025-02-02 02:11:39,2,92.2591963111729
2025-02-02 02:13:19,3,99.1085801497716
2025-02-02 02:14:59,4,99.1716060110563
2025-02-02 02:16:39,1,79.2459997133191
2025-02-02 02:18:19,2,92.3558612219073
2025-02-02 02:19:59,3,99.1417502287419
2025-02-02 02:21:39,4,99.139009971259
2025-02-02 02:23:19,1,79.3990398647835
2025-02-02 02:24:59,2,92.4519427628276
2025-02-02 02:26:39,3,99.1742940745351
2025-02-02 02:28:19,4,99.1057877155936
2025-02-02 02:29:59,1,79.5515784887595
2025-02-02 02:31:39,2,92.5474403270305
2025-02-02 02:33:19,3,99.2062114815865
2025-02-02 02:34:59,4,99.0719394539097
2025-02-02 02:36:39,1,79.7036146217301
2025-02-02 02:38:19,2,92.6423533113015
2025-02-02 02:39:59,3,99.2375022482883
2025-02-02 02:41:39,4,99.0374654000115
2025-02-02 02:43:19,1,79.8551473033525
2025-02-02 02:44:59,2,92.7366811161186
2025-02-02 02:46:39,3,99.2681661769912
2025-02-02 02:48:19,4,99.0023657716557
2025-02-02 02:49:59,1,80.0061755764639
2025-02-02 02:51:39,2,92.8304231456562
2025-02-02 02:53:19,3,99.2982030740051
2025-02-02 02:54:59,4,98.9666407905508
2025-02-02 02:56:39,1,80.1566984870877
2025-02-02 02:58:19,2,92.9235788077887
2025-02-02 02:59:59,3,99.3276127496007
2025-02-02 03:01:39,4,98.9302906823551
2025-02-02 03:03:19,1,80.3067150844393
2025-02-02 03:04:59,2,93.0161475140941
2025-02-02 03:06:39,3,99.3563950180103
2025-02-02 03:08:19,4,98.8933156766756
2025-02-02 03:09:59,1,80.4562244209324
2025-02-02 03:11:39,2,93.1081286798584
2025-02-02 03:13:19,3,99.3845496974297
2025-02-02 03:14:59,4,98.8557160070666
2025-02-02 03:16:39,1,80.6052255521847
2025-02-02 03:18:19,2,93.1995217240784
2025-02-02 03:19:59,3,99.4120766100184
2025-02-02 03:21:39,4,98.8174919110281
2025-02-02 03:23:19,1,80.7537175370242
2025-02-02 03:24:59,2,93.2903260694661
2025-02-02 03:26:39,3,99.4389755819017
2025-02-02 03:28:19,4,98.7786436300041
2025-02-02 03:29:59,1,80.9016994374947
2025-02-02 03:31:39,2,93.3805411424517
2025-02-02 03:33:19,3,99.4652464431709
2025-02-02 03:34:59,4,98.7391714093816
2025-02-02 03:36:39,1,81.0491703188622
2025-02-02 03:38:19,2,93.470166373188
2025-02-02 03:39:59,3,99.490889027885
2025-02-02 03:41:39,4,98.6990754984885
2025-02-02 03:43:19,1,81.1961292496204
2025-02-02 03:44:59,2,93.5592011955531
2025-02-02 03:46:39,3,99.5159031740715
2025-02-02 03:48:19,4,98.6583561505924
2025-02-02 03:49:59,1,81.3425753014968
2025-02-02 03:51:39,2,93.6476450471549
2025-02-02 03:53:19,3,99.5402887237275
2025-02-02 03:54:59,4,98.6170136228989
2025-02-02 03:56:39,1,81.4885075494586
2025-02-02 03:58:19,2,93.7354973693338
2025-02-02 03:59:59,3,99.5640455228206
2025-02-02 04:01:39,4,98.5750481765498
2025-02-02 04:03:19,1,81.6339250717184
2025-02-02 04:04:59,2,93.8227576071668
2025-02-02 04:06:39,3,99.58717342129
2025-02-02 04:08:19,4,98.5324600766217
2025-02-02 04:09:59,1,81.77882694974
2025-02-02 04:11:39,2,93.9094252094709
2025-02-02 04:13:19,3,99.6096722730472
2025-02-02 04:14:59,4,98.4892495921241
2025-02-02 04:16:39,1,81.9232122682446
2025-02-02 04:18:19,2,93.9954996288064
2025-02-02 04:19:59,3,99.6315419359773
2025-02-02 04:21:39,4,98.4454169959981
2025-02-02 04:23:19,1,82.0670801152158
2025-02-02 04:24:59,2,94.0809803214804
2025-02-02 04:26:39,3,99.6527822719395
2025-02-02 04:28:19,4,98.400962565114
2025-02-02 04:29:59,1,82.2104295819062
2025-02-02 04:31:39,2,94.1658667475505
2025-02-02 04:33:19,3,99.6733931467685
2025-02-02 04:34:59,4,98.3558865802702
2025-02-02 04:36:39,1,82.3532597628427
2025-02-02 04:38:19,2,94.2501583708278
2025-02-02 04:39:59,3,99.6933744302747
2025-02-02 04:41:39,4,98.3101893261912
2025-02-02 04:43:19,1,82.4955697558322
2025-02-02 04:44:59,2,94.3338546588807
2025-02-02 04:46:39,3,99.7127259962455
2025-02-02 04:48:19,4,98.2638710915256
2025-02-02 04:49:59,1,82.6373586619675
2025-02-02 04:51:39,2,94.4169550830378
2025-02-02 04:53:19,3,99.7314477224458
2025-02-02 04:54:59,4,98.2169321688446
2025-02-02 04:56:39,1,82.7786255856328
2025-02-02 04:58:19,2,94.4994591183919
2025-02-02 04:59:59,3,99.7495394906191
2025-02-02 05:01:39,4,98.1693728546399
2025-02-02 05:03:19,1,82.9193696345093
2025-02-02 05:04:59,2,94.5813662438024
2025-02-02 05:06:39,3,99.7670011864879
2025-02-02 05:08:19,4,98.121193449322
2025-02-02 05:09:59,1,83.0595899195813
2025-02-02 05:11:39,2,94.6626759418996
2025-02-02 05:13:19,3,99.7838326997547
2025-02-02 05:14:59,4,98.0723942572182
2025-02-02 05:16:39,1,83.1992855551411
2025-02-02 05:18:19,2,94.7433876990871
2025-02-02 05:19:59,3,99.8000339241024
2025-02-02 05:21:39,4,98.0229755865708
2025-02-02 05:23:19,1,83.3384556587952
2025-02-02 05:24:59,2,94.8235010055457
2025-02-02 05:26:39,3,99.8156047571954
2025-02-02 05:28:19,4,97.9729377495348
2025-02-02 05:29:59,1,83.4770993514695
2025-02-02 05:31:39,2,94.9030153552361
2025-02-02 05:33:19,3,99.8305451006797
2025-02-02 05:34:59,4,97.9222810621766
2025-02-02 05:36:39,1,83.6152157574153
2025-02-02 05:38:19,2,94.9819302459025
2025-02-02 05:39:59,3,99.8448548601842
2025-02-02 05:41:39,4,97.8710058444712
2025-02-02 05:43:19,1,83.7528040042142
2025-02-02 05:44:59,2,95.0602451790756
2025-02-02 05:46:39,3,99.8585339453204
2025-02-02 05:48:19,4,97.8191124203008
2025-02-02 05:49:59,1,83.889863222784
2025-02-02 05:51:39,2,95.1379596600756
2025-02-02 05:53:19,3,99.871582269684
2025-02-02 05:54:59,4,97.7666011174524
2025-02-02 05:56:39,1,84.0263925473842
2025-02-02 05:58:19,2,95.2150731980158
2025-02-02 05:59:59,3,99.8839997508546
2025-02-02 06:01:39,4,97.7134722676161
2025-02-02 06:03:19,1,84.1623911156215
2025-02-02 06:04:59,2,95.291585305805
2025-02-02 06:06:39,3,99.8957863103966
2025-02-02 06:08:19,4,97.6597262063825
2025-02-02 06:09:59,1,84.2978580684549
2025-02-02 06:11:39,2,95.3674955001512
2025-02-02 06:13:19,3,99.9069418738597
2025-02-02 06:14:59,4,97.6053632732408
2025-02-02 06:16:39,1,84.4327925502015
2025-02-02 06:18:19,2,95.4428033015644
2025-02-02 06:19:59,3,99.9174663707794
2025-02-02 06:21:39,4,97.5503838115771
2025-02-02 06:23:19,1,84.5671937085419
2025-02-02 06:24:59,2,95.5175082343596
2025-02-02 06:26:39,3,99.9273597346771
2025-02-02 06:28:19,4,97.4947881686713
2025-02-02 06:29:59,1,84.7010606945252
2025-02-02 06:31:39,2,95.5916098266598
2025-02-02 06:33:19,3,99.9366219030611
2025-02-02 06:34:59,4,97.4385766956958
2025-02-02 06:36:39,1,84.8343926625748
2025-02-02 06:38:19,2,95.665107610399
2025-02-02 06:39:59,3,99.9452528174264
2025-02-02 06:41:39,4,97.3817497477129
2025-02-02 06:43:19,1,84.9671887704936
2025-02-02 06:44:59,2,95.7380011213254
2025-02-02 06:46:39,3,99.9532524232554
2025-02-02 06:48:19,4,97.3243076836724
2025-02-02 06:49:59,1,85.0994481794692
2025-02-02 06:51:39,2,95.8102898990039
2025-02-02 06:53:19,3,99.9606206700184
2025-02-02 06:54:59,4,97.2662508664095
2025-02-02 06:56:39,1,85.2311700540792
2025-02-02 06:58:19,2,95.8819734868193
2025-02-02 06:59:59,3,99.9673575111734
2025-02-02 07:01:39,4,97.2075796626429
2025-02-02 07:03:19,1,85.3623535622967
2025-02-02 07:04:59,2,95.9530514319791
2025-02-02 07:06:39,3,99.973462904167
2025-02-02 07:08:19,4,97.1482944429715
2025-02-02 07:09:59,1,85.4929978754953
2025-02-02 07:11:39,2,96.0235232855163
2025-02-02 07:13:19,3,99.9789368104341
2025-02-02 07:14:59,4,97.0883955818731
2025-02-02 07:16:39,1,85.6231021684547
2025-02-02 07:18:19,2,96.0933886022925
2025-02-02 07:19:59,3,99.9837791953986
2025-02-02 07:21:39,4,97.0278834577015
2025-02-02 07:23:19,1,85.7526656193652
2025-02-02 07:24:59,2,96.1626469410002
2025-02-02 07:26:39,3,99.9879900284733
2025-02-02 07:28:19,4,96.9667584526841
2025-02-02 07:29:59,1,85.8816874098339
2025-02-02 07:31:39,2,96.2312978641663
2025-02-02 07:33:19,3,99.9915692830604
2025-02-02 07:34:59,4,96.9050209529197
2025-02-02 07:36:39,1,86.0101667248888
2025-02-02 07:38:19,2,96.2993409381542
2025-02-02 07:39:59,3,99.9945169365512
2025-02-02 07:41:39,4,96.8426713483758
2025-02-02 07:43:19,1,86.138102752985
2025-02-02 07:44:59,2,96.3667757331668
2025-02-02 07:46:39,3,99.9968329703269
2025-02-02 07:48:19,4,96.7797100328865
2025-02-02 07:49:59,1,86.2654946860088
2025-02-02 07:51:39,2,96.4336018232493
2025-02-02 07:53:19,3,99.9985173697581
2025-02-02 07:54:59,4,96.7161374041497
2025-02-02 07:56:39,1,86.3923417192835
2025-02-02 07:58:19,2,96.4998187862918
2025-02-02 07:59:59,3,99.9995701242052
2025-02-02 08:01:39,4,96.6519538637246
2025-02-02 08:03:19,1,86.5186430515745
2025-02-02 08:04:59,2,96.565426204032
2025-02-02 08:06:39,3,99.9999912270184
2025-02-02 08:08:19,4,96.5871598170294
2025-02-02 08:09:59,1,86.6443978850937
2025-02-02 08:11:39,2,96.6304236620578
2025-02-02 08:13:19,3,99.9997806755379
2025-02-02 08:14:59,4,96.5217556733384
2025-02-02 08:16:39,1,86.7696054255054
2025-02-02 08:18:19,2,96.6948107498099
2025-02-02 08:19:59,3,99.9989384710936
2025-02-02 08:21:39,4,96.4557418457798
2025-02-02 08:23:19,1,86.8942648819306
2025-02-02 08:24:59,2,96.7585870605844
2025-02-02 08:26:39,3,99.9974646190053
2025-02-02 08:28:19,4,96.3891187513328
2025-02-02 08:29:59,1,87.0183754669526
2025-02-02 08:31:39,2,96.8217521915356
2025-02-02 08:33:19,3,99.9953591285826
2025-02-02 08:34:59,4,96.3218868108251
2025-02-02 08:36:39,1,87.1419363966213
2025-02-02 08:38:19,2,96.8843057436781
2025-02-02 08:39:59,3,99.9926220131251
2025-02-02 08:41:39,4,96.2540464489301
2025-02-02 08:43:19,1,87.2649468904588
2025-02-02 08:44:59,2,96.9462473218898
2025-02-02 08:46:39,3,99.9892532899217
2025-02-02 08:48:19,4,96.1855980941645
2025-02-02 08:49:59,1,87.3874061714639
2025-02-02 08:51:39,2,97.0075765349138
2025-02-02 08:53:19,3,99.9852529802513
2025-02-02 08:54:59,4,96.1165421788852
2025-02-02 08:56:39,1,87.5093134661174
2025-02-02 08:58:19,2,97.0682929953616
2025-02-02 08:59:59,3,99.9806211093818
2025-02-02 09:01:39,4,96.046879139287
2025-02-02 09:03:19,1,87.6306680043864
2025-02-02 09:04:59,2,97.1283963197151
2025-02-02 09:06:39,3,99.9753577065707
2025-02-02 09:08:19,4,95.9766094153994
2025-02-02 09:09:59,1,87.7514690197297
2025-02-02 09:11:39,2,97.1878861283288
2025-02-02 09:13:19,3,99.9694628050646
2025-02-02 09:14:59,4,95.9057334510842
2025-02-02 09:16:39,1,87.8717157491025
2025-02-02 09:18:19,2,97.246762045433
2025-02-02 09:19:59,3,99.9629364420989
2025-02-02 09:21:39,4,95.8342516940327
2025-02-02 09:23:19,1,87.991407432961
2025-02-02 09:24:59,2,97.3050236991353
2025-02-02 09:26:39,3,99.9557786588975
2025-02-02 09:28:19,4,95.7621645957622
2025-02-02 09:29:59,1,88.1105433152676
2025-02-02 09:31:39,2,97.3626707214235
2025-02-02 09:33:19,3,99.947989500673
2025-02-02 09:34:59,4,95.6894726116143
2025-02-02 09:36:39,1,88.2291226434953
2025-02-02 09:38:19,2,97.4197027481675
2025-02-02 09:39:59,3,99.9395690166259
2025-02-02 09:41:39,4,95.6161762007508
2025-02-02 09:43:19,1,88.3471446686326
2025-02-02 09:44:59,2,97.4761194191222
2025-02-02 09:46:39,3,99.9305172599445
2025-02-02 09:48:19,4,95.5422758261519
2025-02-02 09:49:59,1,88.4646086451882
2025-02-02 09:51:39,2,97.5319203779291
2025-02-02 09:53:19,3,99.9208342878047
2025-02-02 09:54:59,4,95.4677719546124
2025-02-02 09:56:39,1,88.5815138311957
2025-02-02 09:58:19,2,97.5871052721192
2025-02-02 09:59:59,3,99.9105201613694
2025-02-02 10:01:39,4,95.3926650567394
2025-02-02 10:03:19,1,88.6978594882186
2025-02-02 10:04:59,2,97.6416737531145
2025-02-02 10:06:39,3,99.8995749457882
2025-02-02 10:08:19,4,95.3169556069486
2025-02-02 10:09:59,1,88.8136448813544
2025-02-02 10:11:39,2,97.695625476231
2025-02-02 10:13:19,3,99.887998710197
2025-02-02 10:14:59,4,95.2406440834623
2025-02-02 10:16:39,1,88.9288692792397
2025-02-02 10:18:19,2,97.7489601006802
2025-02-02 10:19:59,3,99.8757915277177
2025-02-02 10:21:39,4,95.1637309683055
2025-02-02 10:23:19,1,89.0435319540545
2025-02-02 10:24:59,2,97.8016772895716
2025-02-02 10:26:39,3,99.8629534754574
2025-02-02 10:28:19,4,95.0862167473031
2025-02-02 10:29:59,1,89.157632181527
2025-02-02 10:31:39,2,97.8537767099149
2025-02-02 10:33:19,3,99.8494846345083
2025-02-02 10:34:59,4,95.0081019100772
2025-02-02 10:36:39,1,89.2711692409382
2025-02-02 10:38:19,2,97.9052580326218
2025-02-02 10:39:59,3,99.8353850899468
2025-02-02 10:41:39,4,94.9293869500435
2025-02-02 10:43:19,1,89.3841424151264
2025-02-02 10:44:59,2,97.9561209325082
2025-02-02 10:46:39,3,99.8206549308334
2025-02-02 10:48:19,4,94.8500723644084
2025-02-02 10:49:59,1,89.4965509904915
2025-02-02 10:51:39,2,98.0063650882964
2025-02-02 10:53:19,3,99.8052942502117
2025-02-02 10:54:59,4,94.7701586541661
2025-02-02 10:56:39,1,89.6083942569999
2025-02-02 10:58:19,2,98.0559901826171
2025-02-02 10:59:59,3,99.7893031451082
2025-02-02 11:01:39,4,94.689646324095
2025-02-02 11:03:19,1,89.7196715081888
2025-02-02 11:04:59,2,98.1049959020112
2025-02-02 11:06:39,3,99.7726817165314
2025-02-02 11:08:19,4,94.6085358827545
2025-02-02 11:09:59,1,89.8303820411704
2025-02-02 11:11:39,2,98.1533819369319
2025-02-02 11:13:19,3,99.7554300694712
2025-02-02 11:14:59,4,94.5268278424825
2025-02-02 11:16:39,1,89.9405251566371
2025-02-02 11:18:19,2,98.2011479817467
2025-02-02 11:19:59,3,99.7375483128985
2025-02-02 11:21:39,4,94.4445227193913
2025-02-02 11:23:19,1,90.0501001588649
2025-02-02 11:24:59,2,98.2482937347394
2025-02-02 11:26:39,3,99.719036559764
2025-02-02 11:28:19,4,94.3616210333648
2025-02-02 11:29:59,1,90.1591063557186
2025-02-02 11:31:39,2,98.2948188981117
2025-02-02 11:33:19,3,99.6998949269982
2025-02-02 11:34:59,4,94.278123308055
2025-02-02 11:36:39,1,90.2675430586559
2025-02-02 11:38:19,2,98.3407231779854
2025-02-02 11:39:59,3,99.6801235355099
2025-02-02 11:41:39,4,94.1940300708791
2025-02-02 11:43:19,1,90.3754095827315
2025-02-02 11:44:59,2,98.3860062844041
2025-02-02 11:46:39,3,99.659722510186
2025-02-02 11:48:19,4,94.1093418530155
2025-02-02 11:49:59,1,90.482705246602
2025-02-02 11:51:39,2,98.4306679313351
2025-02-02 11:53:19,3,99.6386919798906
2025-02-02 11:54:59,4,94.0240591894011
2025-02-02 11:56:39,1,90.5894293725294
2025-02-02 11:58:19,2,98.4747078366713
2025-02-02 11:59:59,3,99.6170320774637
2025-02-02 12:01:39,4,93.9381826187276
2025-02-02 12:03:19,1,90.6955812863863
2025-02-02 12:04:59,2,98.5181257222325
2025-02-02 12:06:39,3,99.5947429397213
2025-02-02 12:08:19,4,93.8517126834381
2025-02-02 12:09:59,1,90.8011603176596
2025-02-02 12:11:39,2,98.5609213137679
2025-02-02 12:13:19,3,99.5718247074535
2025-02-02 12:14:59,4,93.7646499297236
2025-02-02 12:16:39,1,90.9061657994545
2025-02-02 12:18:19,2,98.6030943409572
2025-02-02 12:19:59,3,99.5482775254244
2025-02-02 12:21:39,4,93.6769949075198
2025-02-02 12:23:19,1,91.0105970684996
2025-02-02 12:24:59,2,98.6446445374127
2025-02-02 12:26:39,3,99.5241015423707
2025-02-02 12:28:19,4,93.5887481705035
2025-02-02 12:29:59,1,91.11445346515
2025-02-02 12:31:39,2,98.6855716406807
2025-02-02 12:33:19,3,99.4992969110012
2025-02-02 12:34:59,4,93.499910276089
2025-02-02 12:36:39,1,91.2177343333924
2025-02-02 12:38:19,2,98.7258753922435
2025-02-02 12:39:59,3,99.4738637879953
2025-02-02 12:41:39,4,93.4104817854248
2025-02-02 12:43:19,1,91.3204390208486
2025-02-02 12:44:59,2,98.7655555375205
2025-02-02 12:46:39,3,99.4478023340026
2025-02-02 12:48:19,4,93.3204632633899
2025-02-02 12:49:59,1,91.4225668787801
2025-02-02 12:51:39,2,98.8046118258706
2025-02-02 12:53:19,3,99.4211127136412
2025-02-02 12:54:59,4,93.22985527859
2025-02-02 12:56:39,1,91.5241172620917
2025-02-02 12:58:19,2,98.8430440105928
2025-02-02 12:59:59,3,99.3937950954973
2025-02-02 13:01:39,4,93.1386584033545
2025-02-02 13:03:19,1,91.6250895293362
2025-02-02 13:04:59,2,98.8808518489287
2025-02-02 13:06:39,3,99.365849652124
2025-02-02 13:08:19,4,93.0468732137325
2025-02-02 13:09:59,1,91.7254830427176
2025-02-02 13:11:39,2,98.9180351020633
2025-02-02 13:13:19,3,99.3372765600396
2025-02-02 13:14:59,4,92.954500289489
2025-02-02 13:16:39,1,91.8252971680962
2025-02-02 13:18:19,2,98.9545935351272
2025-02-02 13:19:59,3,99.3080759997276
2025-02-02 13:21:39,4,92.8615402141017
2025-02-02 13:23:19,1,91.9245312749915
2025-02-02 13:24:59,2,98.9905269171972
2025-02-02 13:26:39,3,99.2782481556344
2025-02-02 13:28:19,4,92.767993574757
2025-02-02 13:29:59,1,92.023184736587
2025-02-02 13:31:39,2,99.0258350212987
2025-02-02 13:33:19,3,99.2477932161689
2025-02-02 13:34:59,4,92.6738609623461
2025-02-02 13:36:39,1,92.1212569297339
2025-02-02 13:38:19,2,99.0605176244065
2025-02-02 13:39:59,3,99.2167113737012
2025-02-02 13:41:39,4,92.5791429714619
2025-02-02 13:43:19,1,92.2187472349549
2025-02-02 13:44:59,2,99.0945745074464
2025-02-02 13:46:39,3,99.1850028245609
2025-02-02 13:48:19,4,92.4838402003948
2025-02-02 13:49:59,1,92.3156550364483
2025-02-02 13:51:39,2,99.1280054552966
2025-02-02 13:53:19,3,99.1526677690365
2025-02-02 13:54:59,4,92.3879532511287
2025-02-02 13:56:39,1,92.4119797220916
2025-02-02 13:58:19,2,99.160810256789
2025-02-02 13:59:59,3,99.1197064113739
2025-02-02 14:01:39,4,92.2914827293378
2025-02-02 14:03:19,1,92.5077206834458
2025-02-02 14:04:59,2,99.1929887047109
2025-02-02 14:06:39,3,99.0861189597748
2025-02-02 14:08:19,4,92.1944292443823
2025-02-02 14:09:59,1,92.602877315759
2025-02-02 14:11:39,2,99.2245405958055
2025-02-02 14:13:19,3,99.0519056263959
2025-02-02 14:14:59,4,92.0967934093047
2025-02-02 14:16:39,1,92.6974490179702
2025-02-02 14:18:19,2,99.2554657307739
2025-02-02 14:19:59,3,99.0170666273471
2025-02-02 14:21:39,4,91.9985758408262
2025-02-02 14:23:19,1,92.7914351927131
2025-02-02 14:24:59,2,99.2857639142763
2025-02-02 14:26:39,3,98.9816021826905
2025-02-02 14:28:19,4,91.8997771593422
2025-02-02 14:29:59,1,92.8848352463199
2025-02-02 14:31:39,2,99.3154349549327
2025-02-02 14:33:19,3,98.9455125164389
2025-02-02 14:34:59,4,91.8003979889188
2025-02-02 14:36:39,1,92.9776485888251
2025-02-02 14:38:19,2,99.3444786653249
2025-02-02 14:39:59,3,98.9087978565542
2025-02-02 14:41:39,4,91.700438957289
2025-02-02 14:43:19,1,93.0698746339693
2025-02-02 14:44:59,2,99.372894861997
2025-02-02 14:46:39,3,98.871458434946
2025-02-02 14:48:19,4,91.5999006958483
2025-02-02 14:49:59,1,93.1615127992026
2025-02-02 14:51:39,2,99.4006833654567
2025-02-02 14:53:19,3,98.8334944874706
2025-02-02 14:54:59,4,91.498783839651
2025-02-02 14:56:39,1,93.2525625056885
2025-02-02 14:58:19,2,99.4278440001768
2025-02-02 14:59:59,3,98.7949062539288
2025-02-02 15:01:39,4,91.3970890274061
2025-02-02 15:03:19,1,93.3430231783076
2025-02-02 15:04:59,2,99.454376594596
2025-02-02 15:06:39,3,98.7556939780648
2025-02-02 15:08:19,4,91.2948169014734
2025-02-02 15:09:59,1,93.4328942456612
2025-02-02 15:11:39,2,99.48028098112
2025-02-02 15:13:19,3,98.7158579075648
2025-02-02 15:14:59,4,91.1919681078591
2025-02-02 15:16:39,1,93.5221751400747
2025-02-02 15:18:19,2,99.5055569961226
2025-02-02 15:19:59,3,98.675398294055
2025-02-02 15:21:39,4,91.0885432962122
2025-02-02 15:23:19,1,93.6108652976015
2025-02-02 15:24:59,2,99.5302044799468
2025-02-02 15:26:39,3,98.6343153931003
2025-02-02 15:28:19,4,90.98454311982
2025-02-02 15:29:59,1,93.6989641580263
2025-02-02 15:31:39,2,99.5542232769056
2025-02-02 15:33:19,3,98.5926094642026
2025-02-02 15:34:59,4,90.879968235604
2025-02-02 15:36:39,1,93.7864711648689
2025-02-02 15:38:19,2,99.5776132352833
2025-02-02 15:39:59,3,98.5502807707993
2025-02-02 15:41:39,4,90.7748193041162
2025-02-02 15:43:19,1,93.8733857653874
2025-02-02 15:44:59,2,99.6003742073362
2025-02-02 15:46:39,3,98.5073295802614
2025-02-02 15:48:19,4,90.6690969895342
2025-02-02 15:49:59,1,93.959707410582
2025-02-02 15:51:39,2,99.6225060492936
2025-02-02 15:53:19,3,98.4637561638919
2025-02-02 15:54:59,4,90.5628019596578
2025-02-02 15:56:39,1,94.0454355551983
2025-02-02 15:58:19,2,99.6440086213588
2025-02-02 15:59:59,3,98.4195607969242
2025-02-02 16:01:39,4,90.455934885904
2025-02-02 16:03:19,1,94.1305696577307
2025-02-02 16:04:59,2,99.6648817877098
2025-02-02 16:06:39,3,98.3747437585203
2025-02-02 16:08:19,4,90.3484964433035
2025-02-02 16:09:59,1,94.2151091804259
2025-02-02 16:11:39,2,99.6851254165004
2025-02-02 16:13:19,3,98.329305331769
2025-02-02 16:14:59,4,90.2404873104957
2025-02-02 16:16:39,1,94.2990535892864
2025-02-02 16:18:19,2,99.7047393798609
2025-02-02 16:19:59,3,98.283245803684
2025-02-02 16:21:39,4,90.1319081697252
2025-02-02 16:23:19,1,94.3824023540737
2025-02-02 16:24:59,2,99.7237235538987
2025-02-02 16:26:39,3,98.2365654652024
2025-02-02 16:28:19,4,90.0227597068366
2025-02-02 16:29:59,1,94.4651549483117
2025-02-02 16:31:39,2,99.7420778186995
2025-02-02 16:33:19,3,98.1892646111825
2025-02-02 16:34:59,4,89.9130426112712
2025-02-02 16:36:39,1,94.5473108492899
2025-02-02 16:38:19,2,99.7598020583278
2025-02-02 16:39:59,3,98.1413435404023
2025-02-02 16:41:39,4,89.8027575760616
2025-02-02 16:43:19,1,94.6288695380672
2025-02-02 16:44:59,2,99.7768961608276
2025-02-02 16:46:39,3,98.0928025555573
2025-02-02 16:48:19,4,89.6919052978281
2025-02-02 16:49:59,1,94.7098304994744
2025-02-02 16:51:39,2,99.7933600182234
2025-02-02 16:53:19,3,98.0436419632587
2025-02-02 16:54:59,4,89.5804864767739
2025-02-02 16:56:39,1,94.7901932221182
2025-02-02 16:58:19,2,99.8091935265205
2025-02-02 16:59:59,3,97.9938620740315
2025-02-02 17:01:39,4,89.4685018166808
2025-02-02 17:03:19,1,94.8699571983839
2025-02-02 17:04:59,2,99.8243965857057
2025-02-02 17:06:39,3,97.9434632023126
2025-02-02 17:08:19,4,89.3559520249049
2025-02-02 17:09:59,1,94.9491219244389
2025-02-02 17:11:39,2,99.8389690997484
2025-02-02 17:13:19,3,97.8924456664487
2025-02-02 17:14:59,4,89.2428378123718
2025-02-02 17:16:39,1,95.0276869002357
2025-02-02 17:18:19,2,99.8529109766006
2025-02-02 17:19:59,3,97.8408097886942
2025-02-02 17:21:39,4,89.1291598935723
2025-02-02 17:23:19,1,95.1056516295154
2025-02-02 17:24:59,2,99.8662221281978
2025-02-02 17:26:39,3,97.7885558952094
2025-02-02 17:28:19,4,89.0149189865579
2025-02-02 17:29:59,1,95.1830156198101
2025-02-02 17:31:39,2,99.8789024704596
2025-02-02 17:33:19,3,97.7356843160583
2025-02-02 17:34:59,4,88.9001158129364
2025-02-02 17:36:39,1,95.2597783824471
2025-02-02 17:38:19,2,99.89095192329
2025-02-02 17:39:59,3,97.6821953852065
2025-02-02 17:41:39,4,88.7847510978669
2025-02-02 17:43:19,1,95.3359394325508
2025-02-02 17:44:59,2,99.9023704105781
2025-02-02 17:46:39,3,97.6280894405192
2025-02-02 17:48:19,4,88.6688255700557
2025-02-02 17:49:59,1,95.4114982890468
2025-02-02 17:51:39,2,99.9131578601987
2025-02-02 17:53:19,3,97.5733668237589
2025-02-02 17:54:59,4,88.5523399617513
2025-02-02 17:56:39,1,95.4864544746643
2025-02-02 17:58:19,2,99.9233142040121
2025-02-02 17:59:59,3,97.5180278805834
2025-02-02 18:01:39,4,88.4352950087404
2025-02-02 18:03:19,1,95.5608075159392
2025-02-02 18:04:59,2,99.9328393778656
2025-02-02 18:06:39,3,97.4620729605436
2025-02-02 18:08:19,4,88.3176914503423
2025-02-02 18:09:59,1,95.6345569432173
2025-02-02 18:11:39,2,99.9417333215929
2025-02-02 18:13:19,3,97.4055024170811
2025-02-02 18:14:59,4,88.199530029405
2025-02-02 18:16:39,1,95.7077022906571
2025-02-02 18:18:19,2,99.949995979015
2025-02-02 18:19:59,3,97.3483166075263
2025-02-02 18:21:39,4,88.0808114923004
2025-02-02 18:23:19,1,95.7802430962329
2025-02-02 18:24:59,2,99.9576272979405
2025-02-02 18:26:39,3,97.2905158930957
2025-02-02 18:28:19,4,87.9615365889191
2025-02-02 18:29:59,1,95.8521789017376
2025-02-02 18:31:39,2,99.9646272301659
2025-02-02 18:33:19,3,97.2321006388902
2025-02-02 18:34:59,4,87.8417060726665
2025-02-02 18:36:39,1,95.9235092527854
2025-02-02 18:38:19,2,99.9709957314757
2025-02-02 18:39:59,3,97.1730712138922
2025-02-02 18:41:39,4,87.721320700457
2025-02-02 18:43:19,1,95.9942336988152
2025-02-02 18:44:59,2,99.976732761643
2025-02-02 18:46:39,3,97.1134279909636
2025-02-02 18:48:19,4,87.6003812327101
2025-02-02 18:49:59,1,96.0643517930928
2025-02-02 18:51:39,2,99.9818382844297
2025-02-02 18:53:19,3,97.0531713468435
2025-02-02 18:54:59,4,87.4788884333453
2025-02-02 18:56:39,1,96.1338630927143
2025-02-02 18:58:19,2,99.9863122675865
2025-02-02 18:59:59,3,96.9923016621456
2025-02-02 19:01:39,4,87.3568430697771
2025-02-02 19:03:19,1,96.2027671586086
2025-02-02 19:04:59,2,99.9901546828532
2025-02-02 19:06:39,3,96.9308193213558
2025-02-02 19:08:19,4,87.2342459129103
2025-02-02 19:09:59,1,96.2710635555401
2025-02-02 19:11:39,2,99.9933655059592
2025-02-02 19:13:19,3,96.8687247128301
2025-02-02 19:14:59,4,87.1110977371352
2025-02-02 19:16:39,1,96.3387518521116
2025-02-02 19:18:19,2,99.995944716623
2025-02-02 19:19:59,3,96.8060182287918
2025-02-02 19:21:39,4,86.9873993203227
2025-02-02 19:23:19,1,96.4058316207671
2025-02-02 19:24:59,2,99.9978922985531
2025-02-02 19:26:39,3,96.742700265329
2025-02-02 19:28:19,4,86.8631514438191
2025-02-02 19:29:59,1,96.4723024377943
2025-02-02 19:31:39,2,99.9992082394473
2025-02-02 19:33:19,3,96.6787712223926
2025-02-02 19:34:59,4,86.7383548924416
2025-02-02 19:36:39,1,96.5381638833274
2025-02-02 19:38:19,2,99.9998925309935
2025-02-02 19:39:59,3,96.6142315037929
2025-02-02 19:41:39,4,86.613010454473
2025-02-02 19:43:19,1,96.6034155413497
2025-02-02 19:44:59,2,99.9999451688695
2025-02-02 19:46:39,3,96.5490815171981
2025-02-02 19:48:19,4,86.487118921657
2025-02-02 19:49:59,1,96.6680569996963
2025-02-02 19:51:39,2,99.9993661527425
2025-02-02 19:53:19,3,96.4833216741307
2025-02-02 19:54:59,4,86.3606810891927
2025-02-02 19:56:39,1,96.7320878500566
2025-02-02 19:58:19,2,99.9981554862701
2025-02-02 19:59:59,3,96.4169523899657
2025-02-02 20:01:39,4,86.2336977557304
2025-02-02 20:03:19,1,96.7955076879769
2025-02-02 20:04:59,2,99.9963131770995
2025-02-02 20:06:39,3,96.3499740839277
2025-02-02 20:08:19,4,86.1061697233658
2025-02-02 20:09:59,1,96.8583161128631
2025-02-02 20:11:39,2,99.9938392368677
2025-02-02 20:13:19,3,96.2823871790879
2025-02-02 20:14:59,4,85.9780977976351
2025-02-02 20:16:39,1,96.920512727983
2025-02-02 20:18:19,2,99.9907336812014
2025-02-02 20:19:59,3,96.2141921023619
2025-02-02 20:21:39,4,85.8494827875105
2025-02-02 20:23:19,1,96.9820971404691
2025-02-02 20:24:59,2,99.986996529717
2025-02-02 20:26:39,3,96.1453892845071
2025-02-02 20:28:19,4,85.720325505394
2025-02-02 20:29:59,1,97.0430689613206
2025-02-02 20:31:39,2,99.9826278060205
2025-02-02 20:33:19,3,96.0759791601193
2025-02-02 20:34:59,4,85.5906267671133
2025-02-02 20:36:39,1,97.1034278054065
2025-02-02 20:38:19,2,99.977627537707
2025-02-02 20:39:59,3,96.0059621676306
2025-02-02 20:41:39,4,85.4603873919162
2025-02-02 20:43:19,1,97.1631732914674
2025-02-02 20:44:59,2,99.9719957563609
2025-02-02 20:46:39,3,95.9353387493064
2025-02-02 20:48:19,4,85.3296082024653
2025-02-02 20:49:59,1,97.2223050421184
2025-02-02 20:51:39,2,99.9657324975557
2025-02-02 20:53:19,3,95.8641093512426
2025-02-02 20:54:59,4,85.198290024833
2025-02-02 20:56:39,1,97.2808226838513
2025-02-02 20:58:19,2,99.9588378008535
2025-02-02 20:59:59,3,95.7922744233628
2025-02-02 21:01:39,4,85.0664336884964
2025-02-02 21:03:19,1,97.3387258470367
2025-02-02 21:04:59,2,99.9513117098049
2025-02-02 21:06:39,3,95.7198344194153
2025-02-02 21:08:19,4,84.9340400263317
2025-02-02 21:09:59,1,97.3960141659269
2025-02-02 21:11:39,2,99.9431542719489
2025-02-02 21:13:19,3,95.6467897969708
2025-02-02 21:14:59,4,84.8011098746092
2025-02-02 21:16:39,1,97.4526872786577
2025-02-02 21:18:19,2,99.9343655388121
2025-02-02 21:19:59,3,95.5731410174187
2025-02-02 21:21:39,4,84.667644072988
2025-02-02 21:23:19,1,97.5087448272509
2025-02-02 21:24:59,2,99.9249455659092
2025-02-02 21:26:39,3,95.4988885459646
2025-02-02 21:28:19,4,84.5336434645107
2025-02-02 21:29:59,1,97.5641864576166
2025-02-02 21:31:39,2,99.9148944127416
2025-02-02 21:33:19,3,95.4240328516277
2025-02-02 21:34:59,4,84.399108895598
2025-02-02 21:36:39,1,97.6190118195553
2025-02-02 21:38:19,2,99.904212142798
2025-02-02 21:39:59,3,95.3485744072371
2025-02-02 21:41:39,4,84.2640412160432
2025-02-02 21:43:19,1,97.6732205667602
2025-02-02 21:44:59,2,99.8928988235534
2025-02-02 21:46:39,3,95.2725136894293
2025-02-02 21:48:19,4,84.1284412790073
2025-02-02 21:49:59,1,97.7268123568194
2025-02-02 21:51:39,2,99.8809545264688
2025-02-02 21:53:19,3,95.1958511786453
2025-02-02 21:54:59,4,83.9923099410132
2025-02-02 21:56:39,1,97.779786851218
2025-02-02 21:58:19,2,99.868379326991
2025-02-02 21:59:59,3,95.1185873591271
2025-02-02 22:01:39,4,83.8556480619403
2025-02-02 22:03:19,1,97.8321437153403
2025-02-02 22:04:59,2,99.8551733045517
2025-02-02 22:06:39,3,95.0407227189149
2025-02-02 22:08:19,4,83.7184565050195
2025-02-02 22:09:59,1,97.883882618472
2025-02-02 22:11:39,2,99.8413365425674
2025-02-02 22:13:19,3,94.9622577498442
2025-02-02 22:14:59,4,83.580736136827
2025-02-02 22:16:39,1,97.935003233802
2025-02-02 22:18:19,2,99.8268691284385
2025-02-02 22:19:59,3,94.8831929475423
2025-02-02 22:21:39,4,83.4424878272797
2025-02-02 22:23:19,1,97.9855052384247
2025-02-02 22:24:59,2,99.8117711535491
2025-02-02 22:26:39,3,94.8035288114255
2025-02-02 22:28:19,4,83.303712449629
2025-02-02 22:29:59,1,98.035388313342
2025-02-02 22:31:39,2,99.7960427132662
2025-02-02 22:33:19,3,94.7232658446958
2025-02-02 22:34:59,4,83.1644108804554
2025-02-02 22:36:39,1,98.0846521434652
2025-02-02 22:38:19,2,99.7796839069392
2025-02-02 22:39:59,3,94.6424045543377
2025-02-02 22:41:39,4,83.0245839996637
2025-02-02 22:43:19,1,98.1332964176174
2025-02-02 22:44:59,2,99.7626948378992
2025-02-02 22:46:39,3,94.5609454511151
2025-02-02 22:48:19,4,82.8842326904762
2025-02-02 22:49:59,1,98.1813208285347
2025-02-02 22:51:39,2,99.7450756134584
2025-02-02 22:53:19,3,94.478889049568
2025-02-02 22:54:59,4,82.7433578394281
2025-02-02 22:56:39,1,98.2287250728689
2025-02-02 22:58:19,2,99.7268263449094
2025-02-02 22:59:59,3,94.396235868009
2025-02-02 23:01:39,4,82.6019603363616
2025-02-02 23:03:19,1,98.275508851189
2025-02-02 23:04:59,2,99.7079471475245
2025-02-02 23:06:39,3,94.3129864285208
2025-02-02 23:08:19,4,82.4600410744201
2025-02-02 23:09:59,1,98.3216718679833
2025-02-02 23:11:39,2,99.6884381405549
2025-02-02 23:13:19,3,94.2291412569519
2025-02-02 23:14:59,4,82.3176009500428
2025-02-02 23:16:39,1,98.3672138316611
2025-02-02 23:18:19,2,99.6682994472302
2025-02-02 23:19:59,3,94.1447008829141
2025-02-02 23:21:39,4,82.1746408629591
2025-02-02 23:23:19,1,98.4121344545545
2025-02-02 23:24:59,2,99.6475311947573
2025-02-02 23:26:39,3,94.0596658397786
2025-02-02 23:28:19,4,82.0311617161823
2025-02-02 23:29:59,1,98.4564334529205
2025-02-02 23:31:39,2,99.6261335143198
2025-02-02 23:33:19,3,93.9740366646731
2025-02-02 23:34:59,4,81.8871644160049
2025-02-02 23:36:39,1,98.5001105469426
2025-02-02 23:38:19,2,99.604106541077
2025-02-02 23:39:59,3,93.8878138984778
2025-02-02 23:41:39,4,81.742649871992
2025-02-02 23:43:19,1,98.5431654607325
2025-02-02 23:44:59,2,99.5814504141632
2025-02-02 23:46:39,3,93.8009980858228
2025-02-02 23:48:19,4,81.5976189969761
2025-02-02 23:49:59,1,98.5855979223319
2025-02-02 23:51:39,2,99.558165276687
2025-02-02 23:53:19,3,93.7135897750837
2025-02-02 23:54:59,4,81.452072707051
2025-02-02 23:56:39,1,98.6274076637143
2025-02-02 23:58:19,2,99.5342512757298
2025-02-02 23:59:59,3,93.625589518379
2025-02-03 00:01:39,4,81.3060119215661
2025-02-03 00:03:19,1,98.6685944207868
2025-02-03 00:04:59,2,99.5097085623455
2025-02-03 00:06:39,3,93.5369978715662
2025-02-03 00:08:19,4,81.1594375631207
2025-02-03 00:09:59,1,98.7091579333913
2025-02-03 00:11:39,2,99.4845372915592
2025-02-03 00:13:19,3,93.4478153942383
2025-02-03 00:14:59,4,81.0123505575583
2025-02-03 00:16:39,1,98.7490979453068
2025-02-03 00:18:19,2,99.4587376223663
2025-02-03 00:19:59,3,93.3580426497202
2025-02-03 00:21:39,4,80.8647518339601
2025-02-03 00:23:19,1,98.7884142042502
2025-02-03 00:24:59,2,99.4323097177317
2025-02-03 00:26:39,3,93.2676802050654
2025-02-03 00:28:19,4,80.71664232464
2025-02-03 00:29:59,1,98.8271064618789
2025-02-03 00:31:39,2,99.4052537445882
2025-02-03 00:33:19,3,93.1767286310522
2025-02-03 00:34:59,4,80.5680229651382
2025-02-03 00:36:39,1,98.8651744737914
2025-02-03 00:38:19,2,99.3775698738361
2025-02-03 00:39:59,3,93.0851885021802
2025-02-03 00:41:39,4,80.4188946942153
2025-02-03 00:43:19,1,98.9026179995295
2025-02-03 00:44:59,2,99.3492582803418
2025-02-03 00:46:39,3,92.9930603966665
2025-02-03 00:48:19,4,80.2692584538465
2025-02-03 00:49:59,1,98.9394368025796
2025-02-03 00:51:39,2,99.3203191429366
2025-02-03 00:53:19,3,92.9003448964424
2025-02-03 00:54:59,4,80.1191151892156
2025-02-03 00:56:39,1,98.9756306503741
2025-02-03 00:58:19,2,99.290752644416
2025-02-03 00:59:59,3,92.8070425871494
2025-02-03 01:01:39,4,79.9684658487091
2025-02-03 01:03:19,1,99.0111993142929
2025-02-03 01:04:59,2,99.260558971538
2025-02-03 01:06:39,3,92.7131540581356
2025-02-03 01:08:19,4,79.8173113839101
2025-02-03 01:09:59,1,99.0461425696651
2025-02-03 01:11:39,2,99.2297383150222
2025-02-03 01:13:19,3,92.6186799024519
2025-02-03 01:14:59,4,79.6656527495923
2025-02-03 01:16:39,1,99.0804601957701
2025-02-03 01:18:19,2,99.1982908695487
2025-02-03 01:19:59,3,92.5236207168484
2025-02-03 01:21:39,4,79.5134909037141
2025-02-03 01:23:19,1,99.114151975839
2025-02-03 01:24:59,2,99.1662168337566
2025-02-03 01:26:39,3,92.4279771017706
2025-02-03 01:28:19,4,79.3608268074124
2025-02-03 01:29:59,1,99.1472176970564
2025-02-03 01:31:39,2,99.1335164102429
2025-02-03 01:33:19,3,92.3317496613556
2025-02-03 01:34:59,4,79.2076614249967
2025-02-03 01:36:39,1,99.179657150561
2025-02-03 01:38:19,2,99.1001898055614
2025-02-03 01:39:59,3,92.2349390034282
2025-02-03 01:41:39,4,79.0539957239427
2025-02-03 01:43:19,1,99.2114701314478
2025-02-03 01:44:59,2,99.0662372302208
2025-02-03 01:46:39,3,92.1375457394972
2025-02-03 01:48:19,4,78.8998306748865
2025-02-03 01:49:59,1,99.2426564387686
2025-02-03 01:51:39,2,99.0316588986843
2025-02-03 01:53:19,3,92.0395704847512
2025-02-03 01:54:59,4,78.7451672516184
2025-02-03 01:56:39,1,99.2732158755337
2025-02-03 01:58:19,2,98.9964550293672
2025-02-03 01:59:59,3,91.9410138580553
2025-02-03 02:01:39,4,78.5900064310765
2025-02-03 02:03:19,1,99.3031482487132
2025-02-03 02:04:59,2,98.9606258446365
2025-02-03 02:06:39,3,91.8418764819467
2025-02-03 02:08:19,4,78.434349193341
2025-02-03 02:09:59,1,99.332453369238
2025-02-03 02:11:39,2,98.9241715708086
2025-02-03 02:13:19,3,91.7421589826309
2025-02-03 02:14:59,4,78.2781965216276
2025-02-03 02:16:39,1,99.3611310520008
2025-02-03 02:18:19,2,98.8870924381485
2025-02-03 02:19:59,3,91.6418619899779
2025-02-03 02:21:39,4,78.1215494022814
2025-02-03 02:23:19,1,99.389181115858
2025-02-03 02:24:59,2,98.8493886808684
2025-02-03 02:26:39,3,91.5409861375179
2025-02-03 02:28:19,4,77.9644088247707
2025-02-03 02:29:59,1,99.4166033836301
2025-02-03 02:31:39,2,98.8110605371254
2025-02-03 02:33:19,3,91.4395320624378
2025-02-03 02:34:59,4,77.8067757816809
2025-02-03 02:36:39,1,99.4433976821031
2025-02-03 02:38:19,2,98.7721082490211
2025-02-03 02:39:59,3,91.3375004055764
2025-02-03 02:41:39,4,77.6486512687079
2025-02-03 02:43:19,1,99.4695638420296
2025-02-03 02:44:59,2,98.7325320625993
2025-02-03 02:46:39,3,91.2348918114214
2025-02-03 02:48:19,4,77.490036284652
2025-02-03 02:49:59,1,99.49510169813
2025-02-03 02:51:39,2,98.6923322278447
2025-02-03 02:53:19,3,91.1317069281042
2025-02-03 02:54:59,4,77.3309318314118
2025-02-03 02:56:39,1,99.5200110890933
2025-02-03 02:58:19,2,98.6515089986813
2025-02-03 02:59:59,3,91.0279464073968
2025-02-03 03:01:39,4,77.1713389139775
2025-02-03 03:03:19,1,99.5442918575783
2025-02-03 03:04:59,2,98.6100626329707
2025-02-03 03:06:39,3,90.9236109047069
2025-02-03 03:08:19,4,77.0112585404245
2025-02-03 03:09:59,1,99.5679438502144
2025-02-03 03:11:39,2,98.5679933925107
2025-02-03 03:13:19,3,90.8187010790742
2025-02-03 03:14:59,4,76.8506917219077
2025-02-03 03:16:39,1,99.5909669176028
2025-02-03 03:18:19,2,98.5253015430336
2025-02-03 03:19:59,3,90.7132175931664
2025-02-03 03:21:39,4,76.6896394726542
2025-02-03 03:23:19,1,99.6133609143173
2025-02-03 03:24:59,2,98.4819873542043
2025-02-03 03:26:39,3,90.6071611132743
2025-02-03 03:28:19,4,76.5281028099576
2025-02-03 03:29:59,1,99.6351256989051
2025-02-03 03:31:39,2,98.4380510996187
2025-02-03 03:33:19,3,90.5005323093084
2025-02-03 03:34:59,4,76.3660827541712
2025-02-03 03:36:39,1,99.6562611338882
2025-02-03 03:38:19,2,98.393493056802
2025-02-03 03:39:59,3,90.3933318547942
2025-02-03 03:41:39,4,76.2035803287018
2025-02-03 03:43:19,1,99.6767670857636
2025-02-03 03:44:59,2,98.3483135072072
2025-02-03 03:46:39,3,90.2855604268679
2025-02-03 03:48:19,4,76.0405965600031
2025-02-03 03:49:59,1,99.6966434250046
2025-02-03 03:51:39,2,98.3025127362127
2025-02-03 03:53:19,3,90.1772187062725
2025-02-03 03:54:59,4,75.877132477569
2025-02-03 03:56:39,1,99.7158900260614
2025-02-03 03:58:19,2,98.2560910331212
2025-02-03 03:59:59,3,90.0683073773532
2025-02-03 04:01:39,4,75.7131891139277
2025-02-03 04:03:19,1,99.734506767362
2025-02-03 04:04:59,2,98.2090486911574
2025-02-03 04:06:39,3,89.958827128053
2025-02-03 04:08:19,4,75.5487675046343
2025-02-03 04:09:59,1,99.752493531313
2025-02-03 04:11:39,2,98.1613860074662
2025-02-03 04:13:19,3,89.8487786499089
2025-02-03 04:14:59,4,75.3838686882653
2025-02-03 04:16:39,1,99.7698502043002
2025-02-03 04:18:19,2,98.1131032831111
2025-02-03 04:19:59,3,89.7381626380467
2025-02-03 04:21:39,4,75.2184937064112
2025-02-03 04:23:19,1,99.7865766766894
2025-02-03 04:24:59,2,98.0642008230719
2025-02-03 04:26:39,3,89.6269797911774
2025-02-03 04:28:19,4,75.0526436036701
2025-02-03 04:29:59,1,99.8026728428271
2025-02-03 04:31:39,2,98.0146789362433
2025-02-03 04:33:19,3,89.5152308115921
2025-02-03 04:34:59,4,74.8863194276416
2025-02-03 04:36:39,1,99.8181386010413
2025-02-03 04:38:19,2,97.9645379354324
2025-02-03 04:39:59,3,89.4029164051583
2025-02-03 04:41:39,4,74.7195222289194
2025-02-03 04:43:19,1,99.8329738536417
2025-02-03 04:44:59,2,97.9137781373569
2025-02-03 04:46:39,3,89.2900372813147
2025-02-03 04:48:19,4,74.5522530610854
2025-02-03 04:49:59,1,99.8471785069208
2025-02-03 04:51:39,2,97.8623998626433
2025-02-03 04:53:19,3,89.1765941530672
2025-02-03 04:54:59,4,74.3845129807025
2025-02-03 04:56:39,1,99.8607524711543
2025-02-03 04:58:19,2,97.8104034358249
2025-02-03 04:59:59,3,89.0625877369843
2025-02-03 05:01:39,4,74.2163030473083
2025-02-03 05:03:19,1,99.8736956606017
2025-02-03 05:04:59,2,97.7577891853391
2025-02-03 05:06:39,3,88.9480187531925
2025-02-03 05:08:19,4,74.047624323408
2025-02-03 05:09:59,1,99.8860079935069
2025-02-03 05:11:39,2,97.7045574435264
2025-02-03 05:13:19,3,88.8328879253717
2025-02-03 05:14:59,4,73.8784778744683
2025-02-03 05:16:39,1,99.8976893920983
2025-02-03 05:18:19,2,97.6507085466272
2025-02-03 05:19:59,3,88.7171959807508
2025-02-03 05:21:39,4,73.70886476891
2025-02-03 05:23:19,1,99.9087397825899
2025-02-03 05:24:59,2,97.5962428347804
2025-02-03 05:26:39,3,88.6009436501031
2025-02-03 05:28:19,4,73.5387860781016
2025-02-03 05:29:59,1,99.9191590951814
2025-02-03 05:31:39,2,97.5411606520211
2025-02-03 05:33:19,3,88.4841316677413
2025-02-03 05:34:59,4,73.3682428763526
2025-02-03 05:36:39,1,99.9289472640589
2025-02-03 05:38:19,2,97.4854623462784
2025-02-03 05:39:59,3,88.3667607715136
2025-02-03 05:41:39,4,73.1972362409066
2025-02-03 05:43:19,1,99.9381042273949
2025-02-03 05:44:59,2,97.4291482693729
2025-02-03 05:46:39,3,88.2488317027982
2025-02-03 05:48:19,4,73.0257672519344
2025-02-03 05:49:59,1,99.9466299273491
2025-02-03 05:51:39,2,97.372218777015
2025-02-03 05:53:19,3,88.1303452064992
2025-02-03 05:54:59,4,72.8538369925273
2025-02-03 05:56:39,1,99.9545243100685
2025-02-03 05:58:19,2,97.3146742288023
2025-02-03 05:59:59,3,88.0113020310419
2025-02-03 06:01:39,4,72.6814465486903
2025-02-03 06:03:19,1,99.9617873256878
2025-02-03 06:04:59,2,97.2565149882174
2025-02-03 06:06:39,3,87.8917029283674
2025-02-03 06:08:19,4,72.5085970093351
2025-02-03 06:09:59,1,99.96841892833
2025-02-03 06:11:39,2,97.1977414226258
2025-02-03 06:13:19,3,87.7715486539288
2025-02-03 06:14:59,4,72.3352894662734
2025-02-03 06:16:39,1,99.9744190761062
2025-02-03 06:18:19,2,97.1383539032732
2025-02-03 06:19:59,3,87.6508399666859
2025-02-03 06:21:39,4,72.1615250142098
2025-02-03 06:23:19,1,99.9797877311163
2025-02-03 06:24:59,2,97.0783528052834
2025-02-03 06:26:39,3,87.5295776291002
2025-02-03 06:28:19,4,71.987304750735
2025-02-03 06:29:59,1,99.9845248594489
2025-02-03 06:31:39,2,97.017738507656
2025-02-03 06:33:19,3,87.4077624071305
2025-02-03 06:34:59,4,71.8126297763189
2025-02-03 06:36:39,1,99.9886304311816
2025-02-03 06:38:19,2,96.9565113932638
2025-02-03 06:39:59,3,87.2853950702281
2025-02-03 06:41:39,4,71.6375011943036
2025-02-03 06:43:19,1,99.9921044203816
2025-02-03 06:44:59,2,96.8946718488506
2025-02-03 06:46:39,3,87.1624763913316
2025-02-03 06:48:19,4,71.4619201108962
2025-02-03 06:49:59,1,99.9949468051052
2025-02-03 06:51:39,2,96.8322202650286
2025-02-03 06:53:19,3,87.0390071468621
2025-02-03 06:54:59,4,71.2858876351626
2025-02-03 06:56:39,1,99.9971575673983
2025-02-03 06:58:19,2,96.7691570362758
2025-02-03 06:59:59,3,86.9149881167184
2025-02-03 07:01:39,4,71.1094048790193
2025-02-03 07:03:19,1,99.9987366932966
2025-02-03 07:04:59,2,96.705482560934
2025-02-03 07:06:39,3,86.7904200842722
2025-02-03 07:08:19,4,70.9324729572274
2025-02-03 07:09:59,1,99.9996841728254
2025-02-03 07:11:39,2,96.6411972412056
2025-02-03 07:13:19,3,86.6653038363629
2025-02-03 07:14:59,4,70.7550929873851
2025-02-03 07:16:39,1,100
2025-02-03 07:18:19,2,96.5763014831518
2025-02-03 07:19:59,3,86.5396401632927
2025-02-03 07:21:39,4,70.5772660899207
2025-02-03 07:23:19,1,99.9996841728254
2025-02-03 07:24:59,2,96.5107956966894
2025-02-03 07:26:39,3,86.4134298588216
2025-02-03 07:28:19,4,70.3989933880855
2025-02-03 07:29:59,1,99.9987366932966
2025-02-03 07:31:39,2,96.4446802955886
2025-02-03 07:33:19,3,86.2866737201625
2025-02-03 07:34:59,4,70.2202760079468
2025-02-03 07:36:39,1,99.9971575673983
2025-02-03 07:38:19,2,96.3779556974701
2025-02-03 07:39:59,3,86.1593725479761
2025-02-03 07:41:39,4,70.0411150783807
2025-02-03 07:43:19,1,99.9949468051052
2025-02-03 07:44:59,2,96.3106223238028
2025-02-03 07:46:39,3,86.0315271463658
2025-02-03 07:48:19,4,69.8615117310649
2025-02-03 07:49:59,1,99.9921044203816
2025-02-03 07:51:39,2,96.2426805999009
2025-02-03 07:53:19,3,85.9031383228726
2025-02-03 07:54:59,4,69.6814671004719
2025-02-03 07:56:39,1,99.9886304311816
2025-02-03 07:58:19,2,96.1741309549211
2025-02-03 07:59:59,3,85.7742068884701
2025-02-03 08:01:39,4,69.5009823238614
2025-02-03 08:03:19,1,99.9845248594489
2025-02-03 08:04:59,2,96.1049738218605
2025-02-03 08:06:39,3,85.6447336575593
2025-02-03 08:08:19,4,69.3200585412734
2025-02-03 08:09:59,1,99.9797877311163
2025-02-03 08:11:39,2,96.0352096375529
2025-02-03 08:13:19,3,85.5147194479636
2025-02-03 08:14:59,4,69.1386968955207
2025-02-03 08:16:39,1,99.9744190761062
2025-02-03 08:18:19,2,95.9648388426669
2025-02-03 08:19:59,3,85.3841650809232
2025-02-03 08:21:39,4,68.956898532182
2025-02-03 08:23:19,1,99.96841892833
2025-02-03 08:24:59,2,95.8938618817026
2025-02-03 08:26:39,3,85.2530713810906
2025-02-03 08:28:19,4,68.7746645995948
2025-02-03 08:29:59,1,99.9617873256878
2025-02-03 08:31:39,2,95.8222792029892
2025-02-03 08:33:19,3,85.1214391765248
2025-02-03 08:34:59,4,68.5919962488475
2025-02-03 08:36:39,1,99.9545243100685
2025-02-03 08:38:19,2,95.7500912586817
2025-02-03 08:39:59,3,84.9892692986864
2025-02-03 08:41:39,4,68.4088946337727
2025-02-03 08:43:19,1,99.9466299273491
2025-02-03 08:44:59,2,95.6772985047584
2025-02-03 08:46:39,3,84.8565625824321
2025-02-03 08:48:19,4,68.2253609109397
2025-02-03 08:49:59,1,99.9381042273949
2025-02-03 08:51:39,2,95.603901401018
2025-02-03 08:53:19,3,84.7233198660097
2025-02-03 08:54:59,4,68.0413962396472
2025-02-03 08:56:39,1,99.9289472640589
2025-02-03 08:58:19,2,95.5299004110763
2025-02-03 08:59:59,3,84.5895419910526
2025-02-03 09:01:39,4,67.8570017819162
2025-02-03 09:03:19,1,99.9191590951814
2025-02-03 09:04:59,2,95.455296002364
2025-02-03 09:06:39,3,84.4552298025746
2025-02-03 09:08:19,4,67.6721787024822
2025-02-03 09:09:59,1,99.9087397825899
2025-02-03 09:11:39,2,95.3800886461229
2025-02-03 09:13:19,3,84.3203841489643
2025-02-03 09:14:59,4,67.4869281687882
2025-02-03 09:16:39,1,99.8976893920983
2025-02-03 09:18:19,2,95.3042788174036
2025-02-03 09:19:59,3,84.1850058819804
2025-02-03 09:21:39,4,67.3012513509774
2025-02-03 09:23:19,1,99.8860079935069
2025-02-03 09:24:59,2,95.2278669950623
2025-02-03 09:26:39,3,84.0490958567455
2025-02-03 09:28:19,4,67.1151494218853
2025-02-03 09:29:59,1,99.8736956606017
2025-02-03 09:31:39,2,95.1508536617574
2025-02-03 09:33:19,3,83.9126549317411
2025-02-03 09:34:59,4,66.9286235570329
2025-02-03 09:36:39,1,99.8607524711543
2025-02-03 09:38:19,2,95.0732393039471
2025-02-03 09:39:59,3,83.7756839688024
2025-02-03 09:41:39,4,66.741674934619
2025-02-03 09:43:19,1,99.8471785069208
2025-02-03 09:44:59,2,94.9950244118858
2025-02-03 09:46:39,3,83.6381838331123
2025-02-03 09:48:19,4,66.5543047355126
2025-02-03 09:49:59,1,99.8329738536417
2025-02-03 09:51:39,2,94.9162094796213
2025-02-03 09:53:19,3,83.5001553931964
2025-02-03 09:54:59,4,66.3665141432459
2025-02-03 09:56:39,1,99.8181386010413
2025-02-03 09:58:19,2,94.8367950049916
2025-02-03 09:59:59,3,83.3615995209174
2025-02-03 10:01:39,4,66.1783043440061
2025-02-03 10:03:19,1,99.8026728428271
2025-02-03 10:04:59,2,94.7567814896216
2025-02-03 10:06:39,3,83.2225170914695
2025-02-03 10:08:19,4,65.9896765266287
2025-02-03 10:09:59,1,99.7865766766894
2025-02-03 10:11:39,2,94.6761694389202
2025-02-03 10:13:19,3,83.0829089833729
2025-02-03 10:14:59,4,65.8006318825896
2025-02-03 10:16:39,1,99.7698502043002
2025-02-03 10:18:19,2,94.5949593620768
2025-02-03 10:19:59,3,82.9427760784683
2025-02-03 10:21:39,4,65.6111716059974
2025-02-03 10:23:19,1,99.752493531313
2025-02-03 10:24:59,2,94.5131517720586
2025-02-03 10:26:39,3,82.8021192619113
2025-02-03 10:28:19,4,65.4212968935861
2025-02-03 10:29:59,1,99.734506767362
2025-02-03 10:31:39,2,94.4307471856066
2025-02-03 10:33:19,3,82.6609394221667
2025-02-03 10:34:59,4,65.2310089447078
2025-02-03 10:36:39,1,99.7158900260614
2025-02-03 10:38:19,2,94.3477461232331
2025-02-03 10:39:59,3,82.5192374510032
2025-02-03 10:41:39,4,65.0403089613244
2025-02-03 10:43:19,1,99.6966434250046
2025-02-03 10:44:59,2,94.2641491092179
2025-02-03 10:46:39,3,82.3770142434874
2025-02-03 10:48:19,4,64.8491981480008
2025-02-03 10:49:59,1,99.6767670857636
2025-02-03 10:51:39,2,94.179956671605
2025-02-03 10:53:19,3,82.2342706979784
2025-02-03 10:54:59,4,64.6576777118966
2025-02-03 10:56:39,1,99.6562611338882
2025-02-03 10:58:19,2,94.0951693421998
2025-02-03 10:59:59,3,82.0910077161221
2025-02-03 11:01:39,4,64.4657488627591
2025-02-03 11:03:19,1,99.6351256989051
2025-02-03 11:04:59,2,94.0097876565651
2025-02-03 11:06:39,3,81.9472262028452
2025-02-03 11:08:19,4,64.2734128129153
2025-02-03 11:09:59,1,99.6133609143173
2025-02-03 11:11:39,2,93.923812154018
2025-02-03 11:13:19,3,81.80292706635
2025-02-03 11:14:59,4,64.0806707772639
2025-02-03 11:16:39,1,99.5909669176028
2025-02-03 11:18:19,2,93.8372433776265
2025-02-03 11:19:59,3,81.6581112181082
2025-02-03 11:21:39,4,63.8875239732687
2025-02-03 11:23:19,1,99.5679438502144
2025-02-03 11:24:59,2,93.7500818742061
2025-02-03 11:26:39,3,81.5127795728554
2025-02-03 11:28:19,4,63.6939736209497
2025-02-03 11:29:59,1,99.5442918575783
2025-02-03 11:31:39,2,93.6623281943161
2025-02-03 11:33:19,3,81.3669330485854
2025-02-03 11:34:59,4,63.5000209428761
2025-02-03 11:36:39,1,99.5200110890933
2025-02-03 11:38:19,2,93.5739828922566
2025-02-03 11:39:59,3,81.2205725665439
2025-02-03 11:41:39,4,63.3056671641585
2025-02-03 11:43:19,1,99.49510169813
2025-02-03 11:44:59,2,93.4850465260644
2025-02-03 11:46:39,3,81.0736990512234
2025-02-03 11:48:19,4,63.110913512441
2025-02-03 11:49:59,1,99.4695638420296
2025-02-03 11:51:39,2,93.39551965751
2025-02-03 11:53:19,3,80.9263134303568
2025-02-03 11:54:59,4,62.9157612178935
2025-02-03 11:56:39,1,99.4433976821031
2025-02-03 11:58:19,2,93.3054028520938
2025-02-03 11:59:59,3,80.7784166349118
2025-02-03 12:01:39,4,62.7202115132039
2025-02-03 12:03:19,1,99.4166033836301
2025-02-03 12:04:59,2,93.2146966790424
2025-02-03 12:06:39,3,80.6300095990849
2025-02-03 12:08:19,4,62.5242656335705
2025-02-03 12:09:59,1,99.389181115858
2025-02-03 12:11:39,2,93.1234017113053
2025-02-03 12:13:19,3,80.4810932602956
2025-02-03 12:14:59,4,62.327924816694
2025-02-03 12:16:39,1,99.3611310520008
2025-02-03 12:18:19,2,93.0315185255513
2025-02-03 12:19:59,3,80.3316685591805
2025-02-03 12:21:39,4,62.1311903027696
2025-02-03 12:23:19,1,99.332453369238
2025-02-03 12:24:59,2,92.9390477021644
2025-02-03 12:26:39,3,80.1817364395871
2025-02-03 12:28:19,4,61.9340633344793
2025-02-03 12:29:59,1,99.3031482487132
2025-02-03 12:31:39,2,92.8459898252406
2025-02-03 12:33:19,3,80.0312978485683
2025-02-03 12:34:59,4,61.7365451569845
2025-02-03 12:36:39,1,99.2732158755337
2025-02-03 12:38:19,2,92.752345482584
2025-02-03 12:39:59,3,79.880353736376
2025-02-03 12:41:39,4,61.5386370179172
2025-02-03 12:43:19,1,99.2426564387686
2025-02-03 12:44:59,2,92.6581152657032
2025-02-03 12:46:39,3,79.7289050564551
2025-02-03 12:48:19,4,61.3403401673726
2025-02-03 12:49:59,1,99.2114701314478
2025-02-03 12:51:39,2,92.5632997698074
2025-02-03 12:53:19,3,79.5769527654378
2025-02-03 12:54:59,4,61.1416558579017
2025-02-03 12:56:39,1,99.179657150561
2025-02-03 12:58:19,2,92.467899593803
2025-02-03 12:59:59,3,79.4244978231375
2025-02-03 13:01:39,4,60.9425853445023
2025-02-03 13:03:19,1,99.1472176970564
2025-02-03 13:04:59,2,92.3719153402891
2025-02-03 13:06:39,3,79.2715411925424
2025-02-03 13:08:19,4,60.7431298846121
2025-02-03 13:09:59,1,99.114151975839
2025-02-03 13:11:39,2,92.2753476155546
2025-02-03 13:13:19,3,79.1180838398096
2025-02-03 13:14:59,4,60.5432907381002
2025-02-03 13:16:39,1,99.0804601957701
2025-02-03 13:18:19,2,92.1781970295736
2025-02-03 13:19:59,3,78.9641267342593
2025-02-03 13:21:39,4,60.3430691672591
2025-02-03 13:23:19,1,99.0461425696651
2025-02-03 13:24:59,2,92.0804641960021
2025-02-03 13:26:39,3,78.8096708483682
2025-02-03 13:28:19,4,60.1424664367973
2025-02-03 13:29:59,1,99.0111993142929
2025-02-03 13:31:39,2,91.9821497321738
2025-02-03 13:33:19,3,78.6547171577636
2025-02-03 13:34:59,4,59.9414838138305
2025-02-03 13:36:39,1,98.9756306503741
2025-02-03 13:38:19,2,91.8832542590962
2025-02-03 13:39:59,3,78.4992666412172
2025-02-03 13:41:39,4,59.7401225678742
2025-02-03 13:43:19,1,98.9394368025796
2025-02-03 13:44:59,2,91.7837784014469
2025-02-03 13:46:39,3,78.3433202806391
2025-02-03 13:48:19,4,59.5383839708355
2025-02-03 13:49:59,1,98.9026179995295
2025-02-03 13:51:39,2,91.6837227875695
2025-02-03 13:53:19,3,78.186879061071
2025-02-03 13:54:59,4,59.3362692970051
2025-02-03 13:56:39,1,98.8651744737914
2025-02-03 13:58:19,2,91.5830880494696
2025-02-03 13:59:59,3,78.029943970681
2025-02-03 14:01:39,4,59.1337798230489
2025-02-03 14:03:19,1,98.8271064618789
2025-02-03 14:04:59,2,91.481874822811
2025-02-03 14:06:39,3,77.8725160007561
2025-02-03 14:08:19,4,58.9309168280007
2025-02-03 14:09:59,1,98.7884142042502
2025-02-03 14:11:39,2,91.3800837469113
2025-02-03 14:13:19,3,77.7145961456971
2025-02-03 14:14:59,4,58.7276815932533
2025-02-03 14:16:39,1,98.7490979453068
2025-02-03 14:18:19,2,91.2777154647383
2025-02-03 14:19:59,3,77.5561854030116
2025-02-03 14:21:39,4,58.524075402551
2025-02-03 14:23:19,1,98.7091579333913
2025-02-03 14:24:59,2,91.1747706229058
2025-02-03 14:26:39,3,77.397284773308
2025-02-03 14:28:19,4,58.3200995419811
2025-02-03 14:29:59,1,98.6685944207868
2025-02-03 14:31:39,2,91.0712498716693
2025-02-03 14:33:19,3,77.2378952602889
2025-02-03 14:34:59,4,58.115755299966
2025-02-03 14:36:39,1,98.6274076637143
2025-02-03 14:38:19,2,90.9671538649221
2025-02-03 14:39:59,3,77.0780178707452
2025-02-03 14:41:39,4,57.911043967255
2025-02-03 14:43:19,1,98.5855979223319
2025-02-03 14:44:59,2,90.8624832601912
2025-02-03 14:46:39,3,76.9176536145494
2025-02-03 14:48:19,4,57.705966836916
2025-02-03 14:49:59,1,98.5431654607325
2025-02-03 14:51:39,2,90.757238718633
2025-02-03 14:53:19,3,76.7568035046492
2025-02-03 14:54:59,4,57.5005252043279
2025-02-03 14:56:39,1,98.5001105469426
2025-02-03 14:58:19,2,90.6514209050293
2025-02-03 14:59:59,3,76.5954685570614
2025-02-03 15:01:39,4,57.2947203671715
2025-02-03 15:03:19,1,98.4564334529205
2025-02-03 15:04:59,2,90.5450304877828
2025-02-03 15:06:39,3,76.4336497908652
2025-02-03 15:08:19,4,57.088553625422
2025-02-03 15:09:59,1,98.4121344545545
2025-02-03 15:11:39,2,90.4380681389133
2025-02-03 15:13:19,3,76.2713482281958
2025-02-03 15:14:59,4,56.8820262813407
2025-02-03 15:16:39,1,98.3672138316611
2025-02-03 15:18:19,2,90.330534534053
2025-02-03 15:19:59,3,76.1085648942382
2025-02-03 15:21:39,4,56.6751396394664
2025-02-03 15:23:19,1,98.3216718679833
2025-02-03 15:24:59,2,90.2224303524428
2025-02-03 15:26:39,3,75.9453008172203
2025-02-03 15:28:19,4,56.4678950066077
2025-02-03 15:29:59,1,98.275508851189
2025-02-03 15:31:39,2,90.1137562769273
2025-02-03 15:33:19,3,75.7815570284068
2025-02-03 15:34:59,4,56.2602936918344
2025-02-03 15:36:39,1,98.2287250728689
2025-02-03 15:38:19,2,90.004512993951
2025-02-03 15:39:59,3,75.6173345620925
2025-02-03 15:41:39,4,56.052337006469
2025-02-03 15:43:19,1,98.1813208285347
2025-02-03 15:44:59,2,89.894701193554
2025-02-03 15:46:39,3,75.4526344555956
2025-02-03 15:48:19,4,55.8440262640791
2025-02-03 15:49:59,1,98.1332964176174
2025-02-03 15:51:39,2,89.7843215693672
2025-02-03 15:53:19,3,75.2874577492517
2025-02-03 15:54:59,4,55.6353627804687
2025-02-03 15:56:39,1,98.0846521434652
2025-02-03 15:58:19,2,89.6733748186083
2025-02-03 15:59:59,3,75.1218054864065
2025-02-03 16:01:39,4,55.4263478736694
2025-02-03 16:03:19,1,98.035388313342
2025-02-03 16:04:59,2,89.5618616420773
2025-02-03 16:06:39,3,74.9556787134098
2025-02-03 16:08:19,4,55.2169828639333
2025-02-03 16:09:59,1,97.9855052384247
2025-02-03 16:11:39,2,89.449782744152
2025-02-03 16:13:19,3,74.7890784796085
2025-02-03 16:14:59,4,55.0072690737234
2025-02-03 16:16:39,1,97.935003233802
2025-02-03 16:18:19,2,89.3371388327838
2025-02-03 16:19:59,3,74.6220058373403
2025-02-03 16:21:39,4,54.797207827706
2025-02-03 16:23:19,1,97.883882618472
2025-02-03 16:24:59,2,89.2239306194926
2025-02-03 16:26:39,3,74.4544618419268
2025-02-03 16:28:19,4,54.5868004527422
2025-02-03 16:29:59,1,97.8321437153403
2025-02-03 16:31:39,2,89.1101588193632
2025-02-03 16:33:19,3,74.2864475516668
2025-02-03 16:34:59,4,54.3760482778793
2025-02-03 16:36:39,1,97.779786851218
2025-02-03 16:38:19,2,88.99582415104
2025-02-03 16:39:59,3,74.1179640278301
2025-02-03 16:41:39,4,54.1649526343424
2025-02-03 16:43:19,1,97.7268123568194
2025-02-03 16:44:59,2,88.880927336723
2025-02-03 16:46:39,3,73.9490123346501
2025-02-03 16:48:19,4,53.9535148555266
2025-02-03 16:49:59,1,97.6732205667602
2025-02-03 16:51:39,2,88.7654691021629
2025-02-03 16:53:19,3,73.7795935393175
2025-02-03 16:54:59,4,53.7417362769876
2025-02-03 16:56:39,1,97.6190118195553
2025-02-03 16:58:19,2,88.6494501766566
2025-02-03 16:59:59,3,73.6097087119734
2025-02-03 17:01:39,4,53.5296182364341
2025-02-03 17:03:19,1,97.5641864576166
2025-02-03 17:04:59,2,88.5328712930428
2025-02-03 17:06:39,3,73.4393589257029
2025-02-03 17:08:19,4,53.3171620737189
2025-02-03 17:09:59,1,97.5087448272509
2025-02-03 17:11:39,2,88.415733187697
2025-02-03 17:13:19,3,73.2685452565278
2025-02-03 17:14:59,4,53.1043691308306
2025-02-03 17:16:39,1,97.4526872786577
2025-02-03 17:18:19,2,88.2980366005271
2025-02-03 17:19:59,3,73.0972687833999
2025-02-03 17:21:39,4,52.8912407518851
2025-02-03 17:23:19,1,97.3960141659269
2025-02-03 17:24:59,2,88.1797822749688
2025-02-03 17:26:39,3,72.9255305881946
2025-02-03 17:28:19,4,52.677778283117
2025-02-03 17:29:59,1,97.3387258470367
2025-02-03 17:31:39,2,88.0609709579807
2025-02-03 17:33:19,3,72.7533317557037
2025-02-03 17:34:59,4,52.4639830728714
2025-02-03 17:36:39,1,97.2808226838513
2025-02-03 17:38:19,2,87.9416034000396
2025-02-03 17:39:59,3,72.5806733736286
2025-02-03 17:41:39,4,52.2498564715949
2025-02-03 17:43:19,1,97.2223050421184
2025-02-03 17:44:59,2,87.8216803551359
2025-02-03 17:46:39,3,72.4075565325735
2025-02-03 17:48:19,4,52.0353998318276
2025-02-03 17:49:59,1,97.1631732914674
2025-02-03 17:51:39,2,87.7012025807687
2025-02-03 17:53:19,3,72.2339823260383
2025-02-03 17:54:59,4,51.8206145081941
2025-02-03 17:56:39,1,97.1034278054065
2025-02-03 17:58:19,2,87.5801708379411
2025-02-03 17:59:59,3,72.0599518504123
2025-02-03 18:01:39,4,51.6055018573954
2025-02-03 18:03:19,1,97.0430689613206
2025-02-03 18:04:59,2,87.4585858911554
2025-02-03 18:06:39,3,71.8854662049664
2025-02-03 18:08:19,4,51.3900632381997
2025-02-03 18:09:59,1,96.9820971404691
2025-02-03 18:11:39,2,87.3364485084081
2025-02-03 18:13:19,3,71.7105264918467
2025-02-03 18:14:59,4,51.1743000114345
2025-02-03 18:16:39,1,96.9205127279831
2025-02-03 18:18:19,2,87.2137594611855
2025-02-03 18:19:59,3,71.5351338160676
2025-02-03 18:21:39,4,50.9582135399777
2025-02-03 18:23:19,1,96.8583161128631
2025-02-03 18:24:59,2,87.0905195244581
2025-02-03 18:26:39,3,71.3592892855046
2025-02-03 18:28:19,4,50.7418051887487
2025-02-03 18:29:59,1,96.7955076879769
2025-02-03 18:31:39,2,86.9667294766765
2025-02-03 18:33:19,3,71.1829940108873
2025-02-03 18:34:59,4,50.5250763247005
2025-02-03 18:36:39,1,96.7320878500566
2025-02-03 18:38:19,2,86.8423900997657
2025-02-03 18:39:59,3,71.0062491057925
2025-02-03 18:41:39,4,50.3080283168101
2025-02-03 18:43:19,1,96.6680569996963
2025-02-03 18:44:59,2,86.717502179121
2025-02-03 18:46:39,3,70.8290556866369
2025-02-03 18:48:19,4,50.090662536071
2025-02-03 18:49:59,1,96.6034155413497
2025-02-03 18:51:39,2,86.5920665036022
2025-02-03 18:53:19,3,70.6514148726707
2025-02-03 18:54:59,4,49.8729803554834
2025-02-03 18:56:39,1,96.5381638833274
2025-02-03 18:58:19,2,86.4660838655294
2025-02-03 18:59:59,3,70.4733277859697
2025-02-03 19:01:39,4,49.6549831500463
2025-02-03 19:03:19,1,96.4723024377943
2025-02-03 19:04:59,2,86.3395550606772
2025-02-03 19:06:39,3,70.2947955514286
2025-02-03 19:08:19,4,49.4366722967486
2025-02-03 19:09:59,1,96.4058316207671
2025-02-03 19:11:39,2,86.2124808882704
2025-02-03 19:13:19,3,70.1158192967542
2025-02-03 19:14:59,4,49.2180491745603
2025-02-03 19:16:39,1,96.3387518521116
2025-02-03 19:18:19,2,86.0848621509786
2025-02-03 19:19:59,3,69.9364001524578
2025-02-03 19:21:39,4,48.9991151644237
2025-02-03 19:23:19,1,96.2710635555401
2025-02-03 19:24:59,2,85.9566996549109
2025-02-03 19:26:39,3,69.7565392518482
2025-02-03 19:28:19,4,48.7798716492451
2025-02-03 19:29:59,1,96.2027671586086
2025-02-03 19:31:39,2,85.8279942096116
2025-02-03 19:33:19,3,69.5762377310245
2025-02-03 19:34:59,4,48.5603200138857
2025-02-03 19:36:39,1,96.1338630927143
2025-02-03 19:38:19,2,85.6987466280539
2025-02-03 19:39:59,3,69.3954967288692
2025-02-03 19:41:39,4,48.3404616451531
2025-02-03 19:43:19,1,96.0643517930928
2025-02-03 19:44:59,2,85.568957726636
2025-02-03 19:46:39,3,69.2143173870407
2025-02-03 19:48:19,4,48.120297931792
2025-02-03 19:49:59,1,95.9942336988152
2025-02-03 19:51:39,2,85.4386283251751
2025-02-03 19:53:19,3,69.0327008499662
2025-02-03 19:54:59,4,47.8998302644761
2025-02-03 19:56:39,1,95.9235092527854
2025-02-03 19:58:19,2,85.3077592469025
2025-02-03 19:59:59,3,68.8506482648343
2025-02-03 20:01:39,4,47.6790600357992
2025-02-03 20:03:19,1,95.8521789017376
2025-02-03 20:04:59,2,85.1763513184584
2025-02-03 20:06:39,3,68.6681607815883
2025-02-03 20:08:19,4,47.4579886402658
2025-02-03 20:09:59,1,95.7802430962329
2025-02-03 20:11:39,2,85.0444053698867
2025-02-03 20:13:19,3,68.4852395529182
2025-02-03 20:14:59,4,47.2366174742833
2025-02-03 20:16:39,1,95.7077022906571
2025-02-03 20:18:19,2,84.9119222346298
2025-02-03 20:19:59,3,68.3018857342539
2025-02-03 20:21:39,4,47.014947936152
2025-02-03 20:23:19,1,95.6345569432173
2025-02-03 20:24:59,2,84.7789027495231
2025-02-03 20:26:39,3,68.1181004837578
2025-02-03 20:28:19,4,46.7929814260573
2025-02-03 20:29:59,1,95.5608075159392
2025-02-03 20:31:39,2,84.64534775479
2025-02-03 20:33:19,3,67.9338849623174
2025-02-03 20:34:59,4,46.5707193460604
2025-02-03 20:36:39,1,95.4864544746643
2025-02-03 20:38:19,2,84.5112580940365
2025-02-03 20:39:59,3,67.7492403335381
2025-02-03 20:41:39,4,46.3481631000892
2025-02-03 20:43:19,1,95.4114982890469
2025-02-03 20:44:59,2,84.3766346142456
2025-02-03 20:46:39,3,67.5641677637357
2025-02-03 20:48:19,4,46.1253140939301
2025-02-03 20:49:59,1,95.3359394325508
2025-02-03 20:51:39,2,84.2414781657725
2025-02-03 20:53:19,3,67.3786684219291
2025-02-03 20:54:59,4,45.9021737352184
2025-02-03 20:56:39,1,95.2597783824471
2025-02-03 20:58:19,2,84.1057896023388
2025-02-03 20:59:59,3,67.192743479833
2025-02-03 21:01:39,4,45.6787434334299
2025-02-03 21:03:19,1,95.1830156198101
2025-02-03 21:04:59,2,83.9695697810271
2025-02-03 21:06:39,3,67.0063941118504
2025-02-03 21:08:19,4,45.455024599872
2025-02-03 21:09:59,1,95.1056516295154
2025-02-03 21:11:39,2,83.8328195622759
2025-02-03 21:13:19,3,66.8196214950652
2025-02-03 21:14:59,4,45.2310186476742
2025-02-03 21:16:39,1,95.0276869002358
2025-02-03 21:18:19,2,83.6955398098739
2025-02-03 21:19:59,3,66.6324268092346
2025-02-03 21:21:39,4,45.0067269917799
2025-02-03 21:23:19,1,94.9491219244389
2025-02-03 21:24:59,2,83.5577313909546
2025-02-03 21:26:39,3,66.4448112367822
2025-02-03 21:28:19,4,44.7821510489372
2025-02-03 21:29:59,1,94.8699571983839
2025-02-03 21:31:39,2,83.419395175991
2025-02-03 21:33:19,3,66.2567759627897
2025-02-03 21:34:59,4,44.5572922376897
2025-02-03 21:36:39,1,94.7901932221182
2025-02-03 21:38:19,2,83.2805320387896
2025-02-03 21:39:59,3,66.0683221749904
2025-02-03 21:41:39,4,44.3321519783678
2025-02-03 21:43:19,1,94.7098304994744
2025-02-03 21:44:59,2,83.1411428564856
2025-02-03 21:46:39,3,65.8794510637605
2025-02-03 21:48:19,4,44.10673169308
2025-02-03 21:49:59,1,94.6288695380672
2025-02-03 21:51:39,2,83.0012285095367
2025-02-03 21:53:19,3,65.6901638221128
2025-02-03 21:54:59,4,43.8810328057031
2025-02-03 21:56:39,1,94.54731084929
2025-02-03 21:58:19,2,82.8607898817182
2025-02-03 21:59:59,3,65.5004616456883
2025-02-03 22:01:39,4,43.6550567418741
2025-02-03 22:03:19,1,94.4651549483117
2025-02-03 22:04:59,2,82.7198278601166
2025-02-03 22:06:39,3,65.3103457327491
2025-02-03 22:08:19,4,43.4288049289805
2025-02-03 22:09:59,1,94.3824023540737
2025-02-03 22:11:39,2,82.5783433351246
2025-02-03 22:13:19,3,65.1198172841706
2025-02-03 22:14:59,4,43.2022787961517
2025-02-03 22:16:39,1,94.2990535892865
2025-02-03 22:18:19,2,82.4363372004355
2025-02-03 22:19:59,3,64.928877503434
2025-02-03 22:21:39,4,42.9754797742501
2025-02-03 22:23:19,1,94.2151091804259
2025-02-03 22:24:59,2,82.2938103530372
2025-02-03 22:26:39,3,64.7375275966188
2025-02-03 22:28:19,4,42.7484092958613
2025-02-03 22:29:59,1,94.1305696577307
2025-02-03 22:31:39,2,82.1507636932067
2025-02-03 22:33:19,3,64.5457687723951
2025-02-03 22:34:59,4,42.521068795286
2025-02-03 22:36:39,1,94.0454355551983
2025-02-03 22:38:19,2,82.0071981245044
2025-02-03 22:39:59,3,64.3536022420156
2025-02-03 22:41:39,4,42.2934597085304
2025-02-03 22:43:19,1,93.959707410582
2025-02-03 22:44:59,2,81.8631145537685
2025-02-03 22:46:39,3,64.1610292193088
2025-02-03 22:48:19,4,42.065583473297
2025-02-03 22:49:59,1,93.8733857653874
2025-02-03 22:51:39,2,81.7185138911092
2025-02-03 22:53:19,3,63.9680509206704
2025-02-03 22:54:59,4,41.8374415289762
2025-02-03 22:56:39,1,93.7864711648689
2025-02-03 22:58:19,2,81.5733970499028
2025-02-03 22:59:59,3,63.7746685650562
2025-02-03 23:01:39,4,41.6090353166363
2025-02-03 23:03:19,1,93.6989641580263
2025-02-03 23:04:59,2,81.4277649467861
2025-02-03 23:06:39,3,63.5808833739744
2025-02-03 23:08:19,4,41.3803662790153
2025-02-03 23:09:59,1,93.6108652976015
2025-02-03 23:11:39,2,81.2816185016507
2025-02-03 23:13:19,3,63.3866965714775
2025-02-03 23:14:59,4,41.1514358605109
2025-02-03 23:16:39,1,93.5221751400747
2025-02-03 23:18:19,2,81.134958637637
2025-02-03 23:19:59,3,63.192109384155
2025-02-03 23:21:39,4,40.9222455071722
2025-02-03 23:23:19,1,93.4328942456612
2025-02-03 23:24:59,2,80.9877862811283
2025-02-03 23:26:39,3,62.9971230411251
2025-02-03 23:28:19,4,40.6927966666899
2025-02-03 23:29:59,1,93.3430231783076
2025-02-03 23:31:39,2,80.8401023617453
2025-02-03 23:33:19,3,62.8017387740278
2025-02-03 23:34:59,4,40.4630907883877
2025-02-03 23:36:39,1,93.2525625056885
2025-02-03 23:38:19,2,80.6919078123398
2025-02-03 23:39:59,3,62.605957817016
2025-02-03 23:41:39,4,40.2331293232126
2025-02-03 23:43:19,1,93.1615127992026
2025-02-03 23:44:59,2,80.5432035689893
2025-02-03 23:46:39,3,62.4097814067489
2025-02-03 23:48:19,4,40.0029137237265
2025-02-03 23:49:59,1,93.0698746339693
2025-02-03 23:51:39,2,80.3939905709904
2025-02-03 23:53:19,3,62.2132107823833
2025-02-03 23:54:59,4,39.772445444096
2025-02-03 23:56:39,1,92.9776485888251
2025-02-03 23:58:19,2,80.2442697608535
2025-02-03 23:59:59,3,62.0162471855659
2025-02-04 00:01:39,4,39.541725940084
2025-02-04 00:03:19,1,92.8848352463199
2025-02-04 00:04:59,2,80.0940420842968
2025-02-04 00:06:39,3,61.818891860426
2025-02-04 00:08:19,4,39.3107566690405
2025-02-04 00:09:59,1,92.7914351927131
2025-02-04 00:11:39,2,79.9433084902398
2025-02-04 00:13:19,3,61.6211460535671
2025-02-04 00:14:59,4,39.0795390898927
2025-02-04 00:16:39,1,92.6974490179702
2025-02-04 00:18:19,2,79.7920699307978
2025-02-04 00:19:59,3,61.4230110140591
2025-02-04 00:21:39,4,38.8480746631366
2025-02-04 00:23:19,1,92.602877315759
2025-02-04 00:24:59,2,79.6403273612758
2025-02-04 00:26:39,3,61.2244879934306
2025-02-04 00:28:19,4,38.6163648508274
2025-02-04 00:29:59,1,92.5077206834458
2025-02-04 00:31:39,2,79.4880817401624
2025-02-04 00:33:19,3,61.0255782456609
2025-02-04 00:34:59,4,38.38441111657
2025-02-04 00:36:39,1,92.4119797220916
2025-02-04 00:38:19,2,79.3353340291235
2025-02-04 00:39:59,3,60.8262830271722
2025-02-04 00:41:39,4,38.1522149255105
2025-02-04 00:43:19,1,92.3156550364483
2025-02-04 00:44:59,2,79.1820851929969
2025-02-04 00:46:39,3,60.6266035968213
2025-02-04 00:48:19,4,37.919777744326
2025-02-04 00:49:59,1,92.2187472349549
2025-02-04 00:51:39,2,79.0283361997853
2025-02-04 00:53:19,3,60.4265412158919
2025-02-04 00:54:59,4,37.6871010412163
2025-02-04 00:56:39,1,92.1212569297339
2025-02-04 00:58:19,2,78.874088020651
2025-02-04 00:59:59,3,60.226097148087
2025-02-04 01:01:39,4,37.4541862858937
2025-02-04 01:03:19,1,92.023184736587
2025-02-04 01:04:59,2,78.7193416299094
2025-02-04 01:06:39,3,60.02527265952
2025-02-04 01:08:19,4,37.2210349495745
2025-02-04 01:09:59,1,91.9245312749915
2025-02-04 01:11:39,2,78.5640980050227
2025-02-04 01:13:19,3,59.8240690187077
2025-02-04 01:14:59,4,36.9876485049693
2025-02-04 01:16:39,1,91.8252971680962
2025-02-04 01:18:19,2,78.4083581265941
2025-02-04 01:19:59,3,59.6224874965616
2025-02-04 01:21:39,4,36.7540284262736
2025-02-04 01:23:19,1,91.7254830427176
2025-02-04 01:24:59,2,78.2521229783612
2025-02-04 01:26:39,3,59.4205293663801
2025-02-04 01:28:19,4,36.5201761891588
2025-02-04 01:29:59,1,91.6250895293362
2025-02-04 01:31:39,2,78.0953935471903
2025-02-04 01:33:19,3,59.2181959038406
2025-02-04 01:34:59,4,36.2860932707628
2025-02-04 01:36:39,1,91.5241172620918
2025-02-04 01:38:19,2,77.9381708230695
2025-02-04 01:39:59,3,59.0154883869912
2025-02-04 01:41:39,4,36.0517811496805
2025-02-04 01:43:19,1,91.4225668787801
2025-02-04 01:44:59,2,77.780455799103
2025-02-04 01:46:39,3,58.8124080962426
2025-02-04 01:48:19,4,35.8172413059547
2025-02-04 01:49:59,1,91.3204390208486
2025-02-04 01:51:39,2,77.6222494715046
2025-02-04 01:53:19,3,58.6089563143604
2025-02-04 01:54:59,4,35.5824752210664
2025-02-04 01:56:39,1,91.2177343333924
2025-02-04 01:58:19,2,77.4635528395916
2025-02-04 01:59:59,3,58.4051343264567
2025-02-04 02:01:39,4,35.3474843779257
2025-02-04 02:03:19,1,91.11445346515
2025-02-04 02:04:59,2,77.304366905778
2025-02-04 02:06:39,3,58.2009434199819
2025-02-04 02:08:19,4,35.1122702608627
2025-02-04 02:09:59,1,91.0105970684996
2025-02-04 02:11:39,2,77.1446926755687
2025-02-04 02:13:19,3,57.9963848847167
2025-02-04 02:14:59,4,34.8768343556175
2025-02-04 02:16:39,1,90.9061657994546
2025-02-04 02:18:19,2,76.9845311575529
2025-02-04 02:19:59,3,57.791460012764
2025-02-04 02:21:39,4,34.6411781493313
2025-02-04 02:23:19,1,90.8011603176596
2025-02-04 02:24:59,2,76.8238833633979
2025-02-04 02:26:39,3,57.5861700985407
2025-02-04 02:28:19,4,34.4053031305366
2025-02-04 02:29:59,1,90.6955812863864
2025-02-04 02:31:39,2,76.6627503078425
2025-02-04 02:33:19,3,57.3805164387694
2025-02-04 02:34:59,4,34.1692107891483
2025-02-04 02:36:39,1,90.5894293725294
2025-02-04 02:38:19,2,76.5011330086905
2025-02-04 02:39:59,3,57.1745003324705
2025-02-04 02:41:39,4,33.9329026164541
2025-02-04 02:43:19,1,90.482705246602
2025-02-04 02:44:59,2,76.3390324868047
2025-02-04 02:46:39,3,56.9681230809535
2025-02-04 02:48:19,4,33.6963801051047
2025-02-04 02:49:59,1,90.3754095827316
2025-02-04 02:51:39,2,76.1764497661001
2025-02-04 02:53:19,3,56.7613859878096
2025-02-04 02:54:59,4,33.4596447491048
2025-02-04 02:56:39,1,90.2675430586559
2025-02-04 02:58:19,2,76.0133858735375
2025-02-04 02:59:59,3,56.5542903589023
2025-02-04 03:01:39,4,33.2226980438036
2025-02-04 03:03:19,1,90.1591063557187
2025-02-04 03:04:59,2,75.849841839117
2025-02-04 03:06:39,3,56.3468375023603
2025-02-04 03:08:19,4,32.9855414858853
2025-02-04 03:09:59,1,90.050100158865
2025-02-04 03:11:39,2,75.6858186958718
2025-02-04 03:13:19,3,56.1390287285687
2025-02-04 03:14:59,4,32.7481765733597
2025-02-04 03:16:39,1,89.9405251566371
2025-02-04 03:18:19,2,75.521317479861
2025-02-04 03:19:59,3,55.9308653501605
2025-02-04 03:21:39,4,32.5106048055524
2025-02-04 03:23:19,1,89.8303820411705
2025-02-04 03:24:59,2,75.3563392301638
2025-02-04 03:26:39,3,55.7223486820088
2025-02-04 03:28:19,4,32.2728276830959
2025-02-04 03:29:59,1,89.7196715081888
2025-02-04 03:31:39,2,75.1908849888725
2025-02-04 03:33:19,3,55.5134800412181
2025-02-04 03:34:59,4,32.0348467079197
2025-02-04 03:36:39,1,89.6083942569999
2025-02-04 03:38:19,2,75.0249558010859
2025-02-04 03:39:59,3,55.3042607471164
2025-02-04 03:41:39,4,31.7966633832411
2025-02-04 03:43:19,1,89.4965509904915
2025-02-04 03:44:59,2,74.8585527149031
2025-02-04 03:46:39,3,55.0946921212464
2025-02-04 03:48:19,4,31.5582792135553
2025-02-04 03:49:59,1,89.3841424151264
2025-02-04 03:51:39,2,74.6916767814163
2025-02-04 03:53:19,3,54.8847754873575
2025-02-04 03:54:59,4,31.3196957046264
2025-02-04 03:56:39,1,89.2711692409382
2025-02-04 03:58:19,2,74.5243290547046
2025-02-04 03:59:59,3,54.6745121713971
2025-02-04 04:01:39,4,31.0809143634773
2025-02-04 04:03:19,1,89.157632181527
2025-02-04 04:04:59,2,74.3565105918273
2025-02-04 04:06:39,3,54.4639035015027
2025-02-04 04:08:19,4,30.841936698381
2025-02-04 04:09:59,1,89.0435319540545
2025-02-04 04:11:39,2,74.1882224528169
2025-02-04 04:13:19,3,54.2529508079932
2025-02-04 04:14:59,4,30.6027642188501
2025-02-04 04:16:39,1,88.9288692792397
2025-02-04 04:18:19,2,74.0194657006728
2025-02-04 04:19:59,3,54.0416554233603
2025-02-04 04:21:39,4,30.363398435628
2025-02-04 04:23:19,1,88.8136448813545
2025-02-04 04:24:59,2,73.8502414013544
2025-02-04 04:26:39,3,53.8300186822605
2025-02-04 04:28:19,4,30.1238408606792
2025-02-04 04:29:59,1,88.6978594882187
2025-02-04 04:31:39,2,73.6805506237743
2025-02-04 04:33:19,3,53.6180419215065
2025-02-04 04:34:59,4,29.8840930071795
2025-02-04 04:36:39,1,88.5815138311958
2025-02-04 04:38:19,2,73.5103944397917
2025-02-04 04:39:59,3,53.4057264800589
2025-02-04 04:41:39,4,29.6441563895065
2025-02-04 04:43:19,1,88.4646086451882
2025-02-04 04:44:59,2,73.3397739242055
2025-02-04 04:46:39,3,53.1930736990172
2025-02-04 04:48:19,4,29.4040325232304
2025-02-04 04:49:59,1,88.3471446686326
2025-02-04 04:51:39,2,73.1686901547476
2025-02-04 04:53:19,3,52.980084921612
2025-02-04 04:54:59,4,29.1637229251041
2025-02-04 04:56:39,1,88.2291226434953
2025-02-04 04:58:19,2,72.9971442120761
2025-02-04 04:59:59,3,52.7667614931962
2025-02-04 05:01:39,4,28.9232291130535
2025-02-04 05:03:19,1,88.1105433152677
2025-02-04 05:04:59,2,72.8251371797685
2025-02-04 05:06:39,3,52.5531047612365
2025-02-04 05:08:19,4,28.6825526061683
2025-02-04 05:09:59,1,87.9914074329611
2025-02-04 05:11:39,2,72.6526701443145
2025-02-04 05:13:19,3,52.339116075305
2025-02-04 05:14:59,4,28.4416949246921
2025-02-04 05:16:39,1,87.8717157491025
2025-02-04 05:18:19,2,72.4797441951098
2025-02-04 05:19:59,3,52.1247967870705
2025-02-04 05:21:39,4,28.200657590013
2025-02-04 05:23:19,1,87.7514690197297
2025-02-04 05:24:59,2,72.3063604244486
2025-02-04 05:26:39,3,51.91014825029
2025-02-04 05:28:19,4,27.9594421246537
2025-02-04 05:29:59,1,87.6306680043864
2025-02-04 05:31:39,2,72.132519927517
2025-02-04 05:33:19,3,51.6951718208005
2025-02-04 05:34:59,4,27.7180500522621
2025-02-04 05:36:39,1,87.5093134661174
2025-02-04 05:38:19,2,71.9582238023861
2025-02-04 05:39:59,3,51.4798688565098
2025-02-04 05:41:39,4,27.476482897602
2025-02-04 05:43:19,1,87.3874061714639
2025-02-04 05:44:59,2,71.7834731500051
2025-02-04 05:46:39,3,51.2642407173885
2025-02-04 05:48:19,4,27.2347421865425
2025-02-04 05:49:59,1,87.2649468904588
2025-02-04 05:51:39,2,71.6082690741938
2025-02-04 05:53:19,3,51.0482887654612
2025-02-04 05:54:59,4,26.9928294460497
2025-02-04 05:56:39,1,87.1419363966213
2025-02-04 05:58:19,2,71.4326126816366
2025-02-04 05:59:59,3,50.8320143647978
2025-02-04 06:01:39,4,26.7507462041756
2025-02-04 06:03:19,1,87.0183754669526
2025-02-04 06:04:59,2,71.2565050818746
2025-02-04 06:06:39,3,50.6154188815048
2025-02-04 06:08:19,4,26.5084939900497
2025-02-04 06:09:59,1,86.8942648819306
2025-02-04 06:11:39,2,71.0799473872993
2025-02-04 06:13:19,3,50.398503683717
2025-02-04 06:14:59,4,26.2660743338686
2025-02-04 06:16:39,1,86.7696054255054
2025-02-04 06:18:19,2,70.9029407131448
2025-02-04 06:19:59,3,50.1812701415889
2025-02-04 06:21:39,4,26.0234887668866
2025-02-04 06:23:19,1,86.6443978850937
2025-02-04 06:24:59,2,70.7254861774816
2025-02-04 06:26:39,3,49.9637196272854
2025-02-04 06:28:19,4,25.780738821406
2025-02-04 06:29:59,1,86.5186430515745
2025-02-04 06:31:39,2,70.547584901209
2025-02-04 06:33:19,3,49.7458535149739
2025-02-04 06:34:59,4,25.5378260307674
2025-02-04 06:36:39,1,86.3923417192835
2025-02-04 06:38:19,2,70.3692380080482
2025-02-04 06:39:59,3,49.5276731808151
2025-02-04 06:41:39,4,25.29475192934
2025-02-04 06:43:19,1,86.2654946860088
2025-02-04 06:44:59,2,70.190446624535
2025-02-04 06:46:39,3,49.3091800029546
2025-02-04 06:48:19,4,25.0515180525119
2025-02-04 06:49:59,1,86.138102752985
2025-02-04 06:51:39,2,70.011211880013
2025-02-04 06:53:19,3,49.0903753615141
2025-02-04 06:54:59,4,24.8081259366805
2025-02-04 06:56:39,1,86.0101667248889
2025-02-04 06:58:19,2,69.8315349066262
2025-02-04 06:59:59,3,48.8712606385826
2025-02-04 07:01:39,4,24.5645771192427
2025-02-04 07:03:19,1,85.8816874098339
2025-02-04 07:04:59,2,69.6514168393121
2025-02-04 07:06:39,3,48.6518372182078
2025-02-04 07:08:19,4,24.3208731385851
2025-02-04 07:09:59,1,85.7526656193652
2025-02-04 07:11:39,2,69.4708588157942
2025-02-04 07:13:19,3,48.4321064863872
2025-02-04 07:14:59,4,24.0770155340746
2025-02-04 07:16:39,1,85.6231021684547
2025-02-04 07:18:19,2,69.2898619765753
2025-02-04 07:19:59,3,48.2120698310596
2025-02-04 07:21:39,4,23.8330058460483
2025-02-04 07:23:19,1,85.4929978754953
2025-02-04 07:24:59,2,69.1084274649296
2025-02-04 07:26:39,3,47.9917286420961
2025-02-04 07:28:19,4,23.5888456158041
2025-02-04 07:29:59,1,85.3623535622967
2025-02-04 07:31:39,2,68.9265564268962
2025-02-04 07:33:19,3,47.7710843112914
2025-02-04 07:34:59,4,23.3445363855906
2025-02-04 07:36:39,1,85.2311700540792
2025-02-04 07:38:19,2,68.7442500112713
2025-02-04 07:39:59,3,47.5501382323549
2025-02-04 07:41:39,4,23.1000796985977
2025-02-04 07:43:19,1,85.0994481794692
2025-02-04 07:44:59,2,68.5615093696015
2025-02-04 07:46:39,3,47.3288918009023
2025-02-04 07:48:19,4,22.8554770989467
2025-02-04 07:49:59,1,84.9671887704936
2025-02-04 07:51:39,2,68.3783356561759
2025-02-04 07:53:19,3,47.1073464144462
2025-02-04 07:54:59,4,22.6107301316807
2025-02-04 07:56:39,1,84.8343926625749
2025-02-04 07:58:19,2,68.1947300280192
2025-02-04 07:59:59,3,46.8855034723877
2025-02-04 08:01:39,4,22.3658403427543
2025-02-04 08:03:19,1,84.7010606945252
2025-02-04 08:04:59,2,68.0106936448843
2025-02-04 08:06:39,3,46.6633643760074
2025-02-04 08:08:19,4,22.1208092790248
2025-02-04 08:09:59,1,84.5671937085419
2025-02-04 08:11:39,2,67.8262276692452
2025-02-04 08:13:19,3,46.4409305284565
2025-02-04 08:14:59,4,21.8756384882413
2025-02-04 08:16:39,1,84.4327925502015
2025-02-04 08:18:19,2,67.6413332662891
2025-02-04 08:19:59,3,46.2182033347482
2025-02-04 08:21:39,4,21.6303295190359
2025-02-04 08:23:19,1,84.2978580684549
2025-02-04 08:24:59,2,67.4560116039096
2025-02-04 08:26:39,3,45.9951842017483
2025-02-04 08:28:19,4,21.3848839209133
2025-02-04 08:29:59,1,84.1623911156215
2025-02-04 08:31:39,2,67.2702638526989
2025-02-04 08:33:19,3,45.771874538167
2025-02-04 08:34:59,4,21.1393032442414
2025-02-04 08:36:39,1,84.0263925473842
2025-02-04 08:38:19,2,67.084091185941
2025-02-04 08:39:59,3,45.5482757545495
2025-02-04 08:41:39,4,20.8935890402412
2025-02-04 08:43:19,1,83.889863222784
2025-02-04 08:44:59,2,66.8974947796035
2025-02-04 08:46:39,3,45.3243892632673
2025-02-04 08:48:19,4,20.6477428609771
2025-02-04 08:49:59,1,83.7528040042142
2025-02-04 08:51:39,2,66.7104758123307
2025-02-04 08:53:19,3,45.100216478509
2025-02-04 08:54:59,4,20.4017662593472
2025-02-04 08:56:39,1,83.6152157574153
2025-02-04 08:58:19,2,66.5230354654361
2025-02-04 08:59:59,3,44.8757588162718
2025-02-04 09:01:39,4,20.1556607890735
2025-02-04 09:03:19,1,83.4770993514696
2025-02-04 09:04:59,2,66.3351749228948
2025-02-04 09:06:39,3,44.6510176943524
2025-02-04 09:08:19,4,19.9094280046917
2025-02-04 09:09:59,1,83.3384556587952
2025-02-04 09:11:39,2,66.146895371336
2025-02-04 09:13:19,3,44.4259945323377
2025-02-04 09:14:59,4,19.663069461542
2025-02-04 09:16:39,1,83.1992855551411
2025-02-04 09:18:19,2,65.9581980000358
2025-02-04 09:19:59,3,44.2006907515964
2025-02-04 09:21:39,4,19.4165867157589
2025-02-04 09:23:19,1,83.0595899195813
2025-02-04 09:24:59,2,65.7690840009092
2025-02-04 09:26:39,3,43.9751077752696
2025-02-04 09:28:19,4,19.1699813242614
2025-02-04 09:29:59,1,82.9193696345093
2025-02-04 09:31:39,2,65.5795545685031
2025-02-04 09:33:19,3,43.749247028262
2025-02-04 09:34:59,4,18.9232548447431
2025-02-04 09:36:39,1,82.7786255856328
2025-02-04 09:38:19,2,65.3896108999885
2025-02-04 09:39:59,3,43.5231099372328
2025-02-04 09:41:39,4,18.6764088356626
2025-02-04 09:43:19,1,82.6373586619676
2025-02-04 09:44:59,2,65.1992541951527
2025-02-04 09:46:39,3,43.2966979305868
2025-02-04 09:48:19,4,18.4294448562333
2025-02-04 09:49:59,1,82.4955697558323
2025-02-04 09:51:39,2,65.0084856563921
2025-02-04 09:53:19,3,43.0700124384652
2025-02-04 09:54:59,4,18.1823644664142
2025-02-04 09:56:39,1,82.3532597628428
2025-02-04 09:58:19,2,64.8173064887045
2025-02-04 09:59:59,3,42.8430548927369
2025-02-04 10:01:39,4,17.9351692268991
2025-02-04 10:03:19,1,82.2104295819063
2025-02-04 10:04:59,2,64.6257178996815
2025-02-04 10:06:39,3,42.615826726989
2025-02-04 10:08:19,4,17.6878606991075
2025-02-04 10:09:59,1,82.0670801152158
2025-02-04 10:11:39,2,64.4337210995007
2025-02-04 10:13:19,3,42.3883293765182
2025-02-04 10:14:59,4,17.4404404451745
2025-02-04 10:16:39,1,81.9232122682446
2025-02-04 10:18:19,2,64.2413173009182
2025-02-04 10:19:59,3,42.1605642783213
2025-02-04 10:21:39,4,17.192910027941
2025-02-04 10:23:19,1,81.7788269497401
2025-02-04 10:24:59,2,64.048507719261
2025-02-04 10:26:39,3,41.9325328710865
2025-02-04 10:28:19,4,16.9452710109435
2025-02-04 10:29:59,1,81.6339250717184
2025-02-04 10:31:39,2,63.8552935724192
2025-02-04 10:33:19,3,41.7042365951842
2025-02-04 10:34:59,4,16.6975249584047
2025-02-04 10:36:39,1,81.4885075494586
2025-02-04 10:38:19,2,63.6616760808384
2025-02-04 10:39:59,3,41.4756768926575
2025-02-04 10:41:39,4,16.4496734352233
2025-02-04 10:43:19,1,81.3425753014969
2025-02-04 10:44:59,2,63.4676564675119
2025-02-04 10:46:39,3,41.2468552072139
2025-02-04 10:48:19,4,16.2017180069642
2025-02-04 10:49:59,1,81.1961292496204
2025-02-04 10:51:39,2,63.2732359579729
2025-02-04 10:53:19,3,41.0177729842155
2025-02-04 10:54:59,4,15.9536602398487
2025-02-04 10:56:39,1,81.0491703188622
2025-02-04 10:58:19,2,63.0784157802872
2025-02-04 10:59:59,3,40.7884316706702
2025-02-04 11:01:39,4,15.7055017007444
2025-02-04 11:03:19,1,80.9016994374947
2025-02-04 11:04:59,2,62.8831971650448
2025-02-04 11:06:39,3,40.5588327152222
2025-02-04 11:08:19,4,15.4572439571555
2025-02-04 11:09:59,1,80.7537175370242
2025-02-04 11:11:39,2,62.6875813453526
2025-02-04 11:13:19,3,40.3289775681434
2025-02-04 11:14:59,4,15.208888577213
2025-02-04 11:16:39,1,80.6052255521847
2025-02-04 11:18:19,2,62.4915695568264
2025-02-04 11:19:59,3,40.0988676813238
2025-02-04 11:21:39,4,14.9604371296643
2025-02-04 11:23:19,1,80.4562244209324
2025-02-04 11:24:59,2,62.2951630375833
2025-02-04 11:26:39,3,39.8685045082625
2025-02-04 11:28:19,4,14.7118911838638
2025-02-04 11:29:59,1,80.3067150844393
2025-02-04 11:31:39,2,62.0983630282335
2025-02-04 11:33:19,3,39.6378895040585
2025-02-04 11:34:59,4,14.4632523097627
2025-02-04 11:36:39,1,80.1566984870877
2025-02-04 11:38:19,2,61.9011707718729
2025-02-04 11:39:59,3,39.4070241254016
2025-02-04 11:41:39,4,14.2145220778995
2025-02-04 11:43:19,1,80.0061755764639
2025-02-04 11:44:59,2,61.7035875140749
2025-02-04 11:46:39,3,39.1759098305629
2025-02-04 11:48:19,4,13.9657020593893
2025-02-04 11:49:59,1,79.8551473033525
2025-02-04 11:51:39,2,61.5056145028827
2025-02-04 11:53:19,3,38.9445480793859
2025-02-04 11:54:59,4,13.7167938259147
2025-02-04 11:56:39,1,79.7036146217301
2025-02-04 11:58:19,2,61.3072529888016
2025-02-04 11:59:59,3,38.7129403332772
2025-02-04 12:01:39,4,13.4677989497153
2025-02-04 12:03:19,1,79.5515784887595
2025-02-04 12:04:59,2,61.1085042247906
2025-02-04 12:06:39,3,38.4810880551972
2025-02-04 12:08:19,4,13.2187190035781
2025-02-04 12:09:59,1,79.3990398647835
2025-02-04 12:11:39,2,60.9093694662549
2025-02-04 12:13:19,3,38.2489927096508
2025-02-04 12:14:59,4,12.9695555608274
2025-02-04 12:16:39,1,79.2459997133191
2025-02-04 12:18:19,2,60.709849971038
2025-02-04 12:19:59,3,38.0166557626786
2025-02-04 12:21:39,4,12.7203101953149
2025-02-04 12:23:19,1,79.0924590010508
2025-02-04 12:24:59,2,60.5099469994133
2025-02-04 12:26:39,3,37.7840786818468
2025-02-04 12:28:19,4,12.4709844814099
2025-02-04 12:29:59,1,78.9384186978255
2025-02-04 12:31:39,2,60.3096618140767
2025-02-04 12:33:19,3,37.5512629362386
2025-02-04 12:34:59,4,12.221579993989
2025-02-04 12:36:39,1,78.7838797766452
2025-02-04 12:38:19,2,60.1089956801383
2025-02-04 12:39:59,3,37.318209996445
2025-02-04 12:41:39,4,11.9720983084265
2025-02-04 12:43:19,1,78.6288432136619
2025-02-04 12:44:59,2,59.9079498651144
2025-02-04 12:46:39,3,37.0849213345549
2025-02-04 12:48:19,4,11.7225410005844
2025-02-04 12:49:59,1,78.4733099881707
2025-02-04 12:51:39,2,59.7065256389198
2025-02-04 12:53:19,3,36.8513984241463
2025-02-04 12:54:59,4,11.4729096468022
2025-02-04 12:56:39,1,78.3172810826041
2025-02-04 12:58:19,2,59.5047242738591
2025-02-04 12:59:59,3,36.6176427402768
2025-02-04 13:01:39,4,11.2232058238872
2025-02-04 13:03:19,1,78.1607574825253
2025-02-04 13:04:59,2,59.3025470446196
2025-02-04 13:06:39,3,36.3836557594744
2025-02-04 13:08:19,4,10.9734311091046
2025-02-04 13:09:59,1,78.0037401766225
2025-02-04 13:11:39,2,59.0999952282626
2025-02-04 13:13:19,3,36.149438959728
2025-02-04 13:14:59,4,10.723587080167
2025-02-04 13:16:39,1,77.8462301567023
2025-02-04 13:18:19,2,58.8970701042153
2025-02-04 13:19:59,3,35.9149938204782
2025-02-04 13:21:39,4,10.4736753152253
2025-02-04 13:23:19,1,77.6882284176838
2025-02-04 13:24:59,2,58.6937729542632
2025-02-04 13:26:39,3,35.6803218226079
2025-02-04 13:28:19,4,10.223697392858
2025-02-04 13:29:59,1,77.5297359575916
2025-02-04 13:31:39,2,58.4901050625414
2025-02-04 13:33:19,3,35.445424448433
2025-02-04 13:34:59,4,9.97365489206144
2025-02-04 13:36:39,1,77.3707537775503
2025-02-04 13:38:19,2,58.2860677155273
2025-02-04 13:39:59,3,35.210303181693
2025-02-04 13:41:39,4,9.72354939223996
2025-02-04 13:43:19,1,77.2112828817778
2025-02-04 13:44:59,2,58.0816622020314
2025-02-04 13:46:39,3,34.9749595075416
2025-02-04 13:48:19,4,9.47338247319585
2025-02-04 13:49:59,1,77.0513242775789
2025-02-04 13:51:39,2,57.8768898131902
2025-02-04 13:53:19,3,34.7393949125373
2025-02-04 13:54:59,4,9.22315571511933
2025-02-04 13:56:39,1,76.8908789753392
2025-02-04 13:58:19,2,57.6717518424573
2025-02-04 13:59:59,3,34.5036108846342
2025-02-04 14:01:39,4,8.97287069857865
2025-02-04 14:03:19,1,76.7299479885182
2025-02-04 14:04:59,2,57.4662495855956
2025-02-04 14:06:39,3,34.2676089131724
2025-02-04 14:08:19,4,8.72252900450991
2025-02-04 14:09:59,1,76.5685323336437
2025-02-04 14:11:39,2,57.2603843406691
2025-02-04 14:13:19,3,34.0313904888685
2025-02-04 14:14:59,4,8.47213221420736
2025-02-04 14:16:39,1,76.4066330303045
2025-02-04 14:18:19,2,57.0541574080346
2025-02-04 14:19:59,3,33.7949571038064
2025-02-04 14:21:39,4,8.22168190931321
2025-02-04 14:23:19,1,76.2442511011448
2025-02-04 14:24:59,2,56.8475700903334
2025-02-04 14:26:39,3,33.558310251428
2025-02-04 14:28:19,4,7.97117967180774
2025-02-04 14:29:59,1,76.081387571857
2025-02-04 14:31:39,2,56.6406236924833
2025-02-04 14:33:19,3,33.3214514265234
2025-02-04 14:34:59,4,7.72062708399916
2025-02-04 14:36:39,1,75.9180434711757
2025-02-04 14:38:19,2,56.4333195216703
2025-02-04 14:39:59,3,33.0843821252217
2025-02-04 14:41:39,4,7.47002572851381
2025-02-04 14:43:19,1,75.754219830871
2025-02-04 14:44:59,2,56.2256588873401
2025-02-04 14:46:39,3,32.8471038449813
2025-02-04 14:48:19,4,7.21937718828607
2025-02-04 14:49:59,1,75.589917685742
2025-02-04 14:51:39,2,56.0176431011902
2025-02-04 14:53:19,3,32.6096180845809
2025-02-04 14:54:59,4,6.96868304654837
2025-02-04 14:56:39,1,75.4251380736104
2025-02-04 14:58:19,2,55.8092734771613
2025-02-04 14:59:59,3,32.3719263441097
2025-02-04 15:01:39,4,6.71794488682109
2025-02-04 15:03:19,1,75.2598820353138
2025-02-04 15:04:59,2,55.6005513314294
2025-02-04 15:06:39,3,32.1340301249578
2025-02-04 15:08:19,4,6.46716429290275
2025-02-04 15:09:59,1,75.0941506146992
2025-02-04 15:11:39,2,55.3914779823967
2025-02-04 15:13:19,3,31.895930929807
2025-02-04 15:14:59,4,6.21634284885989
2025-02-04 15:16:39,1,74.9279448586162
2025-02-04 15:18:19,2,55.1820547506843
2025-02-04 15:19:59,3,31.6576302626213
2025-02-04 15:21:39,4,5.96548213901711
2025-02-04 15:23:19,1,74.7612658169107
2025-02-04 15:24:59,2,54.972282959123
2025-02-04 15:26:39,3,31.4191296286373
2025-02-04 15:28:19,4,5.7145837479469
2025-02-04 15:29:59,1,74.5941145424182
2025-02-04 15:31:39,2,54.7621639327457
2025-02-04 15:33:19,3,31.1804305343544
2025-02-04 15:34:59,4,5.46364926045992
2025-02-04 15:36:39,1,74.426492090957
2025-02-04 15:38:19,2,54.5516989987781
2025-02-04 15:39:59,3,30.941534487526
2025-02-04 15:41:39,4,5.21268026159475
2025-02-04 15:43:19,1,74.2583995213216
2025-02-04 15:44:59,2,54.3408894866313
2025-02-04 15:46:39,3,30.7024429971492
2025-02-04 15:48:19,4,4.96167833660805
2025-02-04 15:49:59,1,74.0898378952759
2025-02-04 15:51:39,2,54.1297367278926
2025-02-04 15:53:19,3,30.463157573456
2025-02-04 15:54:59,4,4.7106450709643
2025-02-04 15:56:39,1,73.9208082775469
2025-02-04 15:58:19,2,53.9182420563177
2025-02-04 15:59:59,3,30.2236797279031
2025-02-04 16:01:39,4,4.45958205032608
2025-02-04 16:03:19,1,73.7513117358174
2025-02-04 16:04:59,2,53.7064068078219
2025-02-04 16:06:39,3,29.9840109731627
2025-02-04 16:08:19,4,4.20849086054389
2025-02-04 16:09:59,1,73.5813493407198
2025-02-04 16:11:39,2,53.4942323204716
2025-02-04 16:13:19,3,29.7441528231129
2025-02-04 16:14:59,4,3.95737308764618
2025-02-04 16:16:39,1,73.4109221658289
2025-02-04 16:18:19,2,53.2817199344764
2025-02-04 16:19:59,3,29.5041067928282
2025-02-04 16:21:39,4,3.70623031782921
2025-02-04 16:23:19,1,73.2400312876553
2025-02-04 16:24:59,2,53.0688709921799
2025-02-04 16:26:39,3,29.2638743985697
2025-02-04 16:28:19,4,3.45506413744725
2025-02-04 16:29:59,1,73.0686777856388
2025-02-04 16:31:39,2,52.8556868380516
2025-02-04 16:33:19,3,29.0234571577759
2025-02-04 16:34:59,4,3.20387613300239
2025-02-04 16:36:39,1,72.8968627421412
2025-02-04 16:38:19,2,52.6421688186787
2025-02-04 16:39:59,3,28.7828565890526
2025-02-04 16:41:39,4,2.95266789113464
2025-02-04 16:43:19,1,72.7245872424396
2025-02-04 16:44:59,2,52.4283182827569
2025-02-04 16:46:39,3,28.5420742121639
2025-02-04 16:48:19,4,2.7014409986117
2025-02-04 16:49:59,1,72.5518523747198
2025-02-04 16:51:39,2,52.2141365810825
2025-02-04 16:53:19,3,28.3011115480221
2025-02-04 16:54:59,4,2.4501970423192
2025-02-04 16:56:39,1,72.378659230069
2025-02-04 16:58:19,2,51.9996250665435
2025-02-04 16:59:59,3,28.0599701186783
2025-02-04 17:01:39,4,2.19893760925052
2025-02-04 17:03:19,1,72.2050089024694
2025-02-04 17:04:59,2,51.7847850941112
2025-02-04 17:06:39,3,27.8186514473128
2025-02-04 17:08:19,4,1.94766428649684
2025-02-04 17:09:59,1,72.0309024887907
2025-02-04 17:11:39,2,51.5696180208316
2025-02-04 17:13:19,3,27.5771570582257
2025-02-04 17:14:59,4,1.69637866123694
2025-02-04 17:16:39,1,71.8563410887837
2025-02-04 17:18:19,2,51.354125205817
2025-02-04 17:19:59,3,27.3354884768266
2025-02-04 17:21:39,4,1.44508232072745
2025-02-04 17:23:19,1,71.681325805073
2025-02-04 17:24:59,2,51.138308010237
2025-02-04 17:26:39,3,27.0936472296256
2025-02-04 17:28:19,4,1.19377685229263
2025-02-04 17:29:59,1,71.5058577431503
2025-02-04 17:31:39,2,50.9221677973104
2025-02-04 17:33:19,3,26.8516348442236
2025-02-04 17:34:59,4,0.942463843314443
2025-02-04 17:36:39,1,71.3299380113673
2025-02-04 17:38:19,2,50.7057059322962
2025-02-04 17:39:59,3,26.6094528493023
2025-02-04 17:41:39,4,0.69114488122236
2025-02-04 17:43:19,1,71.1535677209285
2025-02-04 17:44:59,2,50.4889237824852
2025-02-04 17:46:39,3,26.3671027746147
2025-02-04 17:48:19,4,0.439821553483576
2025-02-04 17:49:59,1,70.9767479858847
2025-02-04 17:51:39,2,50.2718227171912
2025-02-04 17:53:19,3,26.1245861509757
2025-02-04 17:54:59,4,0.188495447592821
2025-02-04 17:56:39,1,70.7994799231253
2025-02-04 17:58:19,2,50.0544041077427
2025-02-04 17:59:59,3,25.8819045102521
2025-02-04 18:01:39,4,-0.0628318489375829
2025-02-04 18:03:19,1,70.6217646523718
2025-02-04 18:04:59,2,49.8366693274736
2025-02-04 18:06:39,3,25.639059385353
2025-02-04 18:08:19,4,-0.314158748587925
2025-02-04 18:09:59,1,70.4436032961703
2025-02-04 18:11:39,2,49.6186197517153
2025-02-04 18:13:19,3,25.3960523102202
2025-02-04 18:14:59,4,-0.565483663840867
2025-02-04 18:16:39,1,70.2649969798849
2025-02-04 18:18:19,2,49.4002567577873
2025-02-04 18:19:59,3,25.1528848198185
2025-02-04 18:21:39,4,-0.816805007191654
2025-02-04 18:23:19,1,70.0859468316902
2025-02-04 18:24:59,2,49.1815817249889
2025-02-04 18:26:39,3,24.9095584501258
2025-02-04 18:28:19,4,-1.06812119115804
2025-02-04 18:29:59,1,69.9064539825641
2025-02-04 18:31:39,2,48.9625960345906
2025-02-04 18:33:19,3,24.6660747381239
2025-02-04 18:34:59,4,-1.31943062829052
2025-02-04 18:36:39,1,69.7265195662811
2025-02-04 18:38:19,2,48.743301069825
2025-02-04 18:39:59,3,24.4224352217881
2025-02-04 18:41:39,4,-1.57073173118205
2025-02-04 18:43:19,1,69.5461447194047
2025-02-04 18:44:59,2,48.5236982158783
2025-02-04 18:46:39,3,24.178641440078
2025-02-04 18:48:19,4,-1.82202291247828
2025-02-04 18:49:59,1,69.3653305812805
2025-02-04 18:51:39,2,48.3037888598813
2025-02-04 18:53:19,3,23.9346949329277
2025-02-04 18:54:59,4,-2.0733025848875
2025-02-04 18:56:39,1,69.1840782940289
2025-02-04 18:58:19,2,48.0835743909012
2025-02-04 18:59:59,3,23.6905972412359
2025-02-04 19:01:39,4,-2.32456916119081
2025-02-04 19:03:19,1,69.0023890025378
2025-02-04 19:04:59,2,47.8630561999323
2025-02-04 19:06:39,3,23.4463499068563
2025-02-04 19:08:19,4,-2.57582105425192
2025-02-04 19:09:59,1,68.8202638544554
2025-02-04 19:11:39,2,47.6422356798872
2025-02-04 19:13:19,3,23.2019544725877
2025-02-04 19:14:59,4,-2.82705667702731
2025-02-04 19:16:39,1,68.6377040001834
2025-02-04 19:18:19,2,47.4211142255884
2025-02-04 19:19:59,3,22.9574124821647
2025-02-04 19:21:39,4,-3.07827444257621
2025-02-04 19:23:19,1,68.4547105928689
2025-02-04 19:24:59,2,47.1996932337591
2025-02-04 19:26:39,3,22.7127254802473
2025-02-04 19:28:19,4,-3.32947276407075
2025-02-04 19:29:59,1,68.2712847883977
2025-02-04 19:31:39,2,46.9779741030148
2025-02-04 19:33:19,3,22.4678950124115
2025-02-04 19:34:59,4,-3.58065005480577
2025-02-04 19:36:39,1,68.0874277453868
2025-02-04 19:38:19,2,46.7559582338539
2025-02-04 19:39:59,3,22.2229226251397
2025-02-04 19:41:39,4,-3.83180472820899
2025-02-04 19:43:19,1,67.9031406251774
2025-02-04 19:44:59,2,46.5336470286492
2025-02-04 19:46:39,3,21.9778098658106
2025-02-04 19:48:19,4,-4.08293519785096
2025-02-04 19:49:59,1,67.718424591827
2025-02-04 19:51:39,2,46.3110418916393
2025-02-04 19:53:19,3,21.7325582826897
2025-02-04 19:54:59,4,-4.33403987745521
2025-02-04 19:56:39,1,67.5332808121025
2025-02-04 19:58:19,2,46.0881442289192
2025-02-04 19:59:59,3,21.4871694249192
2025-02-04 20:01:39,4,-4.58511718090808
2025-02-04 20:03:19,1,67.3477104554725
2025-02-04 20:04:59,2,45.8649554484315
2025-02-04 20:06:39,3,21.2416448425085
2025-02-04 20:08:19,4,-4.83616552226886
2025-02-04 20:09:59,1,67.1617146941004
2025-02-04 20:11:39,2,45.641476959958
2025-02-04 20:13:19,3,20.9959860863243
2025-02-04 20:14:59,4,-5.08718331577975
2025-02-04 20:16:39,1,66.9752947028365
2025-02-04 20:18:19,2,45.4177101751103
2025-02-04 20:19:59,3,20.7501947080808
2025-02-04 20:21:39,4,-5.33816897587601
2025-02-04 20:23:19,1,66.7884516592107
2025-02-04 20:24:59,2,45.193656507321
2025-02-04 20:26:39,3,20.50427226033
2025-02-04 20:28:19,4,-5.58912091719577
2025-02-04 20:29:59,1,66.6011867434252
2025-02-04 20:31:39,2,44.9693173718347
2025-02-04 20:33:19,3,20.2582202964517
2025-02-04 20:34:59,4,-5.84003755459018
2025-02-04 20:36:39,1,66.413501138347
2025-02-04 20:38:19,2,44.7446941856995
2025-02-04 20:39:59,3,20.0120403706439
2025-02-04 20:41:39,4,-6.09091730313334
2025-02-04 20:43:19,1,66.2253960295005
2025-02-04 20:44:59,2,44.5197883677574
2025-02-04 20:46:39,3,19.7657340379127
2025-02-04 20:48:19,4,-6.34175857813249
2025-02-04 20:49:59,1,66.0368726050597
2025-02-04 20:51:39,2,44.2946013386359
2025-02-04 20:53:19,3,19.5193028540627
2025-02-04 20:54:59,4,-6.59255979513776
2025-02-04 20:56:39,1,65.847932055841
2025-02-04 20:58:19,2,44.0691345207386
2025-02-04 20:59:59,3,19.2727483756874
2025-02-04 21:01:39,4,-6.84331936995237
2025-02-04 21:03:19,1,65.6585755752957
2025-02-04 21:04:59,2,43.8433893382364
2025-02-04 21:06:39,3,19.0260721601587
2025-02-04 21:08:19,4,-7.09403571864251
2025-02-04 21:09:59,1,65.4688043595021
2025-02-04 21:11:39,2,43.6173672170586
2025-02-04 21:13:19,3,18.7792757656179
2025-02-04 21:14:59,4,-7.34470725754753
2025-02-04 21:16:39,1,65.2786196071584
2025-02-04 21:18:19,2,43.3910695848838
2025-02-04 21:19:59,3,18.5323607509648
2025-02-04 21:21:39,4,-7.59533240328974
2025-02-04 21:23:19,1,65.0880225195749
2025-02-04 21:24:59,2,43.1644978711308
2025-02-04 21:26:39,3,18.2853286758491
2025-02-04 21:28:19,4,-7.84590957278448
2025-02-04 21:29:59,1,64.8970143006663
2025-02-04 21:31:39,2,42.9376535069497
2025-02-04 21:33:19,3,18.0381811006595
2025-02-04 21:34:59,4,-8.09643718325013
2025-02-04 21:36:39,1,64.7055961569445
2025-02-04 21:38:19,2,42.7105379252128
2025-02-04 21:39:59,3,17.7909195865145
2025-02-04 21:41:39,4,-8.34691365221823
2025-02-04 21:43:19,1,64.5137692975103
2025-02-04 21:44:59,2,42.4831525605055
2025-02-04 21:46:39,3,17.5435456952521
2025-02-04 21:48:19,4,-8.59733739754322
2025-02-04 21:49:59,1,64.3215349340465
2025-02-04 21:51:39,2,42.2554988491175
2025-02-04 21:53:19,3,17.2960609894204
2025-02-04 21:54:59,4,-8.84770683741263
2025-02-04 21:56:39,1,64.1288942808099
2025-02-04 21:58:19,2,42.0275782290332
2025-02-04 21:59:59,3,17.0484670322672
2025-02-04 22:01:39,4,-9.09802039035694
2025-02-04 22:03:19,1,63.9358485546235
2025-02-04 22:04:59,2,41.7993921399231
2025-02-04 22:06:39,3,16.8007653877305
2025-02-04 22:08:19,4,-9.34827647525982
2025-02-04 22:09:59,1,63.742398974869
2025-02-04 22:11:39,2,41.5709420231346
2025-02-04 22:13:19,3,16.5529576204286
2025-02-04 22:14:59,4,-9.59847351136778
2025-02-04 22:16:39,1,63.5485467634791
2025-02-04 22:18:19,2,41.3422293216829
2025-02-04 22:19:59,3,16.3050452956499
2025-02-04 22:21:39,4,-9.84860991830034
2025-02-04 22:23:19,1,63.3542931449297
2025-02-04 22:24:59,2,41.1132554802416
2025-02-04 22:26:39,3,16.0570299793435
2025-02-04 22:28:19,4,-10.09868411606
2025-02-04 22:29:59,1,63.1596393462323
2025-02-04 22:31:39,2,40.884021945134
2025-02-04 22:33:19,3,15.8089132381089
2025-02-04 22:34:59,4,-10.3486945250422
2025-02-04 22:36:39,1,62.964586596926
2025-02-04 22:38:19,2,40.6545301643236
2025-02-04 22:39:59,3,15.5606966391862
2025-02-04 22:41:39,4,-10.5986395660454
2025-02-04 22:43:19,1,62.7691361290701
2025-02-04 22:44:59,2,40.4247815874054
2025-02-04 22:46:39,3,15.3123817504465
2025-02-04 22:48:19,4,-10.8485176602808
2025-02-04 22:49:59,1,62.5732891772358
2025-02-04 22:51:39,2,40.194777665596
2025-02-04 22:53:19,3,15.0639701403814
2025-02-04 22:54:59,4,-11.0983272293826
2025-02-04 22:56:39,1,62.377046978499
2025-02-04 22:58:19,2,39.9645198517254
2025-02-04 22:59:59,3,14.8154633780939
2025-02-04 23:01:39,4,-11.3480666954178
2025-02-04 23:03:19,1,62.1804107724321
2025-02-04 23:04:59,2,39.734009600227
2025-02-04 23:06:39,3,14.5668630332875
2025-02-04 23:08:19,4,-11.5977344808961
2025-02-04 23:09:59,1,61.9833818010962
2025-02-04 23:11:39,2,39.503248367129
2025-02-04 23:13:19,3,14.3181706762572
2025-02-04 23:14:59,4,-11.8473290087802
2025-02-04 23:16:39,1,61.7859613090335
2025-02-04 23:18:19,2,39.2722376100445
2025-02-04 23:19:59,3,14.0693878778792
2025-02-04 23:21:39,4,-12.0968487024953
2025-02-04 23:23:19,1,61.5881505432589
2025-02-04 23:24:59,2,39.0409787881631
2025-02-04 23:26:39,3,13.8205162096007
2025-02-04 23:28:19,4,-12.3462919859395
2025-02-04 23:29:59,1,61.3899507532528
2025-02-04 23:31:39,2,38.8094733622412
2025-02-04 23:33:19,3,13.5715572434305
2025-02-04 23:34:59,4,-12.5956572834934
2025-02-04 23:36:39,1,61.1913631909528
2025-02-04 23:38:19,2,38.577722794593
2025-02-04 23:39:59,3,13.3225125519287
2025-02-04 23:41:39,4,-12.8449430200303
2025-02-04 23:43:19,1,60.9923891107459
2025-02-04 23:44:59,2,38.3457285490809
2025-02-04 23:46:39,3,13.073383708197
2025-02-04 23:48:19,4,-13.0941476209259
2025-02-04 23:49:59,1,60.7930297694606
2025-02-04 23:51:39,2,38.1134920911067
2025-02-04 23:53:19,3,12.8241722858685
2025-02-04 23:54:59,4,-13.3432695120686
2025-02-04 23:56:39,1,60.5932864263586
2025-02-04 23:58:19,2,37.8810148876021
2025-02-04 23:59:59,3,12.574879859098
2025-02-05 00:01:39,4,-13.5923071198691
2025-02-05 00:03:19,1,60.3931603431277
2025-02-05 00:04:59,2,37.6482984070195
2025-02-05 00:06:39,3,12.3255080025519
2025-02-05 00:08:19,4,-13.8412588712705
2025-02-05 00:09:59,1,60.1926527838729
2025-02-05 00:11:39,2,37.4153441193226
2025-02-05 00:13:19,3,12.0760582913985
2025-02-05 00:14:59,4,-14.0901231937582
2025-02-05 00:16:39,1,59.9917650151088
2025-02-05 00:18:19,2,37.1821534959772
2025-02-05 00:19:59,3,11.8265323012977
2025-02-05 00:21:39,4,-14.33889851537
2025-02-05 00:23:19,1,59.7904983057519
2025-02-05 00:24:59,2,36.9487280099422
2025-02-05 00:26:39,3,11.5769316083913
2025-02-05 00:28:19,4,-14.5875832647058
2025-02-05 00:29:59,1,59.588853927112
2025-02-05 00:31:39,2,36.7150691356598
2025-02-05 00:33:19,3,11.3272577892928
2025-02-05 00:34:59,4,-14.8361758709374
2025-02-05 00:36:39,1,59.3868331528848
2025-02-05 00:38:19,2,36.4811783490463
2025-02-05 00:39:59,3,11.0775124210779
2025-02-05 00:41:39,4,-15.0846747638188
2025-02-05 00:43:19,1,59.184437259143
2025-02-05 00:44:59,2,36.2470571274832
2025-02-05 00:46:39,3,10.827697081274
2025-02-05 00:48:19,4,-15.333078373696
2025-02-05 00:49:59,1,58.9816675243292
2025-02-05 00:51:39,2,36.0127069498073
2025-02-05 00:53:19,3,10.5778133478506
2025-02-05 00:54:59,4,-15.5813851315169
2025-02-05 00:56:39,1,58.7785252292473
2025-02-05 00:58:19,2,35.7781292963017
2025-02-05 00:59:59,3,10.3278627992091
2025-02-05 01:01:39,4,-15.8295934688409
2025-02-05 01:03:19,1,58.5750116570545
2025-02-05 01:04:59,2,35.5433256486863
2025-02-05 01:06:39,3,10.077847014173
2025-02-05 01:08:19,4,-16.0777018178492
2025-02-05 01:09:59,1,58.3711280932529
2025-02-05 01:11:39,2,35.3082974901086
2025-02-05 01:13:19,3,9.82776757197805
2025-02-05 01:14:59,4,-16.3257086113548
2025-02-05 01:16:39,1,58.1668758256821
2025-02-05 01:18:19,2,35.0730463051342
2025-02-05 01:19:59,3,9.57762605226173
2025-02-05 01:21:39,4,-16.5736122828119
2025-02-05 01:23:19,1,57.9622561445103
2025-02-05 01:24:59,2,34.8375735797375
2025-02-05 01:26:39,3,9.32742403505391
2025-02-05 01:28:19,4,-16.8214112663263
2025-02-05 01:29:59,1,57.7572703422268
2025-02-05 01:31:39,2,34.601880801292
2025-02-05 01:33:19,3,9.0771631007665
2025-02-05 01:34:59,4,-17.0691039966647
2025-02-05 01:36:39,1,57.5519197136331
2025-02-05 01:38:19,2,34.3659694585616
2025-02-05 01:39:59,3,8.82684483018358
2025-02-05 01:41:39,4,-17.3166889092654
2025-02-05 01:43:19,1,57.3462055558356
2025-02-05 01:44:59,2,34.1298410416905
2025-02-05 01:46:39,3,8.57647080445145
2025-02-05 01:48:19,4,-17.5641644402475
2025-02-05 01:49:59,1,57.1401291682365
2025-02-05 01:51:39,2,33.893497042194
2025-02-05 01:53:19,3,8.32604260506842
2025-02-05 01:54:59,4,-17.811529026421
2025-02-05 01:56:39,1,56.9336918525265
2025-02-05 01:58:19,2,33.6569389529494
2025-02-05 01:59:59,3,8.07556181387517
2025-02-05 02:01:39,4,-18.0587811052967
2025-02-05 02:03:19,1,56.7268949126757
2025-02-05 02:04:59,2,33.4201682681861
2025-02-05 02:06:39,3,7.82503001304449
2025-02-05 02:08:19,4,-18.3059191150962
2025-02-05 02:09:59,1,56.519739654926
2025-02-05 02:11:39,2,33.1831864834764
2025-02-05 02:13:19,3,7.57444878507147
2025-02-05 02:14:59,4,-18.5529414947614
2025-02-05 02:16:39,1,56.3122273877827
2025-02-05 02:18:19,2,32.9459950957262
2025-02-05 02:19:59,3,7.32381971276321
2025-02-05 02:21:39,4,-18.7998466839648
2025-02-05 02:23:19,1,56.1043594220059
2025-02-05 02:24:59,2,32.708595603165
2025-02-05 02:26:39,3,7.07314437922922
2025-02-05 02:28:19,4,-19.0466331231189
2025-02-05 02:29:59,1,55.8961370706028
2025-02-05 02:31:39,2,32.4709895053371
2025-02-05 02:33:19,3,6.82242436787113
2025-02-05 02:34:59,4,-19.2932992533866
2025-02-05 02:36:39,1,55.6875616488188
2025-02-05 02:38:19,2,32.2331783030918
2025-02-05 02:39:59,3,6.57166126237285
2025-02-05 02:41:39,4,-19.5398435166905
2025-02-05 02:43:19,1,55.4786344741297
2025-02-05 02:44:59,2,31.9951634985739
2025-02-05 02:46:39,3,6.32085664669034
2025-02-05 02:48:19,4,-19.7862643557229
2025-02-05 02:49:59,1,55.2693568662332
2025-02-05 02:51:39,2,31.7569465952142
2025-02-05 02:53:19,3,6.07001210504192
2025-02-05 02:54:59,4,-20.032560213956
2025-02-05 02:56:39,1,55.0597301470402
2025-02-05 02:58:19,2,31.5185290977201
2025-02-05 02:59:59,3,5.81912922189805
2025-02-05 03:01:39,4,-20.2787295356512
2025-02-05 03:03:19,1,54.8497556406671
2025-02-05 03:04:59,2,31.2799125120662
2025-02-05 03:06:39,3,5.5682095819714
2025-02-05 03:08:19,4,-20.5247707658694
2025-02-05 03:09:59,1,54.6394346734269
2025-02-05 03:11:39,2,31.0410983454846
2025-02-05 03:13:19,3,5.31725477020672
2025-02-05 03:14:59,4,-20.7706823504804
2025-02-05 03:16:39,1,54.4287685738213
2025-02-05 03:18:19,2,30.8020881064551
2025-02-05 03:19:59,3,5.06626637177102
2025-02-05 03:21:39,4,-21.0164627361729
2025-02-05 03:23:19,1,54.2177586725318
2025-02-05 03:24:59,2,30.5628833046965
2025-02-05 03:26:39,3,4.81524597204344
2025-02-05 03:28:19,4,-21.2621103704645
2025-02-05 03:29:59,1,54.0064063024116
2025-02-05 03:31:39,2,30.3234854511563
2025-02-05 03:33:19,3,4.5641951566053
2025-02-05 03:34:59,4,-21.5076237017113
2025-02-05 03:36:39,1,53.7947127984771
2025-02-05 03:38:19,2,30.0838960580015
2025-02-05 03:39:59,3,4.3131155112299
2025-02-05 03:41:39,4,-21.7530011791176
2025-02-05 03:43:19,1,53.5826794978997
2025-02-05 03:44:59,2,29.8441166386087
2025-02-05 03:46:39,3,4.06200862187279
2025-02-05 03:48:19,4,-21.9982412527457
2025-02-05 03:49:59,1,53.3703077399968
2025-02-05 03:51:39,2,29.6041487075552
2025-02-05 03:53:19,3,3.81087607466156
2025-02-05 03:54:59,4,-22.2433423735263
2025-02-05 03:56:39,1,53.1575988662238
2025-02-05 03:58:19,2,29.3639937806089
2025-02-05 03:59:59,3,3.55971945588591
2025-02-05 04:01:39,4,-22.4883029932674
2025-02-05 04:03:19,1,52.9445542201657
2025-02-05 04:04:59,2,29.1236533747188
2025-02-05 04:06:39,3,3.30854035198745
2025-02-05 04:08:19,4,-22.7331215646646
2025-02-05 04:09:59,1,52.7311751475283
2025-02-05 04:11:39,2,28.8831290080055
2025-02-05 04:13:19,3,3.05734034954996
2025-02-05 04:14:59,4,-22.9777965413107
2025-02-05 04:16:39,1,52.5174629961296
2025-02-05 04:18:19,2,28.6424221997517
2025-02-05 04:19:59,3,2.80612103528918
2025-02-05 04:21:39,4,-23.2223263777056
2025-02-05 04:23:19,1,52.3034191158918
2025-02-05 04:24:59,2,28.4015344703923
2025-02-05 04:26:39,3,2.55488399604289
2025-02-05 04:28:19,4,-23.466709529266
2025-02-05 04:29:59,1,52.0890448588324
2025-02-05 04:31:39,2,28.1604673415052
2025-02-05 04:33:19,3,2.30363081876067
2025-02-05 04:34:59,4,-23.710944452335
2025-02-05 04:36:39,1,51.8743415790558
2025-02-05 04:38:19,2,27.9192223358014
2025-02-05 04:39:59,3,2.0523630904942
2025-02-05 04:41:39,4,-23.9550296041921
2025-02-05 04:43:19,1,51.6593106327444
2025-02-05 04:44:59,2,27.6778009771154
2025-02-05 04:46:39,3,1.801082398387
2025-02-05 04:48:19,4,-24.1989634430629
2025-02-05 04:49:59,1,51.4439533781507
2025-02-05 04:51:39,2,27.4362047903958
2025-02-05 04:53:19,3,1.54979032966455
2025-02-05 04:54:59,4,-24.4427444281287
2025-02-05 04:56:39,1,51.228271175588
2025-02-05 04:58:19,2,27.1944353016954
2025-02-05 04:59:59,3,1.29848847162404
2025-02-05 05:01:39,4,-24.6863710195363
2025-02-05 05:03:19,1,51.0122653874225
2025-02-05 05:04:59,2,26.9524940381617
2025-02-05 05:06:39,3,1.04717841162462
2025-02-05 05:08:19,4,-24.9298416784075
2025-02-05 05:09:59,1,50.795937378064
2025-02-05 05:11:39,2,26.7103825280272
2025-02-05 05:13:19,3,0.795861737077214
2025-02-05 05:14:59,4,-25.1731548668497
2025-02-05 05:16:39,1,50.5792885139579
2025-02-05 05:18:19,2,26.4681023005997
2025-02-05 05:19:59,3,0.544540035434581
2025-02-05 05:21:39,4,-25.4163090479643
2025-02-05 05:23:19,1,50.3623201635761
2025-02-05 05:24:59,2,26.225654886253
2025-02-05 05:26:39,3,0.293214894181087
2025-02-05 05:28:19,4,-25.6593026858573
2025-02-05 05:29:59,1,50.1450336974087
2025-02-05 05:31:39,2,25.9830418164165
2025-02-05 05:33:19,3,0.0418879008229609
2025-02-05 05:34:59,4,-25.902134245649
2025-02-05 05:36:39,1,49.9274304879549
2025-02-05 05:38:19,2,25.7402646235663
2025-02-05 05:39:59,3,-0.209439357121912
2025-02-05 05:41:39,4,-26.1448021934832
2025-02-05 05:43:19,1,49.7095119097151
2025-02-05 05:44:59,2,25.4973248412152
2025-02-05 05:46:39,3,-0.460765292133933
2025-02-05 05:48:19,4,-26.3873049965373
2025-02-05 05:49:59,1,49.4912793391813
2025-02-05 05:51:39,2,25.2542240039028
2025-02-05 05:53:19,3,-0.71208831670199
2025-02-05 05:54:59,4,-26.6296411230317
2025-02-05 05:56:39,1,49.2727341548292
2025-02-05 05:58:19,2,25.0109636471861
2025-02-05 05:59:59,3,-0.963406843333225
2025-02-05 06:01:39,4,-26.8718090422398
2025-02-05 06:03:19,1,49.0538777371088
2025-02-05 06:04:59,2,24.7675453076298
2025-02-05 06:06:39,3,-1.21471928456323
2025-02-05 06:08:19,4,-27.1138072244973
2025-02-05 06:09:59,1,48.8347114684362
2025-02-05 06:11:39,2,24.5239705227963
2025-02-05 06:13:19,3,-1.46602405296601
2025-02-05 06:14:59,4,-27.3556341412123
2025-02-05 06:16:39,1,48.6152367331847
2025-02-05 06:18:19,2,24.2802408312365
2025-02-05 06:19:59,3,-1.71731956116413
2025-02-05 06:21:39,4,-27.5972882648746
2025-02-05 06:23:19,1,48.395454917676
2025-02-05 06:24:59,2,24.0363577724794
2025-02-05 06:26:39,3,-1.96860422183856
2025-02-05 06:28:19,4,-27.8387680690652
2025-02-05 06:29:59,1,48.1753674101716
2025-02-05 06:31:39,2,23.7923228870231
2025-02-05 06:33:19,3,-2.21987644773881
2025-02-05 06:34:59,4,-28.0800720284665
2025-02-05 06:36:39,1,47.9549756008636
2025-02-05 06:38:19,2,23.5481377163245
2025-02-05 06:39:59,3,-2.47113465169288
2025-02-05 06:41:39,4,-28.3211986188717
2025-02-05 06:43:19,1,47.7342808818666
2025-02-05 06:44:59,2,23.3038038027899
2025-02-05 06:46:39,3,-2.72237724661749
2025-02-05 06:48:19,4,-28.562146317194
2025-02-05 06:49:59,1,47.5132846472084
2025-02-05 06:51:39,2,23.059322689765
2025-02-05 06:53:19,3,-2.97360264552783
2025-02-05 06:54:59,4,-28.8029136014769
2025-02-05 06:56:39,1,47.2919882928213
2025-02-05 06:58:19,2,22.8146959215254
2025-02-05 06:59:59,3,-3.22480926154773
2025-02-05 07:01:39,4,-29.0434989509033
2025-02-05 07:03:19,1,47.0703932165333
2025-02-05 07:04:59,2,22.5699250432669
2025-02-05 07:06:39,3,-3.47599550791962
2025-02-05 07:08:19,4,-29.2839008458055
2025-02-05 07:09:59,1,46.8485008180593
2025-02-05 07:11:39,2,22.3250116010952
2025-02-05 07:13:19,3,-3.72715979801477
2025-02-05 07:14:59,4,-29.5241177676744
2025-02-05 07:16:39,1,46.6263124989925
2025-02-05 07:18:19,2,22.0799571420167
2025-02-05 07:19:59,3,-3.97830054534294
2025-02-05 07:21:39,4,-29.7641481991693
2025-02-05 07:23:19,1,46.4038296627949
2025-02-05 07:24:59,2,21.8347632139286
2025-02-05 07:26:39,3,-4.2294161635627
2025-02-05 07:28:19,4,-30.0039906241276
2025-02-05 07:29:59,1,46.181053714789
2025-02-05 07:31:39,2,21.5894313656091
2025-02-05 07:33:19,3,-4.48050506649127
2025-02-05 07:34:59,4,-30.2436435275742
2025-02-05 07:36:39,1,45.9579860621488
2025-02-05 07:38:19,2,21.3439631467075
2025-02-05 07:39:59,3,-4.73156566811477
2025-02-05 07:41:39,4,-30.4831053957312
2025-02-05 07:43:19,1,45.7346281138909
2025-02-05 07:44:59,2,21.0983601077342
2025-02-05 07:46:39,3,-4.98259638259794
2025-02-05 07:48:19,4,-30.7223747160271
2025-02-05 07:49:59,1,45.5109812808654
2025-02-05 07:51:39,2,20.8526238000518
2025-02-05 07:53:19,3,-5.23359562429436
2025-02-05 07:54:59,4,-30.9614499771069
2025-02-05 07:56:39,1,45.2870469757473
2025-02-05 07:58:19,2,20.6067557758642
2025-02-05 07:59:59,3,-5.48456180775635
2025-02-05 08:01:39,4,-31.2003296688415
2025-02-05 08:03:19,1,45.0628266130273
2025-02-05 08:04:59,2,20.3607575882076
2025-02-05 08:06:39,3,-5.7354933477452
2025-02-05 08:08:19,4,-31.4390122823367
2025-02-05 08:09:59,1,44.8383216090033
2025-02-05 08:11:39,2,20.1146307909401
2025-02-05 08:13:19,3,-5.98638865924086
2025-02-05 08:14:59,4,-31.6774963099435
2025-02-05 08:16:39,1,44.6135333817706
2025-02-05 08:18:19,2,19.8683769387324
2025-02-05 08:19:59,3,-6.23724615745221
2025-02-05 08:21:39,4,-31.9157802452671
2025-02-05 08:23:19,1,44.388463351214
2025-02-05 08:24:59,2,19.6219975870576
2025-02-05 08:26:39,3,-6.48806425782688
2025-02-05 08:28:19,4,-32.1538625831767
2025-02-05 08:29:59,1,44.1631129389982
2025-02-05 08:31:39,2,19.3754942921817
2025-02-05 08:33:19,3,-6.73884137606154
2025-02-05 08:34:59,4,-32.3917418198149
2025-02-05 08:36:39,1,43.9374835685587
2025-02-05 08:38:19,2,19.1288686111534
2025-02-05 08:39:59,3,-6.98957592811157
2025-02-05 08:41:39,4,-32.6294164526072
2025-02-05 08:43:19,1,43.7115766650933
2025-02-05 08:44:59,2,18.8821221017946
2025-02-05 08:46:39,3,-7.24026633020125
2025-02-05 08:48:19,4,-32.8668849802712
2025-02-05 08:49:59,1,43.4853936555528
2025-02-05 08:51:39,2,18.6352563226903
2025-02-05 08:53:19,3,-7.49091099883372
2025-02-05 08:54:59,4,-33.1041459028269
2025-02-05 08:56:39,1,43.2589359686321
2025-02-05 08:58:19,2,18.388272833179
2025-02-05 08:59:59,3,-7.74150835080112
2025-02-05 09:01:39,4,-33.3411977216052
2025-02-05 09:03:19,1,43.0322050347609
2025-02-05 09:04:59,2,18.1411731933426
2025-02-05 09:06:39,3,-7.99205680319433
2025-02-05 09:08:19,4,-33.5780389392581
2025-02-05 09:09:59,1,42.8052022860951
2025-02-05 09:11:39,2,17.8939589639967
2025-02-05 09:13:19,3,-8.24255477341315
2025-02-05 09:14:59,4,-33.8146680597675
2025-02-05 09:16:39,1,42.5779291565073
2025-02-05 09:18:19,2,17.6466317066808
2025-02-05 09:19:59,3,-8.49300067917622
2025-02-05 09:21:39,4,-34.0510835884556
2025-02-05 09:23:19,1,42.3503870815782
2025-02-05 09:24:59,2,17.3991929836482
2025-02-05 09:26:39,3,-8.74339293853117
2025-02-05 09:28:19,4,-34.2872840319932
2025-02-05 09:29:59,1,42.1225774985873
2025-02-05 09:31:39,2,17.1516443578564
2025-02-05 09:33:19,3,-8.99372996986435
2025-02-05 09:34:59,4,-34.52326789841
2025-02-05 09:36:39,1,41.8945018465035
2025-02-05 09:38:19,2,16.9039873929571
2025-02-05 09:39:59,3,-9.24401019191103
2025-02-05 09:41:39,4,-34.7590336971037
2025-02-05 09:43:19,1,41.6661615659768
2025-02-05 09:44:59,2,16.6562236532862
2025-02-05 09:46:39,3,-9.49423202376525
2025-02-05 09:48:19,4,-34.9945799388492
2025-02-05 09:49:59,1,41.4375580993284
2025-02-05 09:51:39,2,16.4083547038543
2025-02-05 09:53:19,3,-9.74439388489001
2025-02-05 09:54:59,4,-35.2299051358087
2025-02-05 09:56:39,1,41.2086928905422
2025-02-05 09:58:19,2,16.1603821103361
2025-02-05 09:59:59,3,-9.99449419512699
2025-02-05 10:01:39,4,-35.4650078015401
2025-02-05 10:03:19,1,40.979567385255
2025-02-05 10:04:59,2,15.9123074390616
2025-02-05 10:06:39,3,-10.2445313747067
2025-02-05 10:08:19,4,-35.6998864510073
2025-02-05 10:09:59,1,40.7501830307481
2025-02-05 10:11:39,2,15.664132257005
2025-02-05 10:13:19,3,-10.4945038442584
2025-02-05 10:14:59,4,-35.934539600589
2025-02-05 10:16:39,1,40.5205412759378
2025-02-05 10:18:19,2,15.4158581317758
2025-02-05 10:19:59,3,-10.7444100248202
2025-02-05 10:21:39,4,-36.1689657680886
2025-02-05 10:23:19,1,40.2906435713663
2025-02-05 10:24:59,2,15.1674866316083
2025-02-05 10:26:39,3,-10.9942483378488
2025-02-05 10:28:19,4,-36.4031634727428
2025-02-05 10:29:59,1,40.0604913691923
2025-02-05 10:31:39,2,14.9190193253517
2025-02-05 10:33:19,3,-11.2440172052296
2025-02-05 10:34:59,4,-36.6371312352316
2025-02-05 10:36:39,1,39.8300861231823
2025-02-05 10:38:19,2,14.6704577824608
2025-02-05 10:39:59,3,-11.4937150492866
2025-02-05 10:41:39,4,-36.8708675776877
2025-02-05 10:43:19,1,39.599429288701
2025-02-05 10:44:59,2,14.4218035729852
2025-02-05 10:46:39,3,-11.7433402927927
2025-02-05 10:48:19,4,-37.1043710237051
2025-02-05 10:49:59,1,39.3685223227024
2025-02-05 10:51:39,2,14.1730582675601
2025-02-05 10:53:19,3,-11.9928913589791
2025-02-05 10:54:59,4,-37.3376400983492
2025-02-05 10:56:39,1,39.1373666837203
2025-02-05 10:58:19,2,13.9242234373961
2025-02-05 10:59:59,3,-12.2423666715456
2025-02-05 11:01:39,4,-37.5706733281657
2025-02-05 11:03:19,1,38.9059638318594
2025-02-05 11:04:59,2,13.6753006542691
2025-02-05 11:06:39,3,-12.4917646546706
2025-02-05 11:08:19,4,-37.8034692411901
2025-02-05 11:09:59,1,38.6743152287858
2025-02-05 11:11:39,2,13.4262914905108
2025-02-05 11:13:19,3,-12.7410837330209
2025-02-05 11:14:59,4,-38.0360263669569
2025-02-05 11:16:39,1,38.4424223377181
2025-02-05 11:18:19,2,13.1771975189983
2025-02-05 11:19:59,3,-12.9903223317616
2025-02-05 11:21:39,4,-38.268343236509
2025-02-05 11:23:19,1,38.2102866234178
2025-02-05 11:24:59,2,12.9280203131446
2025-02-05 11:26:39,3,-13.2394788765664
2025-02-05 11:28:19,4,-38.5004183824065
2025-02-05 11:29:59,1,37.9779095521801
2025-02-05 11:31:39,2,12.6787614468884
2025-02-05 11:33:19,3,-13.488551793627
2025-02-05 11:34:59,4,-38.732250338737
2025-02-05 11:36:39,1,37.7452925918251
2025-02-05 11:38:19,2,12.4294224946841
2025-02-05 11:39:59,3,-13.7375395096636
2025-02-05 11:41:39,4,-38.9638376411236
2025-02-05 11:43:19,1,37.5124372116878
2025-02-05 11:44:59,2,12.1800050314919
2025-02-05 11:46:39,3,-13.9864404519344
2025-02-05 11:48:19,4,-39.1951788267352
2025-02-05 11:49:59,1,37.2793448826094
2025-02-05 11:51:39,2,11.9305106327683
2025-02-05 11:53:19,3,-14.2352530482458
2025-02-05 11:54:59,4,-39.4262724342951
2025-02-05 11:56:39,1,37.0460170769276
2025-02-05 11:58:19,2,11.6809408744554
2025-02-05 11:59:59,3,-14.4839757269621
2025-02-05 12:01:39,4,-39.6571170040904
2025-02-05 12:03:19,1,36.8124552684678
2025-02-05 12:04:59,2,11.4312973329714
2025-02-05 12:06:39,3,-14.7326069170159
2025-02-05 12:08:19,4,-39.8877110779814
2025-02-05 12:09:59,1,36.5786609325333
2025-02-05 12:11:39,2,11.1815815852006
2025-02-05 12:13:19,3,-14.9811450479173
2025-02-05 12:14:59,4,-40.1180531994105
2025-02-05 12:16:39,1,36.3446355458961
2025-02-05 12:18:19,2,10.9317952084835
2025-02-05 12:19:59,3,-15.2295885497645
2025-02-05 12:21:39,4,-40.3481419134118
2025-02-05 12:23:19,1,36.1103805867878
2025-02-05 12:24:59,2,10.6819397806065
2025-02-05 12:26:39,3,-15.4779358532533
2025-02-05 12:28:19,4,-40.57797576662
2025-02-05 12:29:59,1,35.87589753489
2025-02-05 12:31:39,2,10.4320168797923
2025-02-05 12:33:19,3,-15.726185389687
2025-02-05 12:34:59,4,-40.8075533072794
2025-02-05 12:36:39,1,35.6411878713251
2025-02-05 12:38:19,2,10.1820280846897
2025-02-05 12:39:59,3,-15.9743355909868
2025-02-05 12:41:39,4,-41.0368730852535
2025-02-05 12:43:19,1,35.4062530786469
2025-02-05 12:44:59,2,9.93197497436392
2025-02-05 12:46:39,3,-16.2223848897011
2025-02-05 12:48:19,4,-41.265933652034
2025-02-05 12:49:59,1,35.1710946408313
2025-02-05 12:51:39,2,9.68185912828624
2025-02-05 12:53:19,3,-16.4703317190157
2025-02-05 12:54:59,4,-41.4947335607498
2025-02-05 12:56:39,1,34.9357140432667
2025-02-05 12:58:19,2,9.43168212632434
2025-02-05 12:59:59,3,-16.7181745127636
2025-02-05 13:01:39,4,-41.7232713661765
2025-02-05 13:03:19,1,34.700112772745
2025-02-05 13:04:59,2,9.18144554873205
2025-02-05 13:06:39,3,-16.9659117054352
2025-02-05 13:08:19,4,-41.951545624745
2025-02-05 13:09:59,1,34.4642923174517
2025-02-05 13:11:39,2,8.93115097613963
2025-02-05 13:13:19,3,-17.2135417321876
2025-02-05 13:14:59,4,-42.1795548945509
2025-02-05 13:16:39,1,34.2282541669572
2025-02-05 13:18:19,2,8.68079998954363
2025-02-05 13:19:59,3,-17.4610630288549
2025-02-05 13:21:39,4,-42.4072977353639
2025-02-05 13:23:19,1,33.9919998122065
2025-02-05 13:24:59,2,8.43039417029701
2025-02-05 13:26:39,3,-17.7084740319583
2025-02-05 13:28:19,4,-42.6347727086364
2025-02-05 13:29:59,1,33.7555307455106
2025-02-05 13:31:39,2,8.17993510009891
2025-02-05 13:33:19,3,-17.9557731787152
2025-02-05 13:34:59,4,-42.8619783775128
2025-02-05 13:36:39,1,33.5188484605367
2025-02-05 13:38:19,2,7.92942436098499
2025-02-05 13:39:59,3,-18.20295890705
2025-02-05 13:41:39,4,-43.0889133068386
2025-02-05 13:43:19,1,33.2819544522987
2025-02-05 13:44:59,2,7.67886353531722
2025-02-05 13:46:39,3,-18.4500296556031
2025-02-05 13:48:19,4,-43.3155760631696
2025-02-05 13:49:59,1,33.0448502171479
2025-02-05 13:51:39,2,7.42825420577402
2025-02-05 13:53:19,3,-18.6969838637414
2025-02-05 13:54:59,4,-43.5419652147804
2025-02-05 13:56:39,1,32.8075372527635
2025-02-05 13:58:19,2,7.17759795534001
2025-02-05 13:59:59,3,-18.9438199715681
2025-02-05 14:01:39,4,-43.7680793316743
2025-02-05 14:03:19,1,32.5700170581433
2025-02-05 14:04:59,2,6.92689636729635
2025-02-05 14:06:39,3,-19.190536419932
2025-02-05 14:08:19,4,-43.9939169855915
2025-02-05 14:09:59,1,32.3322911335937
2025-02-05 14:11:39,2,6.67615102521052
2025-02-05 14:13:19,3,-19.4371316504379
2025-02-05 14:14:59,4,-44.2194767500187
2025-02-05 14:16:39,1,32.094360980721
2025-02-05 14:18:19,2,6.42536351292643
2025-02-05 14:19:59,3,-19.6836041054564
2025-02-05 14:21:39,4,-44.4447572001978
2025-02-05 14:23:19,1,31.8562281024213
2025-02-05 14:24:59,2,6.17453541455422
2025-02-05 14:26:39,3,-19.9299522281336
2025-02-05 14:28:19,4,-44.6697569131351
2025-02-05 14:29:59,1,31.6178940028713
2025-02-05 14:31:39,2,5.92366831446051
2025-02-05 14:33:19,3,-20.1761744624007
2025-02-05 14:34:59,4,-44.89447446761
2025-02-05 14:36:39,1,31.3793601875188
2025-02-05 14:38:19,2,5.67276379725827
2025-02-05 14:39:59,3,-20.4222692529842
2025-02-05 14:41:39,4,-45.1189084441845
2025-02-05 14:43:19,1,31.1406281630728
2025-02-05 14:44:59,2,5.42182344779678
2025-02-05 14:46:39,3,-20.6682350454159
2025-02-05 14:48:19,4,-45.3430574252114
2025-02-05 14:49:59,1,30.9016994374948
2025-02-05 14:51:39,2,5.17084885115173
2025-02-05 14:53:19,3,-20.914070286042
2025-02-05 14:54:59,4,-45.5669199948441
2025-02-05 14:56:39,1,30.6625755199882
2025-02-05 14:58:19,2,4.91984159261497
2025-02-05 14:59:59,3,-21.1597734220335
2025-02-05 15:01:39,4,-45.7904947390448
2025-02-05 15:03:19,1,30.4232579209898
2025-02-05 15:04:59,2,4.66880325768482
2025-02-05 15:06:39,3,-21.4053429013959
2025-02-05 15:08:19,4,-46.0137802455941
2025-02-05 15:09:59,1,30.1837481521596
2025-02-05 15:11:39,2,4.41773543205584
2025-02-05 15:13:19,3,-21.650777172979
2025-02-05 15:14:59,4,-46.2367751040992
2025-02-05 15:16:39,1,29.9440477263714
2025-02-05 15:18:19,2,4.16663970160891
2025-02-05 15:19:59,3,-21.8960746864864
2025-02-05 15:21:39,4,-46.4594779060034
2025-02-05 15:23:19,1,29.7041581577035
2025-02-05 15:24:59,2,3.91551765240104
2025-02-05 15:26:39,3,-22.1412338924858
2025-02-05 15:28:19,4,-46.6818872445947
2025-02-05 15:29:59,1,29.4640809614287
2025-02-05 15:31:39,2,3.66437087065563
2025-02-05 15:33:19,3,-22.3862532424182
2025-02-05 15:34:59,4,-46.9040017150151
2025-02-05 15:36:39,1,29.223817654005
2025-02-05 15:38:19,2,3.41320094275225
2025-02-05 15:39:59,3,-22.6311311886085
2025-02-05 15:41:39,4,-47.1258199142687
2025-02-05 15:43:19,1,28.9833697530661
2025-02-05 15:44:59,2,3.16200945521671
2025-02-05 15:46:39,3,-22.8758661842744
2025-02-05 15:48:19,4,-47.3473404412312
2025-02-05 15:49:59,1,28.7427387774117
2025-02-05 15:51:39,2,2.91079799471088
2025-02-05 15:53:19,3,-23.1204566835366
2025-02-05 15:54:59,4,-47.5685618966586
2025-02-05 15:56:39,1,28.5019262469976
2025-02-05 15:58:19,2,2.65956814802292
2025-02-05 15:59:59,3,-23.3649011414286
2025-02-05 16:01:39,4,-47.7894828831959
2025-02-05 16:03:19,1,28.2609336829269
2025-02-05 16:04:59,2,2.40832150205709
2025-02-05 16:06:39,3,-23.6091980139063
2025-02-05 16:08:19,4,-48.0101020053861
2025-02-05 16:09:59,1,28.0197626074394
2025-02-05 16:11:39,2,2.15705964382379
2025-02-05 16:13:19,3,-23.853345757858
2025-02-05 16:14:59,4,-48.230417869679
2025-02-05 16:16:39,1,27.7784145439028
2025-02-05 16:18:19,2,1.90578416042939
2025-02-05 16:19:59,3,-24.0973428311138
2025-02-05 16:21:39,4,-48.4504290844397
2025-02-05 16:23:19,1,27.5368910168025
2025-02-05 16:24:59,2,1.65449663906645
2025-02-05 16:26:39,3,-24.3411876924556
2025-02-05 16:28:19,4,-48.670134259958
2025-02-05 16:29:59,1,27.2951935517325
2025-02-05 16:31:39,2,1.40319866700354
2025-02-05 16:33:19,3,-24.5848788016266
2025-02-05 16:34:59,4,-48.8895320084565
2025-02-05 16:36:39,1,27.0533236753854
2025-02-05 16:38:19,2,1.15189183157526
2025-02-05 16:39:59,3,-24.8284146193415
2025-02-05 16:41:39,4,-49.1086209440997
2025-02-05 16:43:19,1,26.8112829155427
2025-02-05 16:44:59,2,0.900577720172091
2025-02-05 16:46:39,3,-25.0717936072956
2025-02-05 16:48:19,4,-49.3273996830029
2025-02-05 16:49:59,1,26.5690728010653
2025-02-05 16:51:39,2,0.649257920230581
2025-02-05 16:53:19,3,-25.315014228175
2025-02-05 16:54:59,4,-49.5458668432407
2025-02-05 16:56:39,1,26.326694861884
2025-02-05 16:58:19,2,0.397934019223181
2025-02-05 16:59:59,3,-25.558074945666
2025-02-05 17:01:39,4,-49.7640210448558
2025-02-05 17:03:19,1,26.0841506289897
2025-02-05 17:04:59,2,0.146607604648286
2025-02-05 17:06:39,3,-25.800974224465
2025-02-05 17:08:19,4,-49.9818609098675
2025-02-05 17:09:59,1,25.8414416344235
2025-02-05 17:11:39,2,-0.104719735979965
2025-02-05 17:13:19,3,-26.0437105302882
2025-02-05 17:14:59,4,-50.199385062281
2025-02-05 17:16:39,1,25.5985694112673
2025-02-05 17:18:19,2,-0.356046415141449
2025-02-05 17:19:59,3,-26.2862823298811
2025-02-05 17:21:39,4,-50.4165921280956
2025-02-05 17:23:19,1,25.3555354936341
2025-02-05 17:24:59,2,-0.607370845320266
2025-02-05 17:26:39,3,-26.5286880910285
2025-02-05 17:28:19,4,-50.6334807353132
2025-02-05 17:29:59,1,25.1123414166581
2025-02-05 17:31:39,2,-0.858691439014679
2025-02-05 17:33:19,3,-26.7709262825638
2025-02-05 17:34:59,4,-50.8500495139477
2025-02-05 17:36:39,1,24.8689887164855
2025-02-05 17:38:19,2,-1.11000660874732
2025-02-05 17:39:59,3,-27.0129953743789
2025-02-05 17:41:39,4,-51.0662970960328
2025-02-05 17:43:19,1,24.625478930264
2025-02-05 17:44:59,2,-1.36131476707493
2025-02-05 17:46:39,3,-27.2548938374339
2025-02-05 17:48:19,4,-51.2822221156313
2025-02-05 17:49:59,1,24.3818135961339
2025-02-05 17:51:39,2,-1.61261432659862
2025-02-05 17:53:19,3,-27.4966201437665
2025-02-05 17:54:59,4,-51.4978232088435
2025-02-05 17:56:39,1,24.1379942532177
2025-02-05 17:58:19,2,-1.86390369997373
2025-02-05 17:59:59,3,-27.7381727665022
2025-02-05 18:01:39,4,-51.7130990138157
2025-02-05 18:03:19,1,23.8940224416111
2025-02-05 18:04:59,2,-2.1151812999201
2025-02-05 18:06:39,3,-27.9795501798632
2025-02-05 18:08:19,4,-51.9280481707488
2025-02-05 18:09:59,1,23.6498997023725
2025-02-05 18:11:39,2,-2.36644553923179
2025-02-05 18:13:19,3,-28.2207508591786
2025-02-05 18:14:59,4,-52.1426693219073
2025-02-05 18:16:39,1,23.4056275775139
2025-02-05 18:18:19,2,-2.61769483078732
2025-02-05 18:19:59,3,-28.4617732808938
2025-02-05 18:21:39,4,-52.3569611116272
2025-02-05 18:23:19,1,23.1612076099907
2025-02-05 18:24:59,2,-2.86892758755955
2025-02-05 18:26:39,3,-28.7026159225803
2025-02-05 18:28:19,4,-52.5709221863251
2025-02-05 18:29:59,1,22.9166413436923
2025-02-05 18:31:39,2,-3.12014222262595
2025-02-05 18:33:19,3,-28.943277262945
2025-02-05 18:34:59,4,-52.7845511945066
2025-02-05 18:36:39,1,22.6719303234322
2025-02-05 18:38:19,2,-3.3713371491783
2025-02-05 18:39:59,3,-29.18375578184
2025-02-05 18:41:39,4,-52.9978467867748
2025-02-05 18:43:19,1,22.4270760949381
2025-02-05 18:44:59,2,-3.62251078053292
2025-02-05 18:46:39,3,-29.4240499602723
2025-02-05 18:48:19,4,-53.2108076158388
2025-02-05 18:49:59,1,22.1820802048425
2025-02-05 18:51:39,2,-3.8736615301406
2025-02-05 18:53:19,3,-29.6641582804135
2025-02-05 18:54:59,4,-53.4234323365223
2025-02-05 18:56:39,1,21.9369442006726
2025-02-05 18:58:19,2,-4.12478781159679
2025-02-05 18:59:59,3,-29.9040792256086
2025-02-05 19:01:39,4,-53.6357196057719
2025-02-05 19:03:19,1,21.6916696308406
2025-02-05 19:04:59,2,-4.37588803865138
2025-02-05 19:06:39,3,-30.1438112803868
2025-02-05 19:08:19,4,-53.847668082666
2025-02-05 19:09:59,1,21.4462580446339
2025-02-05 19:11:39,2,-4.62696062521886
2025-02-05 19:13:19,3,-30.38335293047
2025-02-05 19:14:59,4,-54.0592764284227
2025-02-05 19:16:39,1,21.2007109922055
2025-02-05 19:18:19,2,-4.87800398538827
2025-02-05 19:19:59,3,-30.622702662783
2025-02-05 19:21:39,4,-54.2705433064086
2025-02-05 19:23:19,1,20.9550300245641
2025-02-05 19:24:59,2,-5.1290165334334
2025-02-05 19:26:39,3,-30.8618589654627
2025-02-05 19:28:19,4,-54.4814673821474
2025-02-05 19:29:59,1,20.7092166935642
2025-02-05 19:31:39,2,-5.37999668382252
2025-02-05 19:33:19,3,-31.1008203278681
2025-02-05 19:34:59,4,-54.6920473233281
2025-02-05 19:36:39,1,20.4632725518963
2025-02-05 19:38:19,2,-5.63094285122861
2025-02-05 19:39:59,3,-31.3395852405893
2025-02-05 19:41:39,4,-54.9022817998131
2025-02-05 19:43:19,1,20.2171991530774
2025-02-05 19:44:59,2,-5.88185345053923
2025-02-05 19:46:39,3,-31.5781521954572
2025-02-05 19:48:19,4,-55.1121694836474
2025-02-05 19:49:59,1,19.9709980514407
2025-02-05 19:51:39,2,-6.13272689686676
2025-02-05 19:53:19,3,-31.8165196855535
2025-02-05 19:54:59,4,-55.3217090490662
2025-02-05 19:56:39,1,19.7246708021263
2025-02-05 19:58:19,2,-6.38356160555813
2025-02-05 19:59:59,3,-32.0546862052194
2025-02-05 20:01:39,4,-55.5308991725038
2025-02-05 20:03:19,1,19.4782189610709
2025-02-05 20:04:59,2,-6.63435599220498
2025-02-05 20:06:39,3,-32.2926502500657
2025-02-05 20:08:19,4,-55.7397385326015
2025-02-05 20:09:59,1,19.2316440849983
2025-02-05 20:11:39,2,-6.88510847265362
2025-02-05 20:13:19,3,-32.5304103169823
2025-02-05 20:14:59,4,-55.9482258102167
2025-02-05 20:16:39,1,18.9849477314094
2025-02-05 20:18:19,2,-7.1358174630152
2025-02-05 20:19:59,3,-32.7679649041473
2025-02-05 20:21:39,4,-56.1563596884302
2025-02-05 20:23:19,1,18.7381314585725
2025-02-05 20:24:59,2,-7.38648137967542
2025-02-05 20:26:39,3,-33.0053125110369
2025-02-05 20:28:19,4,-56.3641388525554
2025-02-05 20:29:59,1,18.4911968255132
2025-02-05 20:31:39,2,-7.63709863930475
2025-02-05 20:33:19,3,-33.2424516384344
2025-02-05 20:34:59,4,-56.5715619901461
2025-02-05 20:36:39,1,18.244145392005
2025-02-05 20:38:19,2,-7.88766765886833
2025-02-05 20:39:59,3,-33.4793807884405
2025-02-05 20:41:39,4,-56.7786277910052
2025-02-05 20:43:19,1,17.996978718559
2025-02-05 20:44:59,2,-8.13818685563614
2025-02-05 20:46:39,3,-33.7160984644818
2025-02-05 20:48:19,4,-56.9853349471923
2025-02-05 20:49:59,1,17.7496983664142
2025-02-05 20:51:39,2,-8.38865464719273
2025-02-05 20:53:19,3,-33.9526031713207
2025-02-05 20:54:59,4,-57.1916821530329
2025-02-05 20:56:39,1,17.5023058975276
2025-02-05 20:58:19,2,-8.63906945144741
2025-02-05 20:59:59,3,-34.188893415065
2025-02-05 21:01:39,4,-57.3976681051259
2025-02-05 21:03:19,1,17.2548028745647
2025-02-05 21:04:59,2,-8.88942968664412
2025-02-05 21:06:39,3,-34.4249677031771
2025-02-05 21:08:19,4,-57.6032915023519
2025-02-05 21:09:59,1,17.007190860889
2025-02-05 21:11:39,2,-9.13973377137164
2025-02-05 21:13:19,3,-34.6608245444836
2025-02-05 21:14:59,4,-57.8085510458818
2025-02-05 21:16:39,1,16.7594714205525
2025-02-05 21:18:19,2,-9.3899801245733
2025-02-05 21:19:59,3,-34.8964624491843
2025-02-05 21:21:39,4,-58.0134454391849
2025-02-05 21:23:19,1,16.5116461182858
2025-02-05 21:24:59,2,-9.64016716555711
2025-02-05 21:26:39,3,-35.1318799288622
2025-02-05 21:28:19,4,-58.2179733880368
2025-02-05 21:29:59,1,16.2637165194884
2025-02-05 21:31:39,2,-9.8902933140057
2025-02-05 21:33:19,3,-35.3670754964927
2025-02-05 21:34:59,4,-58.4221336005277
2025-02-05 21:36:39,1,16.0156841902182
2025-02-05 21:38:19,2,-10.1403569899865
2025-02-05 21:39:59,3,-35.6020476664526
2025-02-05 21:41:39,4,-58.6259247870709
2025-02-05 21:43:19,1,15.7675506971823
2025-02-05 21:44:59,2,-10.3903566139613
2025-02-05 21:46:39,3,-35.83679495453
2025-02-05 21:48:19,4,-58.8293456604104
2025-02-05 21:49:59,1,15.5193176077266
2025-02-05 21:51:39,2,-10.6402906067967
2025-02-05 21:53:19,3,-36.0713158779334
2025-02-05 21:54:59,4,-59.0323949356294
2025-02-05 21:56:39,1,15.2709864898263
2025-02-05 21:58:19,2,-10.8901573897736
2025-02-05 21:59:59,3,-36.3056089553014
2025-02-05 22:01:39,4,-59.2350713301584
2025-02-05 22:03:19,1,15.0225589120758
2025-02-05 22:04:59,2,-11.1399553845978
2025-02-05 22:06:39,3,-36.5396727067113
2025-02-05 22:08:19,4,-59.4373735637831
2025-02-05 22:09:59,1,14.7740364436784
2025-02-05 22:11:39,2,-11.3896830134094
2025-02-05 22:13:19,3,-36.7735056536895
2025-02-05 22:14:59,4,-59.6393003586527
2025-02-05 22:16:39,1,14.5254206544373
2025-02-05 22:18:19,2,-11.6393386987928
2025-02-05 22:19:59,3,-37.0071063192198
2025-02-05 22:21:39,4,-59.8408504392877
2025-02-05 22:23:19,1,14.2767131147449
2025-02-05 22:24:59,2,-11.888920863787
2025-02-05 22:26:39,3,-37.2404732277535
2025-02-05 22:28:19,4,-60.0420225325884
2025-02-05 22:29:59,1,14.0279153955732
2025-02-05 22:31:39,2,-12.1384279318956
2025-02-05 22:33:19,3,-37.4736049052185
2025-02-05 22:34:59,4,-60.2428153678423
2025-02-05 22:36:39,1,13.7790290684638
2025-02-05 22:38:19,2,-12.3878583270963
2025-02-05 22:39:59,3,-37.7064998790283
2025-02-05 22:41:39,4,-60.443227676733
2025-02-05 22:43:19,1,13.5300557055181
2025-02-05 22:44:59,2,-12.637210473851
2025-02-05 22:46:39,3,-37.9391566780916
2025-02-05 22:48:19,4,-60.6432581933472
2025-02-05 22:49:59,1,13.280996879387
2025-02-05 22:51:39,2,-12.8864827971162
2025-02-05 22:53:19,3,-38.1715738328218
2025-02-05 22:54:59,4,-60.8429056541836
2025-02-05 22:56:39,1,13.0318541632615
2025-02-05 22:58:19,2,-13.1356737223523
2025-02-05 22:59:59,3,-38.4037498751457
2025-02-05 23:01:39,4,-61.0421687981602
2025-02-05 23:03:19,1,12.7826291308624
2025-02-05 23:04:59,2,-13.3847816755341
2025-02-05 23:06:39,3,-38.6356833385133
2025-02-05 23:08:19,4,-61.2410463666228
2025-02-05 23:09:59,1,12.5333233564305
2025-02-05 23:11:39,2,-13.6338050831603
2025-02-05 23:13:19,3,-38.8673727579067
2025-02-05 23:14:59,4,-61.4395371033525
2025-02-05 23:16:39,1,12.2839384147164
2025-02-05 23:18:19,2,-13.8827423722637
2025-02-05 23:19:59,3,-39.0988166698497
2025-02-05 23:21:39,4,-61.6376397545741
2025-02-05 23:23:19,1,12.0344758809712
2025-02-05 23:24:59,2,-14.1315919704211
2025-02-05 23:26:39,3,-39.3300136124167
2025-02-05 23:28:19,4,-61.8353530689633
2025-02-05 23:29:59,1,11.7849373309356
2025-02-05 23:31:39,2,-14.3803523057633
2025-02-05 23:33:19,3,-39.5609621252422
2025-02-05 23:34:59,4,-62.0326757976556
2025-02-05 23:36:39,1,11.5353243408309
2025-02-05 23:38:19,2,-14.6290218069847
2025-02-05 23:39:59,3,-39.7916607495298
2025-02-05 23:41:39,4,-62.2296066942533
2025-02-05 23:43:19,1,11.2856384873482
2025-02-05 23:44:59,2,-14.8775989033535
2025-02-05 23:46:39,3,-40.0221080280618
2025-02-05 23:48:19,4,-62.4261445148338
2025-02-05 23:49:59,1,11.0358813476392
2025-02-05 23:51:39,2,-15.1260820247219
2025-02-05 23:53:19,3,-40.2523025052077
2025-02-05 23:54:59,4,-62.6222880179575
2025-02-05 23:56:39,1,10.7860544993057
2025-02-05 23:58:19,2,-15.3744696015353
2025-02-05 23:59:59,3,-40.4822427269342
2025-02-06 00:01:39,4,-62.8180359646753
2025-02-06 00:03:19,1,10.5361595203899
2025-02-06 00:04:59,2,-15.6227600648428
2025-02-06 00:06:39,3,-40.7119272408139
2025-02-06 00:08:19,4,-63.0133871185369
2025-02-06 00:09:59,1,10.2861979893642
2025-02-06 00:11:39,2,-15.8709518463069
2025-02-06 00:13:19,3,-40.9413545960345
2025-02-06 00:14:59,4,-63.2083402455982
2025-02-06 00:16:39,1,10.0361714851215
2025-02-06 00:18:19,2,-16.1190433782134
2025-02-06 00:19:59,3,-41.1705233434082
2025-02-06 00:21:39,4,-63.4028941144293
2025-02-06 00:23:19,1,9.7860815869652
2025-02-06 00:24:59,2,-16.3670330934813
2025-02-06 00:26:39,3,-41.3994320353806
2025-02-06 00:28:19,4,-63.5970474961222
2025-02-06 00:29:59,1,9.53592987459889
2025-02-06 00:31:39,2,-16.6149194256729
2025-02-06 00:33:19,3,-41.6280792260401
2025-02-06 00:34:59,4,-63.7907991642987
2025-02-06 00:36:39,1,9.2857179281168
2025-02-06 00:38:19,2,-16.8627008090033
2025-02-06 00:39:59,3,-41.8564634711266
2025-02-06 00:41:39,4,-63.9841478951178
2025-02-06 00:43:19,1,9.03544732799361
2025-02-06 00:44:59,2,-17.1103756783507
2025-02-06 00:46:39,3,-42.0845833280412
2025-02-06 00:48:19,4,-64.177092467284
2025-02-06 00:49:59,1,8.78511965507436
2025-02-06 00:51:39,2,-17.3579424692659
2025-02-06 00:53:19,3,-42.3124373558549
2025-02-06 00:54:59,4,-64.3696316620544
2025-02-06 00:56:39,1,8.53473649056473
2025-02-06 00:58:19,2,-17.6053996179826
2025-02-06 00:59:59,3,-42.5400241153177
2025-02-06 01:01:39,4,-64.561764263247
2025-02-06 01:03:19,1,8.28429941602086
2025-02-06 01:04:59,2,-17.8527455614269
2025-02-06 01:06:39,3,-42.7673421688681
2025-02-06 01:08:19,4,-64.7534890572476
2025-02-06 01:09:59,1,8.03381001333948
2025-02-06 01:11:39,2,-18.0999787372274
2025-02-06 01:13:19,3,-42.9943900806417
2025-02-06 01:14:59,4,-64.9448048330184
2025-02-06 01:16:39,1,7.78326986474769
2025-02-06 01:18:19,2,-18.3470975837251
2025-02-06 01:19:59,3,-43.2211664164805
2025-02-06 01:21:39,4,-65.1357103821048
2025-02-06 01:23:19,1,7.5326805527933
2025-02-06 01:24:59,2,-18.5941005399829
2025-02-06 01:26:39,3,-43.4476697439417
2025-02-06 01:28:19,4,-65.3262044986437
2025-02-06 01:29:59,1,7.28204366033459
2025-02-06 01:31:39,2,-18.8409860457959
2025-02-06 01:33:19,3,-43.6738986323074
2025-02-06 01:34:59,4,-65.5162859793708
2025-02-06 01:36:39,1,7.03136077053043
2025-02-06 01:38:19,2,-19.0877525417012
2025-02-06 01:39:59,3,-43.899851652593
2025-02-06 01:41:39,4,-65.7059536236281
2025-02-06 01:43:19,1,6.78063346683012
2025-02-06 01:44:59,2,-19.3343984689874
2025-02-06 01:46:39,3,-44.1255273775563
2025-02-06 01:48:19,4,-65.8952062333717
2025-02-06 01:49:59,1,6.52986333296361
2025-02-06 01:51:39,2,-19.5809222697047
2025-02-06 01:53:19,3,-44.3509243817069
2025-02-06 01:54:59,4,-66.0840426131791
2025-02-06 01:56:39,1,6.27905195293136
2025-02-06 01:58:19,2,-19.8273223866749
2025-02-06 01:59:59,3,-44.5760412413146
2025-02-06 02:01:39,4,-66.2724615702573
2025-02-06 02:03:19,1,6.02820091099441
2025-02-06 02:04:59,2,-20.073597263501
2025-02-06 02:06:39,3,-44.8008765344192
2025-02-06 02:08:19,4,-66.4604619144497
2025-02-06 02:09:59,1,5.77731179166418
2025-02-06 02:11:39,2,-20.3197453445769
2025-02-06 02:13:19,3,-45.0254288408387
2025-02-06 02:14:59,4,-66.6480424582439
2025-02-06 02:16:39,1,5.52638617969275
2025-02-06 02:18:19,2,-20.5657650750976
2025-02-06 02:19:59,3,-45.2496967421787
2025-02-06 02:21:39,4,-66.8352020167793
2025-02-06 02:23:19,1,5.27542566006267
2025-02-06 02:24:59,2,-20.8116549010687
2025-02-06 02:26:39,3,-45.4736788218412
2025-02-06 02:28:19,4,-67.0219394078543
2025-02-06 02:29:59,1,5.02443181797701
2025-02-06 02:31:39,2,-21.0574132693165
2025-02-06 02:33:19,3,-45.6973736650337
2025-02-06 02:34:59,4,-67.2082534519342
2025-02-06 02:36:39,1,4.77340623884921
2025-02-06 02:38:19,2,-21.3030386274976
2025-02-06 02:39:59,3,-45.920779858778
2025-02-06 02:41:39,4,-67.3941429721581
2025-02-06 02:43:19,1,4.52235050829329
2025-02-06 02:44:59,2,-21.5485294241087
2025-02-06 02:46:39,3,-46.1438959919191
2025-02-06 02:48:19,4,-67.5796067943469
2025-02-06 02:49:59,1,4.27126621211371
2025-02-06 02:51:39,2,-21.7938841084965
2025-02-06 02:53:19,3,-46.3667206551343
2025-02-06 02:54:59,4,-67.7646437470102
2025-02-06 02:56:39,1,4.02015493629538
2025-02-06 02:58:19,2,-22.0391011308675
2025-02-06 02:59:59,3,-46.5892524409419
2025-02-06 03:01:39,4,-67.9492526613541
2025-02-06 03:03:19,1,3.7690182669935
2025-02-06 03:04:59,2,-22.2841789422977
2025-02-06 03:06:39,3,-46.8114899437103
2025-02-06 03:08:19,4,-68.1334323712882
2025-02-06 03:09:59,1,3.51785779052382
2025-02-06 03:11:39,2,-22.5291159947423
2025-02-06 03:13:19,3,-47.0334317596664
2025-02-06 03:14:59,4,-68.3171817134336
2025-02-06 03:16:39,1,3.2666750933524
2025-02-06 03:18:19,2,-22.773910741046
2025-02-06 03:19:59,3,-47.2550764869054
2025-02-06 03:21:39,4,-68.5004995271294
2025-02-06 03:23:19,1,3.01547176208569
2025-02-06 03:24:59,2,-23.018561634952
2025-02-06 03:26:39,3,-47.4764227253984
2025-02-06 03:28:19,4,-68.6833846544408
2025-02-06 03:29:59,1,2.76424938346048
2025-02-06 03:31:39,2,-23.2630671311123
2025-02-06 03:33:19,3,-47.6974690770025
2025-02-06 03:34:59,4,-68.8658359401658
2025-02-06 03:36:39,1,2.51300954433378
2025-02-06 03:38:19,2,-23.5074256850974
2025-02-06 03:39:59,3,-47.9182141454687
2025-02-06 03:41:39,4,-69.047852231843
2025-02-06 03:43:19,1,2.261753831673
2025-02-06 03:44:59,2,-23.7516357534056
2025-02-06 03:46:39,3,-48.1386565364512
2025-02-06 03:48:19,4,-69.2294323797586
2025-02-06 03:49:59,1,2.01048383254577
2025-02-06 03:51:39,2,-23.9956957934737
2025-02-06 03:53:19,3,-48.3587948575161
2025-02-06 03:54:59,4,-69.4105752369537
2025-02-06 03:56:39,1,1.75920113411002
2025-02-06 03:58:19,2,-24.2396042636857
2025-02-06 03:59:59,3,-48.5786277181501
2025-02-06 04:01:39,4,-69.5912796592314
2025-02-06 04:03:19,1,1.50790732360375
2025-02-06 04:04:59,2,-24.4833596233831
2025-02-06 04:06:39,3,-48.7981537297692
2025-02-06 04:08:19,4,-69.7715445051646
2025-02-06 04:09:59,1,1.25660398833528
2025-02-06 04:11:39,2,-24.7269603328746
2025-02-06 04:13:19,3,-49.0173715057281
2025-02-06 04:14:59,4,-69.9513686361023
2025-02-06 04:16:39,1,1.00529271567308
2025-02-06 04:18:19,2,-24.9704048534458
2025-02-06 04:19:59,3,-49.2362796613279
2025-02-06 04:21:39,4,-70.1307509161778
2025-02-06 04:23:19,1,0.753975093035754
2025-02-06 04:24:59,2,-25.2136916473687
2025-02-06 04:26:39,3,-49.4548768138259
2025-02-06 04:28:19,4,-70.309690212315
2025-02-06 04:29:59,1,0.502652707881921
2025-02-06 04:31:39,2,-25.4568191779118
2025-02-06 04:33:19,3,-49.6731615824436
2025-02-06 04:34:59,4,-70.4881853942361
2025-02-06 04:36:39,1,0.251327147700396
2025-02-06 04:38:19,2,-25.6997859093493
2025-02-06 04:39:59,3,-49.8911325883759
2025-02-06 04:41:39,4,-70.6662353344685
2025-02-06 04:43:19,1,1.22464679914735e-14
2025-02-06 04:44:59,2,-25.9425903069714
2025-02-06 04:46:39,3,-50.1087884547992
2025-02-06 04:48:19,4,-70.843838908352
2025-02-06 04:49:59,1,-0.251327147700327
2025-02-06 04:51:39,2,-26.1852308370935
2025-02-06 04:53:19,3,-50.326127806881
2025-02-06 04:54:59,4,-71.0209949940459
2025-02-06 04:56:39,1,-0.502652707881852
2025-02-06 04:58:19,2,-26.4277059670663
2025-02-06 04:59:59,3,-50.5431492717877
2025-02-06 05:01:39,4,-71.1977024725361
2025-02-06 05:03:19,1,-0.753975093035686
2025-02-06 05:04:59,2,-26.6700141652848
2025-02-06 05:06:39,3,-50.7598514786938
2025-02-06 05:08:19,4,-71.3739602276421
2025-02-06 05:09:59,1,-1.00529271567305
2025-02-06 05:11:39,2,-26.912153901199
2025-02-06 05:13:19,3,-50.9762330587904
2025-02-06 05:14:59,4,-71.5497671460242
2025-02-06 05:16:39,1,-1.25660398833521
2025-02-06 05:18:19,2,-27.1541236453226
2025-02-06 05:19:59,3,-51.1922926452939
2025-02-06 05:21:39,4,-71.7251221171902
2025-02-06 05:23:19,1,-1.50790732360368
2025-02-06 05:24:59,2,-27.3959218692432
2025-02-06 05:26:39,3,-51.4080288734544
2025-02-06 05:28:19,4,-71.9000240335029
2025-02-06 05:29:59,1,-1.75920113410995
2025-02-06 05:31:39,2,-27.6375470456318
2025-02-06 05:33:19,3,-51.6234403805647
2025-02-06 05:34:59,4,-72.0744717901868
2025-02-06 05:36:39,1,-2.01048383254574
2025-02-06 05:38:19,2,-27.8789976482526
2025-02-06 05:39:59,3,-51.8385258059687
2025-02-06 05:41:39,4,-72.248464285335
2025-02-06 05:43:19,1,-2.26175383167293
2025-02-06 05:44:59,2,-28.1202721519721
2025-02-06 05:46:39,3,-52.0532837910698
2025-02-06 05:48:19,4,-72.4220004199162
2025-02-06 05:49:59,1,-2.51300954433371
2025-02-06 05:51:39,2,-28.3613690327697
2025-02-06 05:53:19,3,-52.26771297934
2025-02-06 05:54:59,4,-72.5950790977821
2025-02-06 05:56:39,1,-2.76424938346041
2025-02-06 05:58:19,2,-28.6022867677461
2025-02-06 05:59:59,3,-52.4818120163279
2025-02-06 06:01:39,4,-72.7676992256736
2025-02-06 06:03:19,1,-3.01547176208566
2025-02-06 06:04:59,2,-28.8430238351344
2025-02-06 06:06:39,3,-52.6955795496677
2025-02-06 06:08:19,4,-72.9398597132281
2025-02-06 06:09:59,1,-3.26667509335233
2025-02-06 06:11:39,2,-29.0835787143081
2025-02-06 06:13:19,3,-52.9090142290875
2025-02-06 06:14:59,4,-73.1115594729864
2025-02-06 06:16:39,1,-3.51785779052375
2025-02-06 06:18:19,2,-29.3239498857919
2025-02-06 06:19:59,3,-53.1221147064177
2025-02-06 06:21:39,4,-73.2827974203995
2025-02-06 06:23:19,1,-3.76901826699343
2025-02-06 06:24:59,2,-29.564135831271
2025-02-06 06:26:39,3,-53.3348796356001
2025-02-06 06:28:19,4,-73.4535724738356
2025-02-06 06:29:59,1,-4.02015493629531
2025-02-06 06:31:39,2,-29.8041350336002
2025-02-06 06:33:19,3,-53.5473076726956
2025-02-06 06:34:59,4,-73.6238835545865
2025-02-06 06:36:39,1,-4.27126621211364
2025-02-06 06:38:19,2,-30.0439459768144
2025-02-06 06:39:59,3,-53.7593974758933
2025-02-06 06:41:39,4,-73.7937295868749
2025-02-06 06:43:19,1,-4.52235050829323
2025-02-06 06:44:59,2,-30.283567146137
2025-02-06 06:46:39,3,-53.9711477055187
2025-02-06 06:48:19,4,-73.9631094978609
2025-02-06 06:49:59,1,-4.77340623884914
2025-02-06 06:51:39,2,-30.5229970279907
2025-02-06 06:53:19,3,-54.1825570240424
2025-02-06 06:54:59,4,-74.1320222176491
2025-02-06 06:56:39,1,-5.02443181797694
2025-02-06 06:58:19,2,-30.7622341100062
2025-02-06 06:59:59,3,-54.3936240960882
2025-02-06 07:01:39,4,-74.3004666792947
2025-02-06 07:03:19,1,-5.2754256600626
2025-02-06 07:04:59,2,-31.001276881032
2025-02-06 07:06:39,3,-54.6043475884416
2025-02-06 07:08:19,4,-74.4684418188111
2025-02-06 07:09:59,1,-5.52638617969268
2025-02-06 07:11:39,2,-31.2401238311441
2025-02-06 07:13:19,3,-54.8147261700587
2025-02-06 07:14:59,4,-74.6359465751759
2025-02-06 07:16:39,1,-5.77731179166411
2025-02-06 07:18:19,2,-31.4787734516553
2025-02-06 07:19:59,3,-55.0247585120739
2025-02-06 07:21:39,4,-74.8029798903382
2025-02-06 07:23:19,1,-6.02820091099434
2025-02-06 07:24:59,2,-31.717224235125
2025-02-06 07:26:39,3,-55.2344432878089
2025-02-06 07:28:19,4,-74.9695407092247
2025-02-06 07:29:59,1,-6.27905195293129
2025-02-06 07:31:39,2,-31.9554746753684
2025-02-06 07:33:19,3,-55.4437791727806
2025-02-06 07:34:59,4,-75.1356279797467
2025-02-06 07:36:39,1,-6.52986333296354
2025-02-06 07:38:19,2,-32.1935232674661
2025-02-06 07:39:59,3,-55.6527648447098
2025-02-06 07:41:39,4,-75.3012406528069
2025-02-06 07:43:19,1,-6.78063346683005
2025-02-06 07:44:59,2,-32.431368507774
2025-02-06 07:46:39,3,-55.8613989835294
2025-02-06 07:48:19,4,-75.4663776823054
2025-02-06 07:49:59,1,-7.03136077053037
2025-02-06 07:51:39,2,-32.6690088939322
2025-02-06 07:53:19,3,-56.0696802713928
2025-02-06 07:54:59,4,-75.6310380251472
2025-02-06 07:56:39,1,-7.28204366033452
2025-02-06 07:58:19,2,-32.9064429248749
2025-02-06 07:59:59,3,-56.2776073926823
2025-02-06 08:01:39,4,-75.7952206412479
2025-02-06 08:03:19,1,-7.53268055279323
2025-02-06 08:04:59,2,-33.1436691008397
2025-02-06 08:06:39,3,-56.485179034017
2025-02-06 08:08:19,4,-75.958924493541
2025-02-06 08:09:59,1,-7.78326986474763
2025-02-06 08:11:39,2,-33.3806859233771
2025-02-06 08:13:19,3,-56.6923938842617
2025-02-06 08:14:59,4,-76.1221485479839
2025-02-06 08:16:39,1,-8.03381001333941
2025-02-06 08:18:19,2,-33.6174918953601
2025-02-06 08:19:59,3,-56.8992506345347
2025-02-06 08:21:39,4,-76.2848917735649
2025-02-06 08:23:19,1,-8.28429941602079
2025-02-06 08:24:59,2,-33.8540855209935
2025-02-06 08:26:39,3,-57.1057479782165
2025-02-06 08:28:19,4,-76.4471531423091
2025-02-06 08:29:59,1,-8.53473649056466
2025-02-06 08:31:39,2,-34.0904653058233
2025-02-06 08:33:19,3,-57.3118846109576
2025-02-06 08:34:59,4,-76.6089316292858
2025-02-06 08:36:39,1,-8.78511965507429
2025-02-06 08:38:19,2,-34.3266297567463
2025-02-06 08:39:59,3,-57.5176592306869
2025-02-06 08:41:39,4,-76.7702262126139
2025-02-06 08:43:19,1,-9.03544732799354
2025-02-06 08:44:59,2,-34.5625773820195
2025-02-06 08:46:39,3,-57.7230705376201
2025-02-06 08:48:19,4,-76.9310358734693
2025-02-06 08:49:59,1,-9.28571792811673
2025-02-06 08:51:39,2,-34.7983066912696
2025-02-06 08:53:19,3,-57.9281172342679
2025-02-06 08:54:59,4,-77.0913595960907
2025-02-06 08:56:39,1,-9.53592987459882
2025-02-06 08:58:19,2,-35.033816195502
2025-02-06 08:59:59,3,-58.1327980254436
2025-02-06 09:01:39,4,-77.2511963677864
2025-02-06 09:03:19,1,-9.78608158696513
2025-02-06 09:04:59,2,-35.2691044071107
2025-02-06 09:06:39,3,-58.3371116182724
2025-02-06 09:08:19,4,-77.4105451789405
2025-02-06 09:09:59,1,-10.0361714851215
2025-02-06 09:11:39,2,-35.5041698398874
2025-02-06 09:13:19,3,-58.5410567221984
2025-02-06 09:14:59,4,-77.5694050230191
2025-02-06 09:16:39,1,-10.2861979893641
2025-02-06 09:18:19,2,-35.7390110090313
2025-02-06 09:19:59,3,-58.7446320489937
2025-02-06 09:21:39,4,-77.7277748965774
2025-02-06 09:23:19,1,-10.5361595203898
2025-02-06 09:24:59,2,-35.9736264311578
2025-02-06 09:26:39,3,-58.9478363127656
2025-02-06 09:28:19,4,-77.885653799265
2025-02-06 09:29:59,1,-10.7860544993057
2025-02-06 09:31:39,2,-36.2080146243083
2025-02-06 09:33:19,3,-59.1506682299657
2025-02-06 09:34:59,4,-78.0430407338329
2025-02-06 09:36:39,1,-11.0358813476392
2025-02-06 09:38:19,2,-36.4421741079597
2025-02-06 09:39:59,3,-59.3531265193974
2025-02-06 09:41:39,4,-78.1999347061399
2025-02-06 09:43:19,1,-11.2856384873481
2025-02-06 09:44:59,2,-36.6761034030335
2025-02-06 09:46:39,3,-59.5552099022241
2025-02-06 09:48:19,4,-78.3563347251582
2025-02-06 09:49:59,1,-11.5353243408308
2025-02-06 09:51:39,2,-36.909801031905
2025-02-06 09:53:19,3,-59.7569171019772
2025-02-06 09:54:59,4,-78.5122398029803
2025-02-06 09:56:39,1,-11.7849373309356
2025-02-06 09:58:19,2,-37.143265518413
2025-02-06 09:59:59,3,-59.9582468445646
2025-02-06 10:01:39,4,-78.6676489548252
2025-02-06 10:03:19,1,-12.0344758809711
2025-02-06 10:04:59,2,-37.3764953878689
2025-02-06 10:06:39,3,-60.159197858278
2025-02-06 10:08:19,4,-78.822561199044
2025-02-06 10:09:59,1,-12.2839384147164
2025-02-06 10:11:39,2,-37.6094891670661
2025-02-06 10:13:19,3,-60.3597688738018
2025-02-06 10:14:59,4,-78.9769755571268
2025-02-06 10:16:39,1,-12.5333233564304
2025-02-06 10:18:19,2,-37.8422453842893
2025-02-06 10:19:59,3,-60.5599586242203
2025-02-06 10:21:39,4,-79.1308910537087
2025-02-06 10:23:19,1,-12.7826291308623
2025-02-06 10:24:59,2,-38.0747625693238
2025-02-06 10:26:39,3,-60.7597658450263
2025-02-06 10:28:19,4,-79.2843067165757
2025-02-06 10:29:59,1,-13.0318541632614
2025-02-06 10:31:39,2,-38.3070392534644
2025-02-06 10:33:19,3,-60.9591892741288
2025-02-06 10:34:59,4,-79.4372215766711
2025-02-06 10:36:39,1,-13.2809968793869
2025-02-06 10:38:19,2,-38.5390739695256
2025-02-06 10:39:59,3,-61.158227651861
2025-02-06 10:41:39,4,-79.5896346681016
2025-02-06 10:43:19,1,-13.530055705518
2025-02-06 10:44:59,2,-38.77086525185
2025-02-06 10:46:39,3,-61.3568797209883
2025-02-06 10:48:19,4,-79.7415450281432
2025-02-06 10:49:59,1,-13.7790290684638
2025-02-06 10:51:39,2,-39.0024116363178
2025-02-06 10:53:19,3,-61.5551442267164
2025-02-06 10:54:59,4,-79.8929516972474
2025-02-06 10:56:39,1,-14.0279153955732
2025-02-06 10:58:19,2,-39.2337116603561
2025-02-06 10:59:59,3,-61.7530199166988
2025-02-06 11:01:39,4,-80.0438537190476
2025-02-06 11:03:19,1,-14.2767131147448
2025-02-06 11:04:59,2,-39.4647638629485
2025-02-06 11:06:39,3,-61.9505055410452
2025-02-06 11:08:19,4,-80.1942501403646
2025-02-06 11:09:59,1,-14.5254206544372
2025-02-06 11:11:39,2,-39.6955667846435
2025-02-06 11:13:19,3,-62.147599852329
2025-02-06 11:14:59,4,-80.3441400112127
2025-02-06 11:16:39,1,-14.7740364436783
2025-02-06 11:18:19,2,-39.9261189675645
2025-02-06 11:19:59,3,-62.3443016055954
2025-02-06 11:21:39,4,-80.4935223848062
2025-02-06 11:23:19,1,-15.0225589120757
2025-02-06 11:24:59,2,-40.1564189554185
2025-02-06 11:26:39,3,-62.5406095583693
2025-02-06 11:28:19,4,-80.6423963175647
2025-02-06 11:29:59,1,-15.2709864898263
2025-02-06 11:31:39,2,-40.3864652935057
2025-02-06 11:33:19,3,-62.7365224706628
2025-02-06 11:34:59,4,-80.7907608691196
2025-02-06 11:36:39,1,-15.5193176077266
2025-02-06 11:38:19,2,-40.6162565287285
2025-02-06 11:39:59,3,-62.9320391049837
2025-02-06 11:41:39,4,-80.9386151023196
2025-02-06 11:43:19,1,-15.7675506971822
2025-02-06 11:44:59,2,-40.8457912096004
2025-02-06 11:46:39,3,-63.1271582263425
2025-02-06 11:48:19,4,-81.0859580832373
2025-02-06 11:49:59,1,-16.0156841902182
2025-02-06 11:51:39,2,-41.0750678862557
2025-02-06 11:53:19,3,-63.3218786022609
2025-02-06 11:54:59,4,-81.2327888811742
2025-02-06 11:56:39,1,-16.2637165194883
2025-02-06 11:58:19,2,-41.3040851104582
2025-02-06 11:59:59,3,-63.5161990027791
2025-02-06 12:01:39,4,-81.3791065686671
2025-02-06 12:03:19,1,-16.5116461182858
2025-02-06 12:04:59,2,-41.5328414356108
2025-02-06 12:06:39,3,-63.7101182004639
2025-02-06 12:08:19,4,-81.524910221494
2025-02-06 12:09:59,1,-16.7594714205524
2025-02-06 12:11:39,2,-41.7613354167641
2025-02-06 12:13:19,3,-63.9036349704162
2025-02-06 12:14:59,4,-81.6701989186799
2025-02-06 12:16:39,1,-17.0071908608889
2025-02-06 12:18:19,2,-41.9895656106259
2025-02-06 12:19:59,3,-64.0967480902789
2025-02-06 12:21:39,4,-81.8149717425023
2025-02-06 12:23:19,1,-17.2548028745646
2025-02-06 12:24:59,2,-42.2175305755704
2025-02-06 12:26:39,3,-64.2894563402446
2025-02-06 12:28:19,4,-81.9592277784974
2025-02-06 12:29:59,1,-17.5023058975276
2025-02-06 12:31:39,2,-42.4452288716468
2025-02-06 12:33:19,3,-64.4817585030633
2025-02-06 12:34:59,4,-82.1029661154658
2025-02-06 12:36:39,1,-17.7496983664141
2025-02-06 12:38:19,2,-42.6726590605891
2025-02-06 12:39:59,3,-64.6736533640499
2025-02-06 12:41:39,4,-82.2461858454778
2025-02-06 12:43:19,1,-17.996978718559
2025-02-06 12:44:59,2,-42.8998197058245
2025-02-06 12:46:39,3,-64.8651397110924
2025-02-06 12:48:19,4,-82.3888860638799
2025-02-06 12:49:59,1,-18.244145392005
2025-02-06 12:51:39,2,-43.126709372483
2025-02-06 12:53:19,3,-65.0562163346587
2025-02-06 12:54:59,4,-82.5310658693
2025-02-06 12:56:39,1,-18.4911968255132
2025-02-06 12:58:19,2,-43.353326627406
2025-02-06 12:59:59,3,-65.2468820278052
2025-02-06 13:01:39,4,-82.672724363653
2025-02-06 13:03:19,1,-18.7381314585724
2025-02-06 13:04:59,2,-43.5796700391559
2025-02-06 13:06:39,3,-65.4371355861835
2025-02-06 13:08:19,4,-82.813860652147
2025-02-06 13:09:59,1,-18.9849477314094
2025-02-06 13:11:39,2,-43.8057381780246
2025-02-06 13:13:19,3,-65.6269758080491
2025-02-06 13:14:59,4,-82.9544738432885
2025-02-06 13:16:39,1,-19.2316440849982
2025-02-06 13:18:19,2,-44.031529616043
2025-02-06 13:19:59,3,-65.8164014942676
2025-02-06 13:21:39,4,-83.0945630488881
2025-02-06 13:23:19,1,-19.4782189610708
2025-02-06 13:24:59,2,-44.2570429269895
2025-02-06 13:26:39,3,-66.0054114483237
2025-02-06 13:28:19,4,-83.2341273840663
2025-02-06 13:29:59,1,-19.7246708021263
2025-02-06 13:31:39,2,-44.4822766863995
2025-02-06 13:33:19,3,-66.1940044763276
2025-02-06 13:34:59,4,-83.3731659672589
2025-02-06 13:36:39,1,-19.9709980514407
2025-02-06 13:38:19,2,-44.7072294715743
2025-02-06 13:39:59,3,-66.3821793870234
2025-02-06 13:41:39,4,-83.5116779202226
2025-02-06 13:43:19,1,-20.2171991530773
2025-02-06 13:44:59,2,-44.9318998615896
2025-02-06 13:46:39,3,-66.569934991796
2025-02-06 13:48:19,4,-83.6496623680406
2025-02-06 13:49:59,1,-20.4632725518962
2025-02-06 13:51:39,2,-45.1562864373054
2025-02-06 13:53:19,3,-66.757270104679
2025-02-06 13:54:59,4,-83.7871184391282
2025-02-06 13:56:39,1,-20.7092166935641
2025-02-06 13:58:19,2,-45.3803877813739
2025-02-06 13:59:59,3,-66.944183542362
2025-02-06 14:01:39,4,-83.9240452652382
2025-02-06 14:03:19,1,-20.955030024564
2025-02-06 14:04:59,2,-45.6042024782493
2025-02-06 14:06:39,3,-67.1306741241981
2025-02-06 14:08:19,4,-84.0604419814662
2025-02-06 14:09:59,1,-21.2007109922054
2025-02-06 14:11:39,2,-45.8277291141964
2025-02-06 14:13:19,3,-67.3167406722115
2025-02-06 14:14:59,4,-84.1963077262564
2025-02-06 14:16:39,1,-21.4462580446338
2025-02-06 14:18:19,2,-46.0509662772994
2025-02-06 14:19:59,3,-67.5023820111046
2025-02-06 14:21:39,4,-84.3316416414072
2025-02-06 14:23:19,1,-21.6916696308405
2025-02-06 14:24:59,2,-46.2739125574711
2025-02-06 14:26:39,3,-67.687596968266
2025-02-06 14:28:19,4,-84.4664428720757
2025-02-06 14:29:59,1,-21.9369442006726
2025-02-06 14:31:39,2,-46.4965665464615
2025-02-06 14:33:19,3,-67.8723843737773
2025-02-06 14:34:59,4,-84.6007105667842
2025-02-06 14:36:39,1,-22.1820802048425
2025-02-06 14:38:19,2,-46.7189268378671
2025-02-06 14:39:59,3,-68.0567430604209
2025-02-06 14:41:39,4,-84.734443877425
2025-02-06 14:43:19,1,-22.4270760949381
2025-02-06 14:44:59,2,-46.9409920271395
2025-02-06 14:46:39,3,-68.2406718636869
2025-02-06 14:48:19,4,-84.8676419592658
2025-02-06 14:49:59,1,-22.6719303234321
2025-02-06 14:51:39,2,-47.1627607115942
2025-02-06 14:53:19,3,-68.4241696217812
2025-02-06 14:54:59,4,-85.0003039709551
2025-02-06 14:56:39,1,-22.9166413436922
2025-02-06 14:58:19,2,-47.3842314904197
2025-02-06 14:59:59,3,-68.6072351756323
2025-02-06 15:01:39,4,-85.1324290745276
2025-02-06 15:03:19,1,-23.1612076099906
2025-02-06 15:04:59,2,-47.6054029646861
2025-02-06 15:06:39,3,-68.7898673688984
2025-02-06 15:08:19,4,-85.2640164354092
2025-02-06 15:09:59,1,-23.4056275775138
2025-02-06 15:11:39,2,-47.8262737373543
2025-02-06 15:13:19,3,-68.9720650479756
2025-02-06 15:14:59,4,-85.3950652224227
2025-02-06 15:16:39,1,-23.6498997023724
2025-02-06 15:18:19,2,-48.0468424132843
2025-02-06 15:19:59,3,-69.1538270620041
2025-02-06 15:21:39,4,-85.5255746077928
2025-02-06 15:23:19,1,-23.894022441611
2025-02-06 15:24:59,2,-48.2671075992446
2025-02-06 15:26:39,3,-69.3351522628764
2025-02-06 15:28:19,4,-85.6555437671513
2025-02-06 15:29:59,1,-24.1379942532177
2025-02-06 15:31:39,2,-48.4870679039205
2025-02-06 15:33:19,3,-69.516039505244
2025-02-06 15:34:59,4,-85.7849718795421
2025-02-06 15:36:39,1,-24.3818135961338
2025-02-06 15:38:19,2,-48.7067219379232
2025-02-06 15:39:59,3,-69.6964876465246
2025-02-06 15:41:39,4,-85.9138581274272
2025-02-06 15:43:19,1,-24.625478930264
2025-02-06 15:44:59,2,-48.9260683137985
2025-02-06 15:46:39,3,-69.8764955469097
2025-02-06 15:48:19,4,-86.0422016966909
2025-02-06 15:49:59,1,-24.8689887164855
2025-02-06 15:51:39,2,-49.1451056460354
2025-02-06 15:53:19,3,-70.0560620693717
2025-02-06 15:54:59,4,-86.1700017766454
2025-02-06 15:56:39,1,-25.1123414166581
2025-02-06 15:58:19,2,-49.363832551075
2025-02-06 15:59:59,3,-70.2351860796707
2025-02-06 16:01:39,4,-86.297257560036
2025-02-06 16:03:19,1,-25.355535493634
2025-02-06 16:04:59,2,-49.5822476473194
2025-02-06 16:06:39,3,-70.4138664463623
2025-02-06 16:08:19,4,-86.423968243046
2025-02-06 16:09:59,1,-25.5985694112672
2025-02-06 16:11:39,2,-49.8003495551402
2025-02-06 16:13:19,3,-70.592102040804
2025-02-06 16:14:59,4,-86.5501330253019
2025-02-06 16:16:39,1,-25.8414416344234
2025-02-06 16:18:19,2,-50.018136896887
2025-02-06 16:19:59,3,-70.7698917371629
2025-02-06 16:21:39,4,-86.6757511098782
2025-02-06 16:23:19,1,-26.0841506289896
2025-02-06 16:24:59,2,-50.2356082968968
2025-02-06 16:26:39,3,-70.9472344124228
2025-02-06 16:28:19,4,-86.8008217033031
2025-02-06 16:29:59,1,-26.326694861884
2025-02-06 16:31:39,2,-50.4527623815019
2025-02-06 16:33:19,3,-71.124128946391
2025-02-06 16:34:59,4,-86.9253440155625
2025-02-06 16:36:39,1,-26.5690728010652
2025-02-06 16:38:19,2,-50.6695977790392
2025-02-06 16:39:59,3,-71.3005742217053
2025-02-06 16:41:39,4,-87.0493172601059
2025-02-06 16:43:19,1,-26.8112829155426
2025-02-06 16:44:59,2,-50.8861131198583
2025-02-06 16:46:39,3,-71.4765691238415
2025-02-06 16:48:19,4,-87.1727406538509
2025-02-06 16:49:59,1,-27.0533236753853
2025-02-06 16:51:39,2,-51.1023070363309
2025-02-06 16:53:19,3,-71.6521125411202
2025-02-06 16:54:59,4,-87.2956134171882
2025-02-06 16:56:39,1,-27.2951935517325
2025-02-06 16:58:19,2,-51.3181781628585
2025-02-06 16:59:59,3,-71.8272033647138
2025-02-06 17:01:39,4,-87.4179347739867
2025-02-06 17:03:19,1,-27.5368910168025
2025-02-06 17:04:59,2,-51.5337251358818
2025-02-06 17:06:39,3,-72.0018404886535
2025-02-06 17:08:19,4,-87.5397039515984
2025-02-06 17:09:59,1,-27.7784145439027
2025-02-06 17:11:39,2,-51.748946593889
2025-02-06 17:13:19,3,-72.1760228098362
2025-02-06 17:14:59,4,-87.6609201808627
2025-02-06 17:16:39,1,-28.0197626074393
2025-02-06 17:18:19,2,-51.9638411774244
2025-02-06 17:19:59,3,-72.3497492280317
2025-02-06 17:21:39,4,-87.7815826961122
2025-02-06 17:23:19,1,-28.2609336829268
2025-02-06 17:24:59,2,-52.178407529097
2025-02-06 17:26:39,3,-72.5230186458897
2025-02-06 17:28:19,4,-87.9016907351767
2025-02-06 17:29:59,1,-28.5019262469976
2025-02-06 17:31:39,2,-52.3926442935891
2025-02-06 17:33:19,3,-72.6958299689462
2025-02-06 17:34:59,4,-88.0212435393888
2025-02-06 17:36:39,1,-28.7427387774116
2025-02-06 17:38:19,2,-52.6065501176648
2025-02-06 17:39:59,3,-72.868182105631
2025-02-06 17:41:39,4,-88.1402403535878
2025-02-06 17:43:19,1,-28.9833697530661
2025-02-06 17:44:59,2,-52.8201236501788
2025-02-06 17:46:39,3,-73.0400739672744
2025-02-06 17:48:19,4,-88.2586804261253
2025-02-06 17:49:59,1,-29.2238176540049
2025-02-06 17:51:39,2,-53.0333635420845
2025-02-06 17:53:19,3,-73.211504468114
2025-02-06 17:54:59,4,-88.3765630088693
2025-02-06 17:56:39,1,-29.4640809614286
2025-02-06 17:58:19,2,-53.2462684464429
2025-02-06 17:59:59,3,-73.3824725253014
2025-02-06 18:01:39,4,-88.4938873572094
2025-02-06 18:03:19,1,-29.7041581577035
2025-02-06 18:04:59,2,-53.4588370184309
2025-02-06 18:06:39,3,-73.5529770589096
2025-02-06 18:08:19,4,-88.6106527300613
2025-02-06 18:09:59,1,-29.9440477263714
2025-02-06 18:11:39,2,-53.6710679153498
2025-02-06 18:13:19,3,-73.7230169919393
2025-02-06 18:14:59,4,-88.7268583898714
2025-02-06 18:16:39,1,-30.1837481521596
2025-02-06 18:18:19,2,-53.882959796634
2025-02-06 18:19:59,3,-73.8925912503259
2025-02-06 18:21:39,4,-88.8425036026215
2025-02-06 18:23:19,1,-30.4232579209898
2025-02-06 18:24:59,2,-54.0945113238591
2025-02-06 18:26:39,3,-74.061698762946
2025-02-06 18:28:19,4,-88.9575876378338
2025-02-06 18:29:59,1,-30.6625755199882
2025-02-06 18:31:39,2,-54.3057211607508
2025-02-06 18:33:19,3,-74.2303384616248
2025-02-06 18:34:59,4,-89.0721097685748
2025-02-06 18:36:39,1,-30.9016994374947
2025-02-06 18:38:19,2,-54.516587973193
2025-02-06 18:39:59,3,-74.3985092811424
2025-02-06 18:41:39,4,-89.1860692714605
2025-02-06 18:43:19,1,-31.1406281630728
2025-02-06 18:44:59,2,-54.7271104292362
2025-02-06 18:46:39,3,-74.5662101592403
2025-02-06 18:48:19,4,-89.2994654266608
2025-02-06 18:49:59,1,-31.3793601875187
2025-02-06 18:51:39,2,-54.9372871991062
2025-02-06 18:53:19,3,-74.7334400366287
2025-02-06 18:54:59,4,-89.412297517904
2025-02-06 18:56:39,1,-31.6178940028713
2025-02-06 18:58:19,2,-55.1471169552122
2025-02-06 18:59:59,3,-74.9001978569929
2025-02-06 19:01:39,4,-89.5245648324812
2025-02-06 19:03:19,1,-31.8562281024212
2025-02-06 19:04:59,2,-55.3565983721556
2025-02-06 19:06:39,3,-75.0664825669998
2025-02-06 19:08:19,4,-89.636266661251
2025-02-06 19:09:59,1,-32.0943609807209
2025-02-06 19:11:39,2,-55.5657301267378
2025-02-06 19:13:19,3,-75.2322931163047
2025-02-06 19:14:59,4,-89.747402298644
2025-02-06 19:16:39,1,-32.3322911335936
2025-02-06 19:18:19,2,-55.774510897969
2025-02-06 19:19:59,3,-75.3976284575582
2025-02-06 19:21:39,4,-89.8579710426671
2025-02-06 19:23:19,1,-32.5700170581432
2025-02-06 19:24:59,2,-55.9829393670764
2025-02-06 19:26:39,3,-75.5624875464123
2025-02-06 19:28:19,4,-89.9679721949081
2025-02-06 19:29:59,1,-32.8075372527634
2025-02-06 19:31:39,2,-56.1910142175124
2025-02-06 19:33:19,3,-75.7268693415275
2025-02-06 19:34:59,4,-90.0774050605398
2025-02-06 19:36:39,1,-33.0448502171478
2025-02-06 19:38:19,2,-56.3987341349634
2025-02-06 19:39:59,3,-75.8907728045791
2025-02-06 19:41:39,4,-90.1862689483248
2025-02-06 19:43:19,1,-33.2819544522986
2025-02-06 19:44:59,2,-56.6060978073572
2025-02-06 19:46:39,3,-76.0541969002636
2025-02-06 19:48:19,4,-90.2945631706196
2025-02-06 19:49:59,1,-33.5188484605366
2025-02-06 19:51:39,2,-56.8131039248724
2025-02-06 19:53:19,3,-76.2171405963056
2025-02-06 19:54:59,4,-90.4022870433791
2025-02-06 19:56:39,1,-33.7555307455105
2025-02-06 19:58:19,2,-57.0197511799457
2025-02-06 19:59:59,3,-76.3796028634642
2025-02-06 20:01:39,4,-90.5094398861608
2025-02-06 20:03:19,1,-33.9919998122064
2025-02-06 20:04:59,2,-57.2260382672808
2025-02-06 20:06:39,3,-76.5415826755394
2025-02-06 20:08:19,4,-90.616021022129
2025-02-06 20:09:59,1,-34.2282541669571
2025-02-06 20:11:39,2,-57.4319638838563
2025-02-06 20:13:19,3,-76.7030790093788
2025-02-06 20:14:59,4,-90.7220297780593
2025-02-06 20:16:39,1,-34.4642923174517
2025-02-06 20:18:19,2,-57.6375267289341
2025-02-06 20:19:59,3,-76.8640908448836
2025-02-06 20:21:39,4,-90.8274654843429
2025-02-06 20:23:19,1,-34.7001127727449
2025-02-06 20:24:59,2,-57.8427255040676
2025-02-06 20:26:39,3,-77.0246171650157
2025-02-06 20:28:19,4,-90.9323274749905
2025-02-06 20:29:59,1,-34.9357140432666
2025-02-06 20:31:39,2,-58.0475589131098
2025-02-06 20:33:19,3,-77.1846569558035
2025-02-06 20:34:59,4,-91.0366150876367
2025-02-06 20:36:39,1,-35.1710946408312
2025-02-06 20:38:19,2,-58.2520256622215
2025-02-06 20:39:59,3,-77.3442092063487
2025-02-06 20:41:39,4,-91.1403276635445
2025-02-06 20:43:19,1,-35.4062530786469
2025-02-06 20:44:59,2,-58.4561244598796
2025-02-06 20:46:39,3,-77.5032729088326
2025-02-06 20:48:19,4,-91.2434645476087
2025-02-06 20:49:59,1,-35.6411878713251
2025-02-06 20:51:39,2,-58.6598540168852
2025-02-06 20:53:19,3,-77.6618470585225
2025-02-06 20:54:59,4,-91.3460250883607
2025-02-06 20:56:39,1,-35.8758975348899
2025-02-06 20:58:19,2,-58.8632130463717
2025-02-06 20:59:59,3,-77.8199306537777
2025-02-06 21:01:39,4,-91.4480086379725
2025-02-06 21:03:19,1,-36.1103805867877
2025-02-06 21:04:59,2,-59.0662002638129
2025-02-06 21:06:39,3,-77.9775226960565
2025-02-06 21:08:19,4,-91.5494145522605
2025-02-06 21:09:59,1,-36.344635545896
2025-02-06 21:11:39,2,-59.2688143870312
2025-02-06 21:13:19,3,-78.1346221899218
2025-02-06 21:14:59,4,-91.6502421906898
2025-02-06 21:16:39,1,-36.5786609325332
2025-02-06 21:18:19,2,-59.4710541362057
2025-02-06 21:19:59,3,-78.2912281430477
2025-02-06 21:21:39,4,-91.7504909163782
2025-02-06 21:23:19,1,-36.8124552684677
2025-02-06 21:24:59,2,-59.6729182338803
2025-02-06 21:26:39,3,-78.4473395662262
2025-02-06 21:28:19,4,-91.8501600961005
2025-02-06 21:29:59,1,-37.0460170769276
2025-02-06 21:31:39,2,-59.8744054049716
2025-02-06 21:33:19,3,-78.6029554733723
2025-02-06 21:34:59,4,-91.9492491002917
2025-02-06 21:36:39,1,-37.2793448826093
2025-02-06 21:38:19,2,-60.0755143767771
2025-02-06 21:39:59,3,-78.7580748815317
2025-02-06 21:41:39,4,-92.0477573030519
2025-02-06 21:43:19,1,-37.5124372116877
2025-02-06 21:44:59,2,-60.2762438789833
2025-02-06 21:46:39,3,-78.9126968108858
2025-02-06 21:48:19,4,-92.1456840821498
2025-02-06 21:49:59,1,-37.745292591825
2025-02-06 21:51:39,2,-60.4765926436735
2025-02-06 21:53:19,3,-79.0668202847584
2025-02-06 21:54:59,4,-92.2430288190266
2025-02-06 21:56:39,1,-37.9779095521801
2025-02-06 21:58:19,2,-60.676559405336
2025-02-06 21:59:59,3,-79.2204443296218
2025-02-06 22:01:39,4,-92.3397908988001
2025-02-06 22:03:19,1,-38.2102866234177
2025-02-06 22:04:59,2,-60.876142900872
2025-02-06 22:06:39,3,-79.3735679751033
2025-02-06 22:08:19,4,-92.4359697102684
2025-02-06 22:09:59,1,-38.442422337718
2025-02-06 22:11:39,2,-61.0753418696039
2025-02-06 22:13:19,3,-79.5261902539905
2025-02-06 22:14:59,4,-92.5315646459138
2025-02-06 22:16:39,1,-38.6743152287857
2025-02-06 22:18:19,2,-61.2741550532825
2025-02-06 22:19:59,3,-79.6783102022383
2025-02-06 22:21:39,4,-92.6265751019066
2025-02-06 22:23:19,1,-38.9059638318593
2025-02-06 22:24:59,2,-61.4725811960959
2025-02-06 22:26:39,3,-79.8299268589743
2025-02-06 22:28:19,4,-92.7210004781094
2025-02-06 22:29:59,1,-39.1373666837202
2025-02-06 22:31:39,2,-61.6706190446765
2025-02-06 22:33:19,3,-79.9810392665054
2025-02-06 22:34:59,4,-92.8148401780801
2025-02-06 22:36:39,1,-39.3685223227023
2025-02-06 22:38:19,2,-61.8682673481098
2025-02-06 22:39:59,3,-80.1316464703234
2025-02-06 22:41:39,4,-92.9080936090761
2025-02-06 22:43:19,1,-39.5994292887009
2025-02-06 22:44:59,2,-62.0655248579416
2025-02-06 22:46:39,3,-80.2817475191114
2025-02-06 22:48:19,4,-93.000760182058
2025-02-06 22:49:59,1,-39.8300861231822
2025-02-06 22:51:39,2,-62.2623903281863
2025-02-06 22:53:19,3,-80.4313414647496
2025-02-06 22:54:59,4,-93.0928393116936
2025-02-06 22:56:39,1,-40.0604913691923
2025-02-06 22:58:19,2,-62.4588625153346
2025-02-06 22:59:59,3,-80.5804273623214
2025-02-06 23:01:39,4,-93.1843304163608
2025-02-06 23:03:19,1,-40.2906435713662
2025-02-06 23:04:59,2,-62.6549401783614
2025-02-06 23:06:39,3,-80.7290042701191
2025-02-06 23:08:19,4,-93.2752329181522
2025-02-06 23:09:59,1,-40.5205412759378
2025-02-06 23:11:39,2,-62.8506220787335
2025-02-06 23:13:19,3,-80.8770712496504
2025-02-06 23:14:59,4,-93.3655462428781
2025-02-06 23:16:39,1,-40.750183030748
2025-02-06 23:18:19,2,-63.0459069804178
2025-02-06 23:19:59,3,-81.0246273656435
2025-02-06 23:21:39,4,-93.4552698200706
2025-02-06 23:23:19,1,-40.9795673852549
2025-02-06 23:24:59,2,-63.2407936498887
2025-02-06 23:26:39,3,-81.171671686054
2025-02-06 23:28:19,4,-93.5444030829867
2025-02-06 23:29:59,1,-41.2086928905421
2025-02-06 23:31:39,2,-63.4352808561361
2025-02-06 23:33:19,3,-81.31820328207
2025-02-06 23:34:59,4,-93.6329454686124
2025-02-06 23:36:39,1,-41.4375580993284
2025-02-06 23:38:19,2,-63.629367370673
2025-02-06 23:39:59,3,-81.4642212281183
2025-02-06 23:41:39,4,-93.7208964176657
2025-02-06 23:43:19,1,-41.6661615659768
2025-02-06 23:44:59,2,-63.8230519675435
2025-02-06 23:46:39,3,-81.6097246018702
2025-02-06 23:48:19,4,-93.8082553746006
2025-02-06 23:49:59,1,-41.8945018465035
2025-02-06 23:51:39,2,-64.0163334233305
2025-02-06 23:53:19,3,-81.7547124842473
2025-02-06 23:54:59,4,-93.8950217876107
2025-02-06 23:56:39,1,-42.1225774985872
2025-02-06 23:58:19,2,-64.2092105171633
2025-02-06 23:59:59,3,-81.8991839594273
2025-02-07 00:01:39,4,-93.981195108632
2025-02-07 00:03:19,1,-42.3503870815781
2025-02-07 00:04:59,2,-64.4016820307253
2025-02-07 00:06:39,3,-82.0431381148499
2025-02-07 00:08:19,4,-94.0667747933469
2025-02-07 00:09:59,1,-42.5779291565072
2025-02-07 00:11:39,2,-64.5937467482617
2025-02-07 00:13:19,3,-82.1865740412224
2025-02-07 00:14:59,4,-94.1517603011877
2025-02-07 00:16:39,1,-42.805202286095
2025-02-07 00:18:19,2,-64.7854034565875
2025-02-07 00:19:59,3,-82.3294908325255
2025-02-07 00:21:39,4,-94.2361510953398
2025-02-07 00:23:19,1,-43.0322050347609
2025-02-07 00:24:59,2,-64.9766509450948
2025-02-07 00:26:39,3,-82.4718875860191
2025-02-07 00:28:19,4,-94.3199466427449
2025-02-07 00:29:59,1,-43.258935968632
2025-02-07 00:31:39,2,-65.1674880057604
2025-02-07 00:33:19,3,-82.6137634022479
2025-02-07 00:34:59,4,-94.403146414105
2025-02-07 00:36:39,1,-43.4853936555528
2025-02-07 00:38:19,2,-65.3579134331538
2025-02-07 00:39:59,3,-82.7551173850472
2025-02-07 00:41:39,4,-94.4857498838849
2025-02-07 00:43:19,1,-43.7115766650933
2025-02-07 00:44:59,2,-65.5479260244445
2025-02-07 00:46:39,3,-82.8959486415483
2025-02-07 00:48:19,4,-94.5677565303164
2025-02-07 00:49:59,1,-43.9374835685586
2025-02-07 00:51:39,2,-65.7375245794096
2025-02-07 00:53:19,3,-83.0362562821846
2025-02-07 00:54:59,4,-94.6491658354008
2025-02-07 00:56:39,1,-44.1631129389981
2025-02-07 00:58:19,2,-65.9267079004416
2025-02-07 00:59:59,3,-83.1760394206966
2025-02-07 01:01:39,4,-94.7299772849127
2025-02-07 01:03:19,1,-44.388463351214
2025-02-07 01:04:59,2,-66.115474792556
2025-02-07 01:06:39,3,-83.3152971741382
2025-02-07 01:08:19,4,-94.8101903684032
2025-02-07 01:09:59,1,-44.6135333817706
2025-02-07 01:11:39,2,-66.3038240633983
2025-02-07 01:13:19,3,-83.4540286628816
2025-02-07 01:14:59,4,-94.8898045792027
2025-02-07 01:16:39,1,-44.8383216090032
2025-02-07 01:18:19,2,-66.4917545232522
2025-02-07 01:19:59,3,-83.5922330106235
2025-02-07 01:21:39,4,-94.9688194144247
2025-02-07 01:23:19,1,-45.0628266130273
2025-02-07 01:24:59,2,-66.6792649850469
2025-02-07 01:26:39,3,-83.7299093443899
2025-02-07 01:28:19,4,-95.0472343749685
2025-02-07 01:29:59,1,-45.2870469757472
2025-02-07 01:31:39,2,-66.8663542643643
2025-02-07 01:33:19,3,-83.8670567945424
2025-02-07 01:34:59,4,-95.1250489655225
2025-02-07 01:36:39,1,-45.5109812808654
2025-02-07 01:38:19,2,-67.0530211794469
2025-02-07 01:39:59,3,-84.0036744947831
2025-02-07 01:41:39,4,-95.2022626945677
2025-02-07 01:43:19,1,-45.7346281138908
2025-02-07 01:44:59,2,-67.2392645512048
2025-02-07 01:46:39,3,-84.1397615821604
2025-02-07 01:48:19,4,-95.27887507438
2025-02-07 01:49:59,1,-45.9579860621487
2025-02-07 01:51:39,2,-67.425083203224
2025-02-07 01:53:19,3,-84.2753171970743
2025-02-07 01:54:59,4,-95.354885621034
2025-02-07 01:56:39,1,-46.1810537147889
2025-02-07 01:58:19,2,-67.6104759617726
2025-02-07 01:59:59,3,-84.4103404832818
2025-02-07 02:01:39,4,-95.4302938544058
2025-02-07 02:03:19,1,-46.4038296627948
2025-02-07 02:04:59,2,-67.7954416558093
2025-02-07 02:06:39,3,-84.5448305879025
2025-02-07 02:08:19,4,-95.5050992981761
2025-02-07 02:09:59,1,-46.6263124989924
2025-02-07 02:11:39,2,-67.9799791169902
2025-02-07 02:13:19,3,-84.6787866614238
2025-02-07 02:14:59,4,-95.579301479833
2025-02-07 02:16:39,1,-46.8485008180593
2025-02-07 02:18:19,2,-68.1640871796765
2025-02-07 02:19:59,3,-84.8122078577063
2025-02-07 02:21:39,4,-95.6528999306752
2025-02-07 02:23:19,1,-47.0703932165332
2025-02-07 02:24:59,2,-68.3477646809415
2025-02-07 02:26:39,3,-84.9450933339892
2025-02-07 02:28:19,4,-95.7258941858148
2025-02-07 02:29:59,1,-47.2919882928212
2025-02-07 02:31:39,2,-68.5310104605784
2025-02-07 02:33:19,3,-85.0774422508957
2025-02-07 02:34:59,4,-95.7982837841805
2025-02-07 02:36:39,1,-47.5132846472084
2025-02-07 02:38:19,2,-68.7138233611071
2025-02-07 02:39:59,3,-85.2092537724381
2025-02-07 02:41:39,4,-95.8700682685203
2025-02-07 02:43:19,1,-47.7342808818666
2025-02-07 02:44:59,2,-68.8962022277821
2025-02-07 02:46:39,3,-85.3405270660231
2025-02-07 02:48:19,4,-95.9412471854043
2025-02-07 02:49:59,1,-47.9549756008635
2025-02-07 02:51:39,2,-69.0781459085993
2025-02-07 02:53:19,3,-85.4712613024572
2025-02-07 02:54:59,4,-96.0118200852278
2025-02-07 02:56:39,1,-48.1753674101715
2025-02-07 02:58:19,2,-69.2596532543036
2025-02-07 02:59:59,3,-85.601455655952
2025-02-07 03:01:39,4,-96.0817865222139
2025-02-07 03:03:19,1,-48.395454917676
2025-02-07 03:04:59,2,-69.4407231183958
2025-02-07 03:06:39,3,-85.7311093041292
2025-02-07 03:08:19,4,-96.1511460544168
2025-02-07 03:09:59,1,-48.6152367331846
2025-02-07 03:11:39,2,-69.6213543571403
2025-02-07 03:13:19,3,-85.8602214280259
2025-02-07 03:14:59,4,-96.2198982437238
2025-02-07 03:16:39,1,-48.8347114684361
2025-02-07 03:18:19,2,-69.8015458295721
2025-02-07 03:19:59,3,-85.9887912120997
2025-02-07 03:21:39,4,-96.2880426558587
2025-02-07 03:23:19,1,-49.0538777371087
2025-02-07 03:24:59,2,-69.9812963975039
2025-02-07 03:26:39,3,-86.1168178442341
2025-02-07 03:28:19,4,-96.3555788603845
2025-02-07 03:29:59,1,-49.2727341548291
2025-02-07 03:31:39,2,-70.1606049255333
2025-02-07 03:33:19,3,-86.2443005157431
2025-02-07 03:34:59,4,-96.4225064307058
2025-02-07 03:36:39,1,-49.4912793391813
2025-02-07 03:38:19,2,-70.3394702810504
2025-02-07 03:39:59,3,-86.3712384213771
2025-02-07 03:41:39,4,-96.4888249440716
2025-02-07 03:43:19,1,-49.709511909715
2025-02-07 03:44:59,2,-70.5178913342442
2025-02-07 03:46:39,3,-86.4976307593271
2025-02-07 03:48:19,4,-96.5545339815781
2025-02-07 03:49:59,1,-49.9274304879549
2025-02-07 03:51:39,2,-70.6958669581105
2025-02-07 03:53:19,3,-86.6234767312304
2025-02-07 03:54:59,4,-96.6196331281715
2025-02-07 03:56:39,1,-50.1450336974086
2025-02-07 03:58:19,2,-70.8733960284583
2025-02-07 03:59:59,3,-86.7487755421756
2025-02-07 04:01:39,4,-96.68412197265
2025-02-07 04:03:19,1,-50.362320163576
2025-02-07 04:04:59,2,-71.0504774239179
2025-02-07 04:06:39,3,-86.8735264007072
2025-02-07 04:08:19,4,-96.7480001076671
2025-02-07 04:09:59,1,-50.5792885139579
2025-02-07 04:11:39,2,-71.2271100259466
2025-02-07 04:13:19,3,-86.997728518831
2025-02-07 04:14:59,4,-96.8112671297338
2025-02-07 04:16:39,1,-50.795937378064
2025-02-07 04:18:19,2,-71.4032927188371
2025-02-07 04:19:59,3,-87.1213811120189
2025-02-07 04:21:39,4,-96.8739226392211
2025-02-07 04:23:19,1,-51.0122653874225
2025-02-07 04:24:59,2,-71.5790243897236
2025-02-07 04:26:39,3,-87.244483399214
2025-02-07 04:28:19,4,-96.9359662403629
2025-02-07 04:29:59,1,-51.228271175588
2025-02-07 04:31:39,2,-71.7543039285895
2025-02-07 04:33:19,3,-87.3670346028353
2025-02-07 04:34:59,4,-96.997397541258
2025-02-07 04:36:39,1,-51.4439533781506
2025-02-07 04:38:19,2,-71.9291302282739
2025-02-07 04:39:59,3,-87.4890339487827
2025-02-07 04:41:39,4,-97.058216153873
2025-02-07 04:43:19,1,-51.6593106327444
2025-02-07 04:44:59,2,-72.1035021844789
2025-02-07 04:46:39,3,-87.6104806664421
2025-02-07 04:48:19,4,-97.1184216940444
2025-02-07 04:49:59,1,-51.8743415790557
2025-02-07 04:51:39,2,-72.2774186957764
2025-02-07 04:53:19,3,-87.7313739886901
2025-02-07 04:54:59,4,-97.1780137814813
2025-02-07 04:56:39,1,-52.0890448588324
2025-02-07 04:58:19,2,-72.4508786636152
2025-02-07 04:59:59,3,-87.8517131518987
2025-02-07 05:01:39,4,-97.2369920397676
2025-02-07 05:03:19,1,-52.3034191158918
2025-02-07 05:04:59,2,-72.623880992328
2025-02-07 05:06:39,3,-87.9714973959404
2025-02-07 05:08:19,4,-97.2953560963648
2025-02-07 05:09:59,1,-52.5174629961295
2025-02-07 05:11:39,2,-72.7964245891379
2025-02-07 05:13:19,3,-88.0907259641926
2025-02-07 05:14:59,4,-97.3531055826137
2025-02-07 05:16:39,1,-52.7311751475282
2025-02-07 05:18:19,2,-72.9685083641659
2025-02-07 05:19:59,3,-88.2093981035431
2025-02-07 05:21:39,4,-97.410240133737
2025-02-07 05:23:19,1,-52.9445542201657
2025-02-07 05:24:59,2,-73.1401312304372
2025-02-07 05:26:39,3,-88.3275130643942
2025-02-07 05:28:19,4,-97.466759388842
2025-02-07 05:29:59,1,-53.1575988662238
2025-02-07 05:31:39,2,-73.3112921038887
2025-02-07 05:33:19,3,-88.4450701006674
2025-02-07 05:34:59,4,-97.5226629909223
2025-02-07 05:36:39,1,-53.3703077399967
2025-02-07 05:38:19,2,-73.4819899033751
2025-02-07 05:39:59,3,-88.5620684698086
2025-02-07 05:41:39,4,-97.5779505868604
2025-02-07 05:43:19,1,-53.5826794978996
2025-02-07 05:44:59,2,-73.6522235506764
2025-02-07 05:46:39,3,-88.6785074327927
2025-02-07 05:48:19,4,-97.6326218274298
2025-02-07 05:49:59,1,-53.7947127984771
2025-02-07 05:51:39,2,-73.8219919705044
2025-02-07 05:53:19,3,-88.7943862541278
2025-02-07 05:54:59,4,-97.6866763672972
2025-02-07 05:56:39,1,-54.0064063024115
2025-02-07 05:58:19,2,-73.9912940905095
2025-02-07 05:59:59,3,-88.9097042018603
2025-02-07 06:01:39,4,-97.7401138650248
2025-02-07 06:03:19,1,-54.2177586725317
2025-02-07 06:04:59,2,-74.1601288412874
2025-02-07 06:06:39,3,-89.0244605475794
2025-02-07 06:08:19,4,-97.7929339830722
2025-02-07 06:09:59,1,-54.4287685738213
2025-02-07 06:11:39,2,-74.3284951563862
2025-02-07 06:13:19,3,-89.1386545664215
2025-02-07 06:14:59,4,-97.8451363877989
2025-02-07 06:16:39,1,-54.6394346734269
2025-02-07 06:18:19,2,-74.4963919723126
2025-02-07 06:19:59,3,-89.2522855370753
2025-02-07 06:21:39,4,-97.8967207494662
2025-02-07 06:23:19,1,-54.849755640667
2025-02-07 06:24:59,2,-74.6638182285391
2025-02-07 06:26:39,3,-89.3653527417858
2025-02-07 06:28:19,4,-97.9476867422391
2025-02-07 06:29:59,1,-55.0597301470401
2025-02-07 06:31:39,2,-74.8307728675106
2025-02-07 06:33:19,3,-89.477855466359
2025-02-07 06:34:59,4,-97.9980340441889
2025-02-07 06:36:39,1,-55.2693568662331
2025-02-07 06:38:19,2,-74.9972548346506
2025-02-07 06:39:59,3,-89.5897930001666
2025-02-07 06:41:39,4,-98.0477623372944
2025-02-07 06:43:19,1,-55.4786344741297
2025-02-07 06:44:59,2,-75.1632630783688
2025-02-07 06:46:39,3,-89.7011646361503
2025-02-07 06:48:19,4,-98.0968713074449
2025-02-07 06:49:59,1,-55.6875616488188
2025-02-07 06:51:39,2,-75.3287965500668
2025-02-07 06:53:19,3,-89.8119696708263
2025-02-07 06:54:59,4,-98.1453606444414
2025-02-07 06:56:39,1,-55.8961370706027
2025-02-07 06:58:19,2,-75.4938542041451
2025-02-07 06:59:59,3,-89.9222074042898
2025-02-07 07:01:39,4,-98.1932300419988
2025-02-07 07:03:19,1,-56.1043594220059
2025-02-07 07:04:59,2,-75.65843499801
2025-02-07 07:06:39,3,-90.0318771402193
2025-02-07 07:08:19,4,-98.2404791977481
2025-02-07 07:09:59,1,-56.3122273877826
2025-02-07 07:11:39,2,-75.8225378920797
2025-02-07 07:13:19,3,-90.1409781858813
2025-02-07 07:14:59,4,-98.2871078132379
2025-02-07 07:16:39,1,-56.5197396549259
2025-02-07 07:18:19,2,-75.9861618497912
2025-02-07 07:19:59,3,-90.2495098521341
2025-02-07 07:21:39,4,-98.3331155939365
2025-02-07 07:23:19,1,-56.7268949126756
2025-02-07 07:24:59,2,-76.1493058376065
2025-02-07 07:26:39,3,-90.3574714534329
2025-02-07 07:28:19,4,-98.3785022492338
2025-02-07 07:29:59,1,-56.9336918525264
2025-02-07 07:31:39,2,-76.3119688250197
2025-02-07 07:33:19,3,-90.4648623078334
2025-02-07 07:34:59,4,-98.4232674924429
2025-02-07 07:36:39,1,-57.1401291682365
2025-02-07 07:38:19,2,-76.4741497845629
2025-02-07 07:39:59,3,-90.5716817369966
2025-02-07 07:41:39,4,-98.4674110408023
2025-02-07 07:43:19,1,-57.3462055558355
2025-02-07 07:44:59,2,-76.6358476918129
2025-02-07 07:46:39,3,-90.6779290661931
2025-02-07 07:48:19,4,-98.5109326154774
2025-02-07 07:49:59,1,-57.5519197136331
2025-02-07 07:51:39,2,-76.797061525398
2025-02-07 07:53:19,3,-90.7836036243068
2025-02-07 07:54:59,4,-98.5538319415622
2025-02-07 07:56:39,1,-57.7572703422267
2025-02-07 07:58:19,2,-76.9577902670038
2025-02-07 07:59:59,3,-90.8887047438399
2025-02-07 08:01:39,4,-98.5961087480812
2025-02-07 08:03:19,1,-57.9622561445103
2025-02-07 08:04:59,2,-77.1180329013805
2025-02-07 08:06:39,3,-90.9932317609166
2025-02-07 08:08:19,4,-98.6377627679912
2025-02-07 08:09:59,1,-58.166875825682
2025-02-07 08:11:39,2,-77.2777884163483
2025-02-07 08:13:19,3,-91.0971840152874
2025-02-07 08:14:59,4,-98.6787937381827
2025-02-07 08:16:39,1,-58.3711280932529
2025-02-07 08:18:19,2,-77.4370558028046
2025-02-07 08:19:59,3,-91.2005608503333
2025-02-07 08:21:39,4,-98.7192013994819
2025-02-07 08:23:19,1,-58.5750116570544
2025-02-07 08:24:59,2,-77.5958340547301
2025-02-07 08:26:39,3,-91.3033616130703
2025-02-07 08:28:19,4,-98.758985496652
2025-02-07 08:29:59,1,-58.7785252292473
2025-02-07 08:31:39,2,-77.754122169195
2025-02-07 08:33:19,3,-91.4055856541526
2025-02-07 08:34:59,4,-98.7981457783949
2025-02-07 08:36:39,1,-58.9816675243292
2025-02-07 08:38:19,2,-77.9119191463655
2025-02-07 08:39:59,3,-91.5072323278777
2025-02-07 08:41:39,4,-98.8366819973532
2025-02-07 08:43:19,1,-59.1844372591429
2025-02-07 08:44:59,2,-78.0692239895102
2025-02-07 08:46:39,3,-91.6083009921901
2025-02-07 08:48:19,4,-98.874593910111
2025-02-07 08:49:59,1,-59.3868331528847
2025-02-07 08:51:39,2,-78.2260357050062
2025-02-07 08:53:19,3,-91.7087910086849
2025-02-07 08:54:59,4,-98.9118812771962
2025-02-07 08:56:39,1,-59.588853927112
2025-02-07 08:58:19,2,-78.3823533023455
2025-02-07 08:59:59,3,-91.8087017426129
2025-02-07 09:01:39,4,-98.9485438630814
2025-02-07 09:03:19,1,-59.7904983057518
2025-02-07 09:04:59,2,-78.5381757941412
2025-02-07 09:06:39,3,-91.9080325628833
2025-02-07 09:08:19,4,-98.9845814361858
2025-02-07 09:09:59,1,-59.9917650151088
2025-02-07 09:11:39,2,-78.6935021961337
2025-02-07 09:13:19,3,-92.0067828420688
2025-02-07 09:14:59,4,-99.0199937688766
2025-02-07 09:16:39,1,-60.1926527838728
2025-02-07 09:18:19,2,-78.848331527197
2025-02-07 09:19:59,3,-92.104951956409
2025-02-07 09:21:39,4,-99.0547806374702
2025-02-07 09:23:19,1,-60.3931603431276
2025-02-07 09:24:59,2,-79.0026628093451
2025-02-07 09:26:39,3,-92.2025392858142
2025-02-07 09:28:19,4,-99.0889418222338
2025-02-07 09:29:59,1,-60.5932864263586
2025-02-07 09:31:39,2,-79.1564950677375
2025-02-07 09:33:19,3,-92.2995442138701
2025-02-07 09:34:59,4,-99.1224771073869
2025-02-07 09:36:39,1,-60.7930297694605
2025-02-07 09:38:19,2,-79.3098273306861
2025-02-07 09:39:59,3,-92.3959661278407
2025-02-07 09:41:39,4,-99.1553862811023
2025-02-07 09:43:19,1,-60.9923891107459
2025-02-07 09:44:59,2,-79.4626586296611
2025-02-07 09:46:39,3,-92.4918044186727
2025-02-07 09:48:19,4,-99.1876691355078
2025-02-07 09:49:59,1,-61.1913631909527
2025-02-07 09:51:39,2,-79.6149879992969
2025-02-07 09:53:19,3,-92.5870584809995
2025-02-07 09:54:59,4,-99.2193254666874
2025-02-07 09:56:39,1,-61.3899507532527
2025-02-07 09:58:19,2,-79.7668144773984
2025-02-07 09:59:59,3,-92.6817277131446
2025-02-07 10:01:39,4,-99.2503550746824
2025-02-07 10:03:19,1,-61.5881505432588
2025-02-07 10:04:59,2,-79.918137104947
2025-02-07 10:06:39,3,-92.7758115171257
2025-02-07 10:08:19,4,-99.280757763493
2025-02-07 10:09:59,1,-61.7859613090334
2025-02-07 10:11:39,2,-80.0689549261068
2025-02-07 10:13:19,3,-92.8693092986584
2025-02-07 10:14:59,4,-99.3105333410793
2025-02-07 10:16:39,1,-61.9833818010962
2025-02-07 10:18:19,2,-80.2192669882305
2025-02-07 10:19:59,3,-92.9622204671598
2025-02-07 10:21:39,4,-99.3396816193625
2025-02-07 10:23:19,1,-62.1804107724321
2025-02-07 10:24:59,2,-80.3690723418654
2025-02-07 10:26:39,3,-93.0545444357526
2025-02-07 10:28:19,4,-99.3682024142264
2025-02-07 10:29:59,1,-62.377046978499
2025-02-07 10:31:39,2,-80.5183700407595
2025-02-07 10:33:19,3,-93.1462806212683
2025-02-07 10:34:59,4,-99.396095545518
2025-02-07 10:36:39,1,-62.5732891772358
2025-02-07 10:38:19,2,-80.6671591418672
2025-02-07 10:39:59,3,-93.2374284442514
2025-02-07 10:41:39,4,-99.4233608370491
2025-02-07 10:43:19,1,-62.76913612907
2025-02-07 10:44:59,2,-80.8154387053559
2025-02-07 10:46:39,3,-93.3279873289627
2025-02-07 10:48:19,4,-99.4499981165975
2025-02-07 10:49:59,1,-62.964586596926
2025-02-07 10:51:39,2,-80.9632077946113
2025-02-07 10:53:19,3,-93.417956703383
2025-02-07 10:54:59,4,-99.4760072159074
2025-02-07 10:56:39,1,-63.1596393462322
2025-02-07 10:58:19,2,-81.1104654762433
2025-02-07 10:59:59,3,-93.5073359992168
2025-02-07 11:01:39,4,-99.5013879706914
2025-02-07 11:03:19,1,-63.3542931449297
2025-02-07 11:04:59,2,-81.2572108200925
2025-02-07 11:06:39,3,-93.596124651896
2025-02-07 11:08:19,4,-99.5261402206308
2025-02-07 11:09:59,1,-63.548546763479
2025-02-07 11:11:39,2,-81.4034428992356
2025-02-07 11:13:19,3,-93.6843221005832
2025-02-07 11:14:59,4,-99.5502638093769
2025-02-07 11:16:39,1,-63.7423989748689
2025-02-07 11:18:19,2,-81.5491607899912
2025-02-07 11:19:59,3,-93.7719277881754
2025-02-07 11:21:39,4,-99.5737585845521
2025-02-07 11:23:19,1,-63.9358485546234
2025-02-07 11:24:59,2,-81.694363571926
2025-02-07 11:26:39,3,-93.8589411613073
2025-02-07 11:28:19,4,-99.5966243977505
2025-02-07 11:29:59,1,-64.1288942808099
2025-02-07 11:31:39,2,-81.8390503278602
2025-02-07 11:33:19,3,-93.9453616703553
2025-02-07 11:34:59,4,-99.6188611045392
2025-02-07 11:36:39,1,-64.3215349340465
2025-02-07 11:38:19,2,-81.9832201438737
2025-02-07 11:39:59,3,-94.0311887694405
2025-02-07 11:41:39,4,-99.6404685644592
2025-02-07 11:43:19,1,-64.5137692975102
2025-02-07 11:44:59,2,-82.1268721093115
2025-02-07 11:46:39,3,-94.1164219164322
2025-02-07 11:48:19,4,-99.661446641026
2025-02-07 11:49:59,1,-64.7055961569444
2025-02-07 11:51:39,2,-82.2700053167899
2025-02-07 11:53:19,3,-94.2010605729516
2025-02-07 11:54:59,4,-99.6817952017306
2025-02-07 11:56:39,1,-64.8970143006663
2025-02-07 11:58:19,2,-82.4126188622015
2025-02-07 11:59:59,3,-94.2851042043749
2025-02-07 12:01:39,4,-99.7015141180404
2025-02-07 12:03:19,1,-65.0880225195748
2025-02-07 12:04:59,2,-82.5547118447219
2025-02-07 12:06:39,3,-94.3685522798369
2025-02-07 12:08:19,4,-99.7206032654002
2025-02-07 12:09:59,1,-65.2786196071583
2025-02-07 12:11:39,2,-82.6962833668144
2025-02-07 12:13:19,3,-94.4514042722342
2025-02-07 12:14:59,4,-99.7390625232324
2025-02-07 12:16:39,1,-65.468804359502
2025-02-07 12:18:19,2,-82.8373325342365
2025-02-07 12:19:59,3,-94.5336596582285
2025-02-07 12:21:39,4,-99.7568917749383
2025-02-07 12:23:19,1,-65.6585755752956
2025-02-07 12:24:59,2,-82.9778584560448
2025-02-07 12:26:39,3,-94.6153179182501
2025-02-07 12:28:19,4,-99.7740909078987
2025-02-07 12:29:59,1,-65.847932055841
2025-02-07 12:31:39,2,-83.1178602446014
2025-02-07 12:33:19,3,-94.6963785365011
2025-02-07 12:34:59,4,-99.7906598134745
2025-02-07 12:36:39,1,-66.0368726050596
2025-02-07 12:38:19,2,-83.2573370155788
2025-02-07 12:39:59,3,-94.7768410009586
2025-02-07 12:41:39,4,-99.8065983870076
2025-02-07 12:43:19,1,-66.2253960295005
2025-02-07 12:44:59,2,-83.3962878879659
2025-02-07 12:46:39,3,-94.8567048033778
2025-02-07 12:48:19,4,-99.8219065278212
2025-02-07 12:49:59,1,-66.413501138347
2025-02-07 12:51:39,2,-83.5347119840734
2025-02-07 12:53:19,3,-94.9359694392957
2025-02-07 12:54:59,4,-99.8365841392207
2025-02-07 12:56:39,1,-66.6011867434251
2025-02-07 12:58:19,2,-83.6726084295397
2025-02-07 12:59:59,3,-95.0146344080337
2025-02-07 13:01:39,4,-99.8506311284945
2025-02-07 13:03:19,1,-66.7884516592106
2025-02-07 13:04:59,2,-83.8099763533358
2025-02-07 13:06:39,3,-95.0926992127011
2025-02-07 13:08:19,4,-99.8640474069141
2025-02-07 13:09:59,1,-66.9752947028364
2025-02-07 13:11:39,2,-83.9468148877712
2025-02-07 13:13:19,3,-95.1701633601982
2025-02-07 13:14:59,4,-99.8768328897349
2025-02-07 13:16:39,1,-67.1617146941004
2025-02-07 13:18:19,2,-84.0831231684993
2025-02-07 13:19:59,3,-95.2470263612192
2025-02-07 13:21:39,4,-99.888987496197
2025-02-07 13:23:19,1,-67.3477104554725
2025-02-07 13:24:59,2,-84.218900334523
2025-02-07 13:26:39,3,-95.3232877302558
2025-02-07 13:28:19,4,-99.9005111495252
2025-02-07 13:29:59,1,-67.5332808121024
2025-02-07 13:31:39,2,-84.3541455282
2025-02-07 13:33:19,3,-95.3989469855997
2025-02-07 13:34:59,4,-99.9114037769299
2025-02-07 13:36:39,1,-67.718424591827
2025-02-07 13:38:19,2,-84.488857895248
2025-02-07 13:39:59,3,-95.4740036493458
2025-02-07 13:41:39,4,-99.9216653096073
2025-02-07 13:43:19,1,-67.9031406251774
2025-02-07 13:44:59,2,-84.6230365847505
2025-02-07 13:46:39,3,-95.5484572473956
2025-02-07 13:48:19,4,-99.93129568274
2025-02-07 13:49:59,1,-68.0874277453868
2025-02-07 13:51:39,2,-84.756680749162
2025-02-07 13:53:19,3,-95.6223073094596
2025-02-07 13:54:59,4,-99.9402948354973
2025-02-07 13:56:39,1,-68.2712847883976
2025-02-07 13:58:19,2,-84.8897895443134
2025-02-07 13:59:59,3,-95.6955533690607
2025-02-07 14:01:39,4,-99.9486627110357
2025-02-07 14:03:19,1,-68.4547105928688
2025-02-07 14:04:59,2,-85.0223621294171
2025-02-07 14:06:39,3,-95.768194963537
2025-02-07 14:08:19,4,-99.9563992564991
2025-02-07 14:09:59,1,-68.6377040001834
2025-02-07 14:11:39,2,-85.1543976670726
2025-02-07 14:13:19,3,-95.8402316340446
2025-02-07 14:14:59,4,-99.9635044230194
2025-02-07 14:16:39,1,-68.8202638544554
2025-02-07 14:18:19,2,-85.2858953232717
2025-02-07 14:19:59,3,-95.9116629255609
2025-02-07 14:21:39,4,-99.9699781657164
2025-02-07 14:23:19,1,-69.0023890025377
2025-02-07 14:24:59,2,-85.4168542674038
2025-02-07 14:26:39,3,-95.9824883868869
2025-02-07 14:28:19,4,-99.9758204436984
2025-02-07 14:29:59,1,-69.1840782940288
2025-02-07 14:31:39,2,-85.547273672261
2025-02-07 14:33:19,3,-96.0527075706506
2025-02-07 14:34:59,4,-99.9810312200625
2025-02-07 14:36:39,1,-69.3653305812805
2025-02-07 14:38:19,2,-85.6771527140434
2025-02-07 14:39:59,3,-96.1223200333094
2025-02-07 14:41:39,4,-99.9856104618945
2025-02-07 14:43:19,1,-69.5461447194047
2025-02-07 14:44:59,2,-85.8064905723644
2025-02-07 14:46:39,3,-96.1913253351532
2025-02-07 14:48:19,4,-99.9895581402694
2025-02-07 14:49:59,1,-69.726519566281
2025-02-07 14:51:39,2,-85.9352864302559
2025-02-07 14:53:19,3,-96.259723040307
2025-02-07 14:54:59,4,-99.9928742302517
2025-02-07 14:56:39,1,-69.9064539825641
2025-02-07 14:58:19,2,-86.0635394741732
2025-02-07 14:59:59,3,-96.3275127167336
2025-02-07 15:01:39,4,-99.995558710895
2025-02-07 15:03:19,1,-70.0859468316902
2025-02-07 15:04:59,2,-86.1912488940003
2025-02-07 15:06:39,3,-96.3946939362367
2025-02-07 15:08:19,4,-99.9976115652427
2025-02-07 15:09:59,1,-70.2649969798849
2025-02-07 15:11:39,2,-86.3184138830551
2025-02-07 15:13:19,3,-96.4612662744633
2025-02-07 15:14:59,4,-99.9990327803279
2025-02-07 15:16:39,1,-70.4436032961703
2025-02-07 15:18:19,2,-86.4450336380945
2025-02-07 15:19:59,3,-96.5272293109061
2025-02-07 15:21:39,4,-99.9998223471734
2025-02-07 15:23:19,1,-70.6217646523717
2025-02-07 15:24:59,2,-86.5711073593193
2025-02-07 15:26:39,3,-96.5925826289068
2025-02-07 15:28:19,4,-99.9999802607918
2025-02-07 15:29:59,1,-70.7994799231252
2025-02-07 15:31:39,2,-86.6966342503793
2025-02-07 15:33:19,3,-96.6573258156584
2025-02-07 15:34:59,4,-99.9995065201858
2025-02-07 15:36:39,1,-70.9767479858847
2025-02-07 15:38:19,2,-86.8216135183785
2025-02-07 15:39:59,3,-96.7214584622077
2025-02-07 15:41:39,4,-99.9984011283477
2025-02-07 15:43:19,1,-71.1535677209285
2025-02-07 15:44:59,2,-86.9460443738799
2025-02-07 15:46:39,3,-96.7849801634579
2025-02-07 15:48:19,4,-99.9966640922597
2025-02-07 15:49:59,1,-71.3299380113672
2025-02-07 15:51:39,2,-87.0699260309106
2025-02-07 15:53:19,3,-96.8478905181717
2025-02-07 15:54:59,4,-99.994295422894
2025-02-07 15:56:39,1,-71.5058577431503
2025-02-07 15:58:19,2,-87.1932577069666
2025-02-07 15:59:59,3,-96.9101891289728
2025-02-07 16:01:39,4,-99.9912951352123
2025-02-07 16:03:19,1,-71.681325805073
2025-02-07 16:04:59,2,-87.3160386230181
2025-02-07 16:06:39,3,-96.9718756023496
2025-02-07 16:08:19,4,-99.9876632481661
2025-02-07 16:09:59,1,-71.8563410887836
2025-02-07 16:11:39,2,-87.4382680035142
2025-02-07 16:13:19,3,-97.0329495486566
2025-02-07 16:14:59,4,-99.9833997846963
2025-02-07 16:16:39,1,-72.0309024887907
2025-02-07 16:18:19,2,-87.5599450763875
2025-02-07 16:19:59,3,-97.0934105821177
2025-02-07 16:21:39,4,-99.9785047717333
2025-02-07 16:23:19,1,-72.2050089024694
2025-02-07 16:24:59,2,-87.6810690730597
2025-02-07 16:26:39,3,-97.1532583208281
2025-02-07 16:28:19,4,-99.9729782401967
2025-02-07 16:29:59,1,-72.378659230069
2025-02-07 16:31:39,2,-87.8016392284456
2025-02-07 16:33:19,3,-97.2124923867568
2025-02-07 16:34:59,4,-99.966820224995
2025-02-07 16:36:39,1,-72.5518523747197
2025-02-07 16:38:19,2,-87.9216547809587
2025-02-07 16:39:59,3,-97.2711124057496
2025-02-07 16:41:39,4,-99.9600307650256
2025-02-07 16:43:19,1,-72.7245872424396
2025-02-07 16:44:59,2,-88.0411149725155
2025-02-07 16:46:39,3,-97.3291180075302
2025-02-07 16:48:19,4,-99.9526099031745
2025-02-07 16:49:59,1,-72.8968627421411
2025-02-07 16:51:39,2,-88.1600190485405
2025-02-07 16:53:19,3,-97.386508825704
2025-02-07 16:54:59,4,-99.9445576863158
2025-02-07 16:56:39,1,-73.0686777856388
2025-02-07 16:58:19,2,-88.278366257971
2025-02-07 16:59:59,3,-97.4432844977593
2025-02-07 17:01:39,4,-99.9358741653117
2025-02-07 17:03:19,1,-73.2400312876553
2025-02-07 17:04:59,2,-88.3961558532616
2025-02-07 17:06:39,3,-97.49944466507
2025-02-07 17:08:19,4,-99.9265593950121
2025-02-07 17:09:59,1,-73.4109221658288
2025-02-07 17:11:39,2,-88.5133870903892
2025-02-07 17:13:19,3,-97.5549889728981
2025-02-07 17:14:59,4,-99.916613434254
2025-02-07 17:16:39,1,-73.5813493407198
2025-02-07 17:18:19,2,-88.6300592288577
2025-02-07 17:19:59,3,-97.6099170703955
2025-02-07 17:21:39,4,-99.9060363458617
2025-02-07 17:23:19,1,-73.7513117358174
2025-02-07 17:24:59,2,-88.7461715317024
2025-02-07 17:26:39,3,-97.6642286106065
2025-02-07 17:28:19,4,-99.8948281966456
2025-02-07 17:29:59,1,-73.9208082775468
2025-02-07 17:31:39,2,-88.8617232654948
2025-02-07 17:33:19,3,-97.71792325047
2025-02-07 17:34:59,4,-99.8829890574027
2025-02-07 17:36:39,1,-74.0898378952758
2025-02-07 17:38:19,2,-88.9767137003476
2025-02-07 17:39:59,3,-97.7710006508212
2025-02-07 17:41:39,4,-99.8705190029152
2025-02-07 17:43:19,1,-74.2583995213215
2025-02-07 17:44:59,2,-89.0911421099184
2025-02-07 17:46:39,3,-97.8234604763946
2025-02-07 17:48:19,4,-99.857418111951
2025-02-07 17:49:59,1,-74.426492090957
2025-02-07 17:51:39,2,-89.2050077714154
2025-02-07 17:53:19,3,-97.8753023958254
2025-02-07 17:54:59,4,-99.8436864672622
2025-02-07 17:56:39,1,-74.5941145424182
2025-02-07 17:58:19,2,-89.3183099656011
2025-02-07 17:59:59,3,-97.9265260816518
2025-02-07 18:01:39,4,-99.8293241555856
2025-02-07 18:03:19,1,-74.7612658169107
2025-02-07 18:04:59,2,-89.4310479767973
2025-02-07 18:06:39,3,-97.9771312103172
2025-02-07 18:08:19,4,-99.8143312676411
2025-02-07 18:09:59,1,-74.9279448586161
2025-02-07 18:11:39,2,-89.5432210928895
2025-02-07 18:13:19,3,-98.0271174621722
2025-02-07 18:14:59,4,-99.7987078981321
2025-02-07 18:16:39,1,-75.0941506146991
2025-02-07 18:18:19,2,-89.6548286053312
2025-02-07 18:19:59,3,-98.0764845214763
2025-02-07 18:21:39,4,-99.7824541457442
2025-02-07 18:23:19,1,-75.2598820353138
2025-02-07 18:24:59,2,-89.7658698091488
2025-02-07 18:26:39,3,-98.1252320764004
2025-02-07 18:28:19,4,-99.7655701131449
2025-02-07 18:29:59,1,-75.4251380736104
2025-02-07 18:31:39,2,-89.8763440029456
2025-02-07 18:33:19,3,-98.1733598190285
2025-02-07 18:34:59,4,-99.7480559069831
2025-02-07 18:36:39,1,-75.5899176857419
2025-02-07 18:38:19,2,-89.9862504889067
2025-02-07 18:39:59,3,-98.2208674453595
2025-02-07 18:41:39,4,-99.7299116378879
2025-02-07 18:43:19,1,-75.7542198308709
2025-02-07 18:44:59,2,-90.0955885728029
2025-02-07 18:46:39,3,-98.2677546553095
2025-02-07 18:48:19,4,-99.7111374204684
2025-02-07 18:49:59,1,-75.9180434711757
2025-02-07 18:51:39,2,-90.2043575639954
2025-02-07 18:53:19,3,-98.3140211527134
2025-02-07 18:54:59,4,-99.6917333733128
2025-02-07 18:56:39,1,-76.0813875718569
2025-02-07 18:58:19,2,-90.3125567754403
2025-02-07 18:59:59,3,-98.3596666453268
2025-02-07 19:01:39,4,-99.6716996189875
2025-02-07 19:03:19,1,-76.2442511011447
2025-02-07 19:04:59,2,-90.4201855236924
2025-02-07 19:06:39,3,-98.404690844828
2025-02-07 19:08:19,4,-99.6510362840368
2025-02-07 19:09:59,1,-76.4066330303045
2025-02-07 19:11:39,2,-90.5272431289101
2025-02-07 19:13:19,3,-98.4490934668197
2025-02-07 19:14:59,4,-99.6297434989813
2025-02-07 19:16:39,1,-76.5685323336436
2025-02-07 19:18:19,2,-90.6337289148594
2025-02-07 19:19:59,3,-98.4928742308308
2025-02-07 19:21:39,4,-99.6078213983179
2025-02-07 19:23:19,1,-76.7299479885182
2025-02-07 19:24:59,2,-90.7396422089182
2025-02-07 19:26:39,3,-98.5360328603182
2025-02-07 19:28:19,4,-99.5852701205186
2025-02-07 19:29:59,1,-76.8908789753391
2025-02-07 19:31:39,2,-90.8449823420806
2025-02-07 19:33:19,3,-98.5785690826685
2025-02-07 19:34:59,4,-99.5620898080294
2025-02-07 19:36:39,1,-77.0513242775789
2025-02-07 19:38:19,2,-90.9497486489609
2025-02-07 19:39:59,3,-98.6204826291998
2025-02-07 19:41:39,4,-99.5382806072697
2025-02-07 19:43:19,1,-77.2112828817778
2025-02-07 19:44:59,2,-91.0539404677984
2025-02-07 19:46:39,3,-98.6617732351634
2025-02-07 19:48:19,4,-99.5138426686316
2025-02-07 19:49:59,1,-77.3707537775503
2025-02-07 19:51:39,2,-91.1575571404608
2025-02-07 19:53:19,3,-98.7024406397454
2025-02-07 19:54:59,4,-99.4887761464781
2025-02-07 19:56:39,1,-77.5297359575915
2025-02-07 19:58:19,2,-91.2605980124489
2025-02-07 19:59:59,3,-98.7424845860684
2025-02-07 20:01:39,4,-99.4630811991432
2025-02-07 20:03:19,1,-77.6882284176837
2025-02-07 20:04:59,2,-91.3630624329006
2025-02-07 20:06:39,3,-98.7819048211929
2025-02-07 20:08:19,4,-99.4367579889301
2025-02-07 20:09:59,1,-77.8462301567023
2025-02-07 20:11:39,2,-91.4649497545949
2025-02-07 20:13:19,3,-98.8207010961195
2025-02-07 20:14:59,4,-99.4098066821105
2025-02-07 20:16:39,1,-78.0037401766225
2025-02-07 20:18:19,2,-91.5662593339561
2025-02-07 20:19:59,3,-98.8588731657897
2025-02-07 20:21:39,4,-99.3822274489234
2025-02-07 20:23:19,1,-78.1607574825252
2025-02-07 20:24:59,2,-91.6669905310578
2025-02-07 20:26:39,3,-98.896420789088
2025-02-07 20:28:19,4,-99.3540204635744
2025-02-07 20:29:59,1,-78.317281082604
2025-02-07 20:31:39,2,-91.7671427096271
2025-02-07 20:33:19,3,-98.9333437288432
2025-02-07 20:34:59,4,-99.3251859042339
2025-02-07 20:36:39,1,-78.4733099881707
2025-02-07 20:38:19,2,-91.8667152370483
2025-02-07 20:39:59,3,-98.96964175183
2025-02-07 20:41:39,4,-99.295723953037
2025-02-07 20:43:19,1,-78.6288432136619
2025-02-07 20:44:59,2,-91.9657074843673
2025-02-07 20:46:39,3,-99.0053146287703
2025-02-07 20:48:19,4,-99.265634796081
2025-02-07 20:49:59,1,-78.7838797766452
2025-02-07 20:51:39,2,-92.0641188262951
2025-02-07 20:53:19,3,-99.0403621343347
2025-02-07 20:54:59,4,-99.2349186234257
2025-02-07 20:56:39,1,-78.9384186978254
2025-02-07 20:58:19,2,-92.1619486412125
2025-02-07 20:59:59,3,-99.0747840471443
2025-02-07 21:01:39,4,-99.203575629091
2025-02-07 21:03:19,1,-79.0924590010508
2025-02-07 21:04:59,2,-92.2591963111729
2025-02-07 21:06:39,3,-99.1085801497716
2025-02-07 21:08:19,4,-99.1716060110563
2025-02-07 21:09:59,1,-79.2459997133191
2025-02-07 21:11:39,2,-92.3558612219072
2025-02-07 21:13:19,3,-99.1417502287419
2025-02-07 21:14:59,4,-99.1390099712591
2025-02-07 21:16:39,1,-79.3990398647835
2025-02-07 21:18:19,2,-92.4519427628275
2025-02-07 21:19:59,3,-99.1742940745351
2025-02-07 21:21:39,4,-99.1057877155936
2025-02-07 21:23:19,1,-79.5515784887595
2025-02-07 21:24:59,2,-92.5474403270304
2025-02-07 21:26:39,3,-99.2062114815864
2025-02-07 21:28:19,4,-99.0719394539097
2025-02-07 21:29:59,1,-79.7036146217301
2025-02-07 21:31:39,2,-92.6423533113015
2025-02-07 21:33:19,3,-99.2375022482883
2025-02-07 21:34:59,4,-99.0374654000115
2025-02-07 21:36:39,1,-79.8551473033525
2025-02-07 21:38:19,2,-92.7366811161186
2025-02-07 21:39:59,3,-99.2681661769912
2025-02-07 21:41:39,4,-99.0023657716557
2025-02-07 21:43:19,1,-80.0061755764638
2025-02-07 21:44:59,2,-92.8304231456562
2025-02-07 21:46:39,3,-99.2982030740051
2025-02-07 21:48:19,4,-98.9666407905508
2025-02-07 21:49:59,1,-80.1566984870876
2025-02-07 21:51:39,2,-92.9235788077887
2025-02-07 21:53:19,3,-99.3276127496007
2025-02-07 21:54:59,4,-98.9302906823551
2025-02-07 21:56:39,1,-80.3067150844392
2025-02-07 21:58:19,2,-93.0161475140941
2025-02-07 21:59:59,3,-99.3563950180103
2025-02-07 22:01:39,4,-98.8933156766756
2025-02-07 22:03:19,1,-80.4562244209324
2025-02-07 22:04:59,2,-93.1081286798584
2025-02-07 22:06:39,3,-99.3845496974297
2025-02-07 22:08:19,4,-98.8557160070666
2025-02-07 22:09:59,1,-80.6052255521847
2025-02-07 22:11:39,2,-93.1995217240784
2025-02-07 22:13:19,3,-99.4120766100184
2025-02-07 22:14:59,4,-98.8174919110281
2025-02-07 22:16:39,1,-80.7537175370242
2025-02-07 22:18:19,2,-93.290326069466
2025-02-07 22:19:59,3,-99.4389755819017
2025-02-07 22:21:39,4,-98.7786436300041
2025-02-07 22:23:19,1,-80.9016994374947
2025-02-07 22:24:59,2,-93.3805411424517
2025-02-07 22:26:39,3,-99.4652464431709
2025-02-07 22:28:19,4,-98.7391714093816
2025-02-07 22:29:59,1,-81.0491703188622
2025-02-07 22:31:39,2,-93.470166373188
2025-02-07 22:33:19,3,-99.490889027885
2025-02-07 22:34:59,4,-98.6990754984885
2025-02-07 22:36:39,1,-81.1961292496204
2025-02-07 22:38:19,2,-93.5592011955531
2025-02-07 22:39:59,3,-99.5159031740715
2025-02-07 22:41:39,4,-98.6583561505924
2025-02-07 22:43:19,1,-81.3425753014968
2025-02-07 22:44:59,2,-93.6476450471549
2025-02-07 22:46:39,3,-99.5402887237275
2025-02-07 22:48:19,4,-98.6170136228989
2025-02-07 22:49:59,1,-81.4885075494586
2025-02-07 22:51:39,2,-93.7354973693337
2025-02-07 22:53:19,3,-99.5640455228206
2025-02-07 22:54:59,4,-98.5750481765498
2025-02-07 22:56:39,1,-81.6339250717184
2025-02-07 22:58:19,2,-93.8227576071668
2025-02-07 22:59:59,3,-99.58717342129
2025-02-07 23:01:39,4,-98.5324600766217
2025-02-07 23:03:19,1,-81.77882694974
2025-02-07 23:04:59,2,-93.9094252094709
2025-02-07 23:06:39,3,-99.6096722730472
2025-02-07 23:08:19,4,-98.4892495921241
2025-02-07 23:09:59,1,-81.9232122682445
2025-02-07 23:11:39,2,-93.9954996288064
2025-02-07 23:13:19,3,-99.6315419359772
2025-02-07 23:14:59,4,-98.4454169959981
2025-02-07 23:16:39,1,-82.0670801152158
2025-02-07 23:18:19,2,-94.0809803214804
2025-02-07 23:19:59,3,-99.6527822719395
2025-02-07 23:21:39,4,-98.400962565114
2025-02-07 23:23:19,1,-82.2104295819062
2025-02-07 23:24:59,2,-94.1658667475505
2025-02-07 23:26:39,3,-99.6733931467685
2025-02-07 23:28:19,4,-98.3558865802702
2025-02-07 23:29:59,1,-82.3532597628427
2025-02-07 23:31:39,2,-94.2501583708278
2025-02-07 23:33:19,3,-99.6933744302747
2025-02-07 23:34:59,4,-98.3101893261912
2025-02-07 23:36:39,1,-82.4955697558322
2025-02-07 23:38:19,2,-94.3338546588807
2025-02-07 23:39:59,3,-99.7127259962455
2025-02-07 23:41:39,4,-98.2638710915256
2025-02-07 23:43:19,1,-82.6373586619675
2025-02-07 23:44:59,2,-94.4169550830378
2025-02-07 23:46:39,3,-99.7314477224458
2025-02-07 23:48:19,4,-98.2169321688446
2025-02-07 23:49:59,1,-82.7786255856328
2025-02-07 23:51:39,2,-94.4994591183918
2025-02-07 23:53:19,3,-99.7495394906191
2025-02-07 23:54:59,4,-98.1693728546399
2025-02-07 23:56:39,1,-82.9193696345093
2025-02-07 23:58:19,2,-94.5813662438024
2025-02-07 23:59:59,3,-99.7670011864879
2025-02-08 00:01:39,4,-98.121193449322
2025-02-08 00:03:19,1,-83.0595899195812
2025-02-08 00:04:59,2,-94.6626759418996
2025-02-08 00:06:39,3,-99.7838326997547
2025-02-08 00:08:19,4,-98.0723942572182
2025-02-08 00:09:59,1,-83.199285555141
2025-02-08 00:11:39,2,-94.7433876990871
2025-02-08 00:13:19,3,-99.8000339241024
2025-02-08 00:14:59,4,-98.0229755865708
2025-02-08 00:16:39,1,-83.3384556587951
2025-02-08 00:18:19,2,-94.8235010055456
2025-02-08 00:19:59,3,-99.8156047571954
2025-02-08 00:21:39,4,-97.9729377495348
2025-02-08 00:23:19,1,-83.4770993514695
2025-02-08 00:24:59,2,-94.903015355236
2025-02-08 00:26:39,3,-99.8305451006797
2025-02-08 00:28:19,4,-97.9222810621766
2025-02-08 00:29:59,1,-83.6152157574153
2025-02-08 00:31:39,2,-94.9819302459025
2025-02-08 00:33:19,3,-99.8448548601842
2025-02-08 00:34:59,4,-97.8710058444712
2025-02-08 00:36:39,1,-83.7528040042141
2025-02-08 00:38:19,2,-95.0602451790755
2025-02-08 00:39:59,3,-99.8585339453204
2025-02-08 00:41:39,4,-97.8191124203008
2025-02-08 00:43:19,1,-83.889863222784
2025-02-08 00:44:59,2,-95.1379596600756
2025-02-08 00:46:39,3,-99.871582269684
2025-02-08 00:48:19,4,-97.7666011174525
2025-02-08 00:49:59,1,-84.0263925473842
2025-02-08 00:51:39,2,-95.2150731980158
2025-02-08 00:53:19,3,-99.8839997508546
2025-02-08 00:54:59,4,-97.7134722676161
2025-02-08 00:56:39,1,-84.1623911156214
2025-02-08 00:58:19,2,-95.291585305805
2025-02-08 00:59:59,3,-99.8957863103966
2025-02-08 01:01:39,4,-97.6597262063825
2025-02-08 01:03:19,1,-84.2978580684549
2025-02-08 01:04:59,2,-95.3674955001512
2025-02-08 01:06:39,3,-99.9069418738597
2025-02-08 01:08:19,4,-97.6053632732408
2025-02-08 01:09:59,1,-84.4327925502015
2025-02-08 01:11:39,2,-95.4428033015644
2025-02-08 01:13:19,3,-99.9174663707794
2025-02-08 01:14:59,4,-97.5503838115771
2025-02-08 01:16:39,1,-84.5671937085418
2025-02-08 01:18:19,2,-95.5175082343596
2025-02-08 01:19:59,3,-99.9273597346771
2025-02-08 01:21:39,4,-97.4947881686713
2025-02-08 01:23:19,1,-84.7010606945252
2025-02-08 01:24:59,2,-95.5916098266598
2025-02-08 01:26:39,3,-99.9366219030611
2025-02-08 01:28:19,4,-97.4385766956958
2025-02-08 01:29:59,1,-84.8343926625748
2025-02-08 01:31:39,2,-95.665107610399
2025-02-08 01:33:19,3,-99.9452528174264
2025-02-08 01:34:59,4,-97.3817497477129
2025-02-08 01:36:39,1,-84.9671887704936
2025-02-08 01:38:19,2,-95.7380011213254
2025-02-08 01:39:59,3,-99.9532524232554
2025-02-08 01:41:39,4,-97.3243076836724
2025-02-08 01:43:19,1,-85.0994481794692
2025-02-08 01:44:59,2,-95.8102898990039
2025-02-08 01:46:39,3,-99.9606206700184
2025-02-08 01:48:19,4,-97.2662508664096
2025-02-08 01:49:59,1,-85.2311700540791
2025-02-08 01:51:39,2,-95.8819734868193
2025-02-08 01:53:19,3,-99.9673575111734
2025-02-08 01:54:59,4,-97.2075796626429
2025-02-08 01:56:39,1,-85.3623535622967
2025-02-08 01:58:19,2,-95.9530514319791
2025-02-08 01:59:59,3,-99.973462904167
2025-02-08 02:01:39,4,-97.1482944429715
2025-02-08 02:03:19,1,-85.4929978754953
2025-02-08 02:04:59,2,-96.0235232855163
2025-02-08 02:06:39,3,-99.9789368104341
2025-02-08 02:08:19,4,-97.0883955818731
2025-02-08 02:09:59,1,-85.6231021684546
2025-02-08 02:11:39,2,-96.0933886022924
2025-02-08 02:13:19,3,-99.9837791953986
2025-02-08 02:14:59,4,-97.0278834577015
2025-02-08 02:16:39,1,-85.7526656193652
2025-02-08 02:18:19,2,-96.1626469410002
2025-02-08 02:19:59,3,-99.9879900284733
2025-02-08 02:21:39,4,-96.9667584526841
2025-02-08 02:23:19,1,-85.8816874098338
2025-02-08 02:24:59,2,-96.2312978641663
2025-02-08 02:26:39,3,-99.9915692830604
2025-02-08 02:28:19,4,-96.9050209529197
2025-02-08 02:29:59,1,-86.0101667248889
2025-02-08 02:31:39,2,-96.2993409381542
2025-02-08 02:33:19,3,-99.9945169365512
2025-02-08 02:34:59,4,-96.8426713483758
2025-02-08 02:36:39,1,-86.138102752985
2025-02-08 02:38:19,2,-96.3667757331668
2025-02-08 02:39:59,3,-99.9968329703269
2025-02-08 02:41:39,4,-96.7797100328865
2025-02-08 02:43:19,1,-86.2654946860087
2025-02-08 02:44:59,2,-96.4336018232493
2025-02-08 02:46:39,3,-99.9985173697581
2025-02-08 02:48:19,4,-96.7161374041497
2025-02-08 02:49:59,1,-86.3923417192835
2025-02-08 02:51:39,2,-96.4998187862918
2025-02-08 02:53:19,3,-99.9995701242052
2025-02-08 02:54:59,4,-96.6519538637246
2025-02-08 02:56:39,1,-86.5186430515744
2025-02-08 02:58:19,2,-96.565426204032
2025-02-08 02:59:59,3,-99.9999912270184
2025-02-08 03:01:39,4,-96.5871598170294
2025-02-08 03:03:19,1,-86.6443978850937
2025-02-08 03:04:59,2,-96.6304236620578
2025-02-08 03:06:39,3,-99.9997806755379
2025-02-08 03:08:19,4,-96.5217556733384
2025-02-08 03:09:59,1,-86.7696054255054
2025-02-08 03:11:39,2,-96.6948107498099
2025-02-08 03:13:19,3,-99.9989384710936
2025-02-08 03:14:59,4,-96.4557418457798
2025-02-08 03:16:39,1,-86.8942648819306
2025-02-08 03:18:19,2,-96.7585870605844
2025-02-08 03:19:59,3,-99.9974646190053
2025-02-08 03:21:39,4,-96.3891187513328
2025-02-08 03:23:19,1,-87.0183754669526
2025-02-08 03:24:59,2,-96.8217521915356
2025-02-08 03:26:39,3,-99.9953591285827
2025-02-08 03:28:19,4,-96.3218868108251
2025-02-08 03:29:59,1,-87.1419363966213
2025-02-08 03:31:39,2,-96.8843057436781
2025-02-08 03:33:19,3,-99.9926220131251
2025-02-08 03:34:59,4,-96.2540464489301
2025-02-08 03:36:39,1,-87.2649468904587
2025-02-08 03:38:19,2,-96.9462473218897
2025-02-08 03:39:59,3,-99.9892532899217
2025-02-08 03:41:39,4,-96.1855980941645
2025-02-08 03:43:19,1,-87.3874061714639
2025-02-08 03:44:59,2,-97.0075765349138
2025-02-08 03:46:39,3,-99.9852529802513
2025-02-08 03:48:19,4,-96.1165421788852
2025-02-08 03:49:59,1,-87.5093134661173
2025-02-08 03:51:39,2,-97.0682929953616
2025-02-08 03:53:19,3,-99.9806211093818
2025-02-08 03:54:59,4,-96.046879139287
2025-02-08 03:56:39,1,-87.6306680043863
2025-02-08 03:58:19,2,-97.128396319715
2025-02-08 03:59:59,3,-99.9753577065707
2025-02-08 04:01:39,4,-95.9766094153994
2025-02-08 04:03:19,1,-87.7514690197297
2025-02-08 04:04:59,2,-97.1878861283288
2025-02-08 04:06:39,3,-99.9694628050646
2025-02-08 04:08:19,4,-95.9057334510843
2025-02-08 04:09:59,1,-87.8717157491024
2025-02-08 04:11:39,2,-97.246762045433
2025-02-08 04:13:19,3,-99.9629364420989
2025-02-08 04:14:59,4,-95.8342516940327
2025-02-08 04:16:39,1,-87.991407432961
2025-02-08 04:18:19,2,-97.3050236991353
2025-02-08 04:19:59,3,-99.9557786588975
2025-02-08 04:21:39,4,-95.7621645957622
2025-02-08 04:23:19,1,-88.1105433152676
2025-02-08 04:24:59,2,-97.3626707214235
2025-02-08 04:26:39,3,-99.947989500673
2025-02-08 04:28:19,4,-95.6894726116143
2025-02-08 04:29:59,1,-88.2291226434953
2025-02-08 04:31:39,2,-97.4197027481675
2025-02-08 04:33:19,3,-99.9395690166259
2025-02-08 04:34:59,4,-95.6161762007508
2025-02-08 04:36:39,1,-88.3471446686326
2025-02-08 04:38:19,2,-97.4761194191222
2025-02-08 04:39:59,3,-99.9305172599445
2025-02-08 04:41:39,4,-95.542275826152
2025-02-08 04:43:19,1,-88.4646086451881
2025-02-08 04:44:59,2,-97.5319203779291
2025-02-08 04:46:39,3,-99.9208342878047
2025-02-08 04:48:19,4,-95.4677719546125
2025-02-08 04:49:59,1,-88.5815138311957
2025-02-08 04:51:39,2,-97.5871052721191
2025-02-08 04:53:19,3,-99.9105201613694
2025-02-08 04:54:59,4,-95.3926650567394
2025-02-08 04:56:39,1,-88.6978594882186
2025-02-08 04:58:19,2,-97.6416737531145
2025-02-08 04:59:59,3,-99.8995749457882
2025-02-08 05:01:39,4,-95.3169556069487
2025-02-08 05:03:19,1,-88.8136448813544
2025-02-08 05:04:59,2,-97.695625476231
2025-02-08 05:06:39,3,-99.887998710197
2025-02-08 05:08:19,4,-95.2406440834623
2025-02-08 05:09:59,1,-88.9288692792397
2025-02-08 05:11:39,2,-97.7489601006802
2025-02-08 05:13:19,3,-99.8757915277177
2025-02-08 05:14:59,4,-95.1637309683055
2025-02-08 05:16:39,1,-89.0435319540545
2025-02-08 05:18:19,2,-97.8016772895716
2025-02-08 05:19:59,3,-99.8629534754574
2025-02-08 05:21:39,4,-95.0862167473031
2025-02-08 05:23:19,1,-89.157632181527
2025-02-08 05:24:59,2,-97.8537767099149
2025-02-08 05:26:39,3,-99.8494846345083
2025-02-08 05:28:19,4,-95.0081019100772
2025-02-08 05:29:59,1,-89.2711692409382
2025-02-08 05:31:39,2,-97.9052580326218
2025-02-08 05:33:19,3,-99.8353850899468
2025-02-08 05:34:59,4,-94.9293869500435
2025-02-08 05:36:39,1,-89.3841424151263
2025-02-08 05:38:19,2,-97.9561209325082
2025-02-08 05:39:59,3,-99.8206549308334
2025-02-08 05:41:39,4,-94.8500723644084
2025-02-08 05:43:19,1,-89.4965509904914
2025-02-08 05:44:59,2,-98.0063650882964
2025-02-08 05:46:39,3,-99.8052942502117
2025-02-08 05:48:19,4,-94.7701586541661
2025-02-08 05:49:59,1,-89.6083942569999
2025-02-08 05:51:39,2,-98.0559901826171
2025-02-08 05:53:19,3,-99.7893031451082
2025-02-08 05:54:59,4,-94.689646324095
2025-02-08 05:56:39,1,-89.7196715081887
2025-02-08 05:58:19,2,-98.1049959020112
2025-02-08 05:59:59,3,-99.7726817165314
2025-02-08 06:01:39,4,-94.6085358827545
2025-02-08 06:03:19,1,-89.8303820411704
2025-02-08 06:04:59,2,-98.1533819369319
2025-02-08 06:06:39,3,-99.7554300694712
2025-02-08 06:08:19,4,-94.5268278424825
2025-02-08 06:09:59,1,-89.9405251566371
2025-02-08 06:11:39,2,-98.2011479817467
2025-02-08 06:13:19,3,-99.7375483128985
2025-02-08 06:14:59,4,-94.4445227193913
2025-02-08 06:16:39,1,-90.0501001588649
2025-02-08 06:18:19,2,-98.2482937347394
2025-02-08 06:19:59,3,-99.719036559764
2025-02-08 06:21:39,4,-94.3616210333648
2025-02-08 06:23:19,1,-90.1591063557186
2025-02-08 06:24:59,2,-98.2948188981117
2025-02-08 06:26:39,3,-99.6998949269982
2025-02-08 06:28:19,4,-94.278123308055
2025-02-08 06:29:59,1,-90.2675430586559
2025-02-08 06:31:39,2,-98.3407231779854
2025-02-08 06:33:19,3,-99.6801235355099
2025-02-08 06:34:59,4,-94.1940300708791
2025-02-08 06:36:39,1,-90.3754095827315
2025-02-08 06:38:19,2,-98.3860062844041
2025-02-08 06:39:59,3,-99.6597225101861
2025-02-08 06:41:39,4,-94.1093418530155
2025-02-08 06:43:19,1,-90.4827052466019
2025-02-08 06:44:59,2,-98.4306679313351
2025-02-08 06:46:39,3,-99.6386919798906
2025-02-08 06:48:19,4,-94.0240591894012
2025-02-08 06:49:59,1,-90.5894293725294
2025-02-08 06:51:39,2,-98.4747078366713
2025-02-08 06:53:19,3,-99.6170320774637
2025-02-08 06:54:59,4,-93.9381826187276
2025-02-08 06:56:39,1,-90.6955812863863
2025-02-08 06:58:19,2,-98.5181257222325
2025-02-08 06:59:59,3,-99.5947429397213
2025-02-08 07:01:39,4,-93.8517126834381
2025-02-08 07:03:19,1,-90.8011603176596
2025-02-08 07:04:59,2,-98.5609213137679
2025-02-08 07:06:39,3,-99.5718247074535
2025-02-08 07:08:19,4,-93.7646499297236
2025-02-08 07:09:59,1,-90.9061657994545
2025-02-08 07:11:39,2,-98.6030943409572
2025-02-08 07:13:19,3,-99.5482775254244
2025-02-08 07:14:59,4,-93.6769949075198
2025-02-08 07:16:39,1,-91.0105970684995
2025-02-08 07:18:19,2,-98.6446445374127
2025-02-08 07:19:59,3,-99.5241015423707
2025-02-08 07:21:39,4,-93.5887481705035
2025-02-08 07:23:19,1,-91.11445346515
2025-02-08 07:24:59,2,-98.6855716406807
2025-02-08 07:26:39,3,-99.4992969110012
2025-02-08 07:28:19,4,-93.499910276089
2025-02-08 07:29:59,1,-91.2177343333924
2025-02-08 07:31:39,2,-98.7258753922435
2025-02-08 07:33:19,3,-99.4738637879953
2025-02-08 07:34:59,4,-93.4104817854249
2025-02-08 07:36:39,1,-91.3204390208486
2025-02-08 07:38:19,2,-98.7655555375205
2025-02-08 07:39:59,3,-99.4478023340026
2025-02-08 07:41:39,4,-93.3204632633899
2025-02-08 07:43:19,1,-91.4225668787801
2025-02-08 07:44:59,2,-98.8046118258706
2025-02-08 07:46:39,3,-99.4211127136412
2025-02-08 07:48:19,4,-93.22985527859
2025-02-08 07:49:59,1,-91.5241172620917
2025-02-08 07:51:39,2,-98.8430440105928
2025-02-08 07:53:19,3,-99.3937950954973
2025-02-08 07:54:59,4,-93.1386584033546
2025-02-08 07:56:39,1,-91.6250895293362
2025-02-08 07:58:19,2,-98.8808518489287
2025-02-08 07:59:59,3,-99.365849652124
2025-02-08 08:01:39,4,-93.0468732137325
2025-02-08 08:03:19,1,-91.7254830427176
2025-02-08 08:04:59,2,-98.9180351020633
2025-02-08 08:06:39,3,-99.3372765600396
2025-02-08 08:08:19,4,-92.954500289489
2025-02-08 08:09:59,1,-91.8252971680962
2025-02-08 08:11:39,2,-98.9545935351272
2025-02-08 08:13:19,3,-99.3080759997276
2025-02-08 08:14:59,4,-92.8615402141018
2025-02-08 08:16:39,1,-91.9245312749915
2025-02-08 08:18:19,2,-98.9905269171972
2025-02-08 08:19:59,3,-99.2782481556344
2025-02-08 08:21:39,4,-92.767993574757
2025-02-08 08:23:19,1,-92.023184736587
2025-02-08 08:24:59,2,-99.0258350212987
2025-02-08 08:26:39,3,-99.2477932161689
2025-02-08 08:28:19,4,-92.6738609623461
2025-02-08 08:29:59,1,-92.1212569297339
2025-02-08 08:31:39,2,-99.0605176244065
2025-02-08 08:33:19,3,-99.2167113737012
2025-02-08 08:34:59,4,-92.579142971462
2025-02-08 08:36:39,1,-92.2187472349549
2025-02-08 08:38:19,2,-99.0945745074464
2025-02-08 08:39:59,3,-99.1850028245609
2025-02-08 08:41:39,4,-92.4838402003948
2025-02-08 08:43:19,1,-92.3156550364482
2025-02-08 08:44:59,2,-99.1280054552965
2025-02-08 08:46:39,3,-99.1526677690365
2025-02-08 08:48:19,4,-92.3879532511287
2025-02-08 08:49:59,1,-92.4119797220916
2025-02-08 08:51:39,2,-99.160810256789
2025-02-08 08:53:19,3,-99.1197064113739
2025-02-08 08:54:59,4,-92.2914827293378
2025-02-08 08:56:39,1,-92.5077206834458
2025-02-08 08:58:19,2,-99.1929887047108
2025-02-08 08:59:59,3,-99.0861189597748
2025-02-08 09:01:39,4,-92.1944292443823
2025-02-08 09:03:19,1,-92.602877315759
2025-02-08 09:04:59,2,-99.2245405958055
2025-02-08 09:06:39,3,-99.0519056263959
2025-02-08 09:08:19,4,-92.0967934093048
2025-02-08 09:09:59,1,-92.6974490179702
2025-02-08 09:11:39,2,-99.2554657307739
2025-02-08 09:13:19,3,-99.0170666273471
2025-02-08 09:14:59,4,-91.9985758408262
2025-02-08 09:16:39,1,-92.7914351927131
2025-02-08 09:18:19,2,-99.2857639142762
2025-02-08 09:19:59,3,-98.9816021826905
2025-02-08 09:21:39,4,-91.8997771593422
2025-02-08 09:23:19,1,-92.8848352463199
2025-02-08 09:24:59,2,-99.3154349549327
2025-02-08 09:26:39,3,-98.9455125164389
2025-02-08 09:28:19,4,-91.8003979889188
2025-02-08 09:29:59,1,-92.9776485888251
2025-02-08 09:31:39,2,-99.3444786653249
2025-02-08 09:33:19,3,-98.9087978565542
2025-02-08 09:34:59,4,-91.700438957289
2025-02-08 09:36:39,1,-93.0698746339693
2025-02-08 09:38:19,2,-99.372894861997
2025-02-08 09:39:59,3,-98.871458434946
2025-02-08 09:41:39,4,-91.5999006958483
2025-02-08 09:43:19,1,-93.1615127992026
2025-02-08 09:44:59,2,-99.4006833654567
2025-02-08 09:46:39,3,-98.8334944874706
2025-02-08 09:48:19,4,-91.498783839651
2025-02-08 09:49:59,1,-93.2525625056885
2025-02-08 09:51:39,2,-99.4278440001768
2025-02-08 09:53:19,3,-98.7949062539288
2025-02-08 09:54:59,4,-91.3970890274061
2025-02-08 09:56:39,1,-93.3430231783076
2025-02-08 09:58:19,2,-99.454376594596
2025-02-08 09:59:59,3,-98.7556939780649
2025-02-08 10:01:39,4,-91.2948169014734
2025-02-08 10:03:19,1,-93.4328942456612
2025-02-08 10:04:59,2,-99.48028098112
2025-02-08 10:06:39,3,-98.7158579075648
2025-02-08 10:08:19,4,-91.1919681078591
2025-02-08 10:09:59,1,-93.5221751400747
2025-02-08 10:11:39,2,-99.5055569961226
2025-02-08 10:13:19,3,-98.675398294055
2025-02-08 10:14:59,4,-91.0885432962122
2025-02-08 10:16:39,1,-93.6108652976015
2025-02-08 10:18:19,2,-99.5302044799468
2025-02-08 10:19:59,3,-98.6343153931003
2025-02-08 10:21:39,4,-90.98454311982
2025-02-08 10:23:19,1,-93.6989641580263
2025-02-08 10:24:59,2,-99.5542232769056
2025-02-08 10:26:39,3,-98.5926094642026
2025-02-08 10:28:19,4,-90.879968235604
2025-02-08 10:29:59,1,-93.7864711648689
2025-02-08 10:31:39,2,-99.5776132352833
2025-02-08 10:33:19,3,-98.5502807707993
2025-02-08 10:34:59,4,-90.7748193041162
2025-02-08 10:36:39,1,-93.8733857653874
2025-02-08 10:38:19,2,-99.6003742073362
2025-02-08 10:39:59,3,-98.5073295802614
2025-02-08 10:41:39,4,-90.6690969895342
2025-02-08 10:43:19,1,-93.959707410582
2025-02-08 10:44:59,2,-99.6225060492936
2025-02-08 10:46:39,3,-98.4637561638919
2025-02-08 10:48:19,4,-90.5628019596578
2025-02-08 10:49:59,1,-94.0454355551983
2025-02-08 10:51:39,2,-99.6440086213588
2025-02-08 10:53:19,3,-98.4195607969242
2025-02-08 10:54:59,4,-90.4559348859041
2025-02-08 10:56:39,1,-94.1305696577307
2025-02-08 10:58:19,2,-99.6648817877098
2025-02-08 10:59:59,3,-98.3747437585203
2025-02-08 11:01:39,4,-90.3484964433035
2025-02-08 11:03:19,1,-94.2151091804259
2025-02-08 11:04:59,2,-99.6851254165004
2025-02-08 11:06:39,3,-98.329305331769
2025-02-08 11:08:19,4,-90.2404873104958
2025-02-08 11:09:59,1,-94.2990535892864
2025-02-08 11:11:39,2,-99.7047393798609
2025-02-08 11:13:19,3,-98.283245803684
2025-02-08 11:14:59,4,-90.1319081697252
2025-02-08 11:16:39,1,-94.3824023540737
2025-02-08 11:18:19,2,-99.7237235538987
2025-02-08 11:19:59,3,-98.2365654652024
2025-02-08 11:21:39,4,-90.0227597068366
2025-02-08 11:23:19,1,-94.4651549483117
2025-02-08 11:24:59,2,-99.7420778186995
2025-02-08 11:26:39,3,-98.1892646111825
2025-02-08 11:28:19,4,-89.9130426112712
2025-02-08 11:29:59,1,-94.5473108492899
2025-02-08 11:31:39,2,-99.7598020583278
2025-02-08 11:33:19,3,-98.1413435404023
2025-02-08 11:34:59,4,-89.8027575760616
2025-02-08 11:36:39,1,-94.6288695380672
2025-02-08 11:38:19,2,-99.7768961608276
2025-02-08 11:39:59,3,-98.0928025555573
2025-02-08 11:41:39,4,-89.6919052978281
2025-02-08 11:43:19,1,-94.7098304994744
2025-02-08 11:44:59,2,-99.7933600182234
2025-02-08 11:46:39,3,-98.0436419632587
2025-02-08 11:48:19,4,-89.5804864767739
2025-02-08 11:49:59,1,-94.7901932221182
2025-02-08 11:51:39,2,-99.8091935265205
2025-02-08 11:53:19,3,-97.9938620740315
2025-02-08 11:54:59,4,-89.4685018166808
2025-02-08 11:56:39,1,-94.8699571983839
2025-02-08 11:58:19,2,-99.8243965857057
2025-02-08 11:59:59,3,-97.9434632023126
2025-02-08 12:01:39,4,-89.3559520249049
2025-02-08 12:03:19,1,-94.9491219244389
2025-02-08 12:04:59,2,-99.8389690997484
2025-02-08 12:06:39,3,-97.8924456664487
2025-02-08 12:08:19,4,-89.2428378123718
2025-02-08 12:09:59,1,-95.0276869002357
2025-02-08 12:11:39,2,-99.8529109766006
2025-02-08 12:13:19,3,-97.8408097886942
2025-02-08 12:14:59,4,-89.1291598935723
2025-02-08 12:16:39,1,-95.1056516295154
2025-02-08 12:18:19,2,-99.8662221281978
2025-02-08 12:19:59,3,-97.7885558952094
2025-02-08 12:21:39,4,-89.014918986558
2025-02-08 12:23:19,1,-95.1830156198101
2025-02-08 12:24:59,2,-99.8789024704596
2025-02-08 12:26:39,3,-97.7356843160583
2025-02-08 12:28:19,4,-88.9001158129364
2025-02-08 12:29:59,1,-95.2597783824471
2025-02-08 12:31:39,2,-99.89095192329
2025-02-08 12:33:19,3,-97.6821953852065
2025-02-08 12:34:59,4,-88.7847510978669
2025-02-08 12:36:39,1,-95.3359394325508
2025-02-08 12:38:19,2,-99.9023704105781
2025-02-08 12:39:59,3,-97.6280894405192
2025-02-08 12:41:39,4,-88.6688255700557
2025-02-08 12:43:19,1,-95.4114982890468
2025-02-08 12:44:59,2,-99.9131578601987
2025-02-08 12:46:39,3,-97.5733668237589
2025-02-08 12:48:19,4,-88.5523399617513
2025-02-08 12:49:59,1,-95.4864544746643
2025-02-08 12:51:39,2,-99.9233142040121
2025-02-08 12:53:19,3,-97.5180278805834
2025-02-08 12:54:59,4,-88.4352950087404
2025-02-08 12:56:39,1,-95.5608075159392
2025-02-08 12:58:19,2,-99.9328393778656
2025-02-08 12:59:59,3,-97.4620729605436
2025-02-08 13:01:39,4,-88.3176914503423
2025-02-08 13:03:19,1,-95.6345569432172
2025-02-08 13:04:59,2,-99.9417333215929
2025-02-08 13:06:39,3,-97.4055024170811
2025-02-08 13:08:19,4,-88.199530029405
2025-02-08 13:09:59,1,-95.7077022906571
2025-02-08 13:11:39,2,-99.949995979015
2025-02-08 13:13:19,3,-97.3483166075263
2025-02-08 13:14:59,4,-88.0808114923004
2025-02-08 13:16:39,1,-95.7802430962329
2025-02-08 13:18:19,2,-99.9576272979405
2025-02-08 13:19:59,3,-97.2905158930957
2025-02-08 13:21:39,4,-87.9615365889191
2025-02-08 13:23:19,1,-95.8521789017376
2025-02-08 13:24:59,2,-99.9646272301659
2025-02-08 13:26:39,3,-97.2321006388902
2025-02-08 13:28:19,4,-87.8417060726665
2025-02-08 13:29:59,1,-95.9235092527854
2025-02-08 13:31:39,2,-99.9709957314757
2025-02-08 13:33:19,3,-97.1730712138922
2025-02-08 13:34:59,4,-87.721320700457
2025-02-08 13:36:39,1,-95.9942336988152
2025-02-08 13:38:19,2,-99.976732761643
2025-02-08 13:39:59,3,-97.1134279909636
2025-02-08 13:41:39,4,-87.6003812327101
2025-02-08 13:43:19,1,-96.0643517930928
2025-02-08 13:44:59,2,-99.9818382844297
2025-02-08 13:46:39,3,-97.0531713468435
2025-02-08 13:48:19,4,-87.4788884333453
2025-02-08 13:49:59,1,-96.1338630927143
2025-02-08 13:51:39,2,-99.9863122675865
2025-02-08 13:53:19,3,-96.9923016621456
2025-02-08 13:54:59,4,-87.3568430697771
2025-02-08 13:56:39,1,-96.2027671586086
2025-02-08 13:58:19,2,-99.9901546828532
2025-02-08 13:59:59,3,-96.9308193213558
2025-02-08 14:01:39,4,-87.2342459129103
2025-02-08 14:03:19,1,-96.2710635555401
2025-02-08 14:04:59,2,-99.9933655059592
2025-02-08 14:06:39,3,-96.8687247128301
2025-02-08 14:08:19,4,-87.1110977371353
2025-02-08 14:09:59,1,-96.3387518521116
2025-02-08 14:11:39,2,-99.995944716623
2025-02-08 14:13:19,3,-96.8060182287918
2025-02-08 14:14:59,4,-86.9873993203227
2025-02-08 14:16:39,1,-96.4058316207671
2025-02-08 14:18:19,2,-99.9978922985531
2025-02-08 14:19:59,3,-96.742700265329
2025-02-08 14:21:39,4,-86.8631514438191
2025-02-08 14:23:19,1,-96.4723024377943
2025-02-08 14:24:59,2,-99.9992082394473
2025-02-08 14:26:39,3,-96.6787712223926
2025-02-08 14:28:19,4,-86.7383548924417
2025-02-08 14:29:59,1,-96.5381638833274
2025-02-08 14:31:39,2,-99.9998925309935
2025-02-08 14:33:19,3,-96.6142315037929
2025-02-08 14:34:59,4,-86.613010454473
2025-02-08 14:36:39,1,-96.6034155413497
2025-02-08 14:38:19,2,-99.9999451688695
2025-02-08 14:39:59,3,-96.5490815171981
2025-02-08 14:41:39,4,-86.487118921657
2025-02-08 14:43:19,1,-96.6680569996963
2025-02-08 14:44:59,2,-99.9993661527425
2025-02-08 14:46:39,3,-96.4833216741307
2025-02-08 14:48:19,4,-86.3606810891928
2025-02-08 14:49:59,1,-96.7320878500566
2025-02-08 14:51:39,2,-99.9981554862701
2025-02-08 14:53:19,3,-96.4169523899657
2025-02-08 14:54:59,4,-86.2336977557304
2025-02-08 14:56:39,1,-96.7955076879769
2025-02-08 14:58:19,2,-99.9963131770995
2025-02-08 14:59:59,3,-96.3499740839277
2025-02-08 15:01:39,4,-86.1061697233658
2025-02-08 15:03:19,1,-96.8583161128631
2025-02-08 15:04:59,2,-99.9938392368677
2025-02-08 15:06:39,3,-96.2823871790879
2025-02-08 15:08:19,4,-85.9780977976351
2025-02-08 15:09:59,1,-96.920512727983
2025-02-08 15:11:39,2,-99.9907336812014
2025-02-08 15:13:19,3,-96.2141921023619
2025-02-08 15:14:59,4,-85.8494827875105
2025-02-08 15:16:39,1,-96.9820971404691
2025-02-08 15:18:19,2,-99.9869965297171
2025-02-08 15:19:59,3,-96.1453892845071
2025-02-08 15:21:39,4,-85.720325505394
2025-02-08 15:23:19,1,-97.0430689613206
2025-02-08 15:24:59,2,-99.9826278060205
2025-02-08 15:26:39,3,-96.0759791601193
2025-02-08 15:28:19,4,-85.5906267671133
2025-02-08 15:29:59,1,-97.1034278054065
2025-02-08 15:31:39,2,-99.977627537707
2025-02-08 15:33:19,3,-96.0059621676306
2025-02-08 15:34:59,4,-85.4603873919162
2025-02-08 15:36:39,1,-97.1631732914674
2025-02-08 15:38:19,2,-99.9719957563609
2025-02-08 15:39:59,3,-95.9353387493064
2025-02-08 15:41:39,4,-85.3296082024653
2025-02-08 15:43:19,1,-97.2223050421184
2025-02-08 15:44:59,2,-99.9657324975557
2025-02-08 15:46:39,3,-95.8641093512426
2025-02-08 15:48:19,4,-85.198290024833
2025-02-08 15:49:59,1,-97.2808226838513
2025-02-08 15:51:39,2,-99.9588378008535
2025-02-08 15:53:19,3,-95.7922744233628
2025-02-08 15:54:59,4,-85.0664336884964
2025-02-08 15:56:39,1,-97.3387258470367
2025-02-08 15:58:19,2,-99.9513117098049
2025-02-08 15:59:59,3,-95.7198344194153
2025-02-08 16:01:39,4,-84.9340400263317
2025-02-08 16:03:19,1,-97.3960141659269
2025-02-08 16:04:59,2,-99.9431542719489
2025-02-08 16:06:39,3,-95.6467897969708
2025-02-08 16:08:19,4,-84.8011098746092
2025-02-08 16:09:59,1,-97.4526872786577
2025-02-08 16:11:39,2,-99.9343655388121
2025-02-08 16:13:19,3,-95.5731410174186
2025-02-08 16:14:59,4,-84.6676440729881
2025-02-08 16:16:39,1,-97.5087448272509
2025-02-08 16:18:19,2,-99.9249455659092
2025-02-08 16:19:59,3,-95.4988885459646
2025-02-08 16:21:39,4,-84.5336434645108
2025-02-08 16:23:19,1,-97.5641864576166
2025-02-08 16:24:59,2,-99.9148944127416
2025-02-08 16:26:39,3,-95.4240328516277
2025-02-08 16:28:19,4,-84.399108895598
2025-02-08 16:29:59,1,-97.6190118195553
2025-02-08 16:31:39,2,-99.904212142798
2025-02-08 16:33:19,3,-95.3485744072371
2025-02-08 16:34:59,4,-84.2640412160433
2025-02-08 16:36:39,1,-97.6732205667601
2025-02-08 16:38:19,2,-99.8928988235534
2025-02-08 16:39:59,3,-95.2725136894293
2025-02-08 16:41:39,4,-84.1284412790073
2025-02-08 16:43:19,1,-97.7268123568193
2025-02-08 16:44:59,2,-99.8809545264688
2025-02-08 16:46:39,3,-95.1958511786453
2025-02-08 16:48:19,4,-83.9923099410132
2025-02-08 16:49:59,1,-97.779786851218
2025-02-08 16:51:39,2,-99.868379326991
2025-02-08 16:53:19,3,-95.118587359127
2025-02-08 16:54:59,4,-83.8556480619403
2025-02-08 16:56:39,1,-97.8321437153403
2025-02-08 16:58:19,2,-99.8551733045517
2025-02-08 16:59:59,3,-95.0407227189149
2025-02-08 17:01:39,4,-83.7184565050195
2025-02-08 17:03:19,1,-97.883882618472
2025-02-08 17:04:59,2,-99.8413365425674
2025-02-08 17:06:39,3,-94.9622577498441
2025-02-08 17:08:19,4,-83.5807361368271
2025-02-08 17:09:59,1,-97.935003233802
2025-02-08 17:11:39,2,-99.8268691284385
2025-02-08 17:13:19,3,-94.8831929475423
2025-02-08 17:14:59,4,-83.4424878272797
2025-02-08 17:16:39,1,-97.9855052384247
2025-02-08 17:18:19,2,-99.8117711535491
2025-02-08 17:19:59,3,-94.8035288114255
2025-02-08 17:21:39,4,-83.303712449629
2025-02-08 17:23:19,1,-98.035388313342
2025-02-08 17:24:59,2,-99.7960427132662
2025-02-08 17:26:39,3,-94.7232658446958
2025-02-08 17:28:19,4,-83.1644108804555
2025-02-08 17:29:59,1,-98.0846521434652
2025-02-08 17:31:39,2,-99.7796839069392
2025-02-08 17:33:19,3,-94.6424045543377
2025-02-08 17:34:59,4,-83.0245839996637
2025-02-08 17:36:39,1,-98.1332964176173
2025-02-08 17:38:19,2,-99.7626948378992
2025-02-08 17:39:59,3,-94.5609454511151
2025-02-08 17:41:39,4,-82.8842326904762
2025-02-08 17:43:19,1,-98.1813208285347
2025-02-08 17:44:59,2,-99.7450756134584
2025-02-08 17:46:39,3,-94.4788890495679
2025-02-08 17:48:19,4,-82.7433578394281
2025-02-08 17:49:59,1,-98.2287250728689
2025-02-08 17:51:39,2,-99.7268263449094
2025-02-08 17:53:19,3,-94.396235868009
2025-02-08 17:54:59,4,-82.6019603363616
2025-02-08 17:56:39,1,-98.275508851189
2025-02-08 17:58:19,2,-99.7079471475245
2025-02-08 17:59:59,3,-94.3129864285208
2025-02-08 18:01:39,4,-82.4600410744202
2025-02-08 18:03:19,1,-98.3216718679833
2025-02-08 18:04:59,2,-99.6884381405549
2025-02-08 18:06:39,3,-94.2291412569519
2025-02-08 18:08:19,4,-82.3176009500429
2025-02-08 18:09:59,1,-98.3672138316611
2025-02-08 18:11:39,2,-99.6682994472302
2025-02-08 18:13:19,3,-94.1447008829141
2025-02-08 18:14:59,4,-82.1746408629591
2025-02-08 18:16:39,1,-98.4121344545545
2025-02-08 18:18:19,2,-99.6475311947573
2025-02-08 18:19:59,3,-94.0596658397786
2025-02-08 18:21:39,4,-82.0311617161823
2025-02-08 18:23:19,1,-98.4564334529205
2025-02-08 18:24:59,2,-99.6261335143198
2025-02-08 18:26:39,3,-93.9740366646731
2025-02-08 18:28:19,4,-81.8871644160049
2025-02-08 18:29:59,1,-98.5001105469426
2025-02-08 18:31:39,2,-99.604106541077
2025-02-08 18:33:19,3,-93.8878138984779
2025-02-08 18:34:59,4,-81.742649871992
2025-02-08 18:36:39,1,-98.5431654607325
2025-02-08 18:38:19,2,-99.5814504141632
2025-02-08 18:39:59,3,-93.8009980858228
2025-02-08 18:41:39,4,-81.5976189969761
2025-02-08 18:43:19,1,-98.5855979223319
2025-02-08 18:44:59,2,-99.558165276687
2025-02-08 18:46:39,3,-93.7135897750837
2025-02-08 18:48:19,4,-81.452072707051
2025-02-08 18:49:59,1,-98.6274076637143
2025-02-08 18:51:39,2,-99.5342512757298
2025-02-08 18:53:19,3,-93.625589518379
2025-02-08 18:54:59,4,-81.3060119215661
2025-02-08 18:56:39,1,-98.6685944207868
2025-02-08 18:58:19,2,-99.5097085623455
2025-02-08 18:59:59,3,-93.5369978715662
2025-02-08 19:01:39,4,-81.1594375631207
2025-02-08 19:03:19,1,-98.7091579333913
2025-02-08 19:04:59,2,-99.4845372915592
2025-02-08 19:06:39,3,-93.4478153942383
2025-02-08 19:08:19,4,-81.0123505575583
2025-02-08 19:09:59,1,-98.7490979453068
2025-02-08 19:11:39,2,-99.4587376223664
2025-02-08 19:13:19,3,-93.3580426497202
2025-02-08 19:14:59,4,-80.8647518339601
2025-02-08 19:16:39,1,-98.7884142042502
2025-02-08 19:18:19,2,-99.4323097177317
2025-02-08 19:19:59,3,-93.2676802050654
2025-02-08 19:21:39,4,-80.71664232464
2025-02-08 19:23:19,1,-98.8271064618789
2025-02-08 19:24:59,2,-99.4052537445882
2025-02-08 19:26:39,3,-93.1767286310522
2025-02-08 19:28:19,4,-80.5680229651383
2025-02-08 19:29:59,1,-98.8651744737914
2025-02-08 19:31:39,2,-99.3775698738361
2025-02-08 19:33:19,3,-93.0851885021801
2025-02-08 19:34:59,4,-80.4188946942153
2025-02-08 19:36:39,1,-98.9026179995295
2025-02-08 19:38:19,2,-99.3492582803418
2025-02-08 19:39:59,3,-92.9930603966665
2025-02-08 19:41:39,4,-80.2692584538465
2025-02-08 19:43:19,1,-98.9394368025796
2025-02-08 19:44:59,2,-99.3203191429366
2025-02-08 19:46:39,3,-92.9003448964424
2025-02-08 19:48:19,4,-80.1191151892156
2025-02-08 19:49:59,1,-98.9756306503741
2025-02-08 19:51:39,2,-99.290752644416
2025-02-08 19:53:19,3,-92.8070425871494
2025-02-08 19:54:59,4,-79.9684658487091
2025-02-08 19:56:39,1,-99.0111993142929
2025-02-08 19:58:19,2,-99.260558971538
2025-02-08 19:59:59,3,-92.7131540581356
2025-02-08 20:01:39,4,-79.8173113839101
2025-02-08 20:03:19,1,-99.0461425696651
2025-02-08 20:04:59,2,-99.2297383150222
2025-02-08 20:06:39,3,-92.6186799024518
2025-02-08 20:08:19,4,-79.6656527495923
2025-02-08 20:09:59,1,-99.0804601957701
2025-02-08 20:11:39,2,-99.1982908695487
2025-02-08 20:13:19,3,-92.5236207168484
2025-02-08 20:14:59,4,-79.5134909037141
2025-02-08 20:16:39,1,-99.114151975839
2025-02-08 20:18:19,2,-99.1662168337566
2025-02-08 20:19:59,3,-92.4279771017706
2025-02-08 20:21:39,4,-79.3608268074125
2025-02-08 20:23:19,1,-99.1472176970563
2025-02-08 20:24:59,2,-99.1335164102429
2025-02-08 20:26:39,3,-92.3317496613556
2025-02-08 20:28:19,4,-79.2076614249967
2025-02-08 20:29:59,1,-99.179657150561
2025-02-08 20:31:39,2,-99.1001898055614
2025-02-08 20:33:19,3,-92.2349390034282
2025-02-08 20:34:59,4,-79.0539957239427
2025-02-08 20:36:39,1,-99.2114701314478
2025-02-08 20:38:19,2,-99.0662372302208
2025-02-08 20:39:59,3,-92.1375457394971
2025-02-08 20:41:39,4,-78.8998306748866
2025-02-08 20:43:19,1,-99.2426564387686
2025-02-08 20:44:59,2,-99.0316588986843
2025-02-08 20:46:39,3,-92.0395704847512
2025-02-08 20:48:19,4,-78.7451672516184
2025-02-08 20:49:59,1,-99.2732158755337
2025-02-08 20:51:39,2,-98.9964550293672
2025-02-08 20:53:19,3,-91.9410138580553
2025-02-08 20:54:59,4,-78.5900064310765
2025-02-08 20:56:39,1,-99.3031482487132
2025-02-08 20:58:19,2,-98.9606258446365
2025-02-08 20:59:59,3,-91.8418764819467
2025-02-08 21:01:39,4,-78.434349193341
2025-02-08 21:03:19,1,-99.332453369238
2025-02-08 21:04:59,2,-98.9241715708086
2025-02-08 21:06:39,3,-91.7421589826309
2025-02-08 21:08:19,4,-78.2781965216276
2025-02-08 21:09:59,1,-99.3611310520008
2025-02-08 21:11:39,2,-98.8870924381485
2025-02-08 21:13:19,3,-91.6418619899779
2025-02-08 21:14:59,4,-78.1215494022814
2025-02-08 21:16:39,1,-99.389181115858
2025-02-08 21:18:19,2,-98.8493886808684
2025-02-08 21:19:59,3,-91.5409861375179
2025-02-08 21:21:39,4,-77.9644088247707
2025-02-08 21:23:19,1,-99.4166033836301
2025-02-08 21:24:59,2,-98.8110605371255
2025-02-08 21:26:39,3,-91.4395320624378
2025-02-08 21:28:19,4,-77.8067757816809
2025-02-08 21:29:59,1,-99.4433976821031
2025-02-08 21:31:39,2,-98.7721082490212
2025-02-08 21:33:19,3,-91.3375004055764
2025-02-08 21:34:59,4,-77.6486512687079
2025-02-08 21:36:39,1,-99.4695638420296
2025-02-08 21:38:19,2,-98.7325320625993
2025-02-08 21:39:59,3,-91.2348918114214
2025-02-08 21:41:39,4,-77.490036284652
2025-02-08 21:43:19,1,-99.49510169813
2025-02-08 21:44:59,2,-98.6923322278447
2025-02-08 21:46:39,3,-91.1317069281042
2025-02-08 21:48:19,4,-77.3309318314119
2025-02-08 21:49:59,1,-99.5200110890933
2025-02-08 21:51:39,2,-98.6515089986813
2025-02-08 21:53:19,3,-91.0279464073968
2025-02-08 21:54:59,4,-77.1713389139775
2025-02-08 21:56:39,1,-99.5442918575783
2025-02-08 21:58:19,2,-98.6100626329707
2025-02-08 21:59:59,3,-90.9236109047069
2025-02-08 22:01:39,4,-77.0112585404245
2025-02-08 22:03:19,1,-99.5679438502144
2025-02-08 22:04:59,2,-98.5679933925107
2025-02-08 22:06:39,3,-90.8187010790743
2025-02-08 22:08:19,4,-76.8506917219077
2025-02-08 22:09:59,1,-99.5909669176028
2025-02-08 22:11:39,2,-98.5253015430336
2025-02-08 22:13:19,3,-90.7132175931664
2025-02-08 22:14:59,4,-76.6896394726542
2025-02-08 22:16:39,1,-99.6133609143172
2025-02-08 22:18:19,2,-98.4819873542043
2025-02-08 22:19:59,3,-90.6071611132743
2025-02-08 22:21:39,4,-76.5281028099576
2025-02-08 22:23:19,1,-99.6351256989051
2025-02-08 22:24:59,2,-98.4380510996187
2025-02-08 22:26:39,3,-90.5005323093084
2025-02-08 22:28:19,4,-76.3660827541713
2025-02-08 22:29:59,1,-99.6562611338882
2025-02-08 22:31:39,2,-98.393493056802
2025-02-08 22:33:19,3,-90.3933318547942
2025-02-08 22:34:59,4,-76.2035803287019
2025-02-08 22:36:39,1,-99.6767670857636
2025-02-08 22:38:19,2,-98.3483135072072
2025-02-08 22:39:59,3,-90.2855604268679
2025-02-08 22:41:39,4,-76.0405965600031
2025-02-08 22:43:19,1,-99.6966434250046
2025-02-08 22:44:59,2,-98.3025127362127
2025-02-08 22:46:39,3,-90.1772187062725
2025-02-08 22:48:19,4,-75.877132477569
2025-02-08 22:49:59,1,-99.7158900260614
2025-02-08 22:51:39,2,-98.2560910331213
2025-02-08 22:53:19,3,-90.0683073773532
2025-02-08 22:54:59,4,-75.7131891139277
2025-02-08 22:56:39,1,-99.734506767362
2025-02-08 22:58:19,2,-98.2090486911574
2025-02-08 22:59:59,3,-89.9588271280531
2025-02-08 23:01:39,4,-75.5487675046344
2025-02-08 23:03:19,1,-99.752493531313
2025-02-08 23:04:59,2,-98.1613860074662
2025-02-08 23:06:39,3,-89.8487786499089
2025-02-08 23:08:19,4,-75.3838686882653
2025-02-08 23:09:59,1,-99.7698502043002
2025-02-08 23:11:39,2,-98.1131032831111
2025-02-08 23:13:19,3,-89.7381626380467
2025-02-08 23:14:59,4,-75.2184937064112
2025-02-08 23:16:39,1,-99.7865766766894
2025-02-08 23:18:19,2,-98.0642008230719
2025-02-08 23:19:59,3,-89.6269797911773
2025-02-08 23:21:39,4,-75.0526436036701
2025-02-08 23:23:19,1,-99.8026728428271
2025-02-08 23:24:59,2,-98.0146789362433
2025-02-08 23:26:39,3,-89.5152308115921
2025-02-08 23:28:19,4,-74.8863194276416
2025-02-08 23:29:59,1,-99.8181386010413
2025-02-08 23:31:39,2,-97.9645379354324
2025-02-08 23:33:19,3,-89.4029164051583
2025-02-08 23:34:59,4,-74.7195222289194
2025-02-08 23:36:39,1,-99.8329738536416
2025-02-08 23:38:19,2,-97.9137781373569
2025-02-08 23:39:59,3,-89.2900372813147
2025-02-08 23:41:39,4,-74.5522530610854
2025-02-08 23:43:19,1,-99.8471785069208
2025-02-08 23:44:59,2,-97.8623998626434
2025-02-08 23:46:39,3,-89.1765941530672
2025-02-08 23:48:19,4,-74.3845129807025
2025-02-08 23:49:59,1,-99.8607524711543
2025-02-08 23:51:39,2,-97.8104034358249
2025-02-08 23:53:19,3,-89.0625877369843
2025-02-08 23:54:59,4,-74.2163030473083
2025-02-08 23:56:39,1,-99.8736956606017
2025-02-08 23:58:19,2,-97.7577891853392
2025-02-08 23:59:59,3,-88.9480187531925
2025-02-09 00:01:39,4,-74.0476243234081
2025-02-09 00:03:19,1,-99.8860079935069
2025-02-09 00:04:59,2,-97.7045574435264
2025-02-09 00:06:39,3,-88.8328879253717
2025-02-09 00:08:19,4,-73.8784778744683
2025-02-09 00:09:59,1,-99.8976893920983
2025-02-09 00:11:39,2,-97.6507085466272
2025-02-09 00:13:19,3,-88.7171959807508
2025-02-09 00:14:59,4,-73.70886476891
2025-02-09 00:16:39,1,-99.9087397825899
2025-02-09 00:18:19,2,-97.5962428347804
2025-02-09 00:19:59,3,-88.6009436501031
2025-02-09 00:21:39,4,-73.5387860781016
2025-02-09 00:23:19,1,-99.9191590951814
2025-02-09 00:24:59,2,-97.5411606520211
2025-02-09 00:26:39,3,-88.4841316677413
2025-02-09 00:28:19,4,-73.3682428763527
2025-02-09 00:29:59,1,-99.9289472640589
2025-02-09 00:31:39,2,-97.4854623462784
2025-02-09 00:33:19,3,-88.3667607715136
2025-02-09 00:34:59,4,-73.1972362409066
2025-02-09 00:36:39,1,-99.9381042273949
2025-02-09 00:38:19,2,-97.4291482693729
2025-02-09 00:39:59,3,-88.2488317027982
2025-02-09 00:41:39,4,-73.0257672519344
2025-02-09 00:43:19,1,-99.9466299273491
2025-02-09 00:44:59,2,-97.372218777015
2025-02-09 00:46:39,3,-88.1303452064992
2025-02-09 00:48:19,4,-72.8538369925273
2025-02-09 00:49:59,1,-99.9545243100685
2025-02-09 00:51:39,2,-97.3146742288023
2025-02-09 00:53:19,3,-88.0113020310418
2025-02-09 00:54:59,4,-72.6814465486903
2025-02-09 00:56:39,1,-99.9617873256878
2025-02-09 00:58:19,2,-97.2565149882174
2025-02-09 00:59:59,3,-87.8917029283674
2025-02-09 01:01:39,4,-72.5085970093351
2025-02-09 01:03:19,1,-99.96841892833
2025-02-09 01:04:59,2,-97.1977414226258
2025-02-09 01:06:39,3,-87.7715486539288
2025-02-09 01:08:19,4,-72.3352894662735
2025-02-09 01:09:59,1,-99.9744190761062
2025-02-09 01:11:39,2,-97.1383539032732
2025-02-09 01:13:19,3,-87.6508399666859
2025-02-09 01:14:59,4,-72.1615250142098
2025-02-09 01:16:39,1,-99.9797877311163
2025-02-09 01:18:19,2,-97.0783528052834
2025-02-09 01:19:59,3,-87.5295776291002
2025-02-09 01:21:39,4,-71.987304750735
2025-02-09 01:23:19,1,-99.9845248594489
2025-02-09 01:24:59,2,-97.017738507656
2025-02-09 01:26:39,3,-87.4077624071305
2025-02-09 01:28:19,4,-71.8126297763189
2025-02-09 01:29:59,1,-99.9886304311816
2025-02-09 01:31:39,2,-96.9565113932638
2025-02-09 01:33:19,3,-87.2853950702281
2025-02-09 01:34:59,4,-71.6375011943036
2025-02-09 01:36:39,1,-99.9921044203816
2025-02-09 01:38:19,2,-96.8946718488506
2025-02-09 01:39:59,3,-87.1624763913316
2025-02-09 01:41:39,4,-71.4619201108963
2025-02-09 01:43:19,1,-99.9949468051052
2025-02-09 01:44:59,2,-96.8322202650286
2025-02-09 01:46:39,3,-87.0390071468621
2025-02-09 01:48:19,4,-71.2858876351626
2025-02-09 01:49:59,1,-99.9971575673983
2025-02-09 01:51:39,2,-96.7691570362758
2025-02-09 01:53:19,3,-86.9149881167184
2025-02-09 01:54:59,4,-71.1094048790193
2025-02-09 01:56:39,1,-99.9987366932966
2025-02-09 01:58:19,2,-96.705482560934
2025-02-09 01:59:59,3,-86.7904200842722
2025-02-09 02:01:39,4,-70.9324729572275
2025-02-09 02:03:19,1,-99.9996841728254
2025-02-09 02:04:59,2,-96.6411972412057
2025-02-09 02:06:39,3,-86.6653038363629
2025-02-09 02:08:19,4,-70.7550929873851
2025-02-09 02:09:59,1,-100
2025-02-09 02:11:39,2,-96.5763014831519
2025-02-09 02:13:19,3,-86.5396401632927
2025-02-09 02:14:59,4,-70.5772660899207
2025-02-09 02:16:39,1,-99.9996841728254
2025-02-09 02:18:19,2,-96.5107956966894
2025-02-09 02:19:59,3,-86.4134298588216
2025-02-09 02:21:39,4,-70.3989933880855
2025-02-09 02:23:19,1,-99.9987366932966
2025-02-09 02:24:59,2,-96.4446802955886
2025-02-09 02:26:39,3,-86.2866737201625
2025-02-09 02:28:19,4,-70.2202760079468
2025-02-09 02:29:59,1,-99.9971575673983
2025-02-09 02:31:39,2,-96.3779556974701
2025-02-09 02:33:19,3,-86.1593725479761
2025-02-09 02:34:59,4,-70.0411150783807
2025-02-09 02:36:39,1,-99.9949468051052
2025-02-09 02:38:19,2,-96.3106223238028
2025-02-09 02:39:59,3,-86.0315271463658
2025-02-09 02:41:39,4,-69.8615117310649
2025-02-09 02:43:19,1,-99.9921044203816
2025-02-09 02:44:59,2,-96.2426805999009
2025-02-09 02:46:39,3,-85.9031383228726
2025-02-09 02:48:19,4,-69.6814671004719
2025-02-09 02:49:59,1,-99.9886304311816
2025-02-09 02:51:39,2,-96.1741309549212
2025-02-09 02:53:19,3,-85.7742068884701
2025-02-09 02:54:59,4,-69.5009823238615
2025-02-09 02:56:39,1,-99.9845248594489
2025-02-09 02:58:19,2,-96.1049738218605
2025-02-09 02:59:59,3,-85.6447336575593
2025-02-09 03:01:39,4,-69.3200585412734
2025-02-09 03:03:19,1,-99.9797877311163
2025-02-09 03:04:59,2,-96.0352096375529
2025-02-09 03:06:39,3,-85.5147194479636
2025-02-09 03:08:19,4,-69.1386968955207
2025-02-09 03:09:59,1,-99.9744190761062
2025-02-09 03:11:39,2,-95.9648388426669
2025-02-09 03:13:19,3,-85.3841650809232
2025-02-09 03:14:59,4,-68.956898532182
2025-02-09 03:16:39,1,-99.96841892833
2025-02-09 03:18:19,2,-95.8938618817026
2025-02-09 03:19:59,3,-85.2530713810906
2025-02-09 03:21:39,4,-68.7746645995948
2025-02-09 03:23:19,1,-99.9617873256878
2025-02-09 03:24:59,2,-95.8222792029892
2025-02-09 03:26:39,3,-85.1214391765249
2025-02-09 03:28:19,4,-68.5919962488475
2025-02-09 03:29:59,1,-99.9545243100685
2025-02-09 03:31:39,2,-95.7500912586817
2025-02-09 03:33:19,3,-84.9892692986864
2025-02-09 03:34:59,4,-68.4088946337727
2025-02-09 03:36:39,1,-99.9466299273491
2025-02-09 03:38:19,2,-95.6772985047584
2025-02-09 03:39:59,3,-84.8565625824321
2025-02-09 03:41:39,4,-68.2253609109397
2025-02-09 03:43:19,1,-99.9381042273949
2025-02-09 03:44:59,2,-95.603901401018
2025-02-09 03:46:39,3,-84.7233198660097
2025-02-09 03:48:19,4,-68.0413962396473
2025-02-09 03:49:59,1,-99.9289472640589
2025-02-09 03:51:39,2,-95.5299004110763
2025-02-09 03:53:19,3,-84.5895419910526
2025-02-09 03:54:59,4,-67.8570017819162
2025-02-09 03:56:39,1,-99.9191590951814
2025-02-09 03:58:19,2,-95.455296002364
2025-02-09 03:59:59,3,-84.4552298025746
2025-02-09 04:01:39,4,-67.6721787024822
2025-02-09 04:03:19,1,-99.9087397825899
2025-02-09 04:04:59,2,-95.3800886461229
2025-02-09 04:06:39,3,-84.3203841489643
2025-02-09 04:08:19,4,-67.4869281687882
2025-02-09 04:09:59,1,-99.8976893920983
2025-02-09 04:11:39,2,-95.3042788174037
2025-02-09 04:13:19,3,-84.1850058819804
2025-02-09 04:14:59,4,-67.3012513509774
2025-02-09 04:16:39,1,-99.8860079935069
2025-02-09 04:18:19,2,-95.2278669950623
2025-02-09 04:19:59,3,-84.0490958567455
2025-02-09 04:21:39,4,-67.1151494218853
2025-02-09 04:23:19,1,-99.8736956606018
2025-02-09 04:24:59,2,-95.1508536617574
2025-02-09 04:26:39,3,-83.9126549317411
2025-02-09 04:28:19,4,-66.9286235570329
2025-02-09 04:29:59,1,-99.8607524711543
2025-02-09 04:31:39,2,-95.0732393039471
2025-02-09 04:33:19,3,-83.7756839688024
2025-02-09 04:34:59,4,-66.741674934619
2025-02-09 04:36:39,1,-99.8471785069208
2025-02-09 04:38:19,2,-94.9950244118858
2025-02-09 04:39:59,3,-83.6381838331122
2025-02-09 04:41:39,4,-66.5543047355127
2025-02-09 04:43:19,1,-99.8329738536417
2025-02-09 04:44:59,2,-94.9162094796213
2025-02-09 04:46:39,3,-83.5001553931964
2025-02-09 04:48:19,4,-66.3665141432459
2025-02-09 04:49:59,1,-99.8181386010413
2025-02-09 04:51:39,2,-94.8367950049916
2025-02-09 04:53:19,3,-83.3615995209174
2025-02-09 04:54:59,4,-66.1783043440062
2025-02-09 04:56:39,1,-99.8026728428271
2025-02-09 04:58:19,2,-94.7567814896216
2025-02-09 04:59:59,3,-83.2225170914695
2025-02-09 05:01:39,4,-65.9896765266287
2025-02-09 05:03:19,1,-99.7865766766894
2025-02-09 05:04:59,2,-94.6761694389202
2025-02-09 05:06:39,3,-83.0829089833729
2025-02-09 05:08:19,4,-65.8006318825896
2025-02-09 05:09:59,1,-99.7698502043002
2025-02-09 05:11:39,2,-94.5949593620768
2025-02-09 05:13:19,3,-82.9427760784683
2025-02-09 05:14:59,4,-65.6111716059974
2025-02-09 05:16:39,1,-99.752493531313
2025-02-09 05:18:19,2,-94.5131517720586
2025-02-09 05:19:59,3,-82.8021192619113
2025-02-09 05:21:39,4,-65.4212968935861
2025-02-09 05:23:19,1,-99.734506767362
2025-02-09 05:24:59,2,-94.4307471856067
2025-02-09 05:26:39,3,-82.6609394221667
2025-02-09 05:28:19,4,-65.2310089447078
2025-02-09 05:29:59,1,-99.7158900260614
2025-02-09 05:31:39,2,-94.3477461232331
2025-02-09 05:33:19,3,-82.5192374510032
2025-02-09 05:34:59,4,-65.0403089613245
2025-02-09 05:36:39,1,-99.6966434250046
2025-02-09 05:38:19,2,-94.2641491092179
2025-02-09 05:39:59,3,-82.3770142434874
2025-02-09 05:41:39,4,-64.8491981480008
2025-02-09 05:43:19,1,-99.6767670857636
2025-02-09 05:44:59,2,-94.179956671605
2025-02-09 05:46:39,3,-82.2342706979784
2025-02-09 05:48:19,4,-64.6576777118967
2025-02-09 05:49:59,1,-99.6562611338882
2025-02-09 05:51:39,2,-94.0951693421998
2025-02-09 05:53:19,3,-82.0910077161221
2025-02-09 05:54:59,4,-64.4657488627591
2025-02-09 05:56:39,1,-99.6351256989051
2025-02-09 05:58:19,2,-94.0097876565651
2025-02-09 05:59:59,3,-81.9472262028452
2025-02-09 06:01:39,4,-64.2734128129153
2025-02-09 06:03:19,1,-99.6133609143173
2025-02-09 06:04:59,2,-93.923812154018
2025-02-09 06:06:39,3,-81.80292706635
2025-02-09 06:08:19,4,-64.080670777264
2025-02-09 06:09:59,1,-99.5909669176028
2025-02-09 06:11:39,2,-93.8372433776265
2025-02-09 06:13:19,3,-81.6581112181082
2025-02-09 06:14:59,4,-63.8875239732687
2025-02-09 06:16:39,1,-99.5679438502144
2025-02-09 06:18:19,2,-93.7500818742061
2025-02-09 06:19:59,3,-81.5127795728554
2025-02-09 06:21:39,4,-63.6939736209497
2025-02-09 06:23:19,1,-99.5442918575783
2025-02-09 06:24:59,2,-93.6623281943161
2025-02-09 06:26:39,3,-81.3669330485853
2025-02-09 06:28:19,4,-63.5000209428761
2025-02-09 06:29:59,1,-99.5200110890934
2025-02-09 06:31:39,2,-93.5739828922566
2025-02-09 06:33:19,3,-81.2205725665439
2025-02-09 06:34:59,4,-63.3056671641585
2025-02-09 06:36:39,1,-99.49510169813
2025-02-09 06:38:19,2,-93.4850465260644
2025-02-09 06:39:59,3,-81.0736990512234
2025-02-09 06:41:39,4,-63.110913512441
2025-02-09 06:43:19,1,-99.4695638420296
2025-02-09 06:44:59,2,-93.39551965751
2025-02-09 06:46:39,3,-80.9263134303568
2025-02-09 06:48:19,4,-62.9157612178935
2025-02-09 06:49:59,1,-99.4433976821031
2025-02-09 06:51:39,2,-93.3054028520938
2025-02-09 06:53:19,3,-80.7784166349118
2025-02-09 06:54:59,4,-62.7202115132039
2025-02-09 06:56:39,1,-99.4166033836301
2025-02-09 06:58:19,2,-93.2146966790424
2025-02-09 06:59:59,3,-80.6300095990849
2025-02-09 07:01:39,4,-62.5242656335706
2025-02-09 07:03:19,1,-99.389181115858
2025-02-09 07:04:59,2,-93.1234017113054
2025-02-09 07:06:39,3,-80.4810932602956
2025-02-09 07:08:19,4,-62.327924816694
2025-02-09 07:09:59,1,-99.3611310520008
2025-02-09 07:11:39,2,-93.0315185255513
2025-02-09 07:13:19,3,-80.3316685591805
2025-02-09 07:14:59,4,-62.1311903027696
2025-02-09 07:16:39,1,-99.332453369238
2025-02-09 07:18:19,2,-92.9390477021644
2025-02-09 07:19:59,3,-80.1817364395871
2025-02-09 07:21:39,4,-61.9340633344794
2025-02-09 07:23:19,1,-99.3031482487133
2025-02-09 07:24:59,2,-92.8459898252406
2025-02-09 07:26:39,3,-80.0312978485683
2025-02-09 07:28:19,4,-61.7365451569845
2025-02-09 07:29:59,1,-99.2732158755337
2025-02-09 07:31:39,2,-92.752345482584
2025-02-09 07:33:19,3,-79.880353736376
2025-02-09 07:34:59,4,-61.5386370179172
2025-02-09 07:36:39,1,-99.2426564387686
2025-02-09 07:38:19,2,-92.6581152657032
2025-02-09 07:39:59,3,-79.728905056455
2025-02-09 07:41:39,4,-61.3403401673727
2025-02-09 07:43:19,1,-99.2114701314478
2025-02-09 07:44:59,2,-92.5632997698075
2025-02-09 07:46:39,3,-79.5769527654378
2025-02-09 07:48:19,4,-61.1416558579017
2025-02-09 07:49:59,1,-99.179657150561
2025-02-09 07:51:39,2,-92.467899593803
2025-02-09 07:53:19,3,-79.4244978231375
2025-02-09 07:54:59,4,-60.9425853445024
2025-02-09 07:56:39,1,-99.1472176970564
2025-02-09 07:58:19,2,-92.3719153402891
2025-02-09 07:59:59,3,-79.2715411925424
2025-02-09 08:01:39,4,-60.7431298846121
2025-02-09 08:03:19,1,-99.114151975839
2025-02-09 08:04:59,2,-92.2753476155546
2025-02-09 08:06:39,3,-79.1180838398096
2025-02-09 08:08:19,4,-60.5432907381002
2025-02-09 08:09:59,1,-99.0804601957701
2025-02-09 08:11:39,2,-92.1781970295736
2025-02-09 08:13:19,3,-78.9641267342593
2025-02-09 08:14:59,4,-60.3430691672592
2025-02-09 08:16:39,1,-99.0461425696651
2025-02-09 08:18:19,2,-92.0804641960021
2025-02-09 08:19:59,3,-78.8096708483682
2025-02-09 08:21:39,4,-60.1424664367973
2025-02-09 08:23:19,1,-99.0111993142929
2025-02-09 08:24:59,2,-91.9821497321738
2025-02-09 08:26:39,3,-78.6547171577636
2025-02-09 08:28:19,4,-59.9414838138305
2025-02-09 08:29:59,1,-98.9756306503741
2025-02-09 08:31:39,2,-91.8832542590962
2025-02-09 08:33:19,3,-78.4992666412172
2025-02-09 08:34:59,4,-59.7401225678742
2025-02-09 08:36:39,1,-98.9394368025796
2025-02-09 08:38:19,2,-91.7837784014469
2025-02-09 08:39:59,3,-78.3433202806391
2025-02-09 08:41:39,4,-59.5383839708355
2025-02-09 08:43:19,1,-98.9026179995295
2025-02-09 08:44:59,2,-91.6837227875695
2025-02-09 08:46:39,3,-78.186879061071
2025-02-09 08:48:19,4,-59.3362692970051
2025-02-09 08:49:59,1,-98.8651744737914
2025-02-09 08:51:39,2,-91.5830880494697
2025-02-09 08:53:19,3,-78.0299439706809
2025-02-09 08:54:59,4,-59.1337798230489
2025-02-09 08:56:39,1,-98.8271064618789
2025-02-09 08:58:19,2,-91.481874822811
2025-02-09 08:59:59,3,-77.8725160007561
2025-02-09 09:01:39,4,-58.9309168280007
2025-02-09 09:03:19,1,-98.7884142042502
2025-02-09 09:04:59,2,-91.3800837469113
2025-02-09 09:06:39,3,-77.7145961456971
2025-02-09 09:08:19,4,-58.7276815932534
2025-02-09 09:09:59,1,-98.7490979453068
2025-02-09 09:11:39,2,-91.2777154647384
2025-02-09 09:13:19,3,-77.5561854030116
2025-02-09 09:14:59,4,-58.524075402551
2025-02-09 09:16:39,1,-98.7091579333913
2025-02-09 09:18:19,2,-91.1747706229058
2025-02-09 09:19:59,3,-77.397284773308
2025-02-09 09:21:39,4,-58.3200995419812
2025-02-09 09:23:19,1,-98.6685944207868
2025-02-09 09:24:59,2,-91.0712498716693
2025-02-09 09:26:39,3,-77.2378952602889
2025-02-09 09:28:19,4,-58.115755299966
2025-02-09 09:29:59,1,-98.6274076637144
2025-02-09 09:31:39,2,-90.9671538649221
2025-02-09 09:33:19,3,-77.0780178707452
2025-02-09 09:34:59,4,-57.911043967255
2025-02-09 09:36:39,1,-98.5855979223319
2025-02-09 09:38:19,2,-90.8624832601912
2025-02-09 09:39:59,3,-76.9176536145494
2025-02-09 09:41:39,4,-57.7059668369161
2025-02-09 09:43:19,1,-98.5431654607325
2025-02-09 09:44:59,2,-90.7572387186331
2025-02-09 09:46:39,3,-76.7568035046492
2025-02-09 09:48:19,4,-57.5005252043279
2025-02-09 09:49:59,1,-98.5001105469426
2025-02-09 09:51:39,2,-90.6514209050293
2025-02-09 09:53:19,3,-76.5954685570614
2025-02-09 09:54:59,4,-57.2947203671715
2025-02-09 09:56:39,1,-98.4564334529205
2025-02-09 09:58:19,2,-90.5450304877828
2025-02-09 09:59:59,3,-76.4336497908652
2025-02-09 10:01:39,4,-57.088553625422
2025-02-09 10:03:19,1,-98.4121344545545
2025-02-09 10:04:59,2,-90.4380681389133
2025-02-09 10:06:39,3,-76.2713482281958
2025-02-09 10:08:19,4,-56.8820262813407
2025-02-09 10:09:59,1,-98.3672138316611
2025-02-09 10:11:39,2,-90.3305345340531
2025-02-09 10:13:19,3,-76.1085648942382
2025-02-09 10:14:59,4,-56.6751396394664
2025-02-09 10:16:39,1,-98.3216718679833
2025-02-09 10:18:19,2,-90.2224303524428
2025-02-09 10:19:59,3,-75.9453008172203
2025-02-09 10:21:39,4,-56.4678950066077
2025-02-09 10:23:19,1,-98.275508851189
2025-02-09 10:24:59,2,-90.1137562769273
2025-02-09 10:26:39,3,-75.7815570284068
2025-02-09 10:28:19,4,-56.2602936918344
2025-02-09 10:29:59,1,-98.2287250728689
2025-02-09 10:31:39,2,-90.004512993951
2025-02-09 10:33:19,3,-75.6173345620925
2025-02-09 10:34:59,4,-56.0523370064691
2025-02-09 10:36:39,1,-98.1813208285347
2025-02-09 10:38:19,2,-89.894701193554
2025-02-09 10:39:59,3,-75.4526344555957
2025-02-09 10:41:39,4,-55.8440262640791
2025-02-09 10:43:19,1,-98.1332964176174
2025-02-09 10:44:59,2,-89.7843215693672
2025-02-09 10:46:39,3,-75.2874577492517
2025-02-09 10:48:19,4,-55.6353627804687
2025-02-09 10:49:59,1,-98.0846521434652
2025-02-09 10:51:39,2,-89.6733748186083
2025-02-09 10:53:19,3,-75.1218054864065
2025-02-09 10:54:59,4,-55.4263478736695
2025-02-09 10:56:39,1,-98.035388313342
2025-02-09 10:58:19,2,-89.5618616420773
2025-02-09 10:59:59,3,-74.9556787134098
2025-02-09 11:01:39,4,-55.2169828639333
2025-02-09 11:03:19,1,-97.9855052384247
2025-02-09 11:04:59,2,-89.4497827441521
2025-02-09 11:06:39,3,-74.7890784796085
2025-02-09 11:08:19,4,-55.0072690737234
2025-02-09 11:09:59,1,-97.935003233802
2025-02-09 11:11:39,2,-89.3371388327838
2025-02-09 11:13:19,3,-74.6220058373403
2025-02-09 11:14:59,4,-54.7972078277061
2025-02-09 11:16:39,1,-97.883882618472
2025-02-09 11:18:19,2,-89.2239306194926
2025-02-09 11:19:59,3,-74.4544618419268
2025-02-09 11:21:39,4,-54.5868004527423
2025-02-09 11:23:19,1,-97.8321437153403
2025-02-09 11:24:59,2,-89.1101588193632
2025-02-09 11:26:39,3,-74.2864475516668
2025-02-09 11:28:19,4,-54.3760482778793
2025-02-09 11:29:59,1,-97.779786851218
2025-02-09 11:31:39,2,-88.9958241510401
2025-02-09 11:33:19,3,-74.1179640278301
2025-02-09 11:34:59,4,-54.1649526343425
2025-02-09 11:36:39,1,-97.7268123568194
2025-02-09 11:38:19,2,-88.8809273367231
2025-02-09 11:39:59,3,-73.9490123346501
2025-02-09 11:41:39,4,-53.9535148555266
2025-02-09 11:43:19,1,-97.6732205667602
2025-02-09 11:44:59,2,-88.7654691021629
2025-02-09 11:46:39,3,-73.7795935393174
2025-02-09 11:48:19,4,-53.7417362769877
2025-02-09 11:49:59,1,-97.6190118195553
2025-02-09 11:51:39,2,-88.6494501766567
2025-02-09 11:53:19,3,-73.6097087119735
2025-02-09 11:54:59,4,-53.5296182364341
2025-02-09 11:56:39,1,-97.5641864576166
2025-02-09 11:58:19,2,-88.5328712930428
2025-02-09 11:59:59,3,-73.439358925703
2025-02-09 12:01:39,4,-53.3171620737189
2025-02-09 12:03:19,1,-97.5087448272509
2025-02-09 12:04:59,2,-88.415733187697
2025-02-09 12:06:39,3,-73.2685452565277
2025-02-09 12:08:19,4,-53.1043691308306
2025-02-09 12:09:59,1,-97.4526872786577
2025-02-09 12:11:39,2,-88.2980366005272
2025-02-09 12:13:19,3,-73.0972687833999
2025-02-09 12:14:59,4,-52.8912407518851
2025-02-09 12:16:39,1,-97.3960141659269
2025-02-09 12:18:19,2,-88.1797822749688
2025-02-09 12:19:59,3,-72.9255305881946
2025-02-09 12:21:39,4,-52.6777782831171
2025-02-09 12:23:19,1,-97.3387258470367
2025-02-09 12:24:59,2,-88.0609709579807
2025-02-09 12:26:39,3,-72.7533317557037
2025-02-09 12:28:19,4,-52.4639830728714
2025-02-09 12:29:59,1,-97.2808226838513
2025-02-09 12:31:39,2,-87.9416034000397
2025-02-09 12:33:19,3,-72.5806733736286
2025-02-09 12:34:59,4,-52.2498564715949
2025-02-09 12:36:39,1,-97.2223050421184
2025-02-09 12:38:19,2,-87.8216803551359
2025-02-09 12:39:59,3,-72.4075565325734
2025-02-09 12:41:39,4,-52.0353998318277
2025-02-09 12:43:19,1,-97.1631732914674
2025-02-09 12:44:59,2,-87.7012025807687
2025-02-09 12:46:39,3,-72.2339823260383
2025-02-09 12:48:19,4,-51.8206145081942
2025-02-09 12:49:59,1,-97.1034278054065
2025-02-09 12:51:39,2,-87.5801708379411
2025-02-09 12:53:19,3,-72.0599518504123
2025-02-09 12:54:59,4,-51.6055018573954
2025-02-09 12:56:39,1,-97.0430689613206
2025-02-09 12:58:19,2,-87.4585858911554
2025-02-09 12:59:59,3,-71.8854662049663
2025-02-09 13:01:39,4,-51.3900632381997
2025-02-09 13:03:19,1,-96.9820971404691
2025-02-09 13:04:59,2,-87.3364485084082
2025-02-09 13:06:39,3,-71.7105264918467
2025-02-09 13:08:19,4,-51.1743000114345
2025-02-09 13:09:59,1,-96.9205127279831
2025-02-09 13:11:39,2,-87.2137594611855
2025-02-09 13:13:19,3,-71.5351338160676
2025-02-09 13:14:59,4,-50.9582135399777
2025-02-09 13:16:39,1,-96.8583161128631
2025-02-09 13:18:19,2,-87.0905195244582
2025-02-09 13:19:59,3,-71.3592892855046
2025-02-09 13:21:39,4,-50.7418051887487
2025-02-09 13:23:19,1,-96.7955076879769
2025-02-09 13:24:59,2,-86.9667294766765
2025-02-09 13:26:39,3,-71.1829940108874
2025-02-09 13:28:19,4,-50.5250763247005
2025-02-09 13:29:59,1,-96.7320878500566
2025-02-09 13:31:39,2,-86.8423900997657
2025-02-09 13:33:19,3,-71.0062491057925
2025-02-09 13:34:59,4,-50.3080283168102
2025-02-09 13:36:39,1,-96.6680569996963
2025-02-09 13:38:19,2,-86.717502179121
2025-02-09 13:39:59,3,-70.8290556866369
2025-02-09 13:41:39,4,-50.090662536071
2025-02-09 13:43:19,1,-96.6034155413497
2025-02-09 13:44:59,2,-86.5920665036022
2025-02-09 13:46:39,3,-70.6514148726707
2025-02-09 13:48:19,4,-49.8729803554835
2025-02-09 13:49:59,1,-96.5381638833274
2025-02-09 13:51:39,2,-86.4660838655294
2025-02-09 13:53:19,3,-70.4733277859696
2025-02-09 13:54:59,4,-49.6549831500463
2025-02-09 13:56:39,1,-96.4723024377943
2025-02-09 13:58:19,2,-86.3395550606772
2025-02-09 13:59:59,3,-70.2947955514286
2025-02-09 14:01:39,4,-49.4366722967487
2025-02-09 14:03:19,1,-96.4058316207671
2025-02-09 14:04:59,2,-86.2124808882704
2025-02-09 14:06:39,3,-70.1158192967542
2025-02-09 14:08:19,4,-49.2180491745603
2025-02-09 14:09:59,1,-96.3387518521116
2025-02-09 14:11:39,2,-86.0848621509786
2025-02-09 14:13:19,3,-69.9364001524578
2025-02-09 14:14:59,4,-48.9991151644237
2025-02-09 14:16:39,1,-96.2710635555401
2025-02-09 14:18:19,2,-85.956699654911
2025-02-09 14:19:59,3,-69.7565392518482
2025-02-09 14:21:39,4,-48.7798716492452
2025-02-09 14:23:19,1,-96.2027671586086
2025-02-09 14:24:59,2,-85.8279942096116
2025-02-09 14:26:39,3,-69.5762377310245
2025-02-09 14:28:19,4,-48.5603200138857
2025-02-09 14:29:59,1,-96.1338630927143
2025-02-09 14:31:39,2,-85.698746628054
2025-02-09 14:33:19,3,-69.3954967288692
2025-02-09 14:34:59,4,-48.3404616451531
2025-02-09 14:36:39,1,-96.0643517930928
2025-02-09 14:38:19,2,-85.5689577266361
2025-02-09 14:39:59,3,-69.2143173870407
2025-02-09 14:41:39,4,-48.120297931792
2025-02-09 14:43:19,1,-95.9942336988152
2025-02-09 14:44:59,2,-85.4386283251751
2025-02-09 14:46:39,3,-69.0327008499661
2025-02-09 14:48:19,4,-47.8998302644761
2025-02-09 14:49:59,1,-95.9235092527855
2025-02-09 14:51:39,2,-85.3077592469025
2025-02-09 14:53:19,3,-68.8506482648343
2025-02-09 14:54:59,4,-47.6790600357992
2025-02-09 14:56:39,1,-95.8521789017376
2025-02-09 14:58:19,2,-85.1763513184584
2025-02-09 14:59:59,3,-68.6681607815883
2025-02-09 15:01:39,4,-47.4579886402659
2025-02-09 15:03:19,1,-95.780243096233
2025-02-09 15:04:59,2,-85.0444053698868
2025-02-09 15:06:39,3,-68.4852395529182
2025-02-09 15:08:19,4,-47.2366174742833
2025-02-09 15:09:59,1,-95.7077022906571
2025-02-09 15:11:39,2,-84.9119222346299
2025-02-09 15:13:19,3,-68.3018857342539
2025-02-09 15:14:59,4,-47.0149479361521
2025-02-09 15:16:39,1,-95.6345569432173
2025-02-09 15:18:19,2,-84.7789027495232
2025-02-09 15:19:59,3,-68.1181004837578
2025-02-09 15:21:39,4,-46.7929814260574
2025-02-09 15:23:19,1,-95.5608075159392
2025-02-09 15:24:59,2,-84.6453477547901
2025-02-09 15:26:39,3,-67.9338849623174
2025-02-09 15:28:19,4,-46.5707193460604
2025-02-09 15:29:59,1,-95.4864544746643
2025-02-09 15:31:39,2,-84.5112580940365
2025-02-09 15:33:19,3,-67.7492403335381
2025-02-09 15:34:59,4,-46.3481631000893
2025-02-09 15:36:39,1,-95.4114982890469
2025-02-09 15:38:19,2,-84.3766346142456
2025-02-09 15:39:59,3,-67.5641677637357
2025-02-09 15:41:39,4,-46.1253140939301
2025-02-09 15:43:19,1,-95.3359394325509
2025-02-09 15:44:59,2,-84.2414781657726
2025-02-09 15:46:39,3,-67.3786684219291
2025-02-09 15:48:19,4,-45.9021737352185
2025-02-09 15:49:59,1,-95.2597783824471
2025-02-09 15:51:39,2,-84.1057896023388
2025-02-09 15:53:19,3,-67.192743479833
2025-02-09 15:54:59,4,-45.67874343343
2025-02-09 15:56:39,1,-95.1830156198102
2025-02-09 15:58:19,2,-83.9695697810271
2025-02-09 15:59:59,3,-67.0063941118504
2025-02-09 16:01:39,4,-45.455024599872
2025-02-09 16:03:19,1,-95.1056516295154
2025-02-09 16:04:59,2,-83.832819562276
2025-02-09 16:06:39,3,-66.8196214950652
2025-02-09 16:08:19,4,-45.2310186476742
2025-02-09 16:09:59,1,-95.0276869002358
2025-02-09 16:11:39,2,-83.6955398098739
2025-02-09 16:13:19,3,-66.6324268092346
2025-02-09 16:14:59,4,-45.0067269917799
2025-02-09 16:16:39,1,-94.9491219244389
2025-02-09 16:18:19,2,-83.5577313909547
2025-02-09 16:19:59,3,-66.4448112367822
2025-02-09 16:21:39,4,-44.7821510489372
2025-02-09 16:23:19,1,-94.8699571983839
2025-02-09 16:24:59,2,-83.419395175991
2025-02-09 16:26:39,3,-66.2567759627898
2025-02-09 16:28:19,4,-44.5572922376897
2025-02-09 16:29:59,1,-94.7901932221182
2025-02-09 16:31:39,2,-83.2805320387896
2025-02-09 16:33:19,3,-66.0683221749903
2025-02-09 16:34:59,4,-44.3321519783679
2025-02-09 16:36:39,1,-94.7098304994745
2025-02-09 16:38:19,2,-83.1411428564856
2025-02-09 16:39:59,3,-65.8794510637605
2025-02-09 16:41:39,4,-44.10673169308
2025-02-09 16:43:19,1,-94.6288695380672
2025-02-09 16:44:59,2,-83.0012285095368
2025-02-09 16:46:39,3,-65.6901638221127
2025-02-09 16:48:19,4,-43.8810328057032
2025-02-09 16:49:59,1,-94.54731084929
2025-02-09 16:51:39,2,-82.8607898817182
2025-02-09 16:53:19,3,-65.5004616456883
2025-02-09 16:54:59,4,-43.6550567418741
2025-02-09 16:56:39,1,-94.4651549483117
2025-02-09 16:58:19,2,-82.7198278601166
2025-02-09 16:59:59,3,-65.3103457327491
2025-02-09 17:01:39,4,-43.4288049289805
2025-02-09 17:03:19,1,-94.3824023540737
2025-02-09 17:04:59,2,-82.5783433351246
2025-02-09 17:06:39,3,-65.1198172841706
2025-02-09 17:08:19,4,-43.2022787961517
2025-02-09 17:09:59,1,-94.2990535892865
2025-02-09 17:11:39,2,-82.4363372004356
2025-02-09 17:13:19,3,-64.928877503434
2025-02-09 17:14:59,4,-42.9754797742501
2025-02-09 17:16:39,1,-94.2151091804259
2025-02-09 17:18:19,2,-82.2938103530372
2025-02-09 17:19:59,3,-64.7375275966189
2025-02-09 17:21:39,4,-42.7484092958613
2025-02-09 17:23:19,1,-94.1305696577307
2025-02-09 17:24:59,2,-82.1507636932067
2025-02-09 17:26:39,3,-64.5457687723951
2025-02-09 17:28:19,4,-42.521068795286
2025-02-09 17:29:59,1,-94.0454355551983
2025-02-09 17:31:39,2,-82.0071981245044
2025-02-09 17:33:19,3,-64.3536022420156
2025-02-09 17:34:59,4,-42.2934597085304
2025-02-09 17:36:39,1,-93.959707410582
2025-02-09 17:38:19,2,-81.8631145537685
2025-02-09 17:39:59,3,-64.1610292193087
2025-02-09 17:41:39,4,-42.0655834732971
2025-02-09 17:43:19,1,-93.8733857653874
2025-02-09 17:44:59,2,-81.7185138911092
2025-02-09 17:46:39,3,-63.9680509206704
2025-02-09 17:48:19,4,-41.8374415289762
2025-02-09 17:49:59,1,-93.7864711648689
2025-02-09 17:51:39,2,-81.5733970499028
2025-02-09 17:53:19,3,-63.7746685650562
2025-02-09 17:54:59,4,-41.6090353166364
2025-02-09 17:56:39,1,-93.6989641580263
2025-02-09 17:58:19,2,-81.4277649467861
2025-02-09 17:59:59,3,-63.5808833739744
2025-02-09 18:01:39,4,-41.3803662790153
2025-02-09 18:03:19,1,-93.6108652976015
2025-02-09 18:04:59,2,-81.2816185016508
2025-02-09 18:06:39,3,-63.3866965714776
2025-02-09 18:08:19,4,-41.1514358605109
2025-02-09 18:09:59,1,-93.5221751400747
2025-02-09 18:11:39,2,-81.134958637637
2025-02-09 18:13:19,3,-63.192109384155
2025-02-09 18:14:59,4,-40.9222455071722
2025-02-09 18:16:39,1,-93.4328942456612
2025-02-09 18:18:19,2,-80.9877862811284
2025-02-09 18:19:59,3,-62.9971230411251
2025-02-09 18:21:39,4,-40.6927966666899
2025-02-09 18:23:19,1,-93.3430231783076
2025-02-09 18:24:59,2,-80.8401023617454
2025-02-09 18:26:39,3,-62.8017387740278
2025-02-09 18:28:19,4,-40.4630907883877
2025-02-09 18:29:59,1,-93.2525625056885
2025-02-09 18:31:39,2,-80.6919078123399
2025-02-09 18:33:19,3,-62.605957817016
2025-02-09 18:34:59,4,-40.2331293232127
2025-02-09 18:36:39,1,-93.1615127992026
2025-02-09 18:38:19,2,-80.5432035689893
2025-02-09 18:39:59,3,-62.4097814067489
2025-02-09 18:41:39,4,-40.0029137237265
2025-02-09 18:43:19,1,-93.0698746339693
2025-02-09 18:44:59,2,-80.3939905709904
2025-02-09 18:46:39,3,-62.2132107823833
2025-02-09 18:48:19,4,-39.772445444096
2025-02-09 18:49:59,1,-92.9776485888252
2025-02-09 18:51:39,2,-80.2442697608535
2025-02-09 18:53:19,3,-62.0162471855659
2025-02-09 18:54:59,4,-39.541725940084
2025-02-09 18:56:39,1,-92.8848352463199
2025-02-09 18:58:19,2,-80.0940420842968
2025-02-09 18:59:59,3,-61.818891860426
2025-02-09 19:01:39,4,-39.3107566690405
2025-02-09 19:03:19,1,-92.7914351927131
2025-02-09 19:04:59,2,-79.9433084902398
2025-02-09 19:06:39,3,-61.6211460535671
2025-02-09 19:08:19,4,-39.0795390898928
2025-02-09 19:09:59,1,-92.6974490179702
2025-02-09 19:11:39,2,-79.7920699307979
2025-02-09 19:13:19,3,-61.423011014059
2025-02-09 19:14:59,4,-38.8480746631366
2025-02-09 19:16:39,1,-92.602877315759
2025-02-09 19:18:19,2,-79.6403273612759
2025-02-09 19:19:59,3,-61.2244879934306
2025-02-09 19:21:39,4,-38.6163648508274
2025-02-09 19:23:19,1,-92.5077206834458
2025-02-09 19:24:59,2,-79.4880817401624
2025-02-09 19:26:39,3,-61.0255782456609
2025-02-09 19:28:19,4,-38.3844111165701
2025-02-09 19:29:59,1,-92.4119797220916
2025-02-09 19:31:39,2,-79.3353340291236
2025-02-09 19:33:19,3,-60.8262830271722
2025-02-09 19:34:59,4,-38.1522149255105
2025-02-09 19:36:39,1,-92.3156550364483
2025-02-09 19:38:19,2,-79.1820851929969
2025-02-09 19:39:59,3,-60.6266035968213
2025-02-09 19:41:39,4,-37.9197777443261
2025-02-09 19:43:19,1,-92.218747234955
2025-02-09 19:44:59,2,-79.0283361997853
2025-02-09 19:46:39,3,-60.4265412158919
2025-02-09 19:48:19,4,-37.6871010412163
2025-02-09 19:49:59,1,-92.121256929734
2025-02-09 19:51:39,2,-78.8740880206511
2025-02-09 19:53:19,3,-60.226097148087
2025-02-09 19:54:59,4,-37.4541862858937
2025-02-09 19:56:39,1,-92.0231847365871
2025-02-09 19:58:19,2,-78.7193416299094
2025-02-09 19:59:59,3,-60.0252726595201
2025-02-09 20:01:39,4,-37.2210349495746
2025-02-09 20:03:19,1,-91.9245312749915
2025-02-09 20:04:59,2,-78.5640980050228
2025-02-09 20:06:39,3,-59.8240690187077
2025-02-09 20:08:19,4,-36.9876485049693
2025-02-09 20:09:59,1,-91.8252971680962
2025-02-09 20:11:39,2,-78.4083581265942
2025-02-09 20:13:19,3,-59.6224874965616
2025-02-09 20:14:59,4,-36.7540284262736
2025-02-09 20:16:39,1,-91.7254830427177
2025-02-09 20:18:19,2,-78.2521229783613
2025-02-09 20:19:59,3,-59.4205293663801
2025-02-09 20:21:39,4,-36.5201761891589
2025-02-09 20:23:19,1,-91.6250895293362
2025-02-09 20:24:59,2,-78.0953935471903
2025-02-09 20:26:39,3,-59.2181959038406
2025-02-09 20:28:19,4,-36.2860932707628
2025-02-09 20:29:59,1,-91.5241172620918
2025-02-09 20:31:39,2,-77.9381708230696
2025-02-09 20:33:19,3,-59.0154883869912
2025-02-09 20:34:59,4,-36.0517811496806
2025-02-09 20:36:39,1,-91.4225668787801
2025-02-09 20:38:19,2,-77.780455799103
2025-02-09 20:39:59,3,-58.8124080962426
2025-02-09 20:41:39,4,-35.8172413059547
2025-02-09 20:43:19,1,-91.3204390208487
2025-02-09 20:44:59,2,-77.6222494715047
2025-02-09 20:46:39,3,-58.6089563143605
2025-02-09 20:48:19,4,-35.5824752210664
2025-02-09 20:49:59,1,-91.2177343333924
2025-02-09 20:51:39,2,-77.4635528395916
2025-02-09 20:53:19,3,-58.4051343264568
2025-02-09 20:54:59,4,-35.3474843779258
2025-02-09 20:56:39,1,-91.11445346515
2025-02-09 20:58:19,2,-77.304366905778
2025-02-09 20:59:59,3,-58.2009434199819
2025-02-09 21:01:39,4,-35.1122702608627
2025-02-09 21:03:19,1,-91.0105970684996
2025-02-09 21:04:59,2,-77.1446926755687
2025-02-09 21:06:39,3,-57.9963848847167
2025-02-09 21:08:19,4,-34.8768343556176
2025-02-09 21:09:59,1,-90.9061657994546
2025-02-09 21:11:39,2,-76.984531157553
2025-02-09 21:13:19,3,-57.791460012764
2025-02-09 21:14:59,4,-34.6411781493313
2025-02-09 21:16:39,1,-90.8011603176596
2025-02-09 21:18:19,2,-76.823883363398
2025-02-09 21:19:59,3,-57.5861700985407
2025-02-09 21:21:39,4,-34.4053031305366
2025-02-09 21:23:19,1,-90.6955812863864
2025-02-09 21:24:59,2,-76.6627503078425
2025-02-09 21:26:39,3,-57.3805164387694
2025-02-09 21:28:19,4,-34.1692107891484
2025-02-09 21:29:59,1,-90.5894293725294
2025-02-09 21:31:39,2,-76.5011330086906
2025-02-09 21:33:19,3,-57.1745003324704
2025-02-09 21:34:59,4,-33.9329026164541
2025-02-09 21:36:39,1,-90.482705246602
2025-02-09 21:38:19,2,-76.3390324868048
2025-02-09 21:39:59,3,-56.9681230809536
2025-02-09 21:41:39,4,-33.6963801051047
2025-02-09 21:43:19,1,-90.3754095827316
2025-02-09 21:44:59,2,-76.1764497661001
2025-02-09 21:46:39,3,-56.7613859878096
2025-02-09 21:48:19,4,-33.4596447491048
2025-02-09 21:49:59,1,-90.2675430586559
2025-02-09 21:51:39,2,-76.0133858735375
2025-02-09 21:53:19,3,-56.5542903589023
2025-02-09 21:54:59,4,-33.2226980438036
2025-02-09 21:56:39,1,-90.1591063557187
2025-02-09 21:58:19,2,-75.8498418391171
2025-02-09 21:59:59,3,-56.3468375023604
2025-02-09 22:01:39,4,-32.9855414858853
2025-02-09 22:03:19,1,-90.050100158865
2025-02-09 22:04:59,2,-75.6858186958718
2025-02-09 22:06:39,3,-56.1390287285687
2025-02-09 22:08:19,4,-32.7481765733597
2025-02-09 22:09:59,1,-89.9405251566371
2025-02-09 22:11:39,2,-75.5213174798611
2025-02-09 22:13:19,3,-55.9308653501605
2025-02-09 22:14:59,4,-32.5106048055524
2025-02-09 22:16:39,1,-89.8303820411705
2025-02-09 22:18:19,2,-75.3563392301638
2025-02-09 22:19:59,3,-55.7223486820088
2025-02-09 22:21:39,4,-32.2728276830959
2025-02-09 22:23:19,1,-89.7196715081888
2025-02-09 22:24:59,2,-75.1908849888725
2025-02-09 22:26:39,3,-55.5134800412181
2025-02-09 22:28:19,4,-32.0348467079197
2025-02-09 22:29:59,1,-89.6083942569999
2025-02-09 22:31:39,2,-75.024955801086
2025-02-09 22:33:19,3,-55.3042607471164
2025-02-09 22:34:59,4,-31.7966633832411
2025-02-09 22:36:39,1,-89.4965509904915
2025-02-09 22:38:19,2,-74.8585527149031
2025-02-09 22:39:59,3,-55.0946921212464
2025-02-09 22:41:39,4,-31.5582792135554
2025-02-09 22:43:19,1,-89.3841424151264
2025-02-09 22:44:59,2,-74.6916767814163
2025-02-09 22:46:39,3,-54.8847754873575
2025-02-09 22:48:19,4,-31.3196957046264
2025-02-09 22:49:59,1,-89.2711692409382
2025-02-09 22:51:39,2,-74.5243290547047
2025-02-09 22:53:19,3,-54.6745121713971
2025-02-09 22:54:59,4,-31.0809143634774
2025-02-09 22:56:39,1,-89.157632181527
2025-02-09 22:58:19,2,-74.3565105918273
2025-02-09 22:59:59,3,-54.4639035015027
2025-02-09 23:01:39,4,-30.8419366983811
2025-02-09 23:03:19,1,-89.0435319540545
2025-02-09 23:04:59,2,-74.188222452817
2025-02-09 23:06:39,3,-54.2529508079932
2025-02-09 23:08:19,4,-30.6027642188501
2025-02-09 23:09:59,1,-88.9288692792397
2025-02-09 23:11:39,2,-74.0194657006729
2025-02-09 23:13:19,3,-54.0416554233603
2025-02-09 23:14:59,4,-30.3633984356281
2025-02-09 23:16:39,1,-88.8136448813545
2025-02-09 23:18:19,2,-73.8502414013545
2025-02-09 23:19:59,3,-53.8300186822605
2025-02-09 23:21:39,4,-30.1238408606792
2025-02-09 23:23:19,1,-88.6978594882187
2025-02-09 23:24:59,2,-73.6805506237744
2025-02-09 23:26:39,3,-53.6180419215066
2025-02-09 23:28:19,4,-29.8840930071795
2025-02-09 23:29:59,1,-88.5815138311958
2025-02-09 23:31:39,2,-73.5103944397917
2025-02-09 23:33:19,3,-53.4057264800589
2025-02-09 23:34:59,4,-29.6441563895065
2025-02-09 23:36:39,1,-88.4646086451882
2025-02-09 23:38:19,2,-73.3397739242055
2025-02-09 23:39:59,3,-53.1930736990172
2025-02-09 23:41:39,4,-29.4040325232304
2025-02-09 23:43:19,1,-88.3471446686326
2025-02-09 23:44:59,2,-73.1686901547477
2025-02-09 23:46:39,3,-52.980084921612
2025-02-09 23:48:19,4,-29.1637229251041
2025-02-09 23:49:59,1,-88.2291226434953
2025-02-09 23:51:39,2,-72.9971442120762
2025-02-09 23:53:19,3,-52.7667614931962
2025-02-09 23:54:59,4,-28.9232291130536
2025-02-09 23:56:39,1,-88.1105433152677
2025-02-09 23:58:19,2,-72.8251371797685
2025-02-09 23:59:59,3,-52.5531047612365
2025-02-10 00:01:39,4,-28.6825526061683
2025-02-10 00:03:19,1,-87.9914074329611
2025-02-10 00:04:59,2,-72.6526701443145
2025-02-10 00:06:39,3,-52.339116075305
2025-02-10 00:08:19,4,-28.4416949246922
2025-02-10 00:09:59,1,-87.8717157491025
2025-02-10 00:11:39,2,-72.4797441951098
2025-02-10 00:13:19,3,-52.1247967870704
2025-02-10 00:14:59,4,-28.200657590013
2025-02-10 00:16:39,1,-87.7514690197297
2025-02-10 00:18:19,2,-72.3063604244486
2025-02-10 00:19:59,3,-51.91014825029
2025-02-10 00:21:39,4,-27.9594421246537
2025-02-10 00:23:19,1,-87.6306680043864
2025-02-10 00:24:59,2,-72.1325199275171
2025-02-10 00:26:39,3,-51.6951718208005
2025-02-10 00:28:19,4,-27.7180500522622
2025-02-10 00:29:59,1,-87.5093134661174
2025-02-10 00:31:39,2,-71.9582238023862
2025-02-10 00:33:19,3,-51.4798688565098
2025-02-10 00:34:59,4,-27.476482897602
2025-02-10 00:36:39,1,-87.3874061714639
2025-02-10 00:38:19,2,-71.7834731500051
2025-02-10 00:39:59,3,-51.2642407173886
2025-02-10 00:41:39,4,-27.2347421865426
2025-02-10 00:43:19,1,-87.2649468904588
2025-02-10 00:44:59,2,-71.6082690741939
2025-02-10 00:46:39,3,-51.0482887654612
2025-02-10 00:48:19,4,-26.9928294460497
2025-02-10 00:49:59,1,-87.1419363966213
2025-02-10 00:51:39,2,-71.4326126816367
2025-02-10 00:53:19,3,-50.8320143647977
2025-02-10 00:54:59,4,-26.7507462041756
2025-02-10 00:56:39,1,-87.0183754669526
2025-02-10 00:58:19,2,-71.2565050818746
2025-02-10 00:59:59,3,-50.6154188815048
2025-02-10 01:01:39,4,-26.5084939900497
2025-02-10 01:03:19,1,-86.8942648819307
2025-02-10 01:04:59,2,-71.0799473872993
2025-02-10 01:06:39,3,-50.398503683717
2025-02-10 01:08:19,4,-26.2660743338686
2025-02-10 01:09:59,1,-86.7696054255054
2025-02-10 01:11:39,2,-70.9029407131449
2025-02-10 01:13:19,3,-50.1812701415889
2025-02-10 01:14:59,4,-26.0234887668866
2025-02-10 01:16:39,1,-86.6443978850937
2025-02-10 01:18:19,2,-70.7254861774817
2025-02-10 01:19:59,3,-49.9637196272854
2025-02-10 01:21:39,4,-25.7807388214061
2025-02-10 01:23:19,1,-86.5186430515745
2025-02-10 01:24:59,2,-70.5475849012091
2025-02-10 01:26:39,3,-49.7458535149739
2025-02-10 01:28:19,4,-25.5378260307674
2025-02-10 01:29:59,1,-86.3923417192835
2025-02-10 01:31:39,2,-70.3692380080483
2025-02-10 01:33:19,3,-49.5276731808151
2025-02-10 01:34:59,4,-25.29475192934
2025-02-10 01:36:39,1,-86.2654946860088
2025-02-10 01:38:19,2,-70.1904466245351
2025-02-10 01:39:59,3,-49.3091800029546
2025-02-10 01:41:39,4,-25.051518052512
2025-02-10 01:43:19,1,-86.138102752985
2025-02-10 01:44:59,2,-70.0112118800131
2025-02-10 01:46:39,3,-49.0903753615141
2025-02-10 01:48:19,4,-24.8081259366805
2025-02-10 01:49:59,1,-86.0101667248889
2025-02-10 01:51:39,2,-69.8315349066262
2025-02-10 01:53:19,3,-48.8712606385826
2025-02-10 01:54:59,4,-24.5645771192427
2025-02-10 01:56:39,1,-85.8816874098339
2025-02-10 01:58:19,2,-69.6514168393121
2025-02-10 01:59:59,3,-48.6518372182078
2025-02-10 02:01:39,4,-24.3208731385851
2025-02-10 02:03:19,1,-85.7526656193653
2025-02-10 02:04:59,2,-69.4708588157943
2025-02-10 02:06:39,3,-48.4321064863872
2025-02-10 02:08:19,4,-24.0770155340746
2025-02-10 02:09:59,1,-85.6231021684547
2025-02-10 02:11:39,2,-69.2898619765753
2025-02-10 02:13:19,3,-48.2120698310596
2025-02-10 02:14:59,4,-23.8330058460484
2025-02-10 02:16:39,1,-85.4929978754954
2025-02-10 02:18:19,2,-69.1084274649296
2025-02-10 02:19:59,3,-47.9917286420961
2025-02-10 02:21:39,4,-23.5888456158041
2025-02-10 02:23:19,1,-85.3623535622967
2025-02-10 02:24:59,2,-68.9265564268963
2025-02-10 02:26:39,3,-47.7710843112914
2025-02-10 02:28:19,4,-23.3445363855906
2025-02-10 02:29:59,1,-85.2311700540792
2025-02-10 02:31:39,2,-68.7442500112714
2025-02-10 02:33:19,3,-47.5501382323549
2025-02-10 02:34:59,4,-23.1000796985978
2025-02-10 02:36:39,1,-85.0994481794692
2025-02-10 02:38:19,2,-68.5615093696016
2025-02-10 02:39:59,3,-47.3288918009023
2025-02-10 02:41:39,4,-22.8554770989468
2025-02-10 02:43:19,1,-84.9671887704936
2025-02-10 02:44:59,2,-68.3783356561759
2025-02-10 02:46:39,3,-47.1073464144462
2025-02-10 02:48:19,4,-22.6107301316807
2025-02-10 02:49:59,1,-84.8343926625749
2025-02-10 02:51:39,2,-68.1947300280192
2025-02-10 02:53:19,3,-46.8855034723877
2025-02-10 02:54:59,4,-22.3658403427543
2025-02-10 02:56:39,1,-84.7010606945252
2025-02-10 02:58:19,2,-68.0106936448844
2025-02-10 02:59:59,3,-46.6633643760074
2025-02-10 03:01:39,4,-22.1208092790248
2025-02-10 03:03:19,1,-84.5671937085419
2025-02-10 03:04:59,2,-67.8262276692452
2025-02-10 03:06:39,3,-46.4409305284565
2025-02-10 03:08:19,4,-21.8756384882413
2025-02-10 03:09:59,1,-84.4327925502016
2025-02-10 03:11:39,2,-67.6413332662892
2025-02-10 03:13:19,3,-46.2182033347481
2025-02-10 03:14:59,4,-21.6303295190359
2025-02-10 03:16:39,1,-84.2978580684549
2025-02-10 03:18:19,2,-67.4560116039096
2025-02-10 03:19:59,3,-45.9951842017483
2025-02-10 03:21:39,4,-21.3848839209134
2025-02-10 03:23:19,1,-84.1623911156215
2025-02-10 03:24:59,2,-67.270263852699
2025-02-10 03:26:39,3,-45.771874538167
2025-02-10 03:28:19,4,-21.1393032442415
2025-02-10 03:29:59,1,-84.0263925473843
2025-02-10 03:31:39,2,-67.0840911859411
2025-02-10 03:33:19,3,-45.5482757545496
2025-02-10 03:34:59,4,-20.8935890402412
2025-02-10 03:36:39,1,-83.889863222784
2025-02-10 03:38:19,2,-66.8974947796035
2025-02-10 03:39:59,3,-45.3243892632673
2025-02-10 03:41:39,4,-20.6477428609771
2025-02-10 03:43:19,1,-83.7528040042142
2025-02-10 03:44:59,2,-66.7104758123308
2025-02-10 03:46:39,3,-45.100216478509
2025-02-10 03:48:19,4,-20.4017662593472
2025-02-10 03:49:59,1,-83.6152157574154
2025-02-10 03:51:39,2,-66.5230354654362
2025-02-10 03:53:19,3,-44.8757588162718
2025-02-10 03:54:59,4,-20.1556607890735
2025-02-10 03:56:39,1,-83.4770993514696
2025-02-10 03:58:19,2,-66.3351749228948
2025-02-10 03:59:59,3,-44.6510176943523
2025-02-10 04:01:39,4,-19.9094280046917
2025-02-10 04:03:19,1,-83.3384556587952
2025-02-10 04:04:59,2,-66.146895371336
2025-02-10 04:06:39,3,-44.4259945323377
2025-02-10 04:08:19,4,-19.663069461542
2025-02-10 04:09:59,1,-83.1992855551411
2025-02-10 04:11:39,2,-65.9581980000358
2025-02-10 04:13:19,3,-44.2006907515964
2025-02-10 04:14:59,4,-19.416586715759
2025-02-10 04:16:39,1,-83.0595899195813
2025-02-10 04:18:19,2,-65.7690840009092
2025-02-10 04:19:59,3,-43.9751077752696
2025-02-10 04:21:39,4,-19.1699813242615
2025-02-10 04:23:19,1,-82.9193696345094
2025-02-10 04:24:59,2,-65.5795545685032
2025-02-10 04:26:39,3,-43.749247028262
2025-02-10 04:28:19,4,-18.9232548447431
2025-02-10 04:29:59,1,-82.7786255856328
2025-02-10 04:31:39,2,-65.3896108999885
2025-02-10 04:33:19,3,-43.5231099372328
2025-02-10 04:34:59,4,-18.6764088356626
2025-02-10 04:36:39,1,-82.6373586619676
2025-02-10 04:38:19,2,-65.1992541951527
2025-02-10 04:39:59,3,-43.2966979305867
2025-02-10 04:41:39,4,-18.4294448562334
2025-02-10 04:43:19,1,-82.4955697558323
2025-02-10 04:44:59,2,-65.0084856563922
2025-02-10 04:46:39,3,-43.0700124384652
2025-02-10 04:48:19,4,-18.1823644664142
2025-02-10 04:49:59,1,-82.3532597628428
2025-02-10 04:51:39,2,-64.8173064887046
2025-02-10 04:53:19,3,-42.8430548927368
2025-02-10 04:54:59,4,-17.9351692268991
2025-02-10 04:56:39,1,-82.2104295819063
2025-02-10 04:58:19,2,-64.6257178996816
2025-02-10 04:59:59,3,-42.615826726989
2025-02-10 05:01:39,4,-17.6878606991075
2025-02-10 05:03:19,1,-82.0670801152158
2025-02-10 05:04:59,2,-64.4337210995008
2025-02-10 05:06:39,3,-42.3883293765182
2025-02-10 05:08:19,4,-17.4404404451746
2025-02-10 05:09:59,1,-81.9232122682446
2025-02-10 05:11:39,2,-64.2413173009182
2025-02-10 05:13:19,3,-42.1605642783213
2025-02-10 05:14:59,4,-17.1929100279411
2025-02-10 05:16:39,1,-81.7788269497401
2025-02-10 05:18:19,2,-64.0485077192611
2025-02-10 05:19:59,3,-41.9325328710865
2025-02-10 05:21:39,4,-16.9452710109435
2025-02-10 05:23:19,1,-81.6339250717184
2025-02-10 05:24:59,2,-63.8552935724193
2025-02-10 05:26:39,3,-41.7042365951842
2025-02-10 05:28:19,4,-16.6975249584047
2025-02-10 05:29:59,1,-81.4885075494587
2025-02-10 05:31:39,2,-63.6616760808385
2025-02-10 05:33:19,3,-41.4756768926575
2025-02-10 05:34:59,4,-16.4496734352233
2025-02-10 05:36:39,1,-81.3425753014969
2025-02-10 05:38:19,2,-63.467656467512
2025-02-10 05:39:59,3,-41.2468552072139
2025-02-10 05:41:39,4,-16.2017180069642
2025-02-10 05:43:19,1,-81.1961292496204
2025-02-10 05:44:59,2,-63.273235957973
2025-02-10 05:46:39,3,-41.0177729842155
2025-02-10 05:48:19,4,-15.9536602398487
2025-02-10 05:49:59,1,-81.0491703188623
2025-02-10 05:51:39,2,-63.0784157802873
2025-02-10 05:53:19,3,-40.7884316706702
2025-02-10 05:54:59,4,-15.7055017007444
2025-02-10 05:56:39,1,-80.9016994374948
2025-02-10 05:58:19,2,-62.8831971650449
2025-02-10 05:59:59,3,-40.5588327152222
2025-02-10 06:01:39,4,-15.4572439571556
2025-02-10 06:03:19,1,-80.7537175370242
2025-02-10 06:04:59,2,-62.6875813453527
2025-02-10 06:06:39,3,-40.3289775681433
2025-02-10 06:08:19,4,-15.208888577213
2025-02-10 06:09:59,1,-80.6052255521848
2025-02-10 06:11:39,2,-62.4915695568265
2025-02-10 06:13:19,3,-40.0988676813238
2025-02-10 06:14:59,4,-14.9604371296643
2025-02-10 06:16:39,1,-80.4562244209324
2025-02-10 06:18:19,2,-62.2951630375833
2025-02-10 06:19:59,3,-39.8685045082625
2025-02-10 06:21:39,4,-14.7118911838638
2025-02-10 06:23:19,1,-80.3067150844393
2025-02-10 06:24:59,2,-62.0983630282336
2025-02-10 06:26:39,3,-39.6378895040585
2025-02-10 06:28:19,4,-14.4632523097628
2025-02-10 06:29:59,1,-80.1566984870877
2025-02-10 06:31:39,2,-61.901170771873
2025-02-10 06:33:19,3,-39.4070241254016
2025-02-10 06:34:59,4,-14.2145220778995
2025-02-10 06:36:39,1,-80.0061755764639
2025-02-10 06:38:19,2,-61.7035875140749
2025-02-10 06:39:59,3,-39.1759098305628
2025-02-10 06:41:39,4,-13.9657020593894
2025-02-10 06:43:19,1,-79.8551473033525
2025-02-10 06:44:59,2,-61.5056145028828
2025-02-10 06:46:39,3,-38.9445480793859
2025-02-10 06:48:19,4,-13.7167938259147
2025-02-10 06:49:59,1,-79.7036146217301
2025-02-10 06:51:39,2,-61.3072529888017
2025-02-10 06:53:19,3,-38.7129403332772
2025-02-10 06:54:59,4,-13.4677989497153
2025-02-10 06:56:39,1,-79.5515784887595
2025-02-10 06:58:19,2,-61.1085042247906
2025-02-10 06:59:59,3,-38.4810880551971
2025-02-10 07:01:39,4,-13.2187190035781
2025-02-10 07:03:19,1,-79.3990398647836
2025-02-10 07:04:59,2,-60.909369466255
2025-02-10 07:06:39,3,-38.2489927096509
2025-02-10 07:08:19,4,-12.9695555608274
2025-02-10 07:09:59,1,-79.2459997133191
2025-02-10 07:11:39,2,-60.709849971038
2025-02-10 07:13:19,3,-38.0166557626786
2025-02-10 07:14:59,4,-12.720310195315
2025-02-10 07:16:39,1,-79.0924590010509
2025-02-10 07:18:19,2,-60.5099469994134
2025-02-10 07:19:59,3,-37.7840786818467
2025-02-10 07:21:39,4,-12.4709844814099
2025-02-10 07:23:19,1,-78.9384186978255
2025-02-10 07:24:59,2,-60.3096618140768
2025-02-10 07:26:39,3,-37.5512629362386
2025-02-10 07:28:19,4,-12.221579993989
2025-02-10 07:29:59,1,-78.7838797766452
2025-02-10 07:31:39,2,-60.1089956801384
2025-02-10 07:33:19,3,-37.318209996445
2025-02-10 07:34:59,4,-11.9720983084266
2025-02-10 07:36:39,1,-78.6288432136619
2025-02-10 07:38:19,2,-59.9079498651145
2025-02-10 07:39:59,3,-37.0849213345549
2025-02-10 07:41:39,4,-11.7225410005844
2025-02-10 07:43:19,1,-78.4733099881707
2025-02-10 07:44:59,2,-59.7065256389199
2025-02-10 07:46:39,3,-36.8513984241463
2025-02-10 07:48:19,4,-11.4729096468022
2025-02-10 07:49:59,1,-78.3172810826041
2025-02-10 07:51:39,2,-59.5047242738592
2025-02-10 07:53:19,3,-36.6176427402768
2025-02-10 07:54:59,4,-11.2232058238872
2025-02-10 07:56:39,1,-78.1607574825253
2025-02-10 07:58:19,2,-59.3025470446197
2025-02-10 07:59:59,3,-36.3836557594744
2025-02-10 08:01:39,4,-10.9734311091046
2025-02-10 08:03:19,1,-78.0037401766225
2025-02-10 08:04:59,2,-59.0999952282626
2025-02-10 08:06:39,3,-36.149438959728
2025-02-10 08:08:19,4,-10.7235870801671
2025-02-10 08:09:59,1,-77.8462301567024
2025-02-10 08:11:39,2,-58.8970701042154
2025-02-10 08:13:19,3,-35.9149938204781
2025-02-10 08:14:59,4,-10.4736753152253
2025-02-10 08:16:39,1,-77.6882284176838
2025-02-10 08:18:19,2,-58.6937729542632
2025-02-10 08:19:59,3,-35.6803218226079
2025-02-10 08:21:39,4,-10.223697392858
2025-02-10 08:23:19,1,-77.5297359575916
2025-02-10 08:24:59,2,-58.4901050625415
2025-02-10 08:26:39,3,-35.445424448433
2025-02-10 08:28:19,4,-9.9736548920615
2025-02-10 08:29:59,1,-77.3707537775503
2025-02-10 08:31:39,2,-58.2860677155273
2025-02-10 08:33:19,3,-35.210303181693
2025-02-10 08:34:59,4,-9.72354939223997
2025-02-10 08:36:39,1,-77.2112828817778
2025-02-10 08:38:19,2,-58.0816622020315
2025-02-10 08:39:59,3,-34.9749595075416
2025-02-10 08:41:39,4,-9.47338247319591
2025-02-10 08:43:19,1,-77.051324277579
2025-02-10 08:44:59,2,-57.8768898131902
2025-02-10 08:46:39,3,-34.7393949125373
2025-02-10 08:48:19,4,-9.22315571511934
2025-02-10 08:49:59,1,-76.8908789753392
2025-02-10 08:51:39,2,-57.6717518424573
2025-02-10 08:53:19,3,-34.5036108846343
2025-02-10 08:54:59,4,-8.97287069857867
2025-02-10 08:56:39,1,-76.7299479885182
2025-02-10 08:58:19,2,-57.4662495855956
2025-02-10 08:59:59,3,-34.2676089131724
2025-02-10 09:01:39,4,-8.72252900450997
2025-02-10 09:03:19,1,-76.5685323336437
2025-02-10 09:04:59,2,-57.2603843406692
2025-02-10 09:06:39,3,-34.0313904888684
2025-02-10 09:08:19,4,-8.47213221420737
2025-02-10 09:09:59,1,-76.4066330303046
2025-02-10 09:11:39,2,-57.0541574080346
2025-02-10 09:13:19,3,-33.7949571038064
2025-02-10 09:14:59,4,-8.22168190931326
2025-02-10 09:16:39,1,-76.2442511011448
2025-02-10 09:18:19,2,-56.8475700903334
2025-02-10 09:19:59,3,-33.558310251428
2025-02-10 09:21:39,4,-7.9711796718078
2025-02-10 09:23:19,1,-76.081387571857
2025-02-10 09:24:59,2,-56.6406236924834
2025-02-10 09:26:39,3,-33.3214514265234
2025-02-10 09:28:19,4,-7.72062708399917
2025-02-10 09:29:59,1,-75.9180434711757
2025-02-10 09:31:39,2,-56.4333195216704
2025-02-10 09:33:19,3,-33.0843821252217
2025-02-10 09:34:59,4,-7.47002572851387
2025-02-10 09:36:39,1,-75.754219830871
2025-02-10 09:38:19,2,-56.2256588873401
2025-02-10 09:39:59,3,-32.8471038449813
2025-02-10 09:41:39,4,-7.21937718828608
2025-02-10 09:43:19,1,-75.589917685742
2025-02-10 09:44:59,2,-56.0176431011903
2025-02-10 09:46:39,3,-32.609618084581
2025-02-10 09:48:19,4,-6.96868304654838
2025-02-10 09:49:59,1,-75.4251380736104
2025-02-10 09:51:39,2,-55.8092734771614
2025-02-10 09:53:19,3,-32.3719263441097
2025-02-10 09:54:59,4,-6.71794488682114
2025-02-10 09:56:39,1,-75.2598820353138
2025-02-10 09:58:19,2,-55.6005513314294
2025-02-10 09:59:59,3,-32.1340301249578
2025-02-10 10:01:39,4,-6.46716429290276
2025-02-10 10:03:19,1,-75.0941506146992
2025-02-10 10:04:59,2,-55.3914779823968
2025-02-10 10:06:39,3,-31.895930929807
2025-02-10 10:08:19,4,-6.21634284885995
2025-02-10 10:09:59,1,-74.9279448586162
2025-02-10 10:11:39,2,-55.1820547506843
2025-02-10 10:13:19,3,-31.6576302626213
2025-02-10 10:14:59,4,-5.96548213901717
2025-02-10 10:16:39,1,-74.7612658169108
2025-02-10 10:18:19,2,-54.9722829591231
2025-02-10 10:19:59,3,-31.4191296286372
2025-02-10 10:21:39,4,-5.71458374794692
2025-02-10 10:23:19,1,-74.5941145424182
2025-02-10 10:24:59,2,-54.7621639327458
2025-02-10 10:26:39,3,-31.1804305343544
2025-02-10 10:28:19,4,-5.46364926045997
2025-02-10 10:29:59,1,-74.426492090957
2025-02-10 10:31:39,2,-54.5516989987782
2025-02-10 10:33:19,3,-30.9415344875259
2025-02-10 10:34:59,4,-5.21268026159476
2025-02-10 10:36:39,1,-74.2583995213216
2025-02-10 10:38:19,2,-54.3408894866314
2025-02-10 10:39:59,3,-30.7024429971492
2025-02-10 10:41:39,4,-4.96167833660806
2025-02-10 10:43:19,1,-74.0898378952759
2025-02-10 10:44:59,2,-54.1297367278926
2025-02-10 10:46:39,3,-30.463157573456
2025-02-10 10:48:19,4,-4.71064507096435
2025-02-10 10:49:59,1,-73.9208082775469
2025-02-10 10:51:39,2,-53.9182420563178
2025-02-10 10:53:19,3,-30.2236797279031
2025-02-10 10:54:59,4,-4.45958205032609
2025-02-10 10:56:39,1,-73.7513117358174
2025-02-10 10:58:19,2,-53.706406807822
2025-02-10 10:59:59,3,-29.9840109731627
2025-02-10 11:01:39,4,-4.20849086054394
2025-02-10 11:03:19,1,-73.5813493407198
2025-02-10 11:04:59,2,-53.4942323204717
2025-02-10 11:06:39,3,-29.7441528231128
2025-02-10 11:08:19,4,-3.95737308764624
2025-02-10 11:09:59,1,-73.4109221658289
2025-02-10 11:11:39,2,-53.2817199344764
2025-02-10 11:13:19,3,-29.5041067928282
2025-02-10 11:14:59,4,-3.70623031782922
2025-02-10 11:16:39,1,-73.2400312876553
2025-02-10 11:18:19,2,-53.0688709921799
2025-02-10 11:19:59,3,-29.2638743985697
2025-02-10 11:21:39,4,-3.4550641374473
2025-02-10 11:23:19,1,-73.0686777856388
2025-02-10 11:24:59,2,-52.8556868380517
2025-02-10 11:26:39,3,-29.0234571577758
2025-02-10 11:28:19,4,-3.2038761330024
2025-02-10 11:29:59,1,-72.8968627421412
2025-02-10 11:31:39,2,-52.6421688186788
2025-02-10 11:33:19,3,-28.7828565890526
2025-02-10 11:34:59,4,-2.95266789113466
2025-02-10 11:36:39,1,-72.7245872424396
2025-02-10 11:38:19,2,-52.428318282757
2025-02-10 11:39:59,3,-28.5420742121639
2025-02-10 11:41:39,4,-2.70144099861176
2025-02-10 11:43:19,1,-72.5518523747198
2025-02-10 11:44:59,2,-52.2141365810826
2025-02-10 11:46:39,3,-28.301111548022
2025-02-10 11:48:19,4,-2.45019704231921
2025-02-10 11:49:59,1,-72.378659230069
2025-02-10 11:51:39,2,-51.9996250665436
2025-02-10 11:53:19,3,-28.0599701186783
2025-02-10 11:54:59,4,-2.19893760925058
2025-02-10 11:56:39,1,-72.2050089024694
2025-02-10 11:58:19,2,-51.7847850941113
2025-02-10 11:59:59,3,-27.8186514473128
2025-02-10 12:01:39,4,-1.94766428649689
2025-02-10 12:03:19,1,-72.0309024887907
2025-02-10 12:04:59,2,-51.5696180208317
2025-02-10 12:06:39,3,-27.5771570582257
2025-02-10 12:08:19,4,-1.69637866123695
2025-02-10 12:09:59,1,-71.8563410887837
2025-02-10 12:11:39,2,-51.3541252058171
2025-02-10 12:13:19,3,-27.3354884768266
2025-02-10 12:14:59,4,-1.4450823207275
2025-02-10 12:16:39,1,-71.681325805073
2025-02-10 12:18:19,2,-51.1383080102371
2025-02-10 12:19:59,3,-27.0936472296256
2025-02-10 12:21:39,4,-1.19377685229264
2025-02-10 12:23:19,1,-71.5058577431504
2025-02-10 12:24:59,2,-50.9221677973105
2025-02-10 12:26:39,3,-26.8516348442236
2025-02-10 12:28:19,4,-0.942463843314455
2025-02-10 12:29:59,1,-71.3299380113673
2025-02-10 12:31:39,2,-50.7057059322962
2025-02-10 12:33:19,3,-26.6094528493023
2025-02-10 12:34:59,4,-0.691144881222417
2025-02-10 12:36:39,1,-71.1535677209286
2025-02-10 12:38:19,2,-50.4889237824852
2025-02-10 12:39:59,3,-26.3671027746147
2025-02-10 12:41:39,4,-0.439821553483588
2025-02-10 12:43:19,1,-70.9767479858847
2025-02-10 12:44:59,2,-50.2718227171913
2025-02-10 12:46:39,3,-26.1245861509757
2025-02-10 12:48:19,4,-0.188495447592877
2025-02-10 12:49:59,1,-70.7994799231253
2025-02-10 12:51:39,2,-50.0544041077427
2025-02-10 12:53:19,3,-25.8819045102521
2025-02-10 12:54:59,4,0.0628318489375263
2025-02-10 12:56:39,1,-70.6217646523718
2025-02-10 12:58:19,2,-49.8366693274737
2025-02-10 12:59:59,3,-25.639059385353
2025-02-10 13:01:39,4,0.314158748587912
2025-02-10 13:03:19,1,-70.4436032961703
2025-02-10 13:04:59,2,-49.6186197517154
2025-02-10 13:06:39,3,-25.3960523102202
2025-02-10 13:08:19,4,0.565483663840811
2025-02-10 13:09:59,1,-70.264996979885
2025-02-10 13:11:39,2,-49.4002567577873
2025-02-10 13:13:19,3,-25.1528848198184
2025-02-10 13:14:59,4,0.816805007191641
2025-02-10 13:16:39,1,-70.0859468316902
2025-02-10 13:18:19,2,-49.181581724989
2025-02-10 13:19:59,3,-24.9095584501258
2025-02-10 13:21:39,4,1.06812119115803
2025-02-10 13:23:19,1,-69.9064539825641
2025-02-10 13:24:59,2,-48.9625960345907
2025-02-10 13:26:39,3,-24.6660747381239
2025-02-10 13:28:19,4,1.31943062829046
2025-02-10 13:29:59,1,-69.7265195662811
2025-02-10 13:31:39,2,-48.7433010698251
2025-02-10 13:33:19,3,-24.422435221788
2025-02-10 13:34:59,4,1.57073173118203
2025-02-10 13:36:39,1,-69.5461447194047
2025-02-10 13:38:19,2,-48.5236982158783
2025-02-10 13:39:59,3,-24.178641440078
2025-02-10 13:41:39,4,1.82202291247822
2025-02-10 13:43:19,1,-69.3653305812805
2025-02-10 13:44:59,2,-48.3037888598814
2025-02-10 13:46:39,3,-23.9346949329277
2025-02-10 13:48:19,4,2.07330258488744
2025-02-10 13:49:59,1,-69.1840782940289
2025-02-10 13:51:39,2,-48.0835743909013
2025-02-10 13:53:19,3,-23.6905972412359
2025-02-10 13:54:59,4,2.3245691611908
2025-02-10 13:56:39,1,-69.0023890025378
2025-02-10 13:58:19,2,-47.8630561999324
2025-02-10 13:59:59,3,-23.4463499068563
2025-02-10 14:01:39,4,2.57582105425187
2025-02-10 14:03:19,1,-68.8202638544555
2025-02-10 14:04:59,2,-47.6422356798873
2025-02-10 14:06:39,3,-23.2019544725877
2025-02-10 14:08:19,4,2.8270566770273
2025-02-10 14:09:59,1,-68.6377040001835
2025-02-10 14:11:39,2,-47.4211142255885
2025-02-10 14:13:19,3,-22.9574124821647
2025-02-10 14:14:59,4,3.0782744425762
2025-02-10 14:16:39,1,-68.4547105928689
2025-02-10 14:18:19,2,-47.1996932337592
2025-02-10 14:19:59,3,-22.7127254802473
2025-02-10 14:21:39,4,3.32947276407069
2025-02-10 14:23:19,1,-68.2712847883977
2025-02-10 14:24:59,2,-46.9779741030149
2025-02-10 14:26:39,3,-22.4678950124114
2025-02-10 14:28:19,4,3.58065005480576
2025-02-10 14:29:59,1,-68.0874277453868
2025-02-10 14:31:39,2,-46.755958233854
2025-02-10 14:33:19,3,-22.2229226251397
2025-02-10 14:34:59,4,3.83180472820894
2025-02-10 14:36:39,1,-67.9031406251774
2025-02-10 14:38:19,2,-46.5336470286493
2025-02-10 14:39:59,3,-21.9778098658106
2025-02-10 14:41:39,4,4.0829351978509
2025-02-10 14:43:19,1,-67.718424591827
2025-02-10 14:44:59,2,-46.3110418916394
2025-02-10 14:46:39,3,-21.7325582826897
2025-02-10 14:48:19,4,4.3340398774552
2025-02-10 14:49:59,1,-67.5332808121025
2025-02-10 14:51:39,2,-46.0881442289192
2025-02-10 14:53:19,3,-21.4871694249192
2025-02-10 14:54:59,4,4.58511718090802
2025-02-10 14:56:39,1,-67.3477104554726
2025-02-10 14:58:19,2,-45.8649554484316
2025-02-10 14:59:59,3,-21.2416448425084
2025-02-10 15:01:39,4,4.83616552226885
2025-02-10 15:03:19,1,-67.1617146941005
2025-02-10 15:04:59,2,-45.6414769599581
2025-02-10 15:06:39,3,-20.9959860863243
2025-02-10 15:08:19,4,5.08718331577974
2025-02-10 15:09:59,1,-66.9752947028365
2025-02-10 15:11:39,2,-45.4177101751103
2025-02-10 15:13:19,3,-20.7501947080809
2025-02-10 15:14:59,4,5.33816897587596
2025-02-10 15:16:39,1,-66.7884516592107
2025-02-10 15:18:19,2,-45.193656507321
2025-02-10 15:19:59,3,-20.50427226033
2025-02-10 15:21:39,4,5.58912091719576
2025-02-10 15:23:19,1,-66.6011867434252
2025-02-10 15:24:59,2,-44.9693173718348
2025-02-10 15:26:39,3,-20.2582202964517
2025-02-10 15:28:19,4,5.84003755459013
2025-02-10 15:29:59,1,-66.4135011383471
2025-02-10 15:31:39,2,-44.7446941856995
2025-02-10 15:33:19,3,-20.0120403706438
2025-02-10 15:34:59,4,6.09091730313328
2025-02-10 15:36:39,1,-66.2253960295006
2025-02-10 15:38:19,2,-44.5197883677575
2025-02-10 15:39:59,3,-19.7657340379126
2025-02-10 15:41:39,4,6.34175857813247
2025-02-10 15:43:19,1,-66.0368726050597
2025-02-10 15:44:59,2,-44.2946013386359
2025-02-10 15:46:39,3,-19.5193028540628
2025-02-10 15:48:19,4,6.59255979513771
2025-02-10 15:49:59,1,-65.8479320558411
2025-02-10 15:51:39,2,-44.0691345207386
2025-02-10 15:53:19,3,-19.2727483756874
2025-02-10 15:54:59,4,6.84331936995236
2025-02-10 15:56:39,1,-65.6585755752957
2025-02-10 15:58:19,2,-43.8433893382365
2025-02-10 15:59:59,3,-19.0260721601588
2025-02-10 16:01:39,4,7.09403571864249
2025-02-10 16:03:19,1,-65.4688043595021
2025-02-10 16:04:59,2,-43.6173672170586
2025-02-10 16:06:39,3,-18.7792757656179
2025-02-10 16:08:19,4,7.34470725754748
2025-02-10 16:09:59,1,-65.2786196071584
2025-02-10 16:11:39,2,-43.3910695848839
2025-02-10 16:13:19,3,-18.5323607509648
2025-02-10 16:14:59,4,7.59533240328973
2025-02-10 16:16:39,1,-65.0880225195749
2025-02-10 16:18:19,2,-43.1644978711309
2025-02-10 16:19:59,3,-18.2853286758491
2025-02-10 16:21:39,4,7.84590957278443
2025-02-10 16:23:19,1,-64.8970143006663
2025-02-10 16:24:59,2,-42.9376535069498
2025-02-10 16:26:39,3,-18.0381811006594
2025-02-10 16:28:19,4,8.09643718325008
2025-02-10 16:29:59,1,-64.7055961569445
2025-02-10 16:31:39,2,-42.7105379252129
2025-02-10 16:33:19,3,-17.7909195865145
2025-02-10 16:34:59,4,8.34691365221822
2025-02-10 16:36:39,1,-64.5137692975103
2025-02-10 16:38:19,2,-42.4831525605056
2025-02-10 16:39:59,3,-17.5435456952521
2025-02-10 16:41:39,4,8.59733739754316
2025-02-10 16:43:19,1,-64.3215349340466
2025-02-10 16:44:59,2,-42.2554988491175
2025-02-10 16:46:39,3,-17.2960609894204
2025-02-10 16:48:19,4,8.84770683741261
2025-02-10 16:49:59,1,-64.12889428081
2025-02-10 16:51:39,2,-42.0275782290333
2025-02-10 16:53:19,3,-17.0484670322672
2025-02-10 16:54:59,4,9.09802039035693
2025-02-10 16:56:39,1,-63.9358485546235
2025-02-10 16:58:19,2,-41.7993921399231
2025-02-10 16:59:59,3,-16.8007653877306
2025-02-10 17:01:39,4,9.34827647525977
2025-02-10 17:03:19,1,-63.742398974869
2025-02-10 17:04:59,2,-41.5709420231347
2025-02-10 17:06:39,3,-16.5529576204286
2025-02-10 17:08:19,4,9.59847351136776
2025-02-10 17:09:59,1,-63.5485467634791
2025-02-10 17:11:39,2,-41.342229321683
2025-02-10 17:13:19,3,-16.3050452956499
2025-02-10 17:14:59,4,9.84860991830028
2025-02-10 17:16:39,1,-63.3542931449297
2025-02-10 17:18:19,2,-41.1132554802417
2025-02-10 17:19:59,3,-16.0570299793434
2025-02-10 17:21:39,4,10.0986841160599
2025-02-10 17:23:19,1,-63.1596393462323
2025-02-10 17:24:59,2,-40.8840219451341
2025-02-10 17:26:39,3,-15.8089132381088
2025-02-10 17:28:19,4,10.3486945250422
2025-02-10 17:29:59,1,-62.964586596926
2025-02-10 17:31:39,2,-40.6545301643237
2025-02-10 17:33:19,3,-15.5606966391862
2025-02-10 17:34:59,4,10.5986395660454
2025-02-10 17:36:39,1,-62.7691361290701
2025-02-10 17:38:19,2,-40.4247815874054
2025-02-10 17:39:59,3,-15.3123817504464
2025-02-10 17:41:39,4,10.8485176602808
2025-02-10 17:43:19,1,-62.5732891772359
2025-02-10 17:44:59,2,-40.1947776655961
2025-02-10 17:46:39,3,-15.0639701403814
2025-02-10 17:48:19,4,11.0983272293826
2025-02-10 17:49:59,1,-62.3770469784991
2025-02-10 17:51:39,2,-39.9645198517255
2025-02-10 17:53:19,3,-14.8154633780939
2025-02-10 17:54:59,4,11.3480666954177
2025-02-10 17:56:39,1,-62.1804107724322
2025-02-10 17:58:19,2,-39.7340096002271
2025-02-10 17:59:59,3,-14.5668630332875
2025-02-10 18:01:39,4,11.5977344808961
2025-02-10 18:03:19,1,-61.9833818010963
2025-02-10 18:04:59,2,-39.5032483671291
2025-02-10 18:06:39,3,-14.3181706762572
2025-02-10 18:08:19,4,11.8473290087801
2025-02-10 18:09:59,1,-61.7859613090335
2025-02-10 18:11:39,2,-39.2722376100445
2025-02-10 18:13:19,3,-14.0693878778791
2025-02-10 18:14:59,4,12.0968487024952
2025-02-10 18:16:39,1,-61.5881505432589
2025-02-10 18:18:19,2,-39.0409787881632
2025-02-10 18:19:59,3,-13.8205162096007
2025-02-10 18:21:39,4,12.3462919859395
2025-02-10 18:23:19,1,-61.3899507532528
2025-02-10 18:24:59,2,-38.8094733622413
2025-02-10 18:26:39,3,-13.5715572434305
2025-02-10 18:28:19,4,12.5956572834933
2025-02-10 18:29:59,1,-61.1913631909528
2025-02-10 18:31:39,2,-38.5777227945931
2025-02-10 18:33:19,3,-13.3225125519287
2025-02-10 18:34:59,4,12.8449430200303
2025-02-10 18:36:39,1,-60.992389110746
2025-02-10 18:38:19,2,-38.345728549081
2025-02-10 18:39:59,3,-13.073383708197
2025-02-10 18:41:39,4,13.0941476209258
2025-02-10 18:43:19,1,-60.7930297694606
2025-02-10 18:44:59,2,-38.1134920911068
2025-02-10 18:46:39,3,-12.8241722858685
2025-02-10 18:48:19,4,13.3432695120685
2025-02-10 18:49:59,1,-60.5932864263587
2025-02-10 18:51:39,2,-37.8810148876022
2025-02-10 18:53:19,3,-12.5748798590979
2025-02-10 18:54:59,4,13.592307119869
2025-02-10 18:56:39,1,-60.3931603431277
2025-02-10 18:58:19,2,-37.6482984070196
2025-02-10 18:59:59,3,-12.3255080025519
2025-02-10 19:01:39,4,13.8412588712704
2025-02-10 19:03:19,1,-60.1926527838729
2025-02-10 19:04:59,2,-37.4153441193226
2025-02-10 19:06:39,3,-12.0760582913985
2025-02-10 19:08:19,4,14.0901231937582
2025-02-10 19:09:59,1,-59.9917650151089
2025-02-10 19:11:39,2,-37.1821534959773
2025-02-10 19:13:19,3,-11.8265323012977
2025-02-10 19:14:59,4,14.33889851537
2025-02-10 19:16:39,1,-59.7904983057519
2025-02-10 19:18:19,2,-36.9487280099423
2025-02-10 19:19:59,3,-11.5769316083913
2025-02-10 19:21:39,4,14.5875832647057
2025-02-10 19:23:19,1,-59.5888539271121
2025-02-10 19:24:59,2,-36.7150691356599
2025-02-10 19:26:39,3,-11.3272577892928
2025-02-10 19:28:19,4,14.8361758709374
2025-02-10 19:29:59,1,-59.3868331528848
2025-02-10 19:31:39,2,-36.4811783490464
2025-02-10 19:33:19,3,-11.0775124210779
2025-02-10 19:34:59,4,15.0846747638188
2025-02-10 19:36:39,1,-59.184437259143
2025-02-10 19:38:19,2,-36.2470571274833
2025-02-10 19:39:59,3,-10.827697081274
2025-02-10 19:41:39,4,15.333078373696
2025-02-10 19:43:19,1,-58.9816675243293
2025-02-10 19:44:59,2,-36.0127069498074
2025-02-10 19:46:39,3,-10.5778133478506
2025-02-10 19:48:19,4,15.5813851315169
2025-02-10 19:49:59,1,-58.7785252292473
2025-02-10 19:51:39,2,-35.7781292963018
2025-02-10 19:53:19,3,-10.3278627992091
2025-02-10 19:54:59,4,15.8295934688408
2025-02-10 19:56:39,1,-58.5750116570545
2025-02-10 19:58:19,2,-35.5433256486864
2025-02-10 19:59:59,3,-10.077847014173
2025-02-10 20:01:39,4,16.0777018178491
2025-02-10 20:03:19,1,-58.371128093253
2025-02-10 20:04:59,2,-35.3082974901087
2025-02-10 20:06:39,3,-9.82776757197802
2025-02-10 20:08:19,4,16.3257086113548
2025-02-10 20:09:59,1,-58.1668758256821
2025-02-10 20:11:39,2,-35.0730463051343
2025-02-10 20:13:19,3,-9.57762605226175
2025-02-10 20:14:59,4,16.5736122828119
2025-02-10 20:16:39,1,-57.9622561445104
2025-02-10 20:18:19,2,-34.8375735797375
2025-02-10 20:19:59,3,-9.32742403505388
2025-02-10 20:21:39,4,16.8214112663263
2025-02-10 20:23:19,1,-57.7572703422268
2025-02-10 20:24:59,2,-34.6018808012921
2025-02-10 20:26:39,3,-9.07716310076651
2025-02-10 20:28:19,4,17.0691039966647
2025-02-10 20:29:59,1,-57.5519197136331
2025-02-10 20:31:39,2,-34.3659694585617
2025-02-10 20:33:19,3,-8.82684483018355
2025-02-10 20:34:59,4,17.3166889092654
2025-02-10 20:36:39,1,-57.3462055558356
2025-02-10 20:38:19,2,-34.1298410416906
2025-02-10 20:39:59,3,-8.57647080445141
2025-02-10 20:41:39,4,17.5641644402475
2025-02-10 20:43:19,1,-57.1401291682365
2025-02-10 20:44:59,2,-33.8934970421941
2025-02-10 20:46:39,3,-8.32604260506843
2025-02-10 20:48:19,4,17.8115290264209
2025-02-10 20:49:59,1,-56.9336918525265
2025-02-10 20:51:39,2,-33.6569389529495
2025-02-10 20:53:19,3,-8.07556181387513
2025-02-10 20:54:59,4,18.0587811052966
2025-02-10 20:56:39,1,-56.7268949126757
2025-02-10 20:58:19,2,-33.4201682681862
2025-02-10 20:59:59,3,-7.82503001304451
2025-02-10 21:01:39,4,18.3059191150962
2025-02-10 21:03:19,1,-56.519739654926
2025-02-10 21:04:59,2,-33.1831864834765
2025-02-10 21:06:39,3,-7.57444878507148
2025-02-10 21:08:19,4,18.5529414947614
2025-02-10 21:09:59,1,-56.3122273877827
2025-02-10 21:11:39,2,-32.9459950957262
2025-02-10 21:13:19,3,-7.32381971276318
2025-02-10 21:14:59,4,18.7998466839648
2025-02-10 21:16:39,1,-56.104359422006
2025-02-10 21:18:19,2,-32.7085956031651
2025-02-10 21:19:59,3,-7.07314437922923
2025-02-10 21:21:39,4,19.0466331231189
2025-02-10 21:23:19,1,-55.8961370706028
2025-02-10 21:24:59,2,-32.4709895053371
2025-02-10 21:26:39,3,-6.8224243678711
2025-02-10 21:28:19,4,19.2932992533866
2025-02-10 21:29:59,1,-55.6875616488189
2025-02-10 21:31:39,2,-32.2331783030919
2025-02-10 21:33:19,3,-6.57166126237282
2025-02-10 21:34:59,4,19.5398435166904
2025-02-10 21:36:39,1,-55.4786344741297
2025-02-10 21:38:19,2,-31.995163498574
2025-02-10 21:39:59,3,-6.32085664669036
2025-02-10 21:41:39,4,19.7862643557228
2025-02-10 21:43:19,1,-55.2693568662332
2025-02-10 21:44:59,2,-31.7569465952142
2025-02-10 21:46:39,3,-6.07001210504189
2025-02-10 21:48:19,4,20.0325602139559
2025-02-10 21:49:59,1,-55.0597301470402
2025-02-10 21:51:39,2,-31.5185290977202
2025-02-10 21:53:19,3,-5.81912922189806
2025-02-10 21:54:59,4,20.2787295356512
2025-02-10 21:56:39,1,-54.8497556406671
2025-02-10 21:58:19,2,-31.2799125120663
2025-02-10 21:59:59,3,-5.56820958197141
2025-02-10 22:01:39,4,20.5247707658693
2025-02-10 22:03:19,1,-54.639434673427
2025-02-10 22:04:59,2,-31.0410983454846
2025-02-10 22:06:39,3,-5.31725477020668
2025-02-10 22:08:19,4,20.7706823504804
2025-02-10 22:09:59,1,-54.4287685738214
2025-02-10 22:11:39,2,-30.8020881064552
2025-02-10 22:13:19,3,-5.06626637177103
2025-02-10 22:14:59,4,21.0164627361729
2025-02-10 22:16:39,1,-54.2177586725318
2025-02-10 22:18:19,2,-30.5628833046966
2025-02-10 22:19:59,3,-4.81524597204341
2025-02-10 22:21:39,4,21.2621103704645
2025-02-10 22:23:19,1,-54.0064063024116
2025-02-10 22:24:59,2,-30.3234854511564
2025-02-10 22:26:39,3,-4.56419515660527
2025-02-10 22:28:19,4,21.5076237017113
2025-02-10 22:29:59,1,-53.7947127984771
2025-02-10 22:31:39,2,-30.0838960580016
2025-02-10 22:33:19,3,-4.31311551122991
2025-02-10 22:34:59,4,21.7530011791175
2025-02-10 22:36:39,1,-53.5826794978997
2025-02-10 22:38:19,2,-29.8441166386088
2025-02-10 22:39:59,3,-4.06200862187276
2025-02-10 22:41:39,4,21.9982412527457
2025-02-10 22:43:19,1,-53.3703077399968
2025-02-10 22:44:59,2,-29.6041487075553
2025-02-10 22:46:39,3,-3.81087607466157
2025-02-10 22:48:19,4,22.2433423735263
2025-02-10 22:49:59,1,-53.1575988662238
2025-02-10 22:51:39,2,-29.363993780609
2025-02-10 22:53:19,3,-3.55971945588592
2025-02-10 22:54:59,4,22.4883029932674
2025-02-10 22:56:39,1,-52.9445542201658
2025-02-10 22:58:19,2,-29.1236533747189
2025-02-10 22:59:59,3,-3.30854035198741
2025-02-10 23:01:39,4,22.7331215646646
2025-02-10 23:03:19,1,-52.7311751475283
2025-02-10 23:04:59,2,-28.8831290080056
2025-02-10 23:06:39,3,-3.05734034954997
2025-02-10 23:08:19,4,22.9777965413107
2025-02-10 23:09:59,1,-52.5174629961296
2025-02-10 23:11:39,2,-28.6424221997517
2025-02-10 23:13:19,3,-2.80612103528915
2025-02-10 23:14:59,4,23.2223263777056
2025-02-10 23:16:39,1,-52.3034191158919
2025-02-10 23:18:19,2,-28.4015344703924
2025-02-10 23:19:59,3,-2.55488399604285
2025-02-10 23:21:39,4,23.466709529266
2025-02-10 23:23:19,1,-52.0890448588324
2025-02-10 23:24:59,2,-28.1604673415053
2025-02-10 23:26:39,3,-2.30363081876068
2025-02-10 23:28:19,4,23.710944452335
2025-02-10 23:29:59,1,-51.8743415790558
2025-02-10 23:31:39,2,-27.9192223358014
2025-02-10 23:33:19,3,-2.05236309049417
2025-02-10 23:34:59,4,23.9550296041922
2025-02-10 23:36:39,1,-51.6593106327445
2025-02-10 23:38:19,2,-27.6778009771155
2025-02-10 23:39:59,3,-1.80108239838702
2025-02-10 23:41:39,4,24.1989634430629
2025-02-10 23:43:19,1,-51.4439533781507
2025-02-10 23:44:59,2,-27.4362047903958
2025-02-10 23:46:39,3,-1.54979032966456
2025-02-10 23:48:19,4,24.4427444281287
2025-02-10 23:49:59,1,-51.2282711755881
2025-02-10 23:51:39,2,-27.1944353016955
2025-02-10 23:53:19,3,-1.298488471624
2025-02-10 23:54:59,4,24.6863710195362
2025-02-10 23:56:39,1,-51.0122653874226
2025-02-10 23:58:19,2,-26.9524940381618
2025-02-10 23:59:59,3,-1.04717841162463
2025-02-11 00:01:39,4,24.9298416784075
2025-02-11 00:03:19,1,-50.795937378064
2025-02-11 00:04:59,2,-26.7103825280272
2025-02-11 00:06:39,3,-0.795861737077182
2025-02-11 00:08:19,4,25.1731548668496
2025-02-11 00:09:59,1,-50.579288513958
2025-02-11 00:11:39,2,-26.4681023005998
2025-02-11 00:13:19,3,-0.544540035434549
2025-02-11 00:14:59,4,25.4163090479642
2025-02-11 00:16:39,1,-50.3623201635761
2025-02-11 00:18:19,2,-26.2256548862531
2025-02-11 00:19:59,3,-0.293214894181099
2025-02-11 00:21:39,4,25.6593026858573
2025-02-11 00:23:19,1,-50.1450336974087
2025-02-11 00:24:59,2,-25.9830418164165
2025-02-11 00:26:39,3,-0.0418879008229287
2025-02-11 00:28:19,4,25.902134245649
2025-02-11 00:29:59,1,-49.927430487955
2025-02-11 00:31:39,2,-25.7402646235664
2025-02-11 00:33:19,3,0.2094393571219
2025-02-11 00:34:59,4,26.1448021934832
2025-02-11 00:36:39,1,-49.7095119097151
2025-02-11 00:38:19,2,-25.4973248412152
2025-02-11 00:39:59,3,0.46076529213392
2025-02-11 00:41:39,4,26.3873049965372
2025-02-11 00:43:19,1,-49.4912793391814
2025-02-11 00:44:59,2,-25.2542240039029
2025-02-11 00:46:39,3,0.712088316702022
2025-02-11 00:48:19,4,26.6296411230317
2025-02-11 00:49:59,1,-49.2727341548292
2025-02-11 00:51:39,2,-25.0109636471862
2025-02-11 00:53:19,3,0.963406843333213
2025-02-11 00:54:59,4,26.8718090422397
2025-02-11 00:56:39,1,-49.0538777371088
2025-02-11 00:58:19,2,-24.7675453076298
2025-02-11 00:59:59,3,1.21471928456327
2025-02-11 01:01:39,4,27.1138072244973
2025-02-11 01:03:19,1,-48.8347114684362
2025-02-11 01:04:59,2,-24.5239705227964
2025-02-11 01:06:39,3,1.46602405296604
2025-02-11 01:08:19,4,27.3556341412123
2025-02-11 01:09:59,1,-48.6152367331847
2025-02-11 01:11:39,2,-24.2802408312366
2025-02-11 01:13:19,3,1.71731956116412
2025-02-11 01:14:59,4,27.5972882648745
2025-02-11 01:16:39,1,-48.395454917676
2025-02-11 01:18:19,2,-24.0363577724795
2025-02-11 01:19:59,3,1.9686042218386
2025-02-11 01:21:39,4,27.8387680690652
2025-02-11 01:23:19,1,-48.1753674101716
2025-02-11 01:24:59,2,-23.7923228870232
2025-02-11 01:26:39,3,2.2198764477388
2025-02-11 01:28:19,4,28.0800720284665
2025-02-11 01:29:59,1,-47.9549756008636
2025-02-11 01:31:39,2,-23.5481377163245
2025-02-11 01:33:19,3,2.47113465169287
2025-02-11 01:34:59,4,28.3211986188716
2025-02-11 01:36:39,1,-47.7342808818667
2025-02-11 01:38:19,2,-23.3038038027899
2025-02-11 01:39:59,3,2.72237724661753
2025-02-11 01:41:39,4,28.562146317194
2025-02-11 01:43:19,1,-47.5132846472085
2025-02-11 01:44:59,2,-23.0593226897651
2025-02-11 01:46:39,3,2.97360264552782
2025-02-11 01:48:19,4,28.8029136014769
2025-02-11 01:49:59,1,-47.2919882928213
2025-02-11 01:51:39,2,-22.8146959215255
2025-02-11 01:53:19,3,3.22480926154776
2025-02-11 01:54:59,4,29.0434989509033
2025-02-11 01:56:39,1,-47.0703932165333
2025-02-11 01:58:19,2,-22.569925043267
2025-02-11 01:59:59,3,3.47599550791966
2025-02-11 02:01:39,4,29.2839008458055
2025-02-11 02:03:19,1,-46.8485008180594
2025-02-11 02:04:59,2,-22.3250116010953
2025-02-11 02:06:39,3,3.72715979801475
2025-02-11 02:08:19,4,29.5241177676743
2025-02-11 02:09:59,1,-46.6263124989925
2025-02-11 02:11:39,2,-22.0799571420168
2025-02-11 02:13:19,3,3.97830054534297
2025-02-11 02:14:59,4,29.7641481991693
2025-02-11 02:16:39,1,-46.4038296627949
2025-02-11 02:18:19,2,-21.8347632139287
2025-02-11 02:19:59,3,4.22941616356269
2025-02-11 02:21:39,4,30.0039906241276
2025-02-11 02:23:19,1,-46.181053714789
2025-02-11 02:24:59,2,-21.5894313656092
2025-02-11 02:26:39,3,4.48050506649126
2025-02-11 02:28:19,4,30.2436435275742
2025-02-11 02:29:59,1,-45.9579860621488
2025-02-11 02:31:39,2,-21.3439631467075
2025-02-11 02:33:19,3,4.7315656681148
2025-02-11 02:34:59,4,30.4831053957311
2025-02-11 02:36:39,1,-45.734628113891
2025-02-11 02:38:19,2,-21.0983601077343
2025-02-11 02:39:59,3,4.98259638259793
2025-02-11 02:41:39,4,30.722374716027
2025-02-11 02:43:19,1,-45.5109812808654
2025-02-11 02:44:59,2,-20.8526238000519
2025-02-11 02:46:39,3,5.23359562429439
2025-02-11 02:48:19,4,30.9614499771069
2025-02-11 02:49:59,1,-45.2870469757473
2025-02-11 02:51:39,2,-20.6067557758643
2025-02-11 02:53:19,3,5.48456180775638
2025-02-11 02:54:59,4,31.2003296688414
2025-02-11 02:56:39,1,-45.0628266130274
2025-02-11 02:58:19,2,-20.3607575882077
2025-02-11 02:59:59,3,5.73549334774518
2025-02-11 03:01:39,4,31.4390122823366
2025-02-11 03:03:19,1,-44.8383216090033
2025-02-11 03:04:59,2,-20.1146307909401
2025-02-11 03:06:39,3,5.9863886592409
2025-02-11 03:08:19,4,31.6774963099435
2025-02-11 03:09:59,1,-44.6135333817707
2025-02-11 03:11:39,2,-19.8683769387325
2025-02-11 03:13:19,3,6.2372461574522
2025-02-11 03:14:59,4,31.9157802452671
2025-02-11 03:16:39,1,-44.388463351214
2025-02-11 03:18:19,2,-19.6219975870577
2025-02-11 03:19:59,3,6.48806425782687
2025-02-11 03:21:39,4,32.1538625831767
2025-02-11 03:23:19,1,-44.1631129389982
2025-02-11 03:24:59,2,-19.3754942921818
2025-02-11 03:26:39,3,6.73884137606158
2025-02-11 03:28:19,4,32.3917418198149
2025-02-11 03:29:59,1,-43.9374835685587
2025-02-11 03:31:39,2,-19.1288686111535
2025-02-11 03:33:19,3,6.98957592811155
2025-02-11 03:34:59,4,32.6294164526071
2025-02-11 03:36:39,1,-43.7115766650933
2025-02-11 03:38:19,2,-18.8821221017947
2025-02-11 03:39:59,3,7.24026633020128
2025-02-11 03:41:39,4,32.8668849802712
2025-02-11 03:43:19,1,-43.4853936555529
2025-02-11 03:44:59,2,-18.6352563226904
2025-02-11 03:46:39,3,7.49091099883375
2025-02-11 03:48:19,4,33.1041459028269
2025-02-11 03:49:59,1,-43.2589359686321
2025-02-11 03:51:39,2,-18.3882728331791
2025-02-11 03:53:19,3,7.74150835080111
2025-02-11 03:54:59,4,33.3411977216052
2025-02-11 03:56:39,1,-43.0322050347609
2025-02-11 03:58:19,2,-18.1411731933427
2025-02-11 03:59:59,3,7.99205680319436
2025-02-11 04:01:39,4,33.578038939258
2025-02-11 04:03:19,1,-42.8052022860951
2025-02-11 04:04:59,2,-17.8939589639968
2025-02-11 04:06:39,3,8.24255477341314
2025-02-11 04:08:19,4,33.8146680597675
2025-02-11 04:09:59,1,-42.5779291565073
2025-02-11 04:11:39,2,-17.6466317066808
2025-02-11 04:13:19,3,8.49300067917621
2025-02-11 04:14:59,4,34.0510835884555
2025-02-11 04:16:39,1,-42.3503870815783
2025-02-11 04:18:19,2,-17.3991929836483
2025-02-11 04:19:59,3,8.7433929385312
2025-02-11 04:21:39,4,34.2872840319932
2025-02-11 04:23:19,1,-42.1225774985872
2025-02-11 04:24:59,2,-17.1516443578565
2025-02-11 04:26:39,3,8.99372996986434
2025-02-11 04:28:19,4,34.52326789841
2025-02-11 04:29:59,1,-41.8945018465035
2025-02-11 04:31:39,2,-16.9039873929572
2025-02-11 04:33:19,3,9.24401019191106
2025-02-11 04:34:59,4,34.7590336971036
2025-02-11 04:36:39,1,-41.6661615659769
2025-02-11 04:38:19,2,-16.6562236532863
2025-02-11 04:39:59,3,9.49423202376528
2025-02-11 04:41:39,4,34.9945799388492
2025-02-11 04:43:19,1,-41.4375580993284
2025-02-11 04:44:59,2,-16.4083547038544
2025-02-11 04:46:39,3,9.74439388489
2025-02-11 04:48:19,4,35.2299051358086
2025-02-11 04:49:59,1,-41.2086928905422
2025-02-11 04:51:39,2,-16.1603821103362
2025-02-11 04:53:19,3,9.99449419512703
2025-02-11 04:54:59,4,35.4650078015401
2025-02-11 04:56:39,1,-40.979567385255
2025-02-11 04:58:19,2,-15.9123074390617
2025-02-11 04:59:59,3,10.2445313747067
2025-02-11 05:01:39,4,35.6998864510072
2025-02-11 05:03:19,1,-40.7501830307481
2025-02-11 05:04:59,2,-15.6641322570051
2025-02-11 05:06:39,3,10.4945038442584
2025-02-11 05:08:19,4,35.934539600589
2025-02-11 05:09:59,1,-40.5205412759379
2025-02-11 05:11:39,2,-15.4158581317759
2025-02-11 05:13:19,3,10.7444100248202
2025-02-11 05:14:59,4,36.1689657680886
2025-02-11 05:16:39,1,-40.2906435713663
2025-02-11 05:18:19,2,-15.1674866316084
2025-02-11 05:19:59,3,10.9942483378488
2025-02-11 05:21:39,4,36.4031634727427
2025-02-11 05:23:19,1,-40.0604913691923
2025-02-11 05:24:59,2,-14.9190193253518
2025-02-11 05:26:39,3,11.2440172052296
2025-02-11 05:28:19,4,36.6371312352316
2025-02-11 05:29:59,1,-39.8300861231824
2025-02-11 05:31:39,2,-14.6704577824609
2025-02-11 05:33:19,3,11.4937150492866
2025-02-11 05:34:59,4,36.8708675776877
2025-02-11 05:36:39,1,-39.599429288701
2025-02-11 05:38:19,2,-14.4218035729853
2025-02-11 05:39:59,3,11.7433402927927
2025-02-11 05:41:39,4,37.104371023705
2025-02-11 05:43:19,1,-39.3685223227024
2025-02-11 05:44:59,2,-14.1730582675602
2025-02-11 05:46:39,3,11.9928913589791
2025-02-11 05:48:19,4,37.3376400983492
2025-02-11 05:49:59,1,-39.1373666837203
2025-02-11 05:51:39,2,-13.9242234373962
2025-02-11 05:53:19,3,12.2423666715456
2025-02-11 05:54:59,4,37.5706733281656
2025-02-11 05:56:39,1,-38.9059638318594
2025-02-11 05:58:19,2,-13.6753006542691
2025-02-11 05:59:59,3,12.4917646546706
2025-02-11 06:01:39,4,37.80346924119
2025-02-11 06:03:19,1,-38.6743152287859
2025-02-11 06:04:59,2,-13.4262914905109
2025-02-11 06:06:39,3,12.7410837330209
2025-02-11 06:08:19,4,38.0360263669569
2025-02-11 06:09:59,1,-38.4424223377181
2025-02-11 06:11:39,2,-13.1771975189984
2025-02-11 06:13:19,3,12.9903223317616
2025-02-11 06:14:59,4,38.2683432365089
2025-02-11 06:16:39,1,-38.2102866234178
2025-02-11 06:18:19,2,-12.9280203131447
2025-02-11 06:19:59,3,13.2394788765664
2025-02-11 06:21:39,4,38.5004183824065
2025-02-11 06:23:19,1,-37.9779095521802
2025-02-11 06:24:59,2,-12.6787614468885
2025-02-11 06:26:39,3,13.488551793627
2025-02-11 06:28:19,4,38.732250338737
2025-02-11 06:29:59,1,-37.7452925918251
2025-02-11 06:31:39,2,-12.4294224946842
2025-02-11 06:33:19,3,13.7375395096635
2025-02-11 06:34:59,4,38.9638376411236
2025-02-11 06:36:39,1,-37.5124372116878
2025-02-11 06:38:19,2,-12.180005031492
2025-02-11 06:39:59,3,13.9864404519344
2025-02-11 06:41:39,4,39.1951788267352
2025-02-11 06:43:19,1,-37.2793448826094
2025-02-11 06:44:59,2,-11.9305106327684
2025-02-11 06:46:39,3,14.2352530482457
2025-02-11 06:48:19,4,39.426272434295
2025-02-11 06:49:59,1,-37.0460170769276
2025-02-11 06:51:39,2,-11.6809408744554
2025-02-11 06:53:19,3,14.4839757269621
2025-02-11 06:54:59,4,39.6571170040903
2025-02-11 06:56:39,1,-36.8124552684679
2025-02-11 06:58:19,2,-11.4312973329715
2025-02-11 06:59:59,3,14.7326069170159
2025-02-11 07:01:39,4,39.8877110779814
2025-02-11 07:03:19,1,-36.5786609325333
2025-02-11 07:04:59,2,-11.1815815852007
2025-02-11 07:06:39,3,14.9811450479173
2025-02-11 07:08:19,4,40.1180531994105
2025-02-11 07:09:59,1,-36.3446355458961
2025-02-11 07:11:39,2,-10.9317952084835
2025-02-11 07:13:19,3,15.2295885497646
2025-02-11 07:14:59,4,40.3481419134118
2025-02-11 07:16:39,1,-36.1103805867878
2025-02-11 07:18:19,2,-10.6819397806066
2025-02-11 07:19:59,3,15.4779358532533
2025-02-11 07:21:39,4,40.57797576662
2025-02-11 07:23:19,1,-35.87589753489
2025-02-11 07:24:59,2,-10.4320168797924
2025-02-11 07:26:39,3,15.726185389687
2025-02-11 07:28:19,4,40.8075533072793
2025-02-11 07:29:59,1,-35.6411878713251
2025-02-11 07:31:39,2,-10.1820280846898
2025-02-11 07:33:19,3,15.9743355909869
2025-02-11 07:34:59,4,41.0368730852535
2025-02-11 07:36:39,1,-35.406253078647
2025-02-11 07:38:19,2,-9.93197497436402
2025-02-11 07:39:59,3,16.2223848897011
2025-02-11 07:41:39,4,41.265933652034
2025-02-11 07:43:19,1,-35.1710946408313
2025-02-11 07:44:59,2,-9.68185912828629
2025-02-11 07:46:39,3,16.4703317190157
2025-02-11 07:48:19,4,41.4947335607498
2025-02-11 07:49:59,1,-34.9357140432668
2025-02-11 07:51:39,2,-9.4316821263244
2025-02-11 07:53:19,3,16.7181745127637
2025-02-11 07:54:59,4,41.7232713661765
2025-02-11 07:56:39,1,-34.700112772745
2025-02-11 07:58:19,2,-9.18144554873215
2025-02-11 07:59:59,3,16.9659117054352
2025-02-11 08:01:39,4,41.9515456247449
2025-02-11 08:03:19,1,-34.4642923174518
2025-02-11 08:04:59,2,-8.93115097613968
2025-02-11 08:06:39,3,17.2135417321876
2025-02-11 08:08:19,4,42.1795548945508
2025-02-11 08:09:59,1,-34.2282541669572
2025-02-11 08:11:39,2,-8.68079998954373
2025-02-11 08:13:19,3,17.461063028855
2025-02-11 08:14:59,4,42.4072977353639
2025-02-11 08:16:39,1,-33.9919998122065
2025-02-11 08:18:19,2,-8.43039417029702
2025-02-11 08:19:59,3,17.7084740319583
2025-02-11 08:21:39,4,42.6347727086363
2025-02-11 08:23:19,1,-33.7555307455106
2025-02-11 08:24:59,2,-8.17993510009896
2025-02-11 08:26:39,3,17.9557731787153
2025-02-11 08:28:19,4,42.8619783775128
2025-02-11 08:29:59,1,-33.5188484605368
2025-02-11 08:31:39,2,-7.92942436098509
2025-02-11 08:33:19,3,18.20295890705
2025-02-11 08:34:59,4,43.0889133068386
2025-02-11 08:36:39,1,-33.2819544522987
2025-02-11 08:38:19,2,-7.67886353531728
2025-02-11 08:39:59,3,18.450029655603
2025-02-11 08:41:39,4,43.3155760631695
2025-02-11 08:43:19,1,-33.0448502171479
2025-02-11 08:44:59,2,-7.42825420577408
2025-02-11 08:46:39,3,18.6969838637415
2025-02-11 08:48:19,4,43.5419652147804
2025-02-11 08:49:59,1,-32.8075372527635
2025-02-11 08:51:39,2,-7.17759795534011
2025-02-11 08:53:19,3,18.9438199715681
2025-02-11 08:54:59,4,43.7680793316743
2025-02-11 08:56:39,1,-32.5700170581433
2025-02-11 08:58:19,2,-6.92689636729641
2025-02-11 08:59:59,3,19.190536419932
2025-02-11 09:01:39,4,43.9939169855914
2025-02-11 09:03:19,1,-32.3322911335937
2025-02-11 09:04:59,2,-6.67615102521062
2025-02-11 09:06:39,3,19.4371316504379
2025-02-11 09:08:19,4,44.2194767500187
2025-02-11 09:09:59,1,-32.094360980721
2025-02-11 09:11:39,2,-6.42536351292644
2025-02-11 09:13:19,3,19.6836041054564
2025-02-11 09:14:59,4,44.4447572001977
2025-02-11 09:16:39,1,-31.8562281024213
2025-02-11 09:18:19,2,-6.17453541455427
2025-02-11 09:19:59,3,19.9299522281336
2025-02-11 09:21:39,4,44.6697569131351
2025-02-11 09:23:19,1,-31.6178940028714
2025-02-11 09:24:59,2,-5.92366831446061
2025-02-11 09:26:39,3,20.1761744624006
2025-02-11 09:28:19,4,44.89447446761
2025-02-11 09:29:59,1,-31.3793601875188
2025-02-11 09:31:39,2,-5.67276379725833
2025-02-11 09:33:19,3,20.4222692529842
2025-02-11 09:34:59,4,45.1189084441844
2025-02-11 09:36:39,1,-31.1406281630729
2025-02-11 09:38:19,2,-5.42182344779688
2025-02-11 09:39:59,3,20.6682350454159
2025-02-11 09:41:39,4,45.3430574252114
2025-02-11 09:43:19,1,-30.9016994374948
2025-02-11 09:44:59,2,-5.17084885115183
2025-02-11 09:46:39,3,20.914070286042
2025-02-11 09:48:19,4,45.5669199948441
2025-02-11 09:49:59,1,-30.6625755199882
2025-02-11 09:51:39,2,-4.91984159261502
2025-02-11 09:53:19,3,21.1597734220336
2025-02-11 09:54:59,4,45.7904947390448
2025-02-11 09:56:39,1,-30.4232579209899
2025-02-11 09:58:19,2,-4.66880325768492
2025-02-11 09:59:59,3,21.405342901396
2025-02-11 10:01:39,4,46.0137802455941
2025-02-11 10:03:19,1,-30.1837481521596
2025-02-11 10:04:59,2,-4.41773543205589
2025-02-11 10:06:39,3,21.650777172979
2025-02-11 10:08:19,4,46.2367751040991
2025-02-11 10:09:59,1,-29.9440477263715
2025-02-11 10:11:39,2,-4.16663970160896
2025-02-11 10:13:19,3,21.8960746864864
2025-02-11 10:14:59,4,46.4594779060034
2025-02-11 10:16:39,1,-29.7041581577036
2025-02-11 10:18:19,2,-3.91551765240114
2025-02-11 10:19:59,3,22.1412338924858
2025-02-11 10:21:39,4,46.6818872445947
2025-02-11 10:23:19,1,-29.4640809614287
2025-02-11 10:24:59,2,-3.66437087065569
2025-02-11 10:26:39,3,22.3862532424182
2025-02-11 10:28:19,4,46.9040017150151
2025-02-11 10:29:59,1,-29.2238176540051
2025-02-11 10:31:39,2,-3.41320094275235
2025-02-11 10:33:19,3,22.6311311886086
2025-02-11 10:34:59,4,47.1258199142687
2025-02-11 10:36:39,1,-28.9833697530661
2025-02-11 10:38:19,2,-3.16200945521681
2025-02-11 10:39:59,3,22.8758661842744
2025-02-11 10:41:39,4,47.3473404412312
2025-02-11 10:43:19,1,-28.7427387774117
2025-02-11 10:44:59,2,-2.91079799471094
2025-02-11 10:46:39,3,23.1204566835366
2025-02-11 10:48:19,4,47.5685618966585
2025-02-11 10:49:59,1,-28.5019262469977
2025-02-11 10:51:39,2,-2.65956814802302
2025-02-11 10:53:19,3,23.3649011414286
2025-02-11 10:54:59,4,47.7894828831959
2025-02-11 10:56:39,1,-28.2609336829269
2025-02-11 10:58:19,2,-2.40832150205714
2025-02-11 10:59:59,3,23.6091980139063
2025-02-11 11:01:39,4,48.0101020053861
2025-02-11 11:03:19,1,-28.0197626074394
2025-02-11 11:04:59,2,-2.15705964382384
2025-02-11 11:06:39,3,23.8533457578581
2025-02-11 11:08:19,4,48.230417869679
2025-02-11 11:09:59,1,-27.7784145439028
2025-02-11 11:11:39,2,-1.90578416042949
2025-02-11 11:13:19,3,24.0973428311138
2025-02-11 11:14:59,4,48.4504290844397
2025-02-11 11:16:39,1,-27.5368910168025
2025-02-11 11:18:19,2,-1.65449663906651
2025-02-11 11:19:59,3,24.3411876924556
2025-02-11 11:21:39,4,48.670134259958
2025-02-11 11:23:19,1,-27.2951935517326
2025-02-11 11:24:59,2,-1.40319866700364
2025-02-11 11:26:39,3,24.5848788016267
2025-02-11 11:28:19,4,48.8895320084565
2025-02-11 11:29:59,1,-27.0533236753854
2025-02-11 11:31:39,2,-1.15189183157536
2025-02-11 11:33:19,3,24.8284146193415
2025-02-11 11:34:59,4,49.1086209440997
2025-02-11 11:36:39,1,-26.8112829155427
2025-02-11 11:38:19,2,-0.900577720172147
2025-02-11 11:39:59,3,25.0717936072957
2025-02-11 11:41:39,4,49.3273996830029
2025-02-11 11:43:19,1,-26.5690728010654
2025-02-11 11:44:59,2,-0.649257920230682
2025-02-11 11:46:39,3,25.315014228175
2025-02-11 11:48:19,4,49.5458668432407
2025-02-11 11:49:59,1,-26.3266948618841
2025-02-11 11:51:39,2,-0.397934019223237
2025-02-11 11:53:19,3,25.5580749456659
2025-02-11 11:54:59,4,49.7640210448557
2025-02-11 11:56:39,1,-26.0841506289898
2025-02-11 11:58:19,2,-0.146607604648342
2025-02-11 11:59:59,3,25.800974224465
2025-02-11 12:01:39,4,49.9818609098675
2025-02-11 12:03:19,1,-25.8414416344236
2025-02-11 12:04:59,2,0.104719735979864
2025-02-11 12:06:39,3,26.0437105302882
2025-02-11 12:08:19,4,50.199385062281
2025-02-11 12:09:59,1,-25.5985694112673
2025-02-11 12:11:39,2,0.356046415141392
2025-02-11 12:13:19,3,26.2862823298812
2025-02-11 12:14:59,4,50.4165921280955
2025-02-11 12:16:39,1,-25.3555354936341
2025-02-11 12:18:19,2,0.607370845320165
2025-02-11 12:19:59,3,26.5286880910286
2025-02-11 12:21:39,4,50.6334807353132
2025-02-11 12:23:19,1,-25.1123414166582
2025-02-11 12:24:59,2,0.858691439014578
2025-02-11 12:26:39,3,26.7709262825638
2025-02-11 12:28:19,4,50.8500495139476
2025-02-11 12:29:59,1,-24.8689887164855
2025-02-11 12:31:39,2,1.11000660874726
2025-02-11 12:33:19,3,27.0129953743789
2025-02-11 12:34:59,4,51.0662970960327
2025-02-11 12:36:39,1,-24.6254789302641
2025-02-11 12:38:19,2,1.36131476707483
2025-02-11 12:39:59,3,27.2548938374339
2025-02-11 12:41:39,4,51.2822221156313
2025-02-11 12:43:19,1,-24.3818135961339
2025-02-11 12:44:59,2,1.61261432659856
2025-02-11 12:46:39,3,27.4966201437665
2025-02-11 12:48:19,4,51.4978232088435
2025-02-11 12:49:59,1,-24.1379942532178
2025-02-11 12:51:39,2,1.86390369997367
2025-02-11 12:53:19,3,27.7381727665022
2025-02-11 12:54:59,4,51.7130990138157
2025-02-11 12:56:39,1,-23.8940224416112
2025-02-11 12:58:19,2,2.11518129992
2025-02-11 12:59:59,3,27.9795501798632
2025-02-11 13:01:39,4,51.9280481707488
2025-02-11 13:03:19,1,-23.6498997023725
2025-02-11 13:04:59,2,2.36644553923174
2025-02-11 13:06:39,3,28.2207508591787
2025-02-11 13:08:19,4,52.1426693219072
2025-02-11 13:09:59,1,-23.4056275775139
2025-02-11 13:11:39,2,2.61769483078722
2025-02-11 13:13:19,3,28.4617732808939
2025-02-11 13:14:59,4,52.3569611116272
2025-02-11 13:16:39,1,-23.1612076099907
2025-02-11 13:18:19,2,2.86892758755945
2025-02-11 13:19:59,3,28.7026159225803
2025-02-11 13:21:39,4,52.570922186325
2025-02-11 13:23:19,1,-22.9166413436923
2025-02-11 13:24:59,2,3.12014222262589
2025-02-11 13:26:39,3,28.943277262945
2025-02-11 13:28:19,4,52.7845511945065
2025-02-11 13:29:59,1,-22.6719303234322
2025-02-11 13:31:39,2,3.3713371491782
2025-02-11 13:33:19,3,29.18375578184
2025-02-11 13:34:59,4,52.9978467867748
2025-02-11 13:36:39,1,-22.4270760949382
2025-02-11 13:38:19,2,3.62251078053286
2025-02-11 13:39:59,3,29.4240499602723
2025-02-11 13:41:39,4,53.2108076158388
2025-02-11 13:43:19,1,-22.1820802048426
2025-02-11 13:44:59,2,3.87366153014054
2025-02-11 13:46:39,3,29.6641582804135
2025-02-11 13:48:19,4,53.4234323365223
2025-02-11 13:49:59,1,-21.9369442006727
2025-02-11 13:51:39,2,4.12478781159669
2025-02-11 13:53:19,3,29.9040792256086
2025-02-11 13:54:59,4,53.6357196057719
2025-02-11 13:56:39,1,-21.6916696308406
2025-02-11 13:58:19,2,4.37588803865133
2025-02-11 13:59:59,3,30.1438112803868
2025-02-11 14:01:39,4,53.8476680826659
2025-02-11 14:03:19,1,-21.4462580446339
2025-02-11 14:04:59,2,4.62696062521876
2025-02-11 14:06:39,3,30.38335293047
2025-02-11 14:08:19,4,54.0592764284226
2025-02-11 14:09:59,1,-21.2007109922055
2025-02-11 14:11:39,2,4.87800398538817
2025-02-11 14:13:19,3,30.6227026627829
2025-02-11 14:14:59,4,54.2705433064086
2025-02-11 14:16:39,1,-20.9550300245641
2025-02-11 14:18:19,2,5.12901653343334
2025-02-11 14:19:59,3,30.8618589654628
2025-02-11 14:21:39,4,54.4814673821474
2025-02-11 14:23:19,1,-20.7092166935642
2025-02-11 14:24:59,2,5.37999668382242
2025-02-11 14:26:39,3,31.1008203278681
2025-02-11 14:28:19,4,54.6920473233281
2025-02-11 14:29:59,1,-20.4632725518963
2025-02-11 14:31:39,2,5.63094285122855
2025-02-11 14:33:19,3,31.3395852405893
2025-02-11 14:34:59,4,54.9022817998131
2025-02-11 14:36:39,1,-20.2171991530774
2025-02-11 14:38:19,2,5.88185345053917
2025-02-11 14:39:59,3,31.5781521954573
2025-02-11 14:41:39,4,55.1121694836474
2025-02-11 14:43:19,1,-19.9709980514408
2025-02-11 14:44:59,2,6.13272689686666
2025-02-11 14:46:39,3,31.8165196855535
2025-02-11 14:48:19,4,55.3217090490662
2025-02-11 14:49:59,1,-19.7246708021263
2025-02-11 14:51:39,2,6.38356160555807
2025-02-11 14:53:19,3,32.0546862052194
2025-02-11 14:54:59,4,55.5308991725037
2025-02-11 14:56:39,1,-19.478218961071
2025-02-11 14:58:19,2,6.63435599220488
2025-02-11 14:59:59,3,32.2926502500657
2025-02-11 15:01:39,4,55.7397385326015
2025-02-11 15:03:19,1,-19.2316440849983
2025-02-11 15:04:59,2,6.88510847265352
2025-02-11 15:06:39,3,32.5304103169823
2025-02-11 15:08:19,4,55.9482258102166
2025-02-11 15:09:59,1,-18.9849477314094
2025-02-11 15:11:39,2,7.13581746301514
2025-02-11 15:13:19,3,32.7679649041473
2025-02-11 15:14:59,4,56.1563596884301
2025-02-11 15:16:39,1,-18.7381314585726
2025-02-11 15:18:19,2,7.38648137967531
2025-02-11 15:19:59,3,33.0053125110368
2025-02-11 15:21:39,4,56.3641388525553
2025-02-11 15:23:19,1,-18.4911968255133
2025-02-11 15:24:59,2,7.63709863930469
2025-02-11 15:26:39,3,33.2424516384344
2025-02-11 15:28:19,4,56.5715619901461
2025-02-11 15:29:59,1,-18.2441453920051
2025-02-11 15:31:39,2,7.88766765886827
2025-02-11 15:33:19,3,33.4793807884406
2025-02-11 15:34:59,4,56.7786277910052
2025-02-11 15:36:39,1,-17.9969787185591
2025-02-11 15:38:19,2,8.13818685563604
2025-02-11 15:39:59,3,33.7160984644818
2025-02-11 15:41:39,4,56.9853349471923
2025-02-11 15:43:19,1,-17.7496983664142
2025-02-11 15:44:59,2,8.38865464719268
2025-02-11 15:46:39,3,33.9526031713207
2025-02-11 15:48:19,4,57.1916821530329
2025-02-11 15:49:59,1,-17.5023058975277
2025-02-11 15:51:39,2,8.63906945144731
2025-02-11 15:53:19,3,34.188893415065
2025-02-11 15:54:59,4,57.3976681051259
2025-02-11 15:56:39,1,-17.2548028745647
2025-02-11 15:58:19,2,8.88942968664402
2025-02-11 15:59:59,3,34.4249677031771
2025-02-11 16:01:39,4,57.6032915023518
2025-02-11 16:03:19,1,-17.007190860889
2025-02-11 16:04:59,2,9.13973377137159
2025-02-11 16:06:39,3,34.6608245444836
2025-02-11 16:08:19,4,57.8085510458818
2025-02-11 16:09:59,1,-16.7594714205525
2025-02-11 16:11:39,2,9.3899801245732
2025-02-11 16:13:19,3,34.8964624491843
2025-02-11 16:14:59,4,58.0134454391849
2025-02-11 16:16:39,1,-16.5116461182858
2025-02-11 16:18:19,2,9.64016716555705
2025-02-11 16:19:59,3,35.1318799288622
2025-02-11 16:21:39,4,58.2179733880367
2025-02-11 16:23:19,1,-16.2637165194884
2025-02-11 16:24:59,2,9.89029331400564
2025-02-11 16:26:39,3,35.3670754964927
2025-02-11 16:28:19,4,58.4221336005277
2025-02-11 16:29:59,1,-16.0156841902183
2025-02-11 16:31:39,2,10.1403569899864
2025-02-11 16:33:19,3,35.6020476664526
2025-02-11 16:34:59,4,58.6259247870709
2025-02-11 16:36:39,1,-15.7675506971823
2025-02-11 16:38:19,2,10.3903566139612
2025-02-11 16:39:59,3,35.83679495453
2025-02-11 16:41:39,4,58.8293456604103
2025-02-11 16:43:19,1,-15.5193176077267
2025-02-11 16:44:59,2,10.6402906067966
2025-02-11 16:46:39,3,36.0713158779335
2025-02-11 16:48:19,4,59.0323949356294
2025-02-11 16:49:59,1,-15.2709864898263
2025-02-11 16:51:39,2,10.8901573897735
2025-02-11 16:53:19,3,36.3056089553014
2025-02-11 16:54:59,4,59.2350713301584
2025-02-11 16:56:39,1,-15.0225589120758
2025-02-11 16:58:19,2,11.1399553845978
2025-02-11 16:59:59,3,36.5396727067114
2025-02-11 17:01:39,4,59.4373735637832
2025-02-11 17:03:19,1,-14.7740364436785
2025-02-11 17:04:59,2,11.3896830134093
2025-02-11 17:06:39,3,36.7735056536895
2025-02-11 17:08:19,4,59.6393003586527
2025-02-11 17:09:59,1,-14.5254206544373
2025-02-11 17:11:39,2,11.6393386987927
2025-02-11 17:13:19,3,37.0071063192198
2025-02-11 17:14:59,4,59.8408504392877
2025-02-11 17:16:39,1,-14.276713114745
2025-02-11 17:18:19,2,11.888920863787
2025-02-11 17:19:59,3,37.2404732277536
2025-02-11 17:21:39,4,60.0420225325884
2025-02-11 17:23:19,1,-14.0279153955733
2025-02-11 17:24:59,2,12.1384279318955
2025-02-11 17:26:39,3,37.4736049052185
2025-02-11 17:28:19,4,60.2428153678423
2025-02-11 17:29:59,1,-13.7790290684639
2025-02-11 17:31:39,2,12.3878583270962
2025-02-11 17:33:19,3,37.7064998790283
2025-02-11 17:34:59,4,60.4432276767329
2025-02-11 17:36:39,1,-13.5300557055181
2025-02-11 17:38:19,2,12.6372104738509
2025-02-11 17:39:59,3,37.9391566780916
2025-02-11 17:41:39,4,60.6432581933472
2025-02-11 17:43:19,1,-13.280996879387
2025-02-11 17:44:59,2,12.8864827971161
2025-02-11 17:46:39,3,38.1715738328218
2025-02-11 17:48:19,4,60.8429056541836
2025-02-11 17:49:59,1,-13.0318541632615
2025-02-11 17:51:39,2,13.1356737223523
2025-02-11 17:53:19,3,38.4037498751457
2025-02-11 17:54:59,4,61.0421687981602
2025-02-11 17:56:39,1,-12.7826291308625
2025-02-11 17:58:19,2,13.384781675534
2025-02-11 17:59:59,3,38.6356833385133
2025-02-11 18:01:39,4,61.2410463666228
2025-02-11 18:03:19,1,-12.5333233564305
2025-02-11 18:04:59,2,13.6338050831602
2025-02-11 18:06:39,3,38.8673727579067
2025-02-11 18:08:19,4,61.4395371033525
2025-02-11 18:09:59,1,-12.2839384147165
2025-02-11 18:11:39,2,13.8827423722636
2025-02-11 18:13:19,3,39.0988166698497
2025-02-11 18:14:59,4,61.637639754574
2025-02-11 18:16:39,1,-12.0344758809713
2025-02-11 18:18:19,2,14.131591970421
2025-02-11 18:19:59,3,39.3300136124167
2025-02-11 18:21:39,4,61.8353530689633
2025-02-11 18:23:19,1,-11.7849373309356
2025-02-11 18:24:59,2,14.3803523057632
2025-02-11 18:26:39,3,39.5609621252422
2025-02-11 18:28:19,4,62.0326757976555
2025-02-11 18:29:59,1,-11.5353243408309
2025-02-11 18:31:39,2,14.6290218069846
2025-02-11 18:33:19,3,39.7916607495299
2025-02-11 18:34:59,4,62.2296066942532
2025-02-11 18:36:39,1,-11.2856384873482
2025-02-11 18:38:19,2,14.8775989033534
2025-02-11 18:39:59,3,40.0221080280618
2025-02-11 18:41:39,4,62.4261445148337
2025-02-11 18:43:19,1,-11.0358813476392
2025-02-11 18:44:59,2,15.1260820247218
2025-02-11 18:46:39,3,40.2523025052077
2025-02-11 18:48:19,4,62.6222880179574
2025-02-11 18:49:59,1,-10.7860544993058
2025-02-11 18:51:39,2,15.3744696015352
2025-02-11 18:53:19,3,40.4822427269342
2025-02-11 18:54:59,4,62.8180359646753
2025-02-11 18:56:39,1,-10.5361595203899
2025-02-11 18:58:19,2,15.6227600648428
2025-02-11 18:59:59,3,40.7119272408138
2025-02-11 19:01:39,4,63.0133871185368
2025-02-11 19:03:19,1,-10.2861979893642
2025-02-11 19:04:59,2,15.8709518463068
2025-02-11 19:06:39,3,40.9413545960345
2025-02-11 19:08:19,4,63.2083402455982
2025-02-11 19:09:59,1,-10.0361714851216
2025-02-11 19:11:39,2,16.1190433782133
2025-02-11 19:13:19,3,41.1705233434082
2025-02-11 19:14:59,4,63.4028941144293
2025-02-11 19:16:39,1,-9.78608158696521
2025-02-11 19:18:19,2,16.3670330934813
2025-02-11 19:19:59,3,41.3994320353807
2025-02-11 19:21:39,4,63.5970474961222
2025-02-11 19:23:19,1,-9.53592987459895
2025-02-11 19:24:59,2,16.6149194256728
2025-02-11 19:26:39,3,41.6280792260401
2025-02-11 19:28:19,4,63.7907991642986
2025-02-11 19:29:59,1,-9.28571792811682
2025-02-11 19:31:39,2,16.8627008090032
2025-02-11 19:33:19,3,41.8564634711266
2025-02-11 19:34:59,4,63.9841478951178
2025-02-11 19:36:39,1,-9.03544732799362
2025-02-11 19:38:19,2,17.1103756783506
2025-02-11 19:39:59,3,42.0845833280412
2025-02-11 19:41:39,4,64.177092467284
2025-02-11 19:43:19,1,-8.78511965507442
2025-02-11 19:44:59,2,17.3579424692658
2025-02-11 19:46:39,3,42.3124373558549
2025-02-11 19:48:19,4,64.3696316620544
2025-02-11 19:49:59,1,-8.53473649056474
2025-02-11 19:51:39,2,17.6053996179826
2025-02-11 19:53:19,3,42.5400241153177
2025-02-11 19:54:59,4,64.5617642632469
2025-02-11 19:56:39,1,-8.28429941602092
2025-02-11 19:58:19,2,17.8527455614268
2025-02-11 19:59:59,3,42.7673421688682
2025-02-11 20:01:39,4,64.7534890572476
2025-02-11 20:03:19,1,-8.03381001333953
2025-02-11 20:04:59,2,18.0999787372273
2025-02-11 20:06:39,3,42.9943900806417
2025-02-11 20:08:19,4,64.9448048330183
2025-02-11 20:09:59,1,-7.78326986474771
2025-02-11 20:11:39,2,18.347097583725
2025-02-11 20:13:19,3,43.2211664164805
2025-02-11 20:14:59,4,65.1357103821047
2025-02-11 20:16:39,1,-7.53268055279336
2025-02-11 20:18:19,2,18.5941005399828
2025-02-11 20:19:59,3,43.4476697439417
2025-02-11 20:21:39,4,65.3262044986437
2025-02-11 20:23:19,1,-7.2820436603346
2025-02-11 20:24:59,2,18.8409860457958
2025-02-11 20:26:39,3,43.6738986323074
2025-02-11 20:28:19,4,65.5162859793708
2025-02-11 20:29:59,1,-7.03136077053045
2025-02-11 20:31:39,2,19.0877525417011
2025-02-11 20:33:19,3,43.899851652593
2025-02-11 20:34:59,4,65.7059536236281
2025-02-11 20:36:39,1,-6.78063346683017
2025-02-11 20:38:19,2,19.3343984689873
2025-02-11 20:39:59,3,44.1255273775563
2025-02-11 20:41:39,4,65.8952062333717
2025-02-11 20:43:19,1,-6.52986333296362
2025-02-11 20:44:59,2,19.5809222697047
2025-02-11 20:46:39,3,44.3509243817068
2025-02-11 20:48:19,4,66.0840426131791
2025-02-11 20:49:59,1,-6.27905195293142
2025-02-11 20:51:39,2,19.8273223866749
2025-02-11 20:53:19,3,44.5760412413147
2025-02-11 20:54:59,4,66.2724615702573
2025-02-11 20:56:39,1,-6.02820091099437
2025-02-11 20:58:19,2,20.0735972635009
2025-02-11 20:59:59,3,44.8008765344192
2025-02-11 21:01:39,4,66.4604619144497
2025-02-11 21:03:19,1,-5.77731179166419
2025-02-11 21:04:59,2,20.3197453445768
2025-02-11 21:06:39,3,45.0254288408387
2025-02-11 21:08:19,4,66.6480424582439
2025-02-11 21:09:59,1,-5.52638617969281
2025-02-11 21:11:39,2,20.5657650750975
2025-02-11 21:13:19,3,45.2496967421787
2025-02-11 21:14:59,4,66.8352020167793
2025-02-11 21:16:39,1,-5.27542566006268
2025-02-11 21:18:19,2,20.8116549010686
2025-02-11 21:19:59,3,45.4736788218412
2025-02-11 21:21:39,4,67.0219394078543
2025-02-11 21:23:19,1,-5.02443181797702
2025-02-11 21:24:59,2,21.0574132693165
2025-02-11 21:26:39,3,45.6973736650337
2025-02-11 21:28:19,4,67.2082534519342
2025-02-11 21:29:59,1,-4.77340623884927
2025-02-11 21:31:39,2,21.3030386274975
2025-02-11 21:33:19,3,45.920779858778
2025-02-11 21:34:59,4,67.3941429721581
2025-02-11 21:36:39,1,-4.52235050829331
2025-02-11 21:38:19,2,21.5485294241087
2025-02-11 21:39:59,3,46.1438959919191
2025-02-11 21:41:39,4,67.5796067943469
2025-02-11 21:43:19,1,-4.27126621211377
2025-02-11 21:44:59,2,21.7938841084964
2025-02-11 21:46:39,3,46.3667206551343
2025-02-11 21:48:19,4,67.7646437470102
2025-02-11 21:49:59,1,-4.02015493629534
2025-02-11 21:51:39,2,22.0391011308674
2025-02-11 21:53:19,3,46.5892524409419
2025-02-11 21:54:59,4,67.949252661354
2025-02-11 21:56:39,1,-3.76901826699351
2025-02-11 21:58:19,2,22.2841789422976
2025-02-11 21:59:59,3,46.8114899437103
2025-02-11 22:01:39,4,68.1334323712882
2025-02-11 22:03:19,1,-3.51785779052387
2025-02-11 22:04:59,2,22.5291159947423
2025-02-11 22:06:39,3,47.0334317596665
2025-02-11 22:08:19,4,68.3171817134336
2025-02-11 22:09:59,1,-3.26667509335241
2025-02-11 22:11:39,2,22.7739107410459
2025-02-11 22:13:19,3,47.2550764869053
2025-02-11 22:14:59,4,68.5004995271294
2025-02-11 22:16:39,1,-3.01547176208574
2025-02-11 22:18:19,2,23.018561634952
2025-02-11 22:19:59,3,47.4764227253985
2025-02-11 22:21:39,4,68.6833846544408
2025-02-11 22:23:19,1,-2.76424938346054
2025-02-11 22:24:59,2,23.2630671311122
2025-02-11 22:26:39,3,47.6974690770025
2025-02-11 22:28:19,4,68.8658359401658
2025-02-11 22:29:59,1,-2.51300954433379
2025-02-11 22:31:39,2,23.5074256850973
2025-02-11 22:33:19,3,47.9182141454687
2025-02-11 22:34:59,4,69.047852231843
2025-02-11 22:36:39,1,-2.26175383167305
2025-02-11 22:38:19,2,23.7516357534056
2025-02-11 22:39:59,3,48.1386565364513
2025-02-11 22:41:39,4,69.2294323797586
2025-02-11 22:43:19,1,-2.01048383254578
2025-02-11 22:44:59,2,23.9956957934736
2025-02-11 22:46:39,3,48.3587948575161
2025-02-11 22:48:19,4,69.4105752369536
2025-02-11 22:49:59,1,-1.75920113411003
2025-02-11 22:51:39,2,24.2396042636857
2025-02-11 22:53:19,3,48.5786277181501
2025-02-11 22:54:59,4,69.5912796592313
2025-02-11 22:56:39,1,-1.5079073236038
2025-02-11 22:58:19,2,24.483359623383
2025-02-11 22:59:59,3,48.7981537297692
2025-02-11 23:01:39,4,69.7715445051645
2025-02-11 23:03:19,1,-1.2566039883353
2025-02-11 23:04:59,2,24.7269603328746
2025-02-11 23:06:39,3,49.017371505728
2025-02-11 23:08:19,4,69.9513686361023
2025-02-11 23:09:59,1,-1.00529271567313
2025-02-11 23:11:39,2,24.9704048534458
2025-02-11 23:13:19,3,49.2362796613279
2025-02-11 23:14:59,4,70.1307509161778
2025-02-11 23:16:39,1,-0.753975093035811
2025-02-11 23:18:19,2,25.2136916473686
2025-02-11 23:19:59,3,49.4548768138259
2025-02-11 23:21:39,4,70.309690212315
2025-02-11 23:23:19,1,-0.502652707881933
2025-02-11 23:24:59,2,25.4568191779117
2025-02-11 23:26:39,3,49.6731615824436
2025-02-11 23:28:19,4,70.4881853942361
2025-02-11 23:29:59,1,-0.251327147700453
2025-02-11 23:31:39,2,25.6997859093492
2025-02-11 23:33:19,3,49.8911325883759
2025-02-11 23:34:59,4,70.6662353344685
