Timestamp,Voltage_mV
2025-04-27 11:20:27.019,1,12.84
2025-04-27 11:20:27.023,1,16.54
2025-04-27 11:20:27.027,1,20.61
2025-04-27 11:20:27.031,1,25.0
2025-04-27 11:20:27.035,1,29.66
2025-04-27 11:20:27.039,1,34.55
2025-04-27 11:20:27.043,1,39.6
2025-04-27 11:20:27.047,1,44.77
2025-04-27 11:20:27.051,1,50.0
2025-04-27 11:20:27.055,1,55.23
2025-04-27 11:20:27.059,1,60.4
2025-04-27 11:20:27.063,1,65.45
2025-04-27 11:20:27.067,1,70.34
2025-04-27 11:20:27.071,1,75.0
2025-04-27 11:20:27.075,1,79.39
2025-04-27 11:20:27.079,1,83.46
2025-04-27 11:20:27.083,1,87.16
2025-04-27 11:20:27.087,1,90.45
2025-04-27 11:20:27.091,1,93.3
2025-04-27 11:20:27.095,1,95.68
2025-04-27 11:20:27.099,1,97.55
2025-04-27 11:20:27.103,1,98.91
2025-04-27 11:20:27.107,1,99.73
2025-04-27 11:20:27.111,1,100.0
2025-04-27 11:20:27.115,1,99.73
2025-04-27 11:20:27.119,1,98.91
2025-04-27 11:20:27.123,1,97.55
2025-04-27 11:20:27.127,1,95.68
2025-04-27 11:20:27.131,1,93.3
2025-04-27 11:20:27.135,1,90.45
2025-04-27 11:20:27.139,1,87.16
2025-04-27 11:20:27.143,1,83.46
2025-04-27 11:20:27.147,1,79.39
2025-04-27 11:20:27.151,1,75.0
2025-04-27 11:20:27.155,1,70.34
2025-04-27 11:20:27.159,1,65.45
2025-04-27 11:20:27.163,1,60.4
2025-04-27 11:20:27.167,1,55.23
2025-04-27 11:20:27.171,1,50.0
2025-04-27 11:20:27.175,1,44.77
2025-04-27 11:20:27.179,1,39.6
2025-04-27 11:20:27.183,1,34.55
2025-04-27 11:20:27.187,1,29.66
2025-04-27 11:20:27.191,1,25.0
2025-04-27 11:20:27.195,1,20.61
2025-04-27 11:20:27.199,1,16.54
2025-04-27 11:20:27.203,1,12.84
2025-04-27 11:20:27.207,1,9.55
2025-04-27 11:20:27.211,1,6.7
2025-04-27 11:20:27.215,1,4.32
2025-04-27 11:20:27.219,1,2.45
2025-04-27 11:20:27.223,1,1.09
2025-04-27 11:20:27.227,1,0.27
2025-04-27 11:20:27.231,1,0.0
2025-04-27 11:20:27.235,1,0.27
2025-04-27 11:20:27.239,1,1.09
2025-04-27 11:20:27.243,1,2.45
2025-04-27 11:20:27.247,1,4.32
2025-04-27 11:20:27.251,1,6.7
2025-04-27 11:20:27.255,1,9.55
2025-04-27 11:20:27.259,1,12.84
2025-04-27 11:20:27.263,1,16.54
2025-04-27 11:20:27.267,1,20.61
2025-04-27 11:20:27.271,1,25.0
2025-04-27 11:20:27.275,1,29.66
2025-04-27 11:20:27.279,1,34.55
2025-04-27 11:20:27.283,1,39.6
2025-04-27 11:20:27.287,1,44.77
2025-04-27 11:20:27.291,1,50.0
2025-04-27 11:20:27.295,1,55.23
2025-04-27 11:20:27.299,1,60.4
2025-04-27 11:20:27.303,1,65.45
2025-04-27 11:20:27.307,1,70.34
2025-04-27 11:20:27.311,1,75.0
2025-04-27 11:20:27.315,1,79.39
2025-04-27 11:20:27.319,1,83.46
2025-04-27 11:20:27.323,1,87.16
2025-04-27 11:20:27.327,1,90.45
2025-04-27 11:20:27.331,1,93.3
2025-04-27 11:20:27.335,1,95.68
2025-04-27 11:20:27.339,1,97.55
2025-04-27 11:20:27.343,1,98.91
2025-04-27 11:20:27.347,1,99.73
2025-04-27 11:20:27.351,1,100.0
2025-04-27 11:20:27.355,1,99.73
2025-04-27 11:20:27.359,1,98.91
2025-04-27 11:20:27.363,1,97.55
2025-04-27 11:20:27.367,1,95.68
2025-04-27 11:20:27.371,1,93.3
2025-04-27 11:20:27.375,1,90.45
2025-04-27 11:20:27.379,1,87.16
2025-04-27 11:20:27.383,1,83.46
2025-04-27 11:20:27.387,1,79.39
2025-04-27 11:20:27.391,1,75.0
2025-04-27 11:20:27.395,1,70.34
2025-04-27 11:20:27.399,1,65.45
2025-04-27 11:20:27.403,1,60.4
2025-04-27 11:20:27.407,1,55.23
2025-04-27 11:20:27.411,1,50.0
2025-04-27 11:20:27.415,1,44.77
2025-04-27 11:20:27.419,1,39.6
2025-04-27 11:20:27.423,1,34.55
2025-04-27 11:20:27.427,1,29.66
2025-04-27 11:20:27.431,1,25.0
2025-04-27 11:20:27.435,1,20.61
2025-04-27 11:20:27.439,1,16.54
2025-04-27 11:20:27.443,1,12.84
2025-04-27 11:20:27.447,1,9.55
2025-04-27 11:20:27.451,1,6.7
2025-04-27 11:20:27.455,1,4.32
2025-04-27 11:20:27.459,1,2.45
2025-04-27 11:20:27.463,1,1.09
2025-04-27 11:20:27.467,1,0.27
2025-04-27 11:20:27.471,1,0.0
2025-04-27 11:20:27.475,1,0.27
2025-04-27 11:20:27.479,1,1.09
2025-04-27 11:20:27.483,1,2.45
2025-04-27 11:20:27.487,1,4.32
2025-04-27 11:20:27.491,1,6.7
2025-04-27 11:20:27.495,1,9.55
2025-04-27 11:20:27.499,1,12.84
2025-04-27 11:20:27.503,1,16.54
2025-04-27 11:20:27.507,1,20.61
2025-04-27 11:20:27.511,1,25.0
2025-04-27 11:20:27.515,1,29.66
2025-04-27 11:20:27.519,1,34.55
2025-04-27 11:20:27.523,1,39.6
2025-04-27 11:20:27.527,1,44.77
2025-04-27 11:20:27.531,1,50.0
2025-04-27 11:20:27.535,1,55.23
2025-04-27 11:20:27.539,1,60.4
2025-04-27 11:20:27.543,1,65.45
2025-04-27 11:20:27.547,1,70.34
2025-04-27 11:20:27.551,1,75.0
2025-04-27 11:20:27.555,1,79.39
2025-04-27 11:20:27.559,1,83.46
2025-04-27 11:20:27.563,1,87.16
2025-04-27 11:20:27.567,1,90.45
2025-04-27 11:20:27.571,1,93.3
2025-04-27 11:20:27.575,1,95.68
2025-04-27 11:20:27.579,1,97.55
2025-04-27 11:20:27.583,1,98.91
2025-04-27 11:20:27.587,1,99.73
2025-04-27 11:20:27.591,1,100.0
2025-04-27 11:20:27.595,1,99.73
2025-04-27 11:20:27.599,1,98.91
2025-04-27 11:20:27.603,1,97.55
2025-04-27 11:20:27.607,1,95.68
2025-04-27 11:20:27.611,1,93.3
2025-04-27 11:20:27.615,1,90.45
2025-04-27 11:20:27.619,1,87.16
2025-04-27 11:20:27.623,1,83.46
2025-04-27 11:20:27.627,1,79.39
2025-04-27 11:20:27.631,1,75.0
2025-04-27 11:20:27.635,1,70.34
2025-04-27 11:20:27.639,1,65.45
2025-04-27 11:20:27.643,1,60.4
2025-04-27 11:20:27.647,1,55.23
2025-04-27 11:20:27.651,1,50.0
2025-04-27 11:20:27.655,1,44.77
2025-04-27 11:20:27.659,1,39.6
2025-04-27 11:20:27.663,1,34.55
2025-04-27 11:20:27.667,1,29.66
2025-04-27 11:20:27.671,1,25.0
2025-04-27 11:20:27.675,1,20.61
2025-04-27 11:20:27.679,1,16.54
2025-04-27 11:20:27.683,1,12.84
2025-04-27 11:20:27.687,1,9.55
2025-04-27 11:20:27.691,1,6.7
2025-04-27 11:20:27.695,1,4.32
2025-04-27 11:20:27.699,1,2.45
2025-04-27 11:20:27.703,1,1.09
2025-04-27 11:20:27.707,1,0.27
2025-04-27 11:20:27.711,1,0.0
2025-04-27 11:20:27.715,1,0.27
2025-04-27 11:20:27.719,1,1.09
2025-04-27 11:20:27.723,1,2.45
2025-04-27 11:20:27.727,1,4.32
2025-04-27 11:20:27.731,1,6.7
2025-04-27 11:20:27.735,1,9.55
2025-04-27 11:20:27.739,1,12.84
2025-04-27 11:20:27.743,1,16.54
2025-04-27 11:20:27.747,1,20.61
2025-04-27 11:20:27.751,1,25.0
2025-04-27 11:20:27.755,1,29.66
2025-04-27 11:20:27.759,1,34.55
2025-04-27 11:20:27.763,1,39.6
2025-04-27 11:20:27.767,1,44.77
2025-04-27 11:20:27.771,1,50.0
2025-04-27 11:20:27.775,1,55.23
2025-04-27 11:20:27.779,1,60.4
2025-04-27 11:20:27.783,1,65.45
2025-04-27 11:20:27.787,1,70.34
2025-04-27 11:20:27.791,1,75.0
2025-04-27 11:20:27.795,1,79.39
2025-04-27 11:20:27.799,1,83.46
2025-04-27 11:20:27.803,1,87.16
2025-04-27 11:20:27.807,1,90.45
2025-04-27 11:20:27.811,1,93.3
2025-04-27 11:20:27.815,1,95.68
2025-04-27 11:20:27.819,1,97.55
2025-04-27 11:20:27.823,1,98.91
2025-04-27 11:20:27.827,1,99.73
2025-04-27 11:20:27.831,1,100.0
2025-04-27 11:20:27.835,1,99.73
2025-04-27 11:20:27.839,1,98.91
2025-04-27 11:20:27.843,1,97.55
2025-04-27 11:20:27.847,1,95.68
2025-04-27 11:20:27.851,1,93.3
2025-04-27 11:20:27.855,1,90.45
2025-04-27 11:20:27.859,1,87.16
2025-04-27 11:20:27.863,1,83.46
2025-04-27 11:20:27.867,1,79.39
2025-04-27 11:20:27.871,1,75.0
2025-04-27 11:20:27.875,1,70.34
2025-04-27 11:20:27.879,1,65.45
2025-04-27 11:20:27.883,1,60.4
2025-04-27 11:20:27.887,1,55.23
2025-04-27 11:20:27.891,1,50.0
2025-04-27 11:20:27.895,1,44.77
2025-04-27 11:20:27.899,1,39.6
2025-04-27 11:20:27.903,1,34.55
2025-04-27 11:20:27.907,1,29.66
2025-04-27 11:20:27.911,1,25.0
2025-04-27 11:20:27.915,1,20.61
2025-04-27 11:20:27.919,1,16.54
2025-04-27 11:20:27.923,1,12.84
2025-04-27 11:20:27.927,1,9.55
2025-04-27 11:20:27.931,1,6.7
2025-04-27 11:20:27.935,1,4.32
2025-04-27 11:20:27.939,1,2.45
2025-04-27 11:20:27.943,1,1.09
2025-04-27 11:20:27.947,1,0.27
2025-04-27 11:20:27.951,1,0.0
2025-04-27 11:20:27.955,1,0.27
2025-04-27 11:20:27.959,1,1.09
2025-04-27 11:20:27.963,1,2.45
2025-04-27 11:20:27.967,1,4.32
2025-04-27 11:20:27.971,1,6.7
2025-04-27 11:20:27.975,1,9.55
2025-04-27 11:20:27.979,1,12.84
2025-04-27 11:20:27.983,1,16.54
2025-04-27 11:20:27.987,1,20.61
2025-04-27 11:20:27.991,1,25.0
2025-04-27 11:20:27.995,1,29.66
2025-04-27 11:20:27.999,1,34.55
2025-04-27 11:20:28.003,1,39.6
2025-04-27 11:20:28.007,1,44.77
2025-04-27 11:20:28.011,1,50.0
2025-04-27 11:20:28.015,1,55.23
2025-04-27 11:20:28.019,1,60.4
2025-04-27 11:20:28.023,1,65.45
2025-04-27 11:20:28.027,1,70.34
2025-04-27 11:20:28.031,1,75.0
2025-04-27 11:20:28.035,1,79.39
2025-04-27 11:20:28.039,1,83.46
2025-04-27 11:20:28.043,1,87.16
2025-04-27 11:20:28.047,1,90.45
2025-04-27 11:20:28.051,1,93.3
2025-04-27 11:20:28.055,1,95.68
2025-04-27 11:20:28.059,1,97.55
2025-04-27 11:20:28.063,1,98.91
2025-04-27 11:20:28.067,1,99.73
2025-04-27 11:20:28.071,1,100.0
2025-04-27 11:20:28.075,1,99.73
2025-04-27 11:20:28.079,1,98.91
2025-04-27 11:20:28.083,1,97.55
2025-04-27 11:20:28.087,1,95.68
2025-04-27 11:20:28.091,1,93.3
2025-04-27 11:20:28.095,1,90.45
2025-04-27 11:20:28.099,1,87.16
2025-04-27 11:20:28.103,1,83.46
2025-04-27 11:20:28.107,1,79.39
2025-04-27 11:20:28.111,1,75.0
2025-04-27 11:20:28.115,1,70.34
2025-04-27 11:20:28.119,1,65.45
2025-04-27 11:20:28.123,1,60.4
2025-04-27 11:20:28.127,1,55.23
2025-04-27 11:20:28.131,1,50.0
2025-04-27 11:20:28.135,1,44.77
2025-04-27 11:20:28.139,1,39.6
2025-04-27 11:20:28.143,1,34.55
2025-04-27 11:20:28.147,1,29.66
2025-04-27 11:20:28.151,1,25.0
2025-04-27 11:20:28.155,1,20.61
2025-04-27 11:20:28.159,1,16.54
2025-04-27 11:20:28.163,1,12.84
2025-04-27 11:20:28.167,1,9.55
2025-04-27 11:20:28.171,1,6.7
2025-04-27 11:20:28.175,1,4.32
2025-04-27 11:20:28.179,1,2.45
2025-04-27 11:20:28.183,1,1.09
2025-04-27 11:20:28.187,1,0.27
2025-04-27 11:20:28.191,1,0.0
2025-04-27 11:20:28.195,1,0.27
2025-04-27 11:20:28.199,1,1.09
2025-04-27 11:20:28.203,1,2.45
2025-04-27 11:20:28.207,1,4.32
2025-04-27 11:20:28.211,1,6.7
2025-04-27 11:20:28.215,1,9.55
2025-04-27 11:20:28.219,1,12.84
2025-04-27 11:20:28.223,1,16.54
2025-04-27 11:20:28.227,1,20.61
2025-04-27 11:20:28.231,1,25.0
2025-04-27 11:20:28.235,1,29.66
2025-04-27 11:20:28.239,1,34.55
2025-04-27 11:20:28.243,1,39.6
2025-04-27 11:20:28.247,1,44.77
2025-04-27 11:20:28.251,1,50.0
2025-04-27 11:20:28.255,1,55.23
2025-04-27 11:20:28.259,1,60.4
2025-04-27 11:20:28.263,1,65.45
2025-04-27 11:20:28.267,1,70.34
2025-04-27 11:20:28.271,1,75.0
2025-04-27 11:20:28.275,1,79.39
2025-04-27 11:20:28.279,1,83.46
2025-04-27 11:20:28.283,1,87.16
2025-04-27 11:20:28.287,1,90.45
2025-04-27 11:20:28.291,1,93.3
2025-04-27 11:20:28.295,1,95.68
2025-04-27 11:20:28.299,1,97.55
2025-04-27 11:20:28.303,1,98.91
2025-04-27 11:20:28.307,1,99.73
2025-04-27 11:20:28.311,1,100.0
2025-04-27 11:20:28.315,1,99.73
2025-04-27 11:20:28.319,1,98.91
2025-04-27 11:20:28.323,1,97.55
2025-04-27 11:20:28.327,1,95.68
2025-04-27 11:20:28.331,1,93.3
2025-04-27 11:20:28.335,1,90.45
2025-04-27 11:20:28.339,1,87.16
2025-04-27 11:20:28.343,1,83.46
2025-04-27 11:20:28.347,1,79.39
2025-04-27 11:20:28.351,1,75.0
2025-04-27 11:20:28.355,1,70.34
2025-04-27 11:20:28.359,1,65.45
2025-04-27 11:20:28.363,1,60.4
2025-04-27 11:20:28.367,1,55.23
2025-04-27 11:20:28.371,1,50.0
2025-04-27 11:20:28.375,1,44.77
2025-04-27 11:20:28.379,1,39.6
2025-04-27 11:20:28.383,1,34.55
2025-04-27 11:20:28.387,1,29.66
2025-04-27 11:20:28.391,1,25.0
2025-04-27 11:20:28.395,1,20.61
2025-04-27 11:20:28.399,1,16.54
2025-04-27 11:20:28.403,1,12.84
2025-04-27 11:20:28.407,1,9.55
2025-04-27 11:20:28.411,1,6.7
2025-04-27 11:20:28.415,1,4.32
2025-04-27 11:20:28.419,1,2.45
2025-04-27 11:20:28.423,1,1.09
2025-04-27 11:20:28.427,1,0.27
2025-04-27 11:20:28.431,1,0.0
2025-04-27 11:20:28.435,1,0.27
2025-04-27 11:20:28.439,1,1.09
2025-04-27 11:20:28.443,1,2.45
2025-04-27 11:20:28.447,1,4.32
2025-04-27 11:20:28.451,1,6.7
2025-04-27 11:20:28.455,1,9.55
2025-04-27 11:20:28.459,1,12.84
2025-04-27 11:20:28.463,1,16.54
2025-04-27 11:20:28.467,1,20.61
2025-04-27 11:20:28.471,1,25.0
2025-04-27 11:20:28.475,1,29.66
2025-04-27 11:20:28.479,1,34.55
2025-04-27 11:20:28.483,1,39.6
2025-04-27 11:20:28.487,1,44.77
2025-04-27 11:20:28.491,1,50.0
2025-04-27 11:20:28.495,1,55.23
2025-04-27 11:20:28.499,1,60.4
2025-04-27 11:20:28.503,1,65.45
2025-04-27 11:20:28.507,1,70.34
2025-04-27 11:20:28.511,1,75.0
2025-04-27 11:20:28.515,1,79.39
2025-04-27 11:20:28.519,1,83.46
2025-04-27 11:20:28.523,1,87.16
2025-04-27 11:20:28.527,1,90.45
2025-04-27 11:20:28.531,1,93.3
2025-04-27 11:20:28.535,1,95.68
2025-04-27 11:20:28.539,1,97.55
2025-04-27 11:20:28.543,1,98.91
2025-04-27 11:20:28.547,1,99.73
2025-04-27 11:20:28.551,1,100.0
2025-04-27 11:20:28.555,1,99.73
2025-04-27 11:20:28.559,1,98.91
2025-04-27 11:20:28.563,1,97.55
2025-04-27 11:20:28.567,1,95.68
2025-04-27 11:20:28.571,1,93.3
2025-04-27 11:20:28.575,1,90.45
2025-04-27 11:20:28.579,1,87.16
2025-04-27 11:20:28.583,1,83.46
2025-04-27 11:20:28.587,1,79.39
2025-04-27 11:20:28.591,1,75.0
2025-04-27 11:20:28.595,1,70.34
2025-04-27 11:20:28.599,1,65.45
2025-04-27 11:20:28.603,1,60.4
2025-04-27 11:20:28.607,1,55.23
2025-04-27 11:20:28.611,1,50.0
2025-04-27 11:20:28.615,1,44.77
2025-04-27 11:20:28.619,1,39.6
2025-04-27 11:20:28.623,1,34.55
2025-04-27 11:20:28.627,1,29.66
2025-04-27 11:20:28.631,1,25.0
2025-04-27 11:20:28.635,1,20.61
2025-04-27 11:20:28.639,1,16.54
2025-04-27 11:20:28.643,1,12.84
2025-04-27 11:20:28.647,1,9.55
2025-04-27 11:20:28.651,1,6.7
2025-04-27 11:20:28.655,1,4.32
2025-04-27 11:20:28.659,1,2.45
2025-04-27 11:20:28.663,1,1.09
2025-04-27 11:20:28.667,1,0.27
2025-04-27 11:20:28.671,1,0.0
2025-04-27 11:20:28.675,1,0.27
2025-04-27 11:20:28.679,1,1.09
2025-04-27 11:20:28.683,1,2.45
2025-04-27 11:20:28.687,1,4.32
2025-04-27 11:20:28.691,1,6.7
2025-04-27 11:20:28.695,1,9.55
2025-04-27 11:20:28.699,1,12.84
2025-04-27 11:20:28.703,1,16.54
2025-04-27 11:20:28.707,1,20.61
2025-04-27 11:20:28.711,1,25.0
2025-04-27 11:20:28.715,1,29.66
2025-04-27 11:20:28.719,1,34.55
2025-04-27 11:20:28.723,1,39.6
2025-04-27 11:20:28.727,1,44.77
2025-04-27 11:20:28.731,1,50.0
2025-04-27 11:20:28.735,1,55.23
2025-04-27 11:20:28.739,1,60.4
2025-04-27 11:20:28.743,1,65.45
2025-04-27 11:20:28.747,1,70.34
2025-04-27 11:20:28.751,1,75.0
2025-04-27 11:20:28.755,1,79.39
2025-04-27 11:20:28.759,1,83.46
2025-04-27 11:20:28.763,1,87.16
2025-04-27 11:20:28.767,1,90.45
2025-04-27 11:20:28.771,1,93.3
2025-04-27 11:20:28.775,1,95.68
2025-04-27 11:20:28.779,1,97.55
2025-04-27 11:20:28.783,1,98.91
2025-04-27 11:20:28.787,1,99.73
2025-04-27 11:20:28.791,1,100.0
2025-04-27 11:20:28.795,1,99.73
2025-04-27 11:20:28.799,1,98.91
2025-04-27 11:20:28.803,1,97.55
2025-04-27 11:20:28.807,1,95.68
2025-04-27 11:20:28.811,1,93.3
2025-04-27 11:20:28.815,1,90.45
2025-04-27 11:20:28.819,1,87.16
2025-04-27 11:20:28.823,1,83.46
2025-04-27 11:20:28.827,1,79.39
2025-04-27 11:20:28.831,1,75.0
2025-04-27 11:20:28.835,1,70.34
2025-04-27 11:20:28.839,1,65.45
2025-04-27 11:20:28.843,1,60.4
2025-04-27 11:20:28.847,1,55.23
2025-04-27 11:20:28.851,1,50.0
2025-04-27 11:20:28.855,1,44.77
2025-04-27 11:20:28.859,1,39.6
2025-04-27 11:20:28.863,1,34.55
2025-04-27 11:20:28.867,1,29.66
2025-04-27 11:20:28.871,1,25.0
2025-04-27 11:20:28.875,1,20.61
2025-04-27 11:20:28.879,1,16.54
2025-04-27 11:20:28.883,1,12.84
2025-04-27 11:20:28.887,1,9.55
2025-04-27 11:20:28.891,1,6.7
2025-04-27 11:20:28.895,1,4.32
2025-04-27 11:20:28.899,1,2.45
2025-04-27 11:20:28.903,1,1.09
2025-04-27 11:20:28.907,1,0.27
2025-04-27 11:20:28.911,1,0.0
2025-04-27 11:20:28.915,1,0.27
2025-04-27 11:20:28.919,1,1.09
2025-04-27 11:20:28.923,1,2.45
2025-04-27 11:20:28.927,1,4.32
2025-04-27 11:20:28.931,1,6.7
2025-04-27 11:20:28.935,1,9.55
2025-04-27 11:20:28.939,1,12.84
2025-04-27 11:20:28.943,1,16.54
2025-04-27 11:20:28.947,1,20.61
2025-04-27 11:20:28.951,1,25.0
2025-04-27 11:20:28.955,1,29.66
2025-04-27 11:20:28.959,1,34.55
2025-04-27 11:20:28.963,1,39.6
2025-04-27 11:20:28.967,1,44.77
2025-04-27 11:20:28.971,1,50.0
2025-04-27 11:20:28.975,1,55.23
2025-04-27 11:20:28.979,1,60.4
2025-04-27 11:20:28.983,1,65.45
2025-04-27 11:20:28.987,1,70.34
2025-04-27 11:20:28.991,1,75.0
2025-04-27 11:20:28.995,1,79.39
2025-04-27 11:20:28.999,1,83.46
2025-04-27 11:20:29.003,1,87.16
2025-04-27 11:20:29.007,1,90.45
2025-04-27 11:20:29.011,1,93.3
2025-04-27 11:20:29.015,1,95.68
2025-04-27 11:20:29.019,1,97.55
2025-04-27 11:20:29.023,1,98.91
2025-04-27 11:20:29.027,1,99.73
2025-04-27 11:20:29.031,1,100.0
2025-04-27 11:20:29.035,1,99.73
2025-04-27 11:20:29.039,1,98.91
2025-04-27 11:20:29.043,1,97.55
2025-04-27 11:20:29.047,1,95.68
2025-04-27 11:20:29.051,1,93.3
2025-04-27 11:20:29.055,1,90.45
2025-04-27 11:20:29.059,1,87.16
2025-04-27 11:20:29.063,1,83.46
2025-04-27 11:20:29.067,1,79.39
2025-04-27 11:20:29.071,1,75.0
2025-04-27 11:20:29.075,1,70.34
2025-04-27 11:20:29.079,1,65.45
2025-04-27 11:20:29.083,1,60.4
2025-04-27 11:20:29.087,1,55.23
2025-04-27 11:20:29.091,1,50.0
2025-04-27 11:20:29.095,1,44.77
2025-04-27 11:20:29.099,1,39.6
2025-04-27 11:20:29.103,1,34.55
2025-04-27 11:20:29.107,1,29.66
2025-04-27 11:20:29.111,1,25.0
2025-04-27 11:20:29.115,1,20.61
2025-04-27 11:20:29.119,1,16.54
2025-04-27 11:20:29.123,1,12.84
2025-04-27 11:20:29.127,1,9.55
2025-04-27 11:20:29.131,1,6.7
2025-04-27 11:20:29.135,1,4.32
2025-04-27 11:20:29.139,1,2.45
2025-04-27 11:20:29.143,1,1.09
2025-04-27 11:20:29.147,1,0.27
2025-04-27 11:20:29.151,1,0.0
2025-04-27 11:20:29.155,1,0.27
2025-04-27 11:20:29.159,1,1.09
2025-04-27 11:20:29.163,1,2.45
2025-04-27 11:20:29.167,1,4.32
2025-04-27 11:20:29.171,1,6.7
2025-04-27 11:20:29.175,1,9.55
2025-04-27 11:20:29.179,1,12.84
2025-04-27 11:20:29.183,1,16.54
2025-04-27 11:20:29.187,1,20.61
2025-04-27 11:20:29.191,1,25.0
2025-04-27 11:20:29.195,1,29.66
2025-04-27 11:20:29.199,1,34.55
2025-04-27 11:20:29.203,1,39.6
2025-04-27 11:20:29.208,1,44.77
2025-04-27 11:20:29.211,1,50.0
2025-04-27 11:20:29.215,1,55.23
2025-04-27 11:20:29.219,1,60.4
2025-04-27 11:20:29.223,1,65.45
2025-04-27 11:20:29.227,1,70.34
2025-04-27 11:20:29.231,1,75.0
2025-04-27 11:20:29.235,1,79.39
2025-04-27 11:20:29.239,1,83.46
2025-04-27 11:20:29.243,1,87.16
2025-04-27 11:20:29.247,1,90.45
2025-04-27 11:20:29.251,1,93.3
2025-04-27 11:20:29.255,1,95.68
2025-04-27 11:20:29.259,1,97.55
2025-04-27 11:20:29.263,1,98.91
2025-04-27 11:20:29.267,1,99.73
2025-04-27 11:20:29.271,1,100.0
2025-04-27 11:20:29.275,1,99.73
2025-04-27 11:20:29.279,1,98.91
2025-04-27 11:20:29.283,1,97.55
2025-04-27 11:20:29.287,1,95.68
2025-04-27 11:20:29.291,1,93.3
2025-04-27 11:20:29.295,1,90.45
2025-04-27 11:20:29.299,1,87.16
2025-04-27 11:20:29.303,1,83.46
2025-04-27 11:20:29.307,1,79.39
2025-04-27 11:20:29.311,1,75.0
2025-04-27 11:20:29.315,1,70.34
2025-04-27 11:20:29.319,1,65.45
2025-04-27 11:20:29.323,1,60.4
2025-04-27 11:20:29.327,1,55.23
2025-04-27 11:20:29.331,1,50.0
2025-04-27 11:20:29.335,1,44.77
2025-04-27 11:20:29.339,1,39.6
2025-04-27 11:20:29.343,1,34.55
2025-04-27 11:20:29.347,1,29.66
2025-04-27 11:20:29.351,1,25.0
2025-04-27 11:20:29.355,1,20.61
2025-04-27 11:20:29.359,1,16.54
2025-04-27 11:20:29.364,1,12.84
2025-04-27 11:20:29.367,1,9.55
2025-04-27 11:20:29.371,1,6.7
2025-04-27 11:20:29.375,1,4.32
2025-04-27 11:20:29.379,1,2.45
2025-04-27 11:20:29.383,1,1.09
2025-04-27 11:20:29.387,1,0.27
2025-04-27 11:20:29.391,1,0.0
2025-04-27 11:20:29.395,1,0.27
2025-04-27 11:20:29.399,1,1.09
2025-04-27 11:20:29.403,1,2.45
2025-04-27 11:20:29.407,1,4.32
2025-04-27 11:20:29.411,1,6.7
2025-04-27 11:20:29.415,1,9.55
2025-04-27 11:20:29.419,1,12.84
2025-04-27 11:20:29.423,1,16.54
2025-04-27 11:20:29.427,1,20.61
2025-04-27 11:20:29.431,1,25.0
2025-04-27 11:20:29.435,1,29.66
2025-04-27 11:20:29.439,1,34.55
2025-04-27 11:20:29.443,1,39.6
2025-04-27 11:20:29.447,1,44.77
2025-04-27 11:20:29.451,1,50.0
2025-04-27 11:20:29.455,1,55.23
2025-04-27 11:20:29.459,1,60.4
2025-04-27 11:20:29.463,1,65.45
2025-04-27 11:20:29.467,1,70.34
2025-04-27 11:20:29.471,1,75.0
2025-04-27 11:20:29.475,1,79.39
2025-04-27 11:20:29.479,1,83.46
2025-04-27 11:20:29.483,1,87.16
2025-04-27 11:20:29.487,1,90.45
2025-04-27 11:20:29.491,1,93.3
2025-04-27 11:20:29.495,1,95.68
2025-04-27 11:20:29.499,1,97.55
2025-04-27 11:20:29.503,1,98.91
2025-04-27 11:20:29.507,1,99.73
2025-04-27 11:20:29.511,1,100.0
2025-04-27 11:20:29.515,1,99.73
2025-04-27 11:20:29.519,1,98.91
2025-04-27 11:20:29.523,1,97.55
2025-04-27 11:20:29.527,1,95.68
2025-04-27 11:20:29.531,1,93.3
2025-04-27 11:20:29.535,1,90.45
2025-04-27 11:20:29.539,1,87.16
2025-04-27 11:20:29.543,1,83.46
2025-04-27 11:20:29.547,1,79.39
2025-04-27 11:20:29.551,1,75.0
2025-04-27 11:20:29.555,1,70.34
2025-04-27 11:20:29.559,1,65.45
2025-04-27 11:20:29.563,1,60.4
2025-04-27 11:20:29.567,1,55.23
2025-04-27 11:20:29.571,1,50.0
2025-04-27 11:20:29.575,1,44.77
2025-04-27 11:20:29.579,1,39.6
2025-04-27 11:20:29.583,1,34.55
2025-04-27 11:20:29.587,1,29.66
2025-04-27 11:20:29.591,1,25.0
2025-04-27 11:20:29.595,1,20.61
2025-04-27 11:20:29.599,1,16.54
2025-04-27 11:20:29.603,1,12.84
2025-04-27 11:20:29.607,1,9.55
2025-04-27 11:20:29.611,1,6.7
2025-04-27 11:20:29.615,1,4.32
2025-04-27 11:20:29.619,1,2.45
2025-04-27 11:20:29.623,1,1.09
2025-04-27 11:20:29.627,1,0.27
2025-04-27 11:20:29.631,1,0.0
2025-04-27 11:20:29.635,1,0.27
2025-04-27 11:20:29.639,1,1.09
2025-04-27 11:20:29.643,1,2.45
2025-04-27 11:20:29.647,1,4.32
2025-04-27 11:20:29.651,1,6.7
2025-04-27 11:20:29.655,1,9.55
2025-04-27 11:20:29.659,1,12.84
2025-04-27 11:20:29.663,1,16.54
2025-04-27 11:20:29.667,1,20.61
2025-04-27 11:20:29.671,1,25.0
2025-04-27 11:20:29.675,1,29.66
2025-04-27 11:20:29.679,1,34.55
2025-04-27 11:20:29.683,1,39.6
2025-04-27 11:20:29.687,1,44.77
2025-04-27 11:20:29.691,1,50.0
2025-04-27 11:20:29.695,1,55.23
2025-04-27 11:20:29.699,1,60.4
2025-04-27 11:20:29.703,1,65.45
2025-04-27 11:20:29.707,1,70.34
2025-04-27 11:20:29.711,1,75.0
2025-04-27 11:20:29.715,1,79.39
2025-04-27 11:20:29.719,1,83.46
2025-04-27 11:20:29.723,1,87.16
2025-04-27 11:20:29.727,1,90.45
2025-04-27 11:20:29.731,1,93.3
2025-04-27 11:20:29.735,1,95.68
2025-04-27 11:20:29.739,1,97.55
2025-04-27 11:20:29.743,1,98.91
2025-04-27 11:20:29.747,1,99.73
2025-04-27 11:20:29.751,1,100.0
2025-04-27 11:20:29.755,1,99.73
2025-04-27 11:20:29.759,1,98.91
2025-04-27 11:20:29.763,1,97.55
2025-04-27 11:20:29.767,1,95.68
2025-04-27 11:20:29.771,1,93.3
2025-04-27 11:20:29.775,1,90.45
2025-04-27 11:20:29.779,1,87.16
2025-04-27 11:20:29.783,1,83.46
2025-04-27 11:20:29.787,1,79.39
2025-04-27 11:20:29.791,1,75.0
2025-04-27 11:20:29.795,1,70.34
2025-04-27 11:20:29.799,1,65.45
2025-04-27 11:20:29.803,1,60.4
2025-04-27 11:20:29.807,1,55.23
2025-04-27 11:20:29.811,1,50.0
2025-04-27 11:20:29.815,1,44.77
2025-04-27 11:20:29.819,1,39.6
2025-04-27 11:20:29.823,1,34.55
2025-04-27 11:20:29.827,1,29.66
2025-04-27 11:20:29.831,1,25.0
2025-04-27 11:20:29.835,1,20.61
2025-04-27 11:20:29.839,1,16.54
2025-04-27 11:20:29.843,1,12.84
2025-04-27 11:20:29.847,1,9.55
2025-04-27 11:20:29.851,1,6.7
2025-04-27 11:20:29.855,1,4.32
2025-04-27 11:20:29.859,1,2.45
2025-04-27 11:20:29.863,1,1.09
2025-04-27 11:20:29.867,1,0.27
2025-04-27 11:20:29.871,1,0.0
2025-04-27 11:20:29.875,1,0.27
2025-04-27 11:20:29.879,1,1.09
2025-04-27 11:20:29.883,1,2.45
2025-04-27 11:20:29.887,1,4.32
2025-04-27 11:20:29.891,1,6.7
2025-04-27 11:20:29.895,1,9.55
2025-04-27 11:20:29.899,1,12.84
2025-04-27 11:20:29.903,1,16.54
2025-04-27 11:20:29.907,1,20.61
2025-04-27 11:20:29.911,1,25.0
2025-04-27 11:20:29.915,1,29.66
2025-04-27 11:20:29.919,1,34.55
2025-04-27 11:20:29.923,1,39.6
2025-04-27 11:20:29.927,1,44.77
2025-04-27 11:20:29.931,1,50.0
2025-04-27 11:20:29.935,1,55.23
2025-04-27 11:20:29.939,1,60.4
2025-04-27 11:20:29.943,1,65.45
2025-04-27 11:20:29.947,1,70.34
2025-04-27 11:20:29.951,1,75.0
2025-04-27 11:20:29.955,1,79.39
2025-04-27 11:20:29.959,1,83.46
2025-04-27 11:20:29.963,1,87.16
2025-04-27 11:20:29.967,1,90.45
2025-04-27 11:20:29.971,1,93.3
2025-04-27 11:20:29.975,1,95.68
2025-04-27 11:20:29.979,1,97.55
2025-04-27 11:20:29.983,1,98.91
2025-04-27 11:20:29.987,1,99.73
2025-04-27 11:20:29.991,1,100.0
2025-04-27 11:20:29.995,1,99.73
2025-04-27 11:20:29.999,1,98.91
2025-04-27 11:20:30.003,1,97.55
2025-04-27 11:20:30.007,1,95.68
2025-04-27 11:20:30.011,1,93.3
2025-04-27 11:20:30.015,1,90.45
2025-04-27 11:20:30.019,1,87.16
2025-04-27 11:20:30.023,1,83.46
2025-04-27 11:20:30.027,1,79.39
2025-04-27 11:20:30.031,1,75.0
2025-04-27 11:20:30.035,1,70.34
2025-04-27 11:20:30.039,1,65.45
2025-04-27 11:20:30.043,1,60.4
2025-04-27 11:20:30.047,1,55.23
2025-04-27 11:20:30.051,1,50.0
2025-04-27 11:20:30.055,1,44.77
2025-04-27 11:20:30.059,1,39.6
2025-04-27 11:20:30.063,1,34.55
2025-04-27 11:20:30.067,1,29.66
2025-04-27 11:20:30.071,1,25.0
2025-04-27 11:20:30.075,1,20.61
2025-04-27 11:20:30.079,1,16.54
2025-04-27 11:20:30.083,1,12.84
2025-04-27 11:20:30.087,1,9.55
2025-04-27 11:20:30.091,1,6.7
2025-04-27 11:20:30.095,1,4.32
2025-04-27 11:20:30.099,1,2.45
2025-04-27 11:20:30.103,1,1.09
2025-04-27 11:20:30.107,1,0.27
2025-04-27 11:20:30.111,1,0.0
2025-04-27 11:20:30.115,1,0.27
2025-04-27 11:20:30.119,1,1.09
2025-04-27 11:20:30.123,1,2.45
2025-04-27 11:20:30.127,1,4.32
2025-04-27 11:20:30.131,1,6.7
2025-04-27 11:20:30.135,1,9.55
2025-04-27 11:20:30.139,1,12.84
2025-04-27 11:20:30.143,1,16.54
2025-04-27 11:20:30.147,1,20.61
2025-04-27 11:20:30.151,1,25.0
2025-04-27 11:20:30.155,1,29.66
2025-04-27 11:20:30.159,1,34.55
2025-04-27 11:20:30.163,1,39.6
2025-04-27 11:20:30.167,1,44.77
2025-04-27 11:20:30.171,1,50.0
2025-04-27 11:20:30.175,1,55.23
2025-04-27 11:20:30.179,1,60.4
2025-04-27 11:20:30.183,1,65.45
2025-04-27 11:20:30.187,1,70.34
2025-04-27 11:20:30.191,1,75.0
2025-04-27 11:20:30.195,1,79.39
2025-04-27 11:20:30.199,1,83.46
2025-04-27 11:20:30.203,1,87.16
2025-04-27 11:20:30.207,1,90.45
2025-04-27 11:20:30.211,1,93.3
2025-04-27 11:20:30.215,1,95.68
2025-04-27 11:20:30.219,1,97.55
2025-04-27 11:20:30.223,1,98.91
2025-04-27 11:20:30.227,1,99.73
2025-04-27 11:20:30.231,1,100.0
2025-04-27 11:20:30.235,1,99.73
2025-04-27 11:20:30.239,1,98.91
2025-04-27 11:20:30.243,1,97.55
2025-04-27 11:20:30.247,1,95.68
2025-04-27 11:20:30.251,1,93.3
2025-04-27 11:20:30.255,1,90.45
2025-04-27 11:20:30.259,1,87.16
2025-04-27 11:20:30.263,1,83.46
2025-04-27 11:20:30.267,1,79.39
2025-04-27 11:20:30.271,1,75.0
2025-04-27 11:20:30.275,1,70.34
2025-04-27 11:20:30.279,1,65.45
2025-04-27 11:20:30.283,1,60.4
2025-04-27 11:20:30.287,1,55.23
2025-04-27 11:20:30.291,1,50.0
2025-04-27 11:20:30.295,1,44.77
2025-04-27 11:20:30.299,1,39.6
2025-04-27 11:20:30.303,1,34.55
2025-04-27 11:20:30.307,1,29.66
2025-04-27 11:20:30.311,1,25.0
2025-04-27 11:20:30.315,1,20.61
2025-04-27 11:20:30.319,1,16.54
2025-04-27 11:20:30.323,1,12.84
2025-04-27 11:20:30.327,1,9.55
2025-04-27 11:20:30.331,1,6.7
2025-04-27 11:20:30.335,1,4.32
2025-04-27 11:20:30.339,1,2.45
2025-04-27 11:20:30.343,1,1.09
2025-04-27 11:20:30.347,1,0.27
2025-04-27 11:20:30.351,1,0.0
2025-04-27 11:20:30.355,1,0.27
2025-04-27 11:20:30.359,1,1.09
2025-04-27 11:20:30.363,1,2.45
2025-04-27 11:20:30.367,1,4.32
2025-04-27 11:20:30.371,1,6.7
2025-04-27 11:20:30.375,1,9.55
2025-04-27 11:20:30.379,1,12.84
2025-04-27 11:20:30.383,1,16.54
2025-04-27 11:20:30.387,1,20.61
2025-04-27 11:20:30.391,1,25.0
2025-04-27 11:20:30.395,1,29.66
2025-04-27 11:20:30.399,1,34.55
2025-04-27 11:20:30.403,1,39.6
2025-04-27 11:20:30.407,1,44.77
2025-04-27 11:20:30.411,1,50.0
2025-04-27 11:20:30.415,1,55.23
2025-04-27 11:20:30.419,1,60.4
2025-04-27 11:20:30.423,1,65.45
2025-04-27 11:20:30.427,1,70.34
2025-04-27 11:20:30.431,1,75.0
2025-04-27 11:20:30.435,1,79.39
2025-04-27 11:20:30.439,1,83.46
2025-04-27 11:20:30.443,1,87.16
2025-04-27 11:20:30.447,1,90.45
2025-04-27 11:20:30.451,1,93.3
2025-04-27 11:20:30.455,1,95.68
2025-04-27 11:20:30.459,1,97.55
2025-04-27 11:20:30.463,1,98.91
2025-04-27 11:20:30.467,1,99.73
2025-04-27 11:20:30.471,1,100.0
2025-04-27 11:20:30.475,1,99.73
2025-04-27 11:20:30.479,1,98.91
2025-04-27 11:20:30.483,1,97.55
2025-04-27 11:20:30.487,1,95.68
2025-04-27 11:20:30.491,1,93.3
2025-04-27 11:20:30.495,1,90.45
2025-04-27 11:20:30.499,1,87.16
2025-04-27 11:20:30.503,1,83.46
2025-04-27 11:20:30.507,1,79.39
2025-04-27 11:20:30.511,1,75.0
2025-04-27 11:20:30.515,1,70.34
2025-04-27 11:20:30.519,1,65.45
2025-04-27 11:20:30.523,1,60.4
2025-04-27 11:20:30.527,1,55.23
2025-04-27 11:20:30.531,1,50.0
2025-04-27 11:20:30.535,1,44.77
2025-04-27 11:20:30.539,1,39.6
2025-04-27 11:20:30.543,1,34.55
2025-04-27 11:20:30.547,1,29.66
2025-04-27 11:20:30.551,1,25.0
2025-04-27 11:20:30.555,1,20.61
2025-04-27 11:20:30.559,1,16.54
2025-04-27 11:20:30.563,1,12.84
2025-04-27 11:20:30.567,1,9.55
2025-04-27 11:20:30.571,1,6.7
2025-04-27 11:20:30.575,1,4.32
2025-04-27 11:20:30.579,1,2.45
2025-04-27 11:20:30.583,1,1.09
2025-04-27 11:20:30.587,1,0.27
2025-04-27 11:20:30.591,1,0.0
2025-04-27 11:20:30.595,1,0.27
2025-04-27 11:20:30.599,1,1.09
2025-04-27 11:20:30.603,1,2.45
2025-04-27 11:20:30.607,1,4.32
2025-04-27 11:20:30.611,1,6.7
2025-04-27 11:20:30.615,1,9.55
2025-04-27 11:20:30.619,1,12.84
2025-04-27 11:20:30.623,1,16.54
2025-04-27 11:20:30.627,1,20.61
2025-04-27 11:20:30.631,1,25.0
2025-04-27 11:20:30.635,1,29.66
2025-04-27 11:20:30.639,1,34.55
2025-04-27 11:20:30.643,1,39.6
2025-04-27 11:20:30.647,1,44.77
2025-04-27 11:20:30.651,1,50.0
2025-04-27 11:20:30.655,1,55.23
2025-04-27 11:20:30.659,1,60.4
2025-04-27 11:20:30.663,1,65.45
2025-04-27 11:20:30.667,1,70.34
2025-04-27 11:20:30.671,1,75.0
2025-04-27 11:20:30.675,1,79.39
2025-04-27 11:20:30.679,1,83.46
2025-04-27 11:20:30.683,1,87.16
2025-04-27 11:20:30.687,1,90.45
2025-04-27 11:20:30.691,1,93.3
2025-04-27 11:20:30.695,1,95.68
2025-04-27 11:20:30.699,1,97.55
2025-04-27 11:20:30.703,1,98.91
2025-04-27 11:20:30.707,1,99.73
2025-04-27 11:20:30.711,1,100.0
2025-04-27 11:20:30.715,1,99.73
2025-04-27 11:20:30.719,1,98.91
2025-04-27 11:20:30.723,1,97.55
2025-04-27 11:20:30.727,1,95.68
2025-04-27 11:20:30.731,1,93.3
2025-04-27 11:20:30.735,1,90.45
2025-04-27 11:20:30.739,1,87.16
2025-04-27 11:20:30.743,1,83.46
2025-04-27 11:20:30.747,1,79.39
2025-04-27 11:20:30.751,1,75.0
2025-04-27 11:20:30.755,1,70.34
2025-04-27 11:20:30.759,1,65.45
2025-04-27 11:20:30.763,1,60.4
2025-04-27 11:20:30.767,1,55.23
2025-04-27 11:20:30.771,1,50.0
2025-04-27 11:20:30.775,1,44.77
2025-04-27 11:20:30.779,1,39.6
2025-04-27 11:20:30.783,1,34.55
2025-04-27 11:20:30.787,1,29.66
2025-04-27 11:20:30.791,1,25.0
2025-04-27 11:20:30.795,1,20.61
2025-04-27 11:20:30.799,1,16.54
2025-04-27 11:20:30.803,1,12.84
2025-04-27 11:20:30.807,1,9.55
2025-04-27 11:20:30.811,1,6.7
2025-04-27 11:20:30.815,1,4.32
2025-04-27 11:20:30.819,1,2.45
2025-04-27 11:20:30.823,1,1.09
2025-04-27 11:20:30.827,1,0.27
2025-04-27 11:20:30.831,1,0.0
2025-04-27 11:20:30.835,1,0.27
2025-04-27 11:20:30.839,1,1.09
2025-04-27 11:20:30.843,1,2.45
2025-04-27 11:20:30.847,1,4.32
2025-04-27 11:20:30.851,1,6.7
2025-04-27 11:20:30.855,1,9.55
2025-04-27 11:20:30.859,1,12.84
2025-04-27 11:20:30.863,1,16.54
2025-04-27 11:20:30.867,1,20.61
2025-04-27 11:20:30.871,1,25.0
2025-04-27 11:20:30.875,1,29.66
2025-04-27 11:20:30.879,1,34.55
2025-04-27 11:20:30.883,1,39.6
2025-04-27 11:20:30.887,1,44.77
2025-04-27 11:20:30.891,1,50.0
2025-04-27 11:20:30.895,1,55.23
2025-04-27 11:20:30.899,1,60.4
2025-04-27 11:20:30.903,1,65.45
2025-04-27 11:20:30.907,1,70.34
2025-04-27 11:20:30.911,1,75.0
2025-04-27 11:20:30.915,1,79.39
2025-04-27 11:20:30.919,1,83.46
2025-04-27 11:20:30.923,1,87.16
2025-04-27 11:20:30.927,1,90.45
2025-04-27 11:20:30.931,1,93.3
2025-04-27 11:20:30.935,1,95.68
2025-04-27 11:20:30.939,1,97.55
2025-04-27 11:20:30.943,1,98.91
2025-04-27 11:20:30.947,1,99.73
2025-04-27 11:20:30.951,1,100.0
2025-04-27 11:20:30.955,1,99.73
2025-04-27 11:20:30.959,1,98.91
2025-04-27 11:20:30.963,1,97.55
2025-04-27 11:20:30.967,1,95.68
2025-04-27 11:20:30.971,1,93.3
2025-04-27 11:20:30.975,1,90.45
2025-04-27 11:20:30.979,1,87.16
2025-04-27 11:20:30.983,1,83.46
2025-04-27 11:20:30.987,1,79.39
2025-04-27 11:20:30.991,1,75.0
2025-04-27 11:20:30.995,1,70.34
2025-04-27 11:20:30.999,1,65.45
2025-04-27 11:20:31.003,1,60.4
2025-04-27 11:20:31.007,1,55.23
2025-04-27 11:20:31.011,1,50.0
2025-04-27 11:20:31.015,1,44.77
2025-04-27 11:20:31.019,1,39.6
2025-04-27 11:20:31.023,1,34.55
2025-04-27 11:20:31.027,1,29.66
2025-04-27 11:20:31.031,1,25.0
2025-04-27 11:20:31.035,1,20.61
2025-04-27 11:20:31.039,1,16.54
2025-04-27 11:20:31.043,1,12.84
2025-04-27 11:20:31.047,1,9.55
2025-04-27 11:20:31.051,1,6.7
2025-04-27 11:20:31.055,1,4.32
2025-04-27 11:20:31.059,1,2.45
2025-04-27 11:20:31.063,1,1.09
2025-04-27 11:20:31.067,1,0.27
2025-04-27 11:20:31.071,1,0.0
2025-04-27 11:20:31.075,1,0.27
2025-04-27 11:20:31.079,1,1.09
2025-04-27 11:20:31.083,1,2.45
2025-04-27 11:20:31.087,1,4.32
2025-04-27 11:20:31.091,1,6.7
2025-04-27 11:20:31.095,1,9.55
2025-04-27 11:20:31.099,1,12.84
2025-04-27 11:20:31.103,1,16.54
2025-04-27 11:20:31.107,1,20.61
2025-04-27 11:20:31.111,1,25.0
2025-04-27 11:20:31.115,1,29.66
2025-04-27 11:20:31.119,1,34.55
2025-04-27 11:20:31.123,1,39.6
2025-04-27 11:20:31.127,1,44.77
2025-04-27 11:20:31.131,1,50.0
2025-04-27 11:20:31.135,1,55.23
2025-04-27 11:20:31.139,1,60.4
2025-04-27 11:20:31.143,1,65.45
2025-04-27 11:20:31.147,1,70.34
2025-04-27 11:20:31.151,1,75.0
2025-04-27 11:20:31.155,1,79.39
2025-04-27 11:20:31.159,1,83.46
2025-04-27 11:20:31.163,1,87.16
2025-04-27 11:20:31.167,1,90.45
2025-04-27 11:20:31.171,1,93.3
2025-04-27 11:20:31.175,1,95.68
2025-04-27 11:20:31.179,1,97.55
2025-04-27 11:20:31.183,1,98.91
2025-04-27 11:20:31.187,1,99.73
2025-04-27 11:20:31.191,1,100.0
2025-04-27 11:20:31.195,1,99.73
2025-04-27 11:20:31.199,1,98.91
2025-04-27 11:20:31.203,1,97.55
2025-04-27 11:20:31.207,1,95.68
2025-04-27 11:20:31.211,1,93.3
2025-04-27 11:20:31.215,1,90.45
2025-04-27 11:20:31.219,1,87.16
2025-04-27 11:20:31.223,1,83.46
2025-04-27 11:20:31.227,1,79.39
2025-04-27 11:20:31.231,1,75.0
2025-04-27 11:20:31.235,1,70.34
2025-04-27 11:20:31.239,1,65.45
2025-04-27 11:20:31.243,1,60.4
2025-04-27 11:20:31.247,1,55.23
2025-04-27 11:20:31.251,1,50.0
2025-04-27 11:20:31.255,1,44.77
2025-04-27 11:20:31.259,1,39.6
2025-04-27 11:20:31.263,1,34.55
2025-04-27 11:20:31.267,1,29.66
2025-04-27 11:20:31.271,1,25.0
2025-04-27 11:20:31.275,1,20.61
2025-04-27 11:20:31.279,1,16.54
2025-04-27 11:20:31.283,1,12.84
2025-04-27 11:20:31.287,1,9.55
2025-04-27 11:20:31.291,1,6.7
2025-04-27 11:20:31.295,1,4.32
2025-04-27 11:20:31.299,1,2.45
2025-04-27 11:20:31.303,1,1.09
2025-04-27 11:20:31.307,1,0.27
2025-04-27 11:20:31.311,1,0.0
2025-04-27 11:20:31.315,1,0.27
2025-04-27 11:20:31.319,1,1.09
2025-04-27 11:20:31.323,1,2.45
2025-04-27 11:20:31.327,1,4.32
2025-04-27 11:20:31.331,1,6.7
2025-04-27 11:20:31.335,1,9.55
2025-04-27 11:20:31.339,1,12.84
2025-04-27 11:20:31.343,1,16.54
2025-04-27 11:20:31.347,1,20.61
2025-04-27 11:20:31.351,1,25.0
2025-04-27 11:20:31.355,1,29.66
2025-04-27 11:20:31.359,1,34.55
2025-04-27 11:20:31.363,1,39.6
2025-04-27 11:20:31.367,1,44.77
2025-04-27 11:20:31.371,1,50.0
2025-04-27 11:20:31.375,1,55.23
2025-04-27 11:20:31.379,1,60.4
2025-04-27 11:20:31.383,1,65.45
2025-04-27 11:20:31.387,1,70.34
2025-04-27 11:20:31.391,1,75.0
2025-04-27 11:20:31.395,1,79.39
2025-04-27 11:20:31.399,1,83.46
2025-04-27 11:20:31.403,1,87.16
2025-04-27 11:20:31.407,1,90.45
2025-04-27 11:20:31.411,1,93.3
2025-04-27 11:20:31.415,1,95.68
2025-04-27 11:20:31.419,1,97.55
2025-04-27 11:20:31.423,1,98.91
2025-04-27 11:20:31.427,1,99.73
2025-04-27 11:20:31.431,1,100.0
2025-04-27 11:20:31.435,1,99.73
2025-04-27 11:20:31.439,1,98.91
2025-04-27 11:20:31.443,1,97.55
2025-04-27 11:20:31.447,1,95.68
2025-04-27 11:20:31.451,1,93.3
2025-04-27 11:20:31.455,1,90.45
2025-04-27 11:20:31.459,1,87.16
2025-04-27 11:20:31.463,1,83.46
2025-04-27 11:20:31.467,1,79.39
2025-04-27 11:20:31.471,1,75.0
2025-04-27 11:20:31.475,1,70.34
2025-04-27 11:20:31.479,1,65.45
2025-04-27 11:20:31.483,1,60.4
2025-04-27 11:20:31.487,1,55.23
2025-04-27 11:20:31.491,1,50.0
2025-04-27 11:20:31.495,1,44.77
2025-04-27 11:20:31.499,1,39.6
2025-04-27 11:20:31.503,1,34.55
2025-04-27 11:20:31.507,1,29.66
2025-04-27 11:20:31.511,1,25.0
2025-04-27 11:20:31.515,1,20.61
2025-04-27 11:20:31.519,1,16.54
2025-04-27 11:20:31.523,1,12.84
2025-04-27 11:20:31.527,1,9.55
2025-04-27 11:20:31.531,1,6.7
2025-04-27 11:20:31.535,1,4.32
2025-04-27 11:20:31.539,1,2.45
2025-04-27 11:20:31.543,1,1.09
2025-04-27 11:20:31.547,1,0.27
2025-04-27 11:20:31.551,1,0.0
2025-04-27 11:20:31.555,1,0.27
2025-04-27 11:20:31.559,1,1.09
2025-04-27 11:20:31.563,1,2.45
2025-04-27 11:20:31.567,1,4.32
2025-04-27 11:20:31.571,1,6.7
2025-04-27 11:20:31.575,1,9.55
2025-04-27 11:20:31.579,1,12.84
2025-04-27 11:20:31.583,1,16.54
2025-04-27 11:20:31.587,1,20.61
2025-04-27 11:20:31.591,1,25.0
2025-04-27 11:20:31.595,1,29.66
2025-04-27 11:20:31.599,1,34.55
2025-04-27 11:20:31.603,1,39.6
2025-04-27 11:20:31.607,1,44.77
2025-04-27 11:20:31.611,1,50.0
2025-04-27 11:20:31.615,1,55.23
2025-04-27 11:20:31.619,1,60.4
2025-04-27 11:20:31.623,1,65.45
2025-04-27 11:20:31.627,1,70.34
2025-04-27 11:20:31.631,1,75.0
2025-04-27 11:20:31.635,1,79.39
2025-04-27 11:20:31.639,1,83.46
2025-04-27 11:20:31.643,1,87.16
2025-04-27 11:20:31.647,1,90.45
2025-04-27 11:20:31.651,1,93.3
2025-04-27 11:20:31.655,1,95.68
2025-04-27 11:20:31.659,1,97.55
2025-04-27 11:20:31.663,1,98.91
2025-04-27 11:20:31.667,1,99.73
2025-04-27 11:20:31.671,1,100.0
2025-04-27 11:20:31.675,1,99.73
2025-04-27 11:20:31.679,1,98.91
2025-04-27 11:20:31.683,1,97.55
2025-04-27 11:20:31.687,1,95.68
2025-04-27 11:20:31.691,1,93.3
2025-04-27 11:20:31.695,1,90.45
2025-04-27 11:20:31.699,1,87.16
2025-04-27 11:20:31.703,1,83.46
2025-04-27 11:20:31.707,1,79.39
2025-04-27 11:20:31.711,1,75.0
2025-04-27 11:20:31.715,1,70.34
2025-04-27 11:20:31.719,1,65.45
2025-04-27 11:20:31.723,1,60.4
2025-04-27 11:20:31.727,1,55.23
2025-04-27 11:20:31.731,1,50.0
2025-04-27 11:20:31.735,1,44.77
2025-04-27 11:20:31.739,1,39.6
2025-04-27 11:20:31.743,1,34.55
2025-04-27 11:20:31.747,1,29.66
2025-04-27 11:20:31.751,1,25.0
2025-04-27 11:20:31.755,1,20.61
2025-04-27 11:20:31.759,1,16.54
2025-04-27 11:20:31.763,1,12.84
2025-04-27 11:20:31.767,1,9.55
2025-04-27 11:20:31.771,1,6.7
2025-04-27 11:20:31.775,1,4.32
2025-04-27 11:20:31.779,1,2.45
2025-04-27 11:20:31.783,1,1.09
2025-04-27 11:20:31.787,1,0.27
2025-04-27 11:20:31.791,1,0.0
2025-04-27 11:20:31.795,1,0.27
2025-04-27 11:20:31.799,1,1.09
2025-04-27 11:20:31.803,1,2.45
2025-04-27 11:20:31.807,1,4.32
2025-04-27 11:20:31.811,1,6.7
2025-04-27 11:20:31.815,1,9.55
2025-04-27 11:20:31.819,1,12.84
2025-04-27 11:20:31.823,1,16.54
2025-04-27 11:20:31.827,1,20.61
2025-04-27 11:20:31.831,1,25.0
2025-04-27 11:20:31.835,1,29.66
2025-04-27 11:20:31.839,1,34.55
2025-04-27 11:20:31.843,1,39.6
2025-04-27 11:20:31.847,1,44.77
2025-04-27 11:20:31.851,1,50.0
2025-04-27 11:20:31.855,1,55.23
2025-04-27 11:20:31.859,1,60.4
2025-04-27 11:20:31.863,1,65.45
2025-04-27 11:20:31.867,1,70.34
2025-04-27 11:20:31.871,1,75.0
2025-04-27 11:20:31.875,1,79.39
2025-04-27 11:20:31.879,1,83.46
2025-04-27 11:20:31.883,1,87.16
2025-04-27 11:20:31.887,1,90.45
2025-04-27 11:20:31.891,1,93.3
2025-04-27 11:20:31.895,1,95.68
2025-04-27 11:20:31.899,1,97.55
2025-04-27 11:20:31.903,1,98.91
2025-04-27 11:20:31.907,1,99.73
2025-04-27 11:20:31.911,1,100.0
2025-04-27 11:20:31.915,1,99.73
2025-04-27 11:20:31.919,1,98.91
2025-04-27 11:20:31.923,1,97.55
2025-04-27 11:20:31.927,1,95.68
2025-04-27 11:20:31.931,1,93.3
2025-04-27 11:20:31.935,1,90.45
2025-04-27 11:20:31.939,1,87.16
2025-04-27 11:20:31.943,1,83.46
2025-04-27 11:20:31.947,1,79.39
2025-04-27 11:20:31.951,1,75.0
2025-04-27 11:20:31.955,1,70.34
2025-04-27 11:20:31.959,1,65.45
2025-04-27 11:20:31.963,1,60.4
2025-04-27 11:20:31.967,1,55.23
2025-04-27 11:20:31.971,1,50.0
2025-04-27 11:20:31.975,1,44.77
2025-04-27 11:20:31.979,1,39.6
2025-04-27 11:20:31.983,1,34.55
2025-04-27 11:20:31.987,1,29.66
2025-04-27 11:20:31.991,1,25.0
2025-04-27 11:20:31.995,1,20.61
2025-04-27 11:20:31.999,1,16.54
2025-04-27 11:20:32.003,1,12.84
2025-04-27 11:20:32.007,1,9.55
2025-04-27 11:20:32.011,1,6.7
2025-04-27 11:20:32.015,1,4.32
2025-04-27 11:20:32.019,1,2.45
2025-04-27 11:20:32.023,1,1.09
2025-04-27 11:20:32.027,1,0.27
2025-04-27 11:20:32.031,1,0.0
2025-04-27 11:20:32.035,1,0.27
2025-04-27 11:20:32.039,1,1.09
2025-04-27 11:20:32.043,1,2.45
2025-04-27 11:20:32.047,1,4.32
2025-04-27 11:20:32.051,1,6.7
2025-04-27 11:20:32.055,1,9.55
2025-04-27 11:20:32.059,1,12.84
2025-04-27 11:20:32.063,1,16.54
2025-04-27 11:20:32.067,1,20.61
2025-04-27 11:20:32.071,1,25.0
2025-04-27 11:20:32.075,1,29.66
2025-04-27 11:20:32.079,1,34.55
2025-04-27 11:20:32.083,1,39.6
2025-04-27 11:20:32.087,1,44.77
2025-04-27 11:20:32.091,1,50.0
2025-04-27 11:20:32.095,1,55.23
2025-04-27 11:20:32.099,1,60.4
2025-04-27 11:20:32.103,1,65.45
2025-04-27 11:20:32.107,1,70.34
2025-04-27 11:20:32.111,1,75.0
2025-04-27 11:20:32.115,1,79.39
2025-04-27 11:20:32.119,1,83.46
2025-04-27 11:20:32.123,1,87.16
2025-04-27 11:20:32.127,1,90.45
2025-04-27 11:20:32.131,1,93.3
2025-04-27 11:20:32.135,1,95.68
2025-04-27 11:20:32.139,1,97.55
2025-04-27 11:20:32.143,1,98.91
2025-04-27 11:20:32.147,1,99.73
2025-04-27 11:20:32.151,1,100.0
2025-04-27 11:20:32.155,1,99.73
2025-04-27 11:20:32.159,1,98.91
2025-04-27 11:20:32.163,1,97.55
2025-04-27 11:20:32.167,1,95.68
2025-04-27 11:20:32.171,1,93.3
2025-04-27 11:20:32.175,1,90.45
2025-04-27 11:20:32.179,1,87.16
2025-04-27 11:20:32.183,1,83.46
2025-04-27 11:20:32.187,1,79.39
2025-04-27 11:20:32.191,1,75.0
2025-04-27 11:20:32.195,1,70.34
2025-04-27 11:20:32.199,1,65.45
2025-04-27 11:20:32.203,1,60.4
2025-04-27 11:20:32.207,1,55.23
2025-04-27 11:20:32.211,1,50.0
2025-04-27 11:20:32.215,1,44.77
2025-04-27 11:20:32.219,1,39.6
2025-04-27 11:20:32.223,1,34.55
2025-04-27 11:20:32.227,1,29.66
2025-04-27 11:20:32.231,1,25.0
2025-04-27 11:20:32.235,1,20.61
2025-04-27 11:20:32.239,1,16.54
2025-04-27 11:20:32.243,1,12.84
2025-04-27 11:20:32.247,1,9.55
2025-04-27 11:20:32.251,1,6.7
2025-04-27 11:20:32.255,1,4.32
2025-04-27 11:20:32.259,1,2.45
2025-04-27 11:20:32.263,1,1.09
2025-04-27 11:20:32.267,1,0.27
2025-04-27 11:20:32.271,1,0.0
2025-04-27 11:20:32.276,1,0.27
2025-04-27 11:20:32.279,1,1.09
2025-04-27 11:20:32.283,1,2.45
2025-04-27 11:20:32.287,1,4.32
2025-04-27 11:20:32.291,1,6.7
2025-04-27 11:20:32.295,1,9.55
2025-04-27 11:20:32.299,1,12.84
2025-04-27 11:20:32.303,1,16.54
2025-04-27 11:20:32.307,1,20.61
2025-04-27 11:20:32.311,1,25.0
2025-04-27 11:20:32.315,1,29.66
2025-04-27 11:20:32.319,1,34.55
2025-04-27 11:20:32.323,1,39.6
2025-04-27 11:20:32.327,1,44.77
2025-04-27 11:20:32.331,1,50.0
2025-04-27 11:20:32.335,1,55.23
2025-04-27 11:20:32.339,1,60.4
2025-04-27 11:20:32.343,1,65.45
2025-04-27 11:20:32.347,1,70.34
2025-04-27 11:20:32.351,1,75.0
2025-04-27 11:20:32.355,1,79.39
2025-04-27 11:20:32.359,1,83.46
2025-04-27 11:20:32.363,1,87.16
2025-04-27 11:20:32.367,1,90.45
2025-04-27 11:20:32.371,1,93.3
2025-04-27 11:20:32.375,1,95.68
2025-04-27 11:20:32.379,1,97.55
2025-04-27 11:20:32.383,1,98.91
2025-04-27 11:20:32.387,1,99.73
2025-04-27 11:20:32.391,1,100.0
2025-04-27 11:20:32.395,1,99.73
2025-04-27 11:20:32.399,1,98.91
2025-04-27 11:20:32.403,1,97.55
2025-04-27 11:20:32.407,1,95.68
2025-04-27 11:20:32.411,1,93.3
2025-04-27 11:20:32.415,1,90.45
2025-04-27 11:20:32.419,1,87.16
2025-04-27 11:20:32.423,1,83.46
2025-04-27 11:20:32.427,1,79.39
2025-04-27 11:20:32.431,1,75.0
2025-04-27 11:20:32.435,1,70.34
2025-04-27 11:20:32.439,1,65.45
2025-04-27 11:20:32.443,1,60.4
2025-04-27 11:20:32.447,1,55.23
2025-04-27 11:20:32.451,1,50.0
2025-04-27 11:20:32.455,1,44.77
2025-04-27 11:20:32.459,1,39.6
2025-04-27 11:20:32.463,1,34.55
2025-04-27 11:20:32.467,1,29.66
2025-04-27 11:20:32.471,1,25.0
2025-04-27 11:20:32.475,1,20.61
2025-04-27 11:20:32.479,1,16.54
2025-04-27 11:20:32.483,1,12.84
2025-04-27 11:20:32.487,1,9.55
2025-04-27 11:20:32.491,1,6.7
2025-04-27 11:20:32.495,1,4.32
2025-04-27 11:20:32.499,1,2.45
2025-04-27 11:20:32.503,1,1.09
2025-04-27 11:20:32.507,1,0.27
2025-04-27 11:20:32.511,1,0.0
2025-04-27 11:20:32.515,1,0.27
2025-04-27 11:20:32.519,1,1.09
2025-04-27 11:20:32.523,1,2.45
2025-04-27 11:20:32.527,1,4.32
2025-04-27 11:20:32.531,1,6.7
2025-04-27 11:20:32.535,1,9.55
2025-04-27 11:20:32.539,1,12.84
2025-04-27 11:20:32.543,1,16.54
2025-04-27 11:20:32.547,1,20.61
2025-04-27 11:20:32.551,1,25.0
2025-04-27 11:20:32.555,1,29.66
2025-04-27 11:20:32.559,1,34.55
2025-04-27 11:20:32.563,1,39.6
2025-04-27 11:20:32.567,1,44.77
2025-04-27 11:20:32.571,1,50.0
2025-04-27 11:20:32.575,1,55.23
2025-04-27 11:20:32.579,1,60.4
2025-04-27 11:20:32.583,1,65.45
2025-04-27 11:20:32.587,1,70.34
2025-04-27 11:20:32.591,1,75.0
2025-04-27 11:20:32.595,1,79.39
2025-04-27 11:20:32.599,1,83.46
2025-04-27 11:20:32.603,1,87.16
2025-04-27 11:20:32.607,1,90.45
2025-04-27 11:20:32.611,1,93.3
2025-04-27 11:20:32.615,1,95.68
2025-04-27 11:20:32.619,1,97.55
2025-04-27 11:20:32.623,1,98.91
2025-04-27 11:20:32.627,1,99.73
2025-04-27 11:20:32.631,1,100.0
2025-04-27 11:20:32.635,1,99.73
2025-04-27 11:20:32.639,1,98.91
2025-04-27 11:20:32.643,1,97.55
2025-04-27 11:20:32.647,1,95.68
2025-04-27 11:20:32.651,1,93.3
2025-04-27 11:20:32.655,1,90.45
2025-04-27 11:20:32.659,1,87.16
2025-04-27 11:20:32.663,1,83.46
2025-04-27 11:20:32.667,1,79.39
2025-04-27 11:20:32.671,1,75.0
2025-04-27 11:20:32.675,1,70.34
2025-04-27 11:20:32.679,1,65.45
2025-04-27 11:20:32.683,1,60.4
2025-04-27 11:20:32.687,1,55.23
2025-04-27 11:20:32.691,1,50.0
2025-04-27 11:20:32.695,1,44.77
2025-04-27 11:20:32.699,1,39.6
2025-04-27 11:20:32.703,1,34.55
2025-04-27 11:20:32.707,1,29.66
2025-04-27 11:20:32.711,1,25.0
2025-04-27 11:20:32.715,1,20.61
2025-04-27 11:20:32.719,1,16.54
2025-04-27 11:20:32.723,1,12.84
2025-04-27 11:20:32.727,1,9.55
2025-04-27 11:20:32.731,1,6.7
2025-04-27 11:20:32.735,1,4.32
2025-04-27 11:20:32.739,1,2.45
2025-04-27 11:20:32.743,1,1.09
2025-04-27 11:20:32.747,1,0.27
2025-04-27 11:20:32.751,1,0.0
2025-04-27 11:20:32.755,1,0.27
2025-04-27 11:20:32.759,1,1.09
2025-04-27 11:20:32.763,1,2.45
2025-04-27 11:20:32.767,1,4.32
2025-04-27 11:20:32.771,1,6.7
2025-04-27 11:20:32.775,1,9.55
2025-04-27 11:20:32.779,1,12.84
2025-04-27 11:20:32.783,1,16.54
2025-04-27 11:20:32.787,1,20.61
2025-04-27 11:20:32.791,1,25.0
2025-04-27 11:20:32.795,1,29.66
2025-04-27 11:20:32.799,1,34.55
2025-04-27 11:20:32.803,1,39.6
2025-04-27 11:20:32.807,1,44.77
2025-04-27 11:20:32.811,1,50.0
2025-04-27 11:20:32.815,1,55.23
2025-04-27 11:20:32.819,1,60.4
2025-04-27 11:20:32.823,1,65.45
2025-04-27 11:20:32.827,1,70.34
2025-04-27 11:20:32.831,1,75.0
2025-04-27 11:20:32.835,1,79.39
2025-04-27 11:20:32.839,1,83.46
2025-04-27 11:20:32.843,1,87.16
2025-04-27 11:20:32.847,1,90.45
2025-04-27 11:20:32.851,1,93.3
2025-04-27 11:20:32.855,1,95.68
2025-04-27 11:20:32.859,1,97.55
2025-04-27 11:20:32.863,1,98.91
2025-04-27 11:20:32.867,1,99.73
2025-04-27 11:20:32.871,1,100.0
2025-04-27 11:20:32.875,1,99.73
2025-04-27 11:20:32.879,1,98.91
2025-04-27 11:20:32.883,1,97.55
2025-04-27 11:20:32.887,1,95.68
2025-04-27 11:20:32.891,1,93.3
2025-04-27 11:20:32.895,1,90.45
2025-04-27 11:20:32.899,1,87.16
2025-04-27 11:20:32.903,1,83.46
2025-04-27 11:20:32.907,1,79.39
2025-04-27 11:20:32.911,1,75.0
2025-04-27 11:20:32.915,1,70.34
2025-04-27 11:20:32.919,1,65.45
2025-04-27 11:20:32.923,1,60.4
2025-04-27 11:20:32.927,1,55.23
2025-04-27 11:20:32.931,1,50.0
2025-04-27 11:20:32.935,1,44.77
2025-04-27 11:20:32.939,1,39.6
2025-04-27 11:20:32.943,1,34.55
2025-04-27 11:20:32.947,1,29.66
2025-04-27 11:20:32.951,1,25.0
2025-04-27 11:20:32.955,1,20.61
2025-04-27 11:20:32.959,1,16.54
2025-04-27 11:20:32.963,1,12.84
2025-04-27 11:20:32.967,1,9.55
2025-04-27 11:20:32.971,1,6.7
2025-04-27 11:20:32.975,1,4.32
2025-04-27 11:20:32.979,1,2.45
2025-04-27 11:20:32.983,1,1.09
2025-04-27 11:20:32.987,1,0.27
2025-04-27 11:20:32.991,1,0.0
2025-04-27 11:20:32.995,1,0.27
2025-04-27 11:20:32.999,1,1.09
2025-04-27 11:20:33.003,1,2.45
2025-04-27 11:20:33.007,1,4.32
2025-04-27 11:20:33.011,1,6.7
2025-04-27 11:20:33.015,1,9.55
2025-04-27 11:20:33.019,1,12.84
2025-04-27 11:20:33.023,1,16.54
2025-04-27 11:20:33.027,1,20.61
2025-04-27 11:20:33.031,1,25.0
2025-04-27 11:20:33.035,1,29.66
2025-04-27 11:20:33.039,1,34.55
2025-04-27 11:20:33.043,1,39.6
2025-04-27 11:20:33.047,1,44.77
2025-04-27 11:20:33.051,1,50.0
2025-04-27 11:20:33.055,1,55.23
2025-04-27 11:20:33.059,1,60.4
2025-04-27 11:20:33.063,1,65.45
2025-04-27 11:20:33.067,1,70.34
2025-04-27 11:20:33.071,1,75.0
2025-04-27 11:20:33.075,1,79.39
2025-04-27 11:20:33.079,1,83.46
2025-04-27 11:20:33.083,1,87.16
2025-04-27 11:20:33.087,1,90.45
2025-04-27 11:20:33.091,1,93.3
2025-04-27 11:20:33.095,1,95.68
2025-04-27 11:20:33.099,1,97.55
2025-04-27 11:20:33.103,1,98.91
2025-04-27 11:20:33.107,1,99.73
2025-04-27 11:20:33.111,1,100.0
2025-04-27 11:20:33.115,1,99.73
2025-04-27 11:20:33.119,1,98.91
2025-04-27 11:20:33.123,1,97.55
2025-04-27 11:20:33.127,1,95.68
2025-04-27 11:20:33.131,1,93.3
2025-04-27 11:20:33.135,1,90.45
2025-04-27 11:20:33.139,1,87.16
2025-04-27 11:20:33.143,1,83.46
2025-04-27 11:20:33.147,1,79.39
2025-04-27 11:20:33.151,1,75.0
2025-04-27 11:20:33.155,1,70.34
2025-04-27 11:20:33.159,1,65.45
2025-04-27 11:20:33.163,1,60.4
2025-04-27 11:20:33.167,1,55.23
2025-04-27 11:20:33.171,1,50.0
2025-04-27 11:20:33.175,1,44.77
2025-04-27 11:20:33.179,1,39.6
2025-04-27 11:20:33.183,1,34.55
2025-04-27 11:20:33.187,1,29.66
2025-04-27 11:20:33.191,1,25.0
2025-04-27 11:20:33.195,1,20.61
2025-04-27 11:20:33.199,1,16.54
2025-04-27 11:20:33.203,1,12.84
2025-04-27 11:20:33.207,1,9.55
2025-04-27 11:20:33.211,1,6.7
2025-04-27 11:20:33.215,1,4.32
2025-04-27 11:20:33.219,1,2.45
2025-04-27 11:20:33.223,1,1.09
2025-04-27 11:20:33.227,1,0.27
2025-04-27 11:20:33.231,1,0.0
2025-04-27 11:20:33.235,1,0.27
2025-04-27 11:20:33.239,1,1.09
2025-04-27 11:20:33.243,1,2.45
2025-04-27 11:20:33.247,1,4.32
2025-04-27 11:20:33.251,1,6.7
2025-04-27 11:20:33.255,1,9.55
2025-04-27 11:20:33.259,1,12.84
2025-04-27 11:20:33.263,1,16.54
2025-04-27 11:20:33.267,1,20.61
2025-04-27 11:20:33.271,1,25.0
2025-04-27 11:20:33.275,1,29.66
2025-04-27 11:20:33.279,1,34.55
2025-04-27 11:20:33.283,1,39.6
2025-04-27 11:20:33.287,1,44.77
2025-04-27 11:20:33.291,1,50.0
2025-04-27 11:20:33.295,1,55.23
2025-04-27 11:20:33.299,1,60.4
2025-04-27 11:20:33.303,1,65.45
2025-04-27 11:20:33.307,1,70.34
2025-04-27 11:20:33.311,1,75.0
2025-04-27 11:20:33.315,1,79.39
2025-04-27 11:20:33.319,1,83.46
2025-04-27 11:20:33.323,1,87.16
2025-04-27 11:20:33.327,1,90.45
2025-04-27 11:20:33.331,1,93.3
2025-04-27 11:20:33.335,1,95.68
2025-04-27 11:20:33.339,1,97.55
2025-04-27 11:20:33.343,1,98.91
2025-04-27 11:20:33.347,1,99.73
2025-04-27 11:20:33.351,1,100.0
2025-04-27 11:20:33.355,1,99.73
2025-04-27 11:20:33.359,1,98.91
2025-04-27 11:20:33.363,1,97.55
2025-04-27 11:20:33.367,1,95.68
2025-04-27 11:20:33.371,1,93.3
2025-04-27 11:20:33.375,1,90.45
2025-04-27 11:20:33.379,1,87.16
2025-04-27 11:20:33.383,1,83.46
2025-04-27 11:20:33.387,1,79.39
2025-04-27 11:20:33.391,1,75.0
2025-04-27 11:20:33.395,1,70.34
2025-04-27 11:20:33.399,1,65.45
2025-04-27 11:20:33.403,1,60.4
2025-04-27 11:20:33.407,1,55.23
2025-04-27 11:20:33.411,1,50.0
2025-04-27 11:20:33.415,1,44.77
2025-04-27 11:20:33.419,1,39.6
2025-04-27 11:20:33.423,1,34.55
2025-04-27 11:20:33.427,1,29.66
2025-04-27 11:20:33.431,1,25.0
2025-04-27 11:20:33.435,1,20.61
2025-04-27 11:20:33.439,1,16.54
2025-04-27 11:20:33.443,1,12.84
2025-04-27 11:20:33.447,1,9.55
2025-04-27 11:20:33.451,1,6.7
2025-04-27 11:20:33.455,1,4.32
2025-04-27 11:20:33.459,1,2.45
2025-04-27 11:20:33.463,1,1.09
2025-04-27 11:20:33.467,1,0.27
2025-04-27 11:20:33.471,1,0.0
2025-04-27 11:20:33.475,1,0.27
2025-04-27 11:20:33.479,1,1.09
2025-04-27 11:20:33.483,1,2.45
2025-04-27 11:20:33.487,1,4.32
2025-04-27 11:20:33.491,1,6.7
2025-04-27 11:20:33.495,1,9.55
2025-04-27 11:20:33.499,1,12.84
2025-04-27 11:20:33.503,1,16.54
2025-04-27 11:20:33.507,1,20.61
2025-04-27 11:20:33.511,1,25.0
2025-04-27 11:20:33.515,1,29.66
2025-04-27 11:20:33.519,1,34.55
2025-04-27 11:20:33.523,1,39.6
2025-04-27 11:20:33.527,1,44.77
2025-04-27 11:20:33.531,1,50.0
2025-04-27 11:20:33.535,1,55.23
2025-04-27 11:20:33.539,1,60.4
2025-04-27 11:20:33.543,1,65.45
2025-04-27 11:20:33.547,1,70.34
2025-04-27 11:20:33.551,1,75.0
2025-04-27 11:20:33.555,1,79.39
2025-04-27 11:20:33.559,1,83.46
2025-04-27 11:20:33.563,1,87.16
2025-04-27 11:20:33.567,1,90.45
2025-04-27 11:20:33.571,1,93.3
2025-04-27 11:20:33.575,1,95.68
2025-04-27 11:20:33.579,1,97.55
2025-04-27 11:20:33.583,1,98.91
2025-04-27 11:20:33.587,1,99.73
2025-04-27 11:20:33.591,1,100.0
2025-04-27 11:20:33.595,1,99.73
2025-04-27 11:20:33.599,1,98.91
2025-04-27 11:20:33.603,1,97.55
2025-04-27 11:20:33.607,1,95.68
2025-04-27 11:20:33.611,1,93.3
2025-04-27 11:20:33.615,1,90.45
2025-04-27 11:20:33.619,1,87.16
2025-04-27 11:20:33.623,1,83.46
2025-04-27 11:20:33.627,1,79.39
2025-04-27 11:20:33.631,1,75.0
2025-04-27 11:20:33.635,1,70.34
2025-04-27 11:20:33.639,1,65.45
2025-04-27 11:20:33.643,1,60.4
2025-04-27 11:20:33.647,1,55.23
2025-04-27 11:20:33.651,1,50.0
2025-04-27 11:20:33.655,1,44.77
2025-04-27 11:20:33.659,1,39.6
2025-04-27 11:20:33.663,1,34.55
2025-04-27 11:20:33.667,1,29.66
2025-04-27 11:20:33.671,1,25.0
2025-04-27 11:20:33.675,1,20.61
2025-04-27 11:20:33.679,1,16.54
2025-04-27 11:20:33.683,1,12.84
2025-04-27 11:20:33.687,1,9.55
2025-04-27 11:20:33.691,1,6.7
2025-04-27 11:20:33.695,1,4.32
2025-04-27 11:20:33.699,1,2.45
2025-04-27 11:20:33.703,1,1.09
2025-04-27 11:20:33.707,1,0.27
2025-04-27 11:20:33.711,1,0.0
2025-04-27 11:20:33.715,1,0.27
2025-04-27 11:20:33.719,1,1.09
2025-04-27 11:20:33.723,1,2.45
2025-04-27 11:20:33.727,1,4.32
2025-04-27 11:20:33.731,1,6.7
2025-04-27 11:20:33.735,1,9.55
2025-04-27 11:20:33.739,1,12.84
2025-04-27 11:20:33.743,1,16.54
2025-04-27 11:20:33.747,1,20.61
2025-04-27 11:20:33.751,1,25.0
2025-04-27 11:20:33.755,1,29.66
2025-04-27 11:20:33.759,1,34.55
2025-04-27 11:20:33.763,1,39.6
2025-04-27 11:20:33.767,1,44.77
2025-04-27 11:20:33.771,1,50.0
2025-04-27 11:20:33.775,1,55.23
2025-04-27 11:20:33.779,1,60.4
2025-04-27 11:20:33.783,1,65.45
2025-04-27 11:20:33.787,1,70.34
2025-04-27 11:20:33.791,1,75.0
2025-04-27 11:20:33.795,1,79.39
2025-04-27 11:20:33.799,1,83.46
2025-04-27 11:20:33.803,1,87.16
2025-04-27 11:20:33.807,1,90.45
2025-04-27 11:20:33.811,1,93.3
2025-04-27 11:20:33.815,1,95.68
2025-04-27 11:20:33.819,1,97.55
2025-04-27 11:20:33.823,1,98.91
2025-04-27 11:20:33.827,1,99.73
2025-04-27 11:20:33.831,1,100.0
2025-04-27 11:20:33.835,1,99.73
2025-04-27 11:20:33.839,1,98.91
2025-04-27 11:20:33.843,1,97.55
2025-04-27 11:20:33.847,1,95.68
2025-04-27 11:20:33.851,1,93.3
2025-04-27 11:20:33.855,1,90.45
2025-04-27 11:20:33.859,1,87.16
2025-04-27 11:20:33.863,1,83.46
2025-04-27 11:20:33.867,1,79.39
2025-04-27 11:20:33.871,1,75.0
2025-04-27 11:20:33.875,1,70.34
2025-04-27 11:20:33.879,1,65.45
2025-04-27 11:20:33.883,1,60.4
2025-04-27 11:20:33.887,1,55.23
2025-04-27 11:20:33.891,1,50.0
2025-04-27 11:20:33.895,1,44.77
2025-04-27 11:20:33.899,1,39.6
2025-04-27 11:20:33.903,1,34.55
2025-04-27 11:20:33.907,1,29.66
2025-04-27 11:20:33.911,1,25.0
2025-04-27 11:20:33.915,1,20.61
2025-04-27 11:20:33.919,1,16.54
2025-04-27 11:20:33.923,1,12.84
2025-04-27 11:20:33.927,1,9.55
2025-04-27 11:20:33.931,1,6.7
2025-04-27 11:20:33.935,1,4.32
2025-04-27 11:20:33.939,1,2.45
2025-04-27 11:20:33.943,1,1.09
2025-04-27 11:20:33.947,1,0.27
2025-04-27 11:20:33.951,1,0.0
2025-04-27 11:20:33.955,1,0.27
2025-04-27 11:20:33.959,1,1.09
2025-04-27 11:20:33.963,1,2.45
2025-04-27 11:20:33.967,1,4.32
2025-04-27 11:20:33.971,1,6.7
2025-04-27 11:20:33.975,1,9.55
2025-04-27 11:20:33.979,1,12.84
2025-04-27 11:20:33.983,1,16.54
2025-04-27 11:20:33.987,1,20.61
2025-04-27 11:20:33.991,1,25.0
2025-04-27 11:20:33.995,1,29.66
2025-04-27 11:20:33.999,1,34.55
2025-04-27 11:20:34.003,1,39.6
2025-04-27 11:20:34.007,1,44.77
2025-04-27 11:20:34.011,1,50.0
2025-04-27 11:20:34.015,1,55.23
2025-04-27 11:20:34.019,1,60.4
2025-04-27 11:20:34.023,1,65.45
2025-04-27 11:20:34.027,1,70.34
2025-04-27 11:20:34.031,1,75.0
2025-04-27 11:20:34.035,1,79.39
2025-04-27 11:20:34.039,1,83.46
2025-04-27 11:20:34.043,1,87.16
2025-04-27 11:20:34.047,1,90.45
2025-04-27 11:20:34.051,1,93.3
2025-04-27 11:20:34.055,1,95.68
2025-04-27 11:20:34.059,1,97.55
2025-04-27 11:20:34.063,1,98.91
2025-04-27 11:20:34.067,1,99.73
2025-04-27 11:20:34.071,1,100.0
2025-04-27 11:20:34.075,1,99.73
2025-04-27 11:20:34.079,1,98.91
2025-04-27 11:20:34.083,1,97.55
2025-04-27 11:20:34.087,1,95.68
2025-04-27 11:20:34.091,1,93.3
2025-04-27 11:20:34.095,1,90.45
2025-04-27 11:20:34.099,1,87.16
2025-04-27 11:20:34.103,1,83.46
2025-04-27 11:20:34.107,1,79.39
2025-04-27 11:20:34.111,1,75.0
2025-04-27 11:20:34.115,1,70.34
2025-04-27 11:20:34.119,1,65.45
2025-04-27 11:20:34.123,1,60.4
2025-04-27 11:20:34.127,1,55.23
2025-04-27 11:20:34.131,1,50.0
2025-04-27 11:20:34.135,1,44.77
2025-04-27 11:20:34.139,1,39.6
2025-04-27 11:20:34.143,1,34.55
2025-04-27 11:20:34.147,1,29.66
2025-04-27 11:20:34.151,1,25.0
2025-04-27 11:20:34.155,1,20.61
2025-04-27 11:20:34.159,1,16.54
2025-04-27 11:20:34.163,1,12.84
2025-04-27 11:20:34.167,1,9.55
2025-04-27 11:20:34.171,1,6.7
2025-04-27 11:20:34.175,1,4.32
2025-04-27 11:20:34.179,1,2.45
2025-04-27 11:20:34.183,1,1.09
2025-04-27 11:20:34.187,1,0.27
2025-04-27 11:20:34.191,1,0.0
2025-04-27 11:20:34.195,1,0.27
2025-04-27 11:20:34.199,1,1.09
2025-04-27 11:20:34.203,1,2.45
2025-04-27 11:20:34.207,1,4.32
2025-04-27 11:20:34.211,1,6.7
2025-04-27 11:20:34.215,1,9.55
2025-04-27 11:20:34.219,1,12.84
2025-04-27 11:20:34.223,1,16.54
2025-04-27 11:20:34.227,1,20.61
2025-04-27 11:20:34.231,1,25.0
2025-04-27 11:20:34.235,1,29.66
2025-04-27 11:20:34.239,1,34.55
2025-04-27 11:20:34.243,1,39.6
2025-04-27 11:20:34.247,1,44.77
2025-04-27 11:20:34.251,1,50.0
2025-04-27 11:20:34.255,1,55.23
2025-04-27 11:20:34.259,1,60.4
2025-04-27 11:20:34.263,1,65.45
2025-04-27 11:20:34.267,1,70.34
2025-04-27 11:20:34.271,1,75.0
2025-04-27 11:20:34.275,1,79.39
2025-04-27 11:20:34.279,1,83.46
2025-04-27 11:20:34.283,1,87.16
2025-04-27 11:20:34.287,1,90.45
2025-04-27 11:20:34.291,1,93.3
2025-04-27 11:20:34.295,1,95.68
2025-04-27 11:20:34.299,1,97.55
2025-04-27 11:20:34.303,1,98.91
2025-04-27 11:20:34.307,1,99.73
2025-04-27 11:20:34.311,1,100.0
2025-04-27 11:20:34.315,1,99.73
2025-04-27 11:20:34.319,1,98.91
2025-04-27 11:20:34.323,1,97.55
2025-04-27 11:20:34.327,1,95.68
2025-04-27 11:20:34.331,1,93.3
2025-04-27 11:20:34.335,1,90.45
2025-04-27 11:20:34.339,1,87.16
2025-04-27 11:20:34.343,1,83.46
2025-04-27 11:20:34.347,1,79.39
2025-04-27 11:20:34.351,1,75.0
2025-04-27 11:20:34.355,1,70.34
2025-04-27 11:20:34.359,1,65.45
2025-04-27 11:20:34.363,1,60.4
2025-04-27 11:20:34.367,1,55.23
2025-04-27 11:20:34.371,1,50.0
2025-04-27 11:20:34.375,1,44.77
2025-04-27 11:20:34.379,1,39.6
2025-04-27 11:20:34.383,1,34.55
2025-04-27 11:20:34.387,1,29.66
2025-04-27 11:20:34.391,1,25.0
2025-04-27 11:20:34.395,1,20.61
2025-04-27 11:20:34.399,1,16.54
2025-04-27 11:20:34.403,1,12.84
2025-04-27 11:20:34.407,1,9.55
2025-04-27 11:20:34.411,1,6.7
2025-04-27 11:20:34.415,1,4.32
2025-04-27 11:20:34.419,1,2.45
2025-04-27 11:20:34.423,1,1.09
2025-04-27 11:20:34.427,1,0.27
2025-04-27 11:20:34.431,1,0.0
2025-04-27 11:20:34.435,1,0.27
2025-04-27 11:20:34.439,1,1.09
2025-04-27 11:20:34.443,1,2.45
2025-04-27 11:20:34.447,1,4.32
2025-04-27 11:20:34.451,1,6.7
2025-04-27 11:20:34.455,1,9.55
2025-04-27 11:20:34.459,1,12.84
2025-04-27 11:20:34.463,1,16.54
2025-04-27 11:20:34.467,1,20.61
2025-04-27 11:20:34.471,1,25.0
2025-04-27 11:20:34.475,1,29.66
2025-04-27 11:20:34.479,1,34.55
2025-04-27 11:20:34.483,1,39.6
2025-04-27 11:20:34.487,1,44.77
2025-04-27 11:20:34.491,1,50.0
2025-04-27 11:20:34.495,1,55.23
2025-04-27 11:20:34.499,1,60.4
2025-04-27 11:20:34.503,1,65.45
2025-04-27 11:20:34.507,1,70.34
2025-04-27 11:20:34.511,1,75.0
2025-04-27 11:20:34.515,1,79.39
2025-04-27 11:20:34.519,1,83.46
2025-04-27 11:20:34.523,1,87.16
2025-04-27 11:20:34.527,1,90.45
2025-04-27 11:20:34.531,1,93.3
2025-04-27 11:20:34.535,1,95.68
2025-04-27 11:20:34.539,1,97.55
2025-04-27 11:20:34.543,1,98.91
2025-04-27 11:20:34.547,1,99.73
2025-04-27 11:20:34.551,1,100.0
2025-04-27 11:20:34.555,1,99.73
2025-04-27 11:20:34.559,1,98.91
2025-04-27 11:20:34.563,1,97.55
2025-04-27 11:20:34.567,1,95.68
2025-04-27 11:20:34.571,1,93.3
2025-04-27 11:20:34.575,1,90.45
2025-04-27 11:20:34.579,1,87.16
2025-04-27 11:20:34.583,1,83.46
2025-04-27 11:20:34.587,1,79.39
2025-04-27 11:20:34.591,1,75.0
2025-04-27 11:20:34.595,1,70.34
2025-04-27 11:20:34.599,1,65.45
2025-04-27 11:20:34.603,1,60.4
2025-04-27 11:20:34.607,1,55.23
2025-04-27 11:20:34.611,1,50.0
2025-04-27 11:20:34.615,1,44.77
2025-04-27 11:20:34.619,1,39.6
2025-04-27 11:20:34.623,1,34.55
2025-04-27 11:20:34.627,1,29.66
2025-04-27 11:20:34.631,1,25.0
2025-04-27 11:20:34.635,1,20.61
2025-04-27 11:20:34.639,1,16.54
2025-04-27 11:20:34.643,1,12.84
2025-04-27 11:20:34.647,1,9.55
2025-04-27 11:20:34.651,1,6.7
2025-04-27 11:20:34.655,1,4.32
2025-04-27 11:20:34.659,1,2.45
2025-04-27 11:20:34.663,1,1.09
2025-04-27 11:20:34.667,1,0.27
2025-04-27 11:20:34.671,1,0.0
2025-04-27 11:20:34.675,1,0.27
2025-04-27 11:20:34.679,1,1.09
2025-04-27 11:20:34.683,1,2.45
2025-04-27 11:20:34.687,1,4.32
2025-04-27 11:20:34.691,1,6.7
2025-04-27 11:20:34.695,1,9.55
2025-04-27 11:20:34.699,1,12.84
2025-04-27 11:20:34.703,1,16.54
2025-04-27 11:20:34.707,1,20.61
2025-04-27 11:20:34.711,1,25.0
2025-04-27 11:20:34.715,1,29.66
2025-04-27 11:20:34.719,1,34.55
2025-04-27 11:20:34.723,1,39.6
2025-04-27 11:20:34.727,1,44.77
2025-04-27 11:20:34.731,1,50.0
2025-04-27 11:20:34.735,1,55.23
2025-04-27 11:20:34.739,1,60.4
2025-04-27 11:20:34.743,1,65.45
2025-04-27 11:20:34.747,1,70.34
2025-04-27 11:20:34.751,1,75.0
2025-04-27 11:20:34.755,1,79.39
2025-04-27 11:20:34.759,1,83.46
2025-04-27 11:20:34.763,1,87.16
2025-04-27 11:20:34.767,1,90.45
2025-04-27 11:20:34.771,1,93.3
2025-04-27 11:20:34.775,1,95.68
2025-04-27 11:20:34.779,1,97.55
2025-04-27 11:20:34.783,1,98.91
2025-04-27 11:20:34.787,1,99.73
2025-04-27 11:20:34.791,1,100.0
2025-04-27 11:20:34.795,1,99.73
2025-04-27 11:20:34.799,1,98.91
2025-04-27 11:20:34.803,1,97.55
2025-04-27 11:20:34.807,1,95.68
2025-04-27 11:20:34.811,1,93.3
2025-04-27 11:20:34.815,1,90.45
2025-04-27 11:20:34.819,1,87.16
2025-04-27 11:20:34.823,1,83.46
2025-04-27 11:20:34.827,1,79.39
2025-04-27 11:20:34.831,1,75.0
2025-04-27 11:20:34.835,1,70.34
2025-04-27 11:20:34.839,1,65.45
2025-04-27 11:20:34.843,1,60.4
2025-04-27 11:20:34.847,1,55.23
2025-04-27 11:20:34.851,1,50.0
2025-04-27 11:20:34.855,1,44.77
2025-04-27 11:20:34.859,1,39.6
2025-04-27 11:20:34.863,1,34.55
2025-04-27 11:20:34.867,1,29.66
2025-04-27 11:20:34.871,1,25.0
2025-04-27 11:20:34.875,1,20.61
2025-04-27 11:20:34.879,1,16.54
2025-04-27 11:20:34.883,1,12.84
2025-04-27 11:20:34.887,1,9.55
2025-04-27 11:20:34.891,1,6.7
2025-04-27 11:20:34.895,1,4.32
2025-04-27 11:20:34.899,1,2.45
2025-04-27 11:20:34.903,1,1.09
2025-04-27 11:20:34.907,1,0.27
2025-04-27 11:20:34.911,1,0.0
2025-04-27 11:20:34.915,1,0.27
2025-04-27 11:20:34.919,1,1.09
2025-04-27 11:20:34.923,1,2.45
2025-04-27 11:20:34.927,1,4.32
2025-04-27 11:20:34.931,1,6.7
2025-04-27 11:20:34.935,1,9.55
2025-04-27 11:20:34.939,1,12.84
2025-04-27 11:20:34.943,1,16.54
2025-04-27 11:20:34.947,1,20.61
2025-04-27 11:20:34.951,1,25.0
2025-04-27 11:20:34.955,1,29.66
2025-04-27 11:20:34.959,1,34.55
2025-04-27 11:20:34.963,1,39.6
2025-04-27 11:20:34.967,1,44.77
2025-04-27 11:20:34.971,1,50.0
2025-04-27 11:20:34.975,1,55.23
2025-04-27 11:20:34.979,1,60.4
2025-04-27 11:20:34.983,1,65.45
2025-04-27 11:20:34.987,1,70.34
2025-04-27 11:20:34.991,1,75.0
2025-04-27 11:20:34.995,1,79.39
2025-04-27 11:20:34.999,1,83.46
2025-04-27 11:20:35.003,1,87.16
2025-04-27 11:20:35.007,1,90.45
2025-04-27 11:20:35.011,1,93.3
2025-04-27 11:20:35.015,1,95.68
2025-04-27 11:20:35.019,1,97.55
2025-04-27 11:20:35.023,1,98.91
2025-04-27 11:20:35.027,1,99.73
2025-04-27 11:20:35.031,1,100.0
2025-04-27 11:20:35.035,1,99.73
2025-04-27 11:20:35.039,1,98.91
2025-04-27 11:20:35.043,1,97.55
2025-04-27 11:20:35.047,1,95.68
2025-04-27 11:20:35.051,1,93.3
2025-04-27 11:20:35.055,1,90.45
2025-04-27 11:20:35.059,1,87.16
2025-04-27 11:20:35.063,1,83.46
2025-04-27 11:20:35.067,1,79.39
2025-04-27 11:20:35.071,1,75.0
2025-04-27 11:20:35.075,1,70.34
2025-04-27 11:20:35.079,1,65.45
2025-04-27 11:20:35.083,1,60.4
2025-04-27 11:20:35.087,1,55.23
2025-04-27 11:20:35.091,1,50.0
2025-04-27 11:20:35.095,1,44.77
2025-04-27 11:20:35.099,1,39.6
2025-04-27 11:20:35.103,1,34.55
2025-04-27 11:20:35.107,1,29.66
2025-04-27 11:20:35.111,1,25.0
2025-04-27 11:20:35.115,1,20.61
2025-04-27 11:20:35.119,1,16.54
2025-04-27 11:20:35.123,1,12.84
2025-04-27 11:20:35.127,1,9.55
2025-04-27 11:20:35.131,1,6.7
2025-04-27 11:20:35.135,1,4.32
2025-04-27 11:20:35.139,1,2.45
2025-04-27 11:20:35.143,1,1.09
2025-04-27 11:20:35.147,1,0.27
2025-04-27 11:20:35.151,1,0.0
2025-04-27 11:20:35.155,1,0.27
2025-04-27 11:20:35.159,1,1.09
2025-04-27 11:20:35.163,1,2.45
2025-04-27 11:20:35.167,1,4.32
2025-04-27 11:20:35.171,1,6.7
2025-04-27 11:20:35.175,1,9.55
2025-04-27 11:20:35.179,1,12.84
2025-04-27 11:20:35.183,1,16.54
2025-04-27 11:20:35.187,1,20.61
2025-04-27 11:20:35.191,1,25.0
2025-04-27 11:20:35.195,1,29.66
2025-04-27 11:20:35.199,1,34.55
2025-04-27 11:20:35.203,1,39.6
2025-04-27 11:20:35.207,1,44.77
2025-04-27 11:20:35.211,1,50.0
2025-04-27 11:20:35.215,1,55.23
2025-04-27 11:20:35.219,1,60.4
2025-04-27 11:20:35.223,1,65.45
2025-04-27 11:20:35.227,1,70.34
2025-04-27 11:20:35.231,1,75.0
2025-04-27 11:20:35.235,1,79.39
2025-04-27 11:20:35.239,1,83.46
2025-04-27 11:20:35.243,1,87.16
2025-04-27 11:20:35.247,1,90.45
2025-04-27 11:20:35.251,1,93.3
2025-04-27 11:20:35.255,1,95.68
2025-04-27 11:20:35.259,1,97.55
2025-04-27 11:20:35.263,1,98.91
2025-04-27 11:20:35.267,1,99.73
2025-04-27 11:20:35.271,1,100.0
2025-04-27 11:20:35.275,1,99.73
2025-04-27 11:20:35.279,1,98.91
2025-04-27 11:20:35.283,1,97.55
2025-04-27 11:20:35.287,1,95.68
2025-04-27 11:20:35.291,1,93.3
2025-04-27 11:20:35.295,1,90.45
2025-04-27 11:20:35.299,1,87.16
2025-04-27 11:20:35.303,1,83.46
2025-04-27 11:20:35.307,1,79.39
2025-04-27 11:20:35.311,1,75.0
2025-04-27 11:20:35.315,1,70.34
2025-04-27 11:20:35.319,1,65.45
2025-04-27 11:20:35.323,1,60.4
2025-04-27 11:20:35.327,1,55.23
2025-04-27 11:20:35.331,1,50.0
2025-04-27 11:20:35.335,1,44.77
2025-04-27 11:20:35.339,1,39.6
2025-04-27 11:20:35.343,1,34.55
2025-04-27 11:20:35.347,1,29.66
2025-04-27 11:20:35.351,1,25.0
2025-04-27 11:20:35.355,1,20.61
2025-04-27 11:20:35.359,1,16.54
2025-04-27 11:20:35.363,1,12.84
2025-04-27 11:20:35.367,1,9.55
2025-04-27 11:20:35.371,1,6.7
2025-04-27 11:20:35.375,1,4.32
2025-04-27 11:20:35.379,1,2.45
2025-04-27 11:20:35.383,1,1.09
2025-04-27 11:20:35.387,1,0.27
2025-04-27 11:20:35.391,1,0.0
2025-04-27 11:20:35.395,1,0.27
2025-04-27 11:20:35.399,1,1.09
2025-04-27 11:20:35.403,1,2.45
2025-04-27 11:20:35.407,1,4.32
2025-04-27 11:20:35.411,1,6.7
2025-04-27 11:20:35.415,1,9.55
2025-04-27 11:20:35.419,1,12.84
2025-04-27 11:20:35.423,1,16.54
2025-04-27 11:20:35.427,1,20.61
2025-04-27 11:20:35.431,1,25.0
2025-04-27 11:20:35.435,1,29.66
2025-04-27 11:20:35.439,1,34.55
2025-04-27 11:20:35.443,1,39.6
2025-04-27 11:20:35.447,1,44.77
2025-04-27 11:20:35.451,1,50.0
2025-04-27 11:20:35.455,1,55.23
2025-04-27 11:20:35.459,1,60.4
2025-04-27 11:20:35.463,1,65.45
2025-04-27 11:20:35.467,1,70.34
2025-04-27 11:20:35.471,1,75.0
2025-04-27 11:20:35.475,1,79.39
2025-04-27 11:20:35.479,1,83.46
2025-04-27 11:20:35.483,1,87.16
2025-04-27 11:20:35.487,1,90.45
2025-04-27 11:20:35.491,1,93.3
2025-04-27 11:20:35.495,1,95.68
2025-04-27 11:20:35.499,1,97.55
2025-04-27 11:20:35.503,1,98.91
2025-04-27 11:20:35.507,1,99.73
2025-04-27 11:20:35.511,1,100.0
2025-04-27 11:20:35.515,1,99.73
2025-04-27 11:20:35.519,1,98.91
2025-04-27 11:20:35.523,1,97.55
2025-04-27 11:20:35.527,1,95.68
2025-04-27 11:20:35.532,1,93.3
2025-04-27 11:20:35.535,1,90.45
2025-04-27 11:20:35.539,1,87.16
2025-04-27 11:20:35.543,1,83.46
2025-04-27 11:20:35.547,1,79.39
2025-04-27 11:20:35.551,1,75.0
2025-04-27 11:20:35.555,1,70.34
2025-04-27 11:20:35.559,1,65.45
2025-04-27 11:20:35.563,1,60.4
2025-04-27 11:20:35.567,1,55.23
2025-04-27 11:20:35.571,1,50.0
2025-04-27 11:20:35.575,1,44.77
2025-04-27 11:20:35.579,1,39.6
2025-04-27 11:20:35.583,1,34.55
2025-04-27 11:20:35.587,1,29.66
2025-04-27 11:20:35.591,1,25.0
2025-04-27 11:20:35.595,1,20.61
2025-04-27 11:20:35.599,1,16.54
2025-04-27 11:20:35.603,1,12.84
2025-04-27 11:20:35.607,1,9.55
2025-04-27 11:20:35.611,1,6.7
2025-04-27 11:20:35.615,1,4.32
2025-04-27 11:20:35.619,1,2.45
2025-04-27 11:20:35.623,1,1.09
2025-04-27 11:20:35.627,1,0.27
2025-04-27 11:20:35.631,1,0.0
2025-04-27 11:20:35.635,1,0.27
2025-04-27 11:20:35.639,1,1.09
2025-04-27 11:20:35.643,1,2.45
2025-04-27 11:20:35.647,1,4.32
2025-04-27 11:20:35.651,1,6.7
2025-04-27 11:20:35.655,1,9.55
2025-04-27 11:20:35.659,1,12.84
2025-04-27 11:20:35.663,1,16.54
2025-04-27 11:20:35.667,1,20.61
2025-04-27 11:20:35.671,1,25.0
2025-04-27 11:20:35.675,1,29.66
2025-04-27 11:20:35.679,1,34.55
2025-04-27 11:20:35.683,1,39.6
2025-04-27 11:20:35.687,1,44.77
2025-04-27 11:20:35.691,1,50.0
2025-04-27 11:20:35.695,1,55.23
2025-04-27 11:20:35.699,1,60.4
2025-04-27 11:20:35.703,1,65.45
2025-04-27 11:20:35.707,1,70.34
2025-04-27 11:20:35.711,1,75.0
2025-04-27 11:20:35.715,1,79.39
2025-04-27 11:20:35.719,1,83.46
2025-04-27 11:20:35.723,1,87.16
2025-04-27 11:20:35.727,1,90.45
2025-04-27 11:20:35.731,1,93.3
2025-04-27 11:20:35.735,1,95.68
2025-04-27 11:20:35.739,1,97.55
2025-04-27 11:20:35.743,1,98.91
2025-04-27 11:20:35.747,1,99.73
2025-04-27 11:20:35.751,1,100.0
2025-04-27 11:20:35.755,1,99.73
2025-04-27 11:20:35.759,1,98.91
2025-04-27 11:20:35.763,1,97.55
2025-04-27 11:20:35.767,1,95.68
2025-04-27 11:20:35.771,1,93.3
2025-04-27 11:20:35.775,1,90.45
2025-04-27 11:20:35.779,1,87.16
2025-04-27 11:20:35.783,1,83.46
2025-04-27 11:20:35.787,1,79.39
2025-04-27 11:20:35.791,1,75.0
2025-04-27 11:20:35.795,1,70.34
2025-04-27 11:20:35.799,1,65.45
2025-04-27 11:20:35.803,1,60.4
2025-04-27 11:20:35.807,1,55.23
2025-04-27 11:20:35.811,1,50.0
2025-04-27 11:20:35.815,1,44.77
2025-04-27 11:20:35.819,1,39.6
2025-04-27 11:20:35.823,1,34.55
2025-04-27 11:20:35.827,1,29.66
2025-04-27 11:20:35.831,1,25.0
2025-04-27 11:20:35.835,1,20.61
2025-04-27 11:20:35.839,1,16.54
2025-04-27 11:20:35.843,1,12.84
2025-04-27 11:20:35.847,1,9.55
2025-04-27 11:20:35.851,1,6.7
2025-04-27 11:20:35.855,1,4.32
2025-04-27 11:20:35.859,1,2.45
2025-04-27 11:20:35.863,1,1.09
2025-04-27 11:20:35.867,1,0.27
2025-04-27 11:20:35.871,1,0.0
2025-04-27 11:20:35.875,1,0.27
2025-04-27 11:20:35.879,1,1.09
2025-04-27 11:20:35.883,1,2.45
2025-04-27 11:20:35.887,1,4.32
2025-04-27 11:20:35.891,1,6.7
2025-04-27 11:20:35.895,1,9.55
2025-04-27 11:20:35.899,1,12.84
2025-04-27 11:20:35.903,1,16.54
2025-04-27 11:20:35.907,1,20.61
2025-04-27 11:20:35.911,1,25.0
2025-04-27 11:20:35.915,1,29.66
2025-04-27 11:20:35.919,1,34.55
2025-04-27 11:20:35.923,1,39.6
2025-04-27 11:20:35.927,1,44.77
2025-04-27 11:20:35.931,1,50.0
2025-04-27 11:20:35.935,1,55.23
2025-04-27 11:20:35.939,1,60.4
2025-04-27 11:20:35.943,1,65.45
2025-04-27 11:20:35.947,1,70.34
2025-04-27 11:20:35.951,1,75.0
2025-04-27 11:20:35.955,1,79.39
2025-04-27 11:20:35.959,1,83.46
2025-04-27 11:20:35.963,1,87.16
2025-04-27 11:20:35.967,1,90.45
2025-04-27 11:20:35.971,1,93.3
2025-04-27 11:20:35.975,1,95.68
2025-04-27 11:20:35.979,1,97.55
2025-04-27 11:20:35.983,1,98.91
2025-04-27 11:20:35.987,1,99.73
2025-04-27 11:20:35.991,1,100.0
2025-04-27 11:20:35.995,1,99.73
2025-04-27 11:20:35.999,1,98.91
2025-04-27 11:20:36.003,1,97.55
2025-04-27 11:20:36.007,1,95.68
2025-04-27 11:20:36.011,1,93.3
2025-04-27 11:20:36.015,1,90.45
2025-04-27 11:20:36.019,1,87.16
2025-04-27 11:20:36.023,1,83.46
2025-04-27 11:20:36.027,1,79.39
2025-04-27 11:20:36.031,1,75.0
2025-04-27 11:20:36.035,1,70.34
2025-04-27 11:20:36.039,1,65.45
2025-04-27 11:20:36.043,1,60.4
2025-04-27 11:20:36.047,1,55.23
2025-04-27 11:20:36.051,1,50.0
2025-04-27 11:20:36.055,1,44.77
2025-04-27 11:20:36.059,1,39.6
2025-04-27 11:20:36.063,1,34.55
2025-04-27 11:20:36.067,1,29.66
2025-04-27 11:20:36.071,1,25.0
2025-04-27 11:20:36.075,1,20.61
2025-04-27 11:20:36.079,1,16.54
2025-04-27 11:20:36.083,1,12.84
2025-04-27 11:20:36.087,1,9.55
2025-04-27 11:20:36.091,1,6.7
2025-04-27 11:20:36.095,1,4.32
2025-04-27 11:20:36.099,1,2.45
2025-04-27 11:20:36.103,1,1.09
2025-04-27 11:20:36.107,1,0.27
2025-04-27 11:20:36.111,1,0.0
2025-04-27 11:20:36.115,1,0.27
2025-04-27 11:20:36.119,1,1.09
2025-04-27 11:20:36.123,1,2.45
2025-04-27 11:20:36.127,1,4.32
2025-04-27 11:20:36.131,1,6.7
2025-04-27 11:20:36.135,1,9.55
2025-04-27 11:20:36.139,1,12.84
2025-04-27 11:20:36.143,1,16.54
2025-04-27 11:20:36.147,1,20.61
2025-04-27 11:20:36.151,1,25.0
2025-04-27 11:20:36.155,1,29.66
2025-04-27 11:20:36.159,1,34.55
2025-04-27 11:20:36.163,1,39.6
2025-04-27 11:20:36.167,1,44.77
2025-04-27 11:20:36.171,1,50.0
2025-04-27 11:20:36.175,1,55.23
2025-04-27 11:20:36.179,1,60.4
2025-04-27 11:20:36.183,1,65.45
2025-04-27 11:20:36.187,1,70.34
2025-04-27 11:20:36.191,1,75.0
2025-04-27 11:20:36.195,1,79.39
2025-04-27 11:20:36.199,1,83.46
2025-04-27 11:20:36.203,1,87.16
2025-04-27 11:20:36.207,1,90.45
2025-04-27 11:20:36.211,1,93.3
2025-04-27 11:20:36.215,1,95.68
2025-04-27 11:20:36.219,1,97.55
2025-04-27 11:20:36.223,1,98.91
2025-04-27 11:20:36.227,1,99.73
2025-04-27 11:20:36.231,1,100.0
2025-04-27 11:20:36.235,1,99.73
2025-04-27 11:20:36.239,1,98.91
2025-04-27 11:20:36.243,1,97.55
2025-04-27 11:20:36.247,1,95.68
2025-04-27 11:20:36.251,1,93.3
2025-04-27 11:20:36.255,1,90.45
2025-04-27 11:20:36.259,1,87.16
2025-04-27 11:20:36.263,1,83.46
2025-04-27 11:20:36.267,1,79.39
2025-04-27 11:20:36.271,1,75.0
2025-04-27 11:20:36.275,1,70.34
2025-04-27 11:20:36.279,1,65.45
2025-04-27 11:20:36.283,1,60.4
2025-04-27 11:20:36.287,1,55.23
2025-04-27 11:20:36.291,1,50.0
2025-04-27 11:20:36.295,1,44.77
2025-04-27 11:20:36.299,1,39.6
2025-04-27 11:20:36.303,1,34.55
2025-04-27 11:20:36.307,1,29.66
2025-04-27 11:20:36.311,1,25.0
2025-04-27 11:20:36.315,1,20.61
2025-04-27 11:20:36.319,1,16.54
2025-04-27 11:20:36.323,1,12.84
2025-04-27 11:20:36.327,1,9.55
2025-04-27 11:20:36.331,1,6.7
2025-04-27 11:20:36.335,1,4.32
2025-04-27 11:20:36.339,1,2.45
2025-04-27 11:20:36.343,1,1.09
2025-04-27 11:20:36.347,1,0.27
2025-04-27 11:20:36.351,1,0.0
2025-04-27 11:20:36.355,1,0.27
2025-04-27 11:20:36.359,1,1.09
2025-04-27 11:20:36.363,1,2.45
2025-04-27 11:20:36.367,1,4.32
2025-04-27 11:20:36.371,1,6.7
2025-04-27 11:20:36.375,1,9.55
2025-04-27 11:20:36.379,1,12.84
2025-04-27 11:20:36.383,1,16.54
2025-04-27 11:20:36.387,1,20.61
2025-04-27 11:20:36.391,1,25.0
2025-04-27 11:20:36.395,1,29.66
2025-04-27 11:20:36.399,1,34.55
2025-04-27 11:20:36.403,1,39.6
2025-04-27 11:20:36.407,1,44.77
2025-04-27 11:20:36.411,1,50.0
2025-04-27 11:20:36.415,1,55.23
2025-04-27 11:20:36.419,1,60.4
2025-04-27 11:20:36.423,1,65.45
2025-04-27 11:20:36.427,1,70.34
2025-04-27 11:20:36.431,1,75.0
2025-04-27 11:20:36.435,1,79.39
2025-04-27 11:20:36.439,1,83.46
2025-04-27 11:20:36.443,1,87.16
2025-04-27 11:20:36.447,1,90.45
2025-04-27 11:20:36.451,1,93.3
2025-04-27 11:20:36.455,1,95.68
2025-04-27 11:20:36.459,1,97.55
2025-04-27 11:20:36.463,1,98.91
2025-04-27 11:20:36.467,1,99.73
2025-04-27 11:20:36.471,1,100.0
2025-04-27 11:20:36.475,1,99.73
2025-04-27 11:20:36.479,1,98.91
2025-04-27 11:20:36.483,1,97.55
2025-04-27 11:20:36.487,1,95.68
2025-04-27 11:20:36.491,1,93.3
2025-04-27 11:20:36.495,1,90.45
2025-04-27 11:20:36.499,1,87.16
2025-04-27 11:20:36.503,1,83.46
2025-04-27 11:20:36.507,1,79.39
2025-04-27 11:20:36.511,1,75.0
2025-04-27 11:20:36.515,1,70.34
2025-04-27 11:20:36.519,1,65.45
2025-04-27 11:20:36.523,1,60.4
2025-04-27 11:20:36.527,1,55.23
2025-04-27 11:20:36.531,1,50.0
2025-04-27 11:20:36.535,1,44.77
2025-04-27 11:20:36.539,1,39.6
2025-04-27 11:20:36.543,1,34.55
2025-04-27 11:20:36.547,1,29.66
2025-04-27 11:20:36.551,1,25.0
2025-04-27 11:20:36.555,1,20.61
2025-04-27 11:20:36.559,1,16.54
2025-04-27 11:20:36.563,1,12.84
2025-04-27 11:20:36.567,1,9.55
2025-04-27 11:20:36.571,1,6.7
2025-04-27 11:20:36.575,1,4.32
2025-04-27 11:20:36.579,1,2.45
2025-04-27 11:20:36.583,1,1.09
2025-04-27 11:20:36.587,1,0.27
2025-04-27 11:20:36.591,1,0.0
2025-04-27 11:20:36.595,1,0.27
2025-04-27 11:20:36.599,1,1.09
2025-04-27 11:20:36.603,1,2.45
2025-04-27 11:20:36.607,1,4.32
2025-04-27 11:20:36.611,1,6.7
2025-04-27 11:20:36.615,1,9.55
2025-04-27 11:20:36.619,1,12.84
2025-04-27 11:20:36.623,1,16.54
2025-04-27 11:20:36.627,1,20.61
2025-04-27 11:20:36.631,1,25.0
2025-04-27 11:20:36.635,1,29.66
2025-04-27 11:20:36.639,1,34.55
2025-04-27 11:20:36.643,1,39.6
2025-04-27 11:20:36.647,1,44.77
2025-04-27 11:20:36.651,1,50.0
2025-04-27 11:20:36.655,1,55.23
2025-04-27 11:20:36.659,1,60.4
2025-04-27 11:20:36.663,1,65.45
2025-04-27 11:20:36.667,1,70.34
2025-04-27 11:20:36.671,1,75.0
2025-04-27 11:20:36.675,1,79.39
2025-04-27 11:20:36.679,1,83.46
2025-04-27 11:20:36.683,1,87.16
2025-04-27 11:20:36.687,1,90.45
2025-04-27 11:20:36.691,1,93.3
2025-04-27 11:20:36.695,1,95.68
2025-04-27 11:20:36.699,1,97.55
2025-04-27 11:20:36.703,1,98.91
2025-04-27 11:20:36.707,1,99.73
2025-04-27 11:20:36.711,1,100.0
2025-04-27 11:20:36.715,1,99.73
2025-04-27 11:20:36.719,1,98.91
2025-04-27 11:20:36.723,1,97.55
2025-04-27 11:20:36.727,1,95.68
2025-04-27 11:20:36.731,1,93.3
2025-04-27 11:20:36.735,1,90.45
2025-04-27 11:20:36.739,1,87.16
2025-04-27 11:20:36.743,1,83.46
2025-04-27 11:20:36.747,1,79.39
2025-04-27 11:20:36.751,1,75.0
2025-04-27 11:20:36.755,1,70.34
2025-04-27 11:20:36.759,1,65.45
2025-04-27 11:20:36.763,1,60.4
2025-04-27 11:20:36.767,1,55.23
2025-04-27 11:20:36.771,1,50.0
2025-04-27 11:20:36.775,1,44.77
2025-04-27 11:20:36.779,1,39.6
2025-04-27 11:20:36.783,1,34.55
2025-04-27 11:20:36.787,1,29.66
2025-04-27 11:20:36.791,1,25.0
2025-04-27 11:20:36.795,1,20.61
2025-04-27 11:20:36.799,1,16.54
2025-04-27 11:20:36.803,1,12.84
2025-04-27 11:20:36.807,1,9.55
2025-04-27 11:20:36.811,1,6.7
2025-04-27 11:20:36.815,1,4.32
2025-04-27 11:20:36.819,1,2.45
2025-04-27 11:20:36.823,1,1.09
2025-04-27 11:20:36.827,1,0.27
2025-04-27 11:20:36.831,1,0.0
2025-04-27 11:20:36.835,1,0.27
2025-04-27 11:20:36.839,1,1.09
2025-04-27 11:20:36.843,1,2.45
2025-04-27 11:20:36.847,1,4.32
2025-04-27 11:20:36.851,1,6.7
2025-04-27 11:20:36.855,1,9.55
2025-04-27 11:20:36.859,1,12.84
2025-04-27 11:20:36.863,1,16.54
2025-04-27 11:20:36.867,1,20.61
2025-04-27 11:20:36.871,1,25.0
2025-04-27 11:20:36.875,1,29.66
2025-04-27 11:20:36.879,1,34.55
2025-04-27 11:20:36.883,1,39.6
2025-04-27 11:20:36.887,1,44.77
2025-04-27 11:20:36.891,1,50.0
2025-04-27 11:20:36.895,1,55.23
2025-04-27 11:20:36.899,1,60.4
2025-04-27 11:20:36.903,1,65.45
2025-04-27 11:20:36.907,1,70.34
2025-04-27 11:20:36.911,1,75.0
2025-04-27 11:20:36.915,1,79.39
2025-04-27 11:20:36.919,1,83.46
2025-04-27 11:20:36.923,1,87.16
2025-04-27 11:20:36.927,1,90.45
2025-04-27 11:20:36.931,1,93.3
2025-04-27 11:20:36.935,1,95.68
2025-04-27 11:20:36.939,1,97.55
2025-04-27 11:20:36.943,1,98.91
2025-04-27 11:20:36.947,1,99.73
2025-04-27 11:20:36.951,1,100.0
2025-04-27 11:20:36.955,1,99.73
2025-04-27 11:20:36.959,1,98.91
2025-04-27 11:20:36.963,1,97.55
2025-04-27 11:20:36.967,1,95.68
2025-04-27 11:20:36.971,1,93.3
2025-04-27 11:20:36.975,1,90.45
2025-04-27 11:20:36.979,1,87.16
2025-04-27 11:20:36.983,1,83.46
2025-04-27 11:20:36.987,1,79.39
2025-04-27 11:20:36.991,1,75.0
2025-04-27 11:20:36.995,1,70.34
2025-04-27 11:20:36.999,1,65.45
2025-04-27 11:20:37.003,1,60.4
2025-04-27 11:20:37.007,1,55.23
2025-04-27 11:20:37.011,1,50.0
2025-04-27 11:20:37.015,1,44.77
2025-04-27 11:20:37.019,1,39.6
2025-04-27 11:20:37.023,1,34.55
2025-04-27 11:20:37.027,1,29.66
2025-04-27 11:20:37.031,1,25.0
2025-04-27 11:20:37.035,1,20.61
2025-04-27 11:20:37.039,1,16.54
2025-04-27 11:20:37.043,1,12.84
2025-04-27 11:20:37.047,1,9.55
2025-04-27 11:20:37.051,1,6.7
2025-04-27 11:20:37.055,1,4.32
2025-04-27 11:20:37.059,1,2.45
2025-04-27 11:20:37.063,1,1.09
2025-04-27 11:20:37.067,1,0.27
2025-04-27 11:20:37.071,1,0.0
2025-04-27 11:20:37.075,1,0.27
2025-04-27 11:20:37.079,1,1.09
2025-04-27 11:20:37.083,1,2.45
2025-04-27 11:20:37.087,1,4.32
2025-04-27 11:20:37.091,1,6.7
2025-04-27 11:20:37.095,1,9.55
2025-04-27 11:20:37.099,1,12.84
2025-04-27 11:20:37.103,1,16.54
2025-04-27 11:20:37.107,1,20.61
2025-04-27 11:20:37.111,1,25.0
2025-04-27 11:20:37.115,1,29.66
2025-04-27 11:20:37.119,1,34.55
2025-04-27 11:20:37.123,1,39.6
2025-04-27 11:20:37.127,1,44.77
2025-04-27 11:20:37.131,1,50.0
2025-04-27 11:20:37.135,1,55.23
2025-04-27 11:20:37.139,1,60.4
2025-04-27 11:20:37.143,1,65.45
2025-04-27 11:20:37.147,1,70.34
2025-04-27 11:20:37.151,1,75.0
2025-04-27 11:20:37.155,1,79.39
2025-04-27 11:20:37.159,1,83.46
2025-04-27 11:20:37.163,1,87.16
2025-04-27 11:20:37.167,1,90.45
2025-04-27 11:20:37.171,1,93.3
2025-04-27 11:20:37.175,1,95.68
2025-04-27 11:20:37.179,1,97.55
2025-04-27 11:20:37.183,1,98.91
2025-04-27 11:20:37.187,1,99.73
2025-04-27 11:20:37.191,1,100.0
2025-04-27 11:20:37.195,1,99.73
2025-04-27 11:20:37.199,1,98.91
2025-04-27 11:20:37.203,1,97.55
2025-04-27 11:20:37.207,1,95.68
2025-04-27 11:20:37.211,1,93.3
2025-04-27 11:20:37.215,1,90.45
2025-04-27 11:20:37.219,1,87.16
2025-04-27 11:20:37.223,1,83.46
2025-04-27 11:20:37.227,1,79.39
2025-04-27 11:20:37.231,1,75.0
2025-04-27 11:20:37.235,1,70.34
2025-04-27 11:20:37.239,1,65.45
2025-04-27 11:20:37.243,1,60.4
2025-04-27 11:20:37.247,1,55.23
2025-04-27 11:20:37.251,1,50.0
2025-04-27 11:20:37.255,1,44.77
2025-04-27 11:20:37.259,1,39.6
2025-04-27 11:20:37.263,1,34.55
2025-04-27 11:20:37.267,1,29.66
2025-04-27 11:20:37.271,1,25.0
2025-04-27 11:20:37.275,1,20.61
2025-04-27 11:20:37.279,1,16.54
2025-04-27 11:20:37.283,1,12.84
2025-04-27 11:20:37.287,1,9.55
2025-04-27 11:20:37.291,1,6.7
2025-04-27 11:20:37.295,1,4.32
2025-04-27 11:20:37.299,1,2.45
2025-04-27 11:20:37.303,1,1.09
2025-04-27 11:20:37.307,1,0.27
2025-04-27 11:20:37.311,1,0.0
2025-04-27 11:20:37.315,1,0.27
2025-04-27 11:20:37.319,1,1.09
2025-04-27 11:20:37.323,1,2.45
2025-04-27 11:20:37.327,1,4.32
2025-04-27 11:20:37.331,1,6.7
2025-04-27 11:20:37.335,1,9.55
2025-04-27 11:20:37.339,1,12.84
2025-04-27 11:20:37.343,1,16.54
2025-04-27 11:20:37.347,1,20.61
2025-04-27 11:20:37.351,1,25.0
2025-04-27 11:20:37.355,1,29.66
2025-04-27 11:20:37.359,1,34.55
2025-04-27 11:20:37.363,1,39.6
2025-04-27 11:20:37.367,1,44.77
2025-04-27 11:20:37.371,1,50.0
2025-04-27 11:20:37.375,1,55.23
2025-04-27 11:20:37.379,1,60.4
2025-04-27 11:20:37.383,1,65.45
2025-04-27 11:20:37.387,1,70.34
2025-04-27 11:20:37.391,1,75.0
2025-04-27 11:20:37.395,1,79.39
2025-04-27 11:20:37.399,1,83.46
2025-04-27 11:20:37.403,1,87.16
2025-04-27 11:20:37.407,1,90.45
2025-04-27 11:20:37.411,1,93.3
2025-04-27 11:20:37.415,1,95.68
2025-04-27 11:20:37.419,1,97.55
2025-04-27 11:20:37.423,1,98.91
2025-04-27 11:20:37.427,1,99.73
2025-04-27 11:20:37.431,1,100.0
2025-04-27 11:20:37.435,1,99.73
2025-04-27 11:20:37.439,1,98.91
2025-04-27 11:20:37.443,1,97.55
2025-04-27 11:20:37.447,1,95.68
2025-04-27 11:20:37.451,1,93.3
2025-04-27 11:20:37.455,1,90.45
2025-04-27 11:20:37.459,1,87.16
2025-04-27 11:20:37.463,1,83.46
2025-04-27 11:20:37.467,1,79.39
2025-04-27 11:20:37.471,1,75.0
2025-04-27 11:20:37.475,1,70.34
2025-04-27 11:20:37.479,1,65.45
2025-04-27 11:20:37.483,1,60.4
2025-04-27 11:20:37.487,1,55.23
2025-04-27 11:20:37.491,1,50.0
2025-04-27 11:20:37.495,1,44.77
2025-04-27 11:20:37.499,1,39.6
2025-04-27 11:20:37.503,1,34.55
2025-04-27 11:20:37.507,1,29.66
2025-04-27 11:20:37.511,1,25.0
2025-04-27 11:20:37.515,1,20.61
2025-04-27 11:20:37.519,1,16.54
2025-04-27 11:20:37.523,1,12.84
2025-04-27 11:20:37.527,1,9.55
2025-04-27 11:20:37.531,1,6.7
2025-04-27 11:20:37.535,1,4.32
2025-04-27 11:20:37.539,1,2.45
2025-04-27 11:20:37.543,1,1.09
2025-04-27 11:20:37.547,1,0.27
2025-04-27 11:20:37.551,1,0.0
2025-04-27 11:20:37.555,1,0.27
2025-04-27 11:20:37.559,1,1.09
2025-04-27 11:20:37.563,1,2.45
2025-04-27 11:20:37.567,1,4.32
2025-04-27 11:20:37.571,1,6.7
2025-04-27 11:20:37.575,1,9.55
2025-04-27 11:20:37.579,1,12.84
2025-04-27 11:20:37.583,1,16.54
2025-04-27 11:20:37.587,1,20.61
2025-04-27 11:20:37.591,1,25.0
2025-04-27 11:20:37.595,1,29.66
2025-04-27 11:20:37.599,1,34.55
2025-04-27 11:20:37.603,1,39.6
2025-04-27 11:20:37.607,1,44.77
2025-04-27 11:20:37.611,1,50.0
2025-04-27 11:20:37.615,1,55.23
2025-04-27 11:20:37.619,1,60.4
2025-04-27 11:20:37.623,1,65.45
2025-04-27 11:20:37.627,1,70.34
2025-04-27 11:20:37.631,1,75.0
2025-04-27 11:20:37.635,1,79.39
2025-04-27 11:20:37.639,1,83.46
2025-04-27 11:20:37.643,1,87.16
2025-04-27 11:20:37.647,1,90.45
2025-04-27 11:20:37.651,1,93.3
2025-04-27 11:20:37.655,1,95.68
2025-04-27 11:20:37.659,1,97.55
2025-04-27 11:20:37.663,1,98.91
2025-04-27 11:20:37.667,1,99.73
2025-04-27 11:20:37.671,1,100.0
2025-04-27 11:20:37.675,1,99.73
2025-04-27 11:20:37.679,1,98.91
2025-04-27 11:20:37.683,1,97.55
2025-04-27 11:20:37.687,1,95.68
2025-04-27 11:20:37.691,1,93.3
2025-04-27 11:20:37.695,1,90.45
2025-04-27 11:20:37.699,1,87.16
2025-04-27 11:20:37.703,1,83.46
2025-04-27 11:20:37.707,1,79.39
2025-04-27 11:20:37.711,1,75.0
2025-04-27 11:20:37.715,1,70.34
2025-04-27 11:20:37.719,1,65.45
2025-04-27 11:20:37.723,1,60.4
2025-04-27 11:20:37.727,1,55.23
2025-04-27 11:20:37.731,1,50.0
2025-04-27 11:20:37.735,1,44.77
2025-04-27 11:20:37.739,1,39.6
2025-04-27 11:20:37.743,1,34.55
2025-04-27 11:20:37.747,1,29.66
2025-04-27 11:20:37.751,1,25.0
2025-04-27 11:20:37.755,1,20.61
2025-04-27 11:20:37.759,1,16.54
2025-04-27 11:20:37.763,1,12.84
2025-04-27 11:20:37.767,1,9.55
2025-04-27 11:20:37.771,1,6.7
2025-04-27 11:20:37.775,1,4.32
2025-04-27 11:20:37.779,1,2.45
2025-04-27 11:20:37.783,1,1.09
2025-04-27 11:20:37.787,1,0.27
2025-04-27 11:20:37.791,1,0.0
2025-04-27 11:20:37.795,1,0.27
2025-04-27 11:20:37.799,1,1.09
2025-04-27 11:20:37.803,1,2.45
2025-04-27 11:20:37.807,1,4.32
2025-04-27 11:20:37.811,1,6.7
2025-04-27 11:20:37.815,1,9.55
2025-04-27 11:20:37.819,1,12.84
2025-04-27 11:20:37.823,1,16.54
2025-04-27 11:20:37.827,1,20.61
2025-04-27 11:20:37.831,1,25.0
2025-04-27 11:20:37.835,1,29.66
2025-04-27 11:20:37.839,1,34.55
2025-04-27 11:20:37.843,1,39.6
2025-04-27 11:20:37.847,1,44.77
2025-04-27 11:20:37.851,1,50.0
2025-04-27 11:20:37.855,1,55.23
2025-04-27 11:20:37.859,1,60.4
2025-04-27 11:20:37.863,1,65.45
2025-04-27 11:20:37.867,1,70.34
2025-04-27 11:20:37.871,1,75.0
2025-04-27 11:20:37.875,1,79.39
2025-04-27 11:20:37.879,1,83.46
2025-04-27 11:20:37.883,1,87.16
2025-04-27 11:20:37.887,1,90.45
2025-04-27 11:20:37.891,1,93.3
2025-04-27 11:20:37.895,1,95.68
2025-04-27 11:20:37.899,1,97.55
2025-04-27 11:20:37.903,1,98.91
2025-04-27 11:20:37.907,1,99.73
2025-04-27 11:20:37.911,1,100.0
2025-04-27 11:20:37.915,1,99.73
2025-04-27 11:20:37.919,1,98.91
2025-04-27 11:20:37.923,1,97.55
2025-04-27 11:20:37.927,1,95.68
2025-04-27 11:20:37.931,1,93.3
2025-04-27 11:20:37.935,1,90.45
2025-04-27 11:20:37.939,1,87.16
2025-04-27 11:20:37.943,1,83.46
2025-04-27 11:20:37.947,1,79.39
2025-04-27 11:20:37.951,1,75.0
2025-04-27 11:20:37.955,1,70.34
2025-04-27 11:20:37.959,1,65.45
2025-04-27 11:20:37.963,1,60.4
2025-04-27 11:20:37.967,1,55.23
2025-04-27 11:20:37.971,1,50.0
2025-04-27 11:20:37.975,1,44.77
2025-04-27 11:20:37.979,1,39.6
2025-04-27 11:20:37.983,1,34.55
2025-04-27 11:20:37.987,1,29.66
2025-04-27 11:20:37.991,1,25.0
2025-04-27 11:20:37.995,1,20.61
2025-04-27 11:20:37.999,1,16.54
2025-04-27 11:20:38.003,1,12.84
2025-04-27 11:20:38.007,1,9.55
2025-04-27 11:20:38.011,1,6.7
2025-04-27 11:20:38.015,1,4.32
2025-04-27 11:20:38.019,1,2.45
2025-04-27 11:20:38.023,1,1.09
2025-04-27 11:20:38.027,1,0.27
2025-04-27 11:20:38.031,1,0.0
2025-04-27 11:20:38.035,1,0.27
2025-04-27 11:20:38.039,1,1.09
2025-04-27 11:20:38.043,1,2.45
2025-04-27 11:20:38.047,1,4.32
2025-04-27 11:20:38.051,1,6.7
2025-04-27 11:20:38.055,1,9.55
2025-04-27 11:20:38.059,1,12.84
2025-04-27 11:20:38.063,1,16.54
2025-04-27 11:20:38.067,1,20.61
2025-04-27 11:20:38.071,1,25.0
2025-04-27 11:20:38.075,1,29.66
2025-04-27 11:20:38.079,1,34.55
2025-04-27 11:20:38.083,1,39.6
2025-04-27 11:20:38.087,1,44.77
2025-04-27 11:20:38.091,1,50.0
2025-04-27 11:20:38.095,1,55.23
2025-04-27 11:20:38.099,1,60.4
2025-04-27 11:20:38.103,1,65.45
2025-04-27 11:20:38.107,1,70.34
2025-04-27 11:20:38.111,1,75.0
2025-04-27 11:20:38.115,1,79.39
2025-04-27 11:20:38.119,1,83.46
2025-04-27 11:20:38.123,1,87.16
2025-04-27 11:20:38.127,1,90.45
2025-04-27 11:20:38.131,1,93.3
2025-04-27 11:20:38.135,1,95.68
2025-04-27 11:20:38.139,1,97.55
2025-04-27 11:20:38.143,1,98.91
2025-04-27 11:20:38.147,1,99.73
2025-04-27 11:20:38.151,1,100.0
2025-04-27 11:20:38.155,1,99.73
2025-04-27 11:20:38.159,1,98.91
2025-04-27 11:20:38.163,1,97.55
2025-04-27 11:20:38.167,1,95.68
2025-04-27 11:20:38.171,1,93.3
2025-04-27 11:20:38.175,1,90.45
2025-04-27 11:20:38.179,1,87.16
2025-04-27 11:20:38.183,1,83.46
2025-04-27 11:20:38.187,1,79.39
2025-04-27 11:20:38.191,1,75.0
2025-04-27 11:20:38.195,1,70.34
2025-04-27 11:20:38.199,1,65.45
2025-04-27 11:20:38.203,1,60.4
2025-04-27 11:20:38.207,1,55.23
2025-04-27 11:20:38.211,1,50.0
2025-04-27 11:20:38.215,1,44.77
2025-04-27 11:20:38.219,1,39.6
2025-04-27 11:20:38.223,1,34.55
2025-04-27 11:20:38.227,1,29.66
2025-04-27 11:20:38.231,1,25.0
2025-04-27 11:20:38.235,1,20.61
2025-04-27 11:20:38.239,1,16.54
2025-04-27 11:20:38.243,1,12.84
2025-04-27 11:20:38.247,1,9.55
2025-04-27 11:20:38.251,1,6.7
2025-04-27 11:20:38.255,1,4.32
2025-04-27 11:20:38.259,1,2.45
2025-04-27 11:20:38.263,1,1.09
2025-04-27 11:20:38.267,1,0.27
2025-04-27 11:20:38.271,1,0.0
2025-04-27 11:20:38.275,1,0.27
2025-04-27 11:20:38.279,1,1.09
2025-04-27 11:20:38.283,1,2.45
2025-04-27 11:20:38.287,1,4.32
2025-04-27 11:20:38.291,1,6.7
2025-04-27 11:20:38.295,1,9.55
2025-04-27 11:20:38.299,1,12.84
2025-04-27 11:20:38.303,1,16.54
2025-04-27 11:20:38.307,1,20.61
2025-04-27 11:20:38.311,1,25.0
2025-04-27 11:20:38.315,1,29.66
2025-04-27 11:20:38.319,1,34.55
2025-04-27 11:20:38.323,1,39.6
2025-04-27 11:20:38.327,1,44.77
2025-04-27 11:20:38.331,1,50.0
2025-04-27 11:20:38.335,1,55.23
2025-04-27 11:20:38.339,1,60.4
2025-04-27 11:20:38.343,1,65.45
2025-04-27 11:20:38.347,1,70.34
2025-04-27 11:20:38.351,1,75.0
2025-04-27 11:20:38.355,1,79.39
2025-04-27 11:20:38.359,1,83.46
2025-04-27 11:20:38.363,1,87.16
2025-04-27 11:20:38.367,1,90.45
2025-04-27 11:20:38.371,1,93.3
2025-04-27 11:20:38.375,1,95.68
2025-04-27 11:20:38.379,1,97.55
2025-04-27 11:20:38.383,1,98.91
2025-04-27 11:20:38.387,1,99.73
2025-04-27 11:20:38.391,1,100.0
2025-04-27 11:20:38.395,1,99.73
2025-04-27 11:20:38.399,1,98.91
2025-04-27 11:20:38.403,1,97.55
2025-04-27 11:20:38.407,1,95.68
2025-04-27 11:20:38.411,1,93.3
2025-04-27 11:20:38.415,1,90.45
2025-04-27 11:20:38.419,1,87.16
2025-04-27 11:20:38.423,1,83.46
2025-04-27 11:20:38.427,1,79.39
2025-04-27 11:20:38.431,1,75.0
2025-04-27 11:20:38.435,1,70.34
2025-04-27 11:20:38.439,1,65.45
2025-04-27 11:20:38.443,1,60.4
2025-04-27 11:20:38.447,1,55.23
2025-04-27 11:20:38.451,1,50.0
2025-04-27 11:20:38.455,1,44.77
2025-04-27 11:20:38.459,1,39.6
2025-04-27 11:20:38.463,1,34.55
2025-04-27 11:20:38.467,1,29.66
2025-04-27 11:20:38.471,1,25.0
2025-04-27 11:20:38.475,1,20.61
2025-04-27 11:20:38.479,1,16.54
2025-04-27 11:20:38.483,1,12.84
2025-04-27 11:20:38.487,1,9.55
2025-04-27 11:20:38.491,1,6.7
2025-04-27 11:20:38.495,1,4.32
2025-04-27 11:20:38.499,1,2.45
2025-04-27 11:20:38.503,1,1.09
2025-04-27 11:20:38.507,1,0.27
2025-04-27 11:20:38.511,1,0.0
2025-04-27 11:20:38.515,1,0.27
2025-04-27 11:20:38.519,1,1.09
2025-04-27 11:20:38.523,1,2.45
2025-04-27 11:20:38.527,1,4.32
2025-04-27 11:20:38.531,1,6.7
2025-04-27 11:20:38.535,1,9.55
2025-04-27 11:20:38.539,1,12.84
2025-04-27 11:20:38.543,1,16.54
2025-04-27 11:20:38.547,1,20.61
2025-04-27 11:20:38.551,1,25.0
2025-04-27 11:20:38.555,1,29.66
2025-04-27 11:20:38.559,1,34.55
2025-04-27 11:20:38.563,1,39.6
2025-04-27 11:20:38.567,1,44.77
2025-04-27 11:20:38.571,1,50.0
2025-04-27 11:20:38.575,1,55.23
2025-04-27 11:20:38.579,1,60.4
2025-04-27 11:20:38.583,1,65.45
2025-04-27 11:20:38.587,1,70.34
2025-04-27 11:20:38.591,1,75.0
2025-04-27 11:20:38.595,1,79.39
2025-04-27 11:20:38.599,1,83.46
2025-04-27 11:20:38.603,1,87.16
2025-04-27 11:20:38.607,1,90.45
2025-04-27 11:20:38.611,1,93.3
2025-04-27 11:20:38.615,1,95.68
2025-04-27 11:20:38.619,1,97.55
2025-04-27 11:20:38.623,1,98.91
2025-04-27 11:20:38.627,1,99.73
2025-04-27 11:20:38.631,1,100.0
2025-04-27 11:20:38.635,1,99.73
2025-04-27 11:20:38.639,1,98.91
2025-04-27 11:20:38.643,1,97.55
2025-04-27 11:20:38.647,1,95.68
2025-04-27 11:20:38.651,1,93.3
2025-04-27 11:20:38.655,1,90.45
2025-04-27 11:20:38.659,1,87.16
2025-04-27 11:20:38.663,1,83.46
2025-04-27 11:20:38.667,1,79.39
2025-04-27 11:20:38.671,1,75.0
2025-04-27 11:20:38.675,1,70.34
2025-04-27 11:20:38.679,1,65.45
2025-04-27 11:20:38.683,1,60.4
2025-04-27 11:20:38.687,1,55.23
2025-04-27 11:20:38.691,1,50.0
2025-04-27 11:20:38.695,1,44.77
2025-04-27 11:20:38.699,1,39.6
2025-04-27 11:20:38.703,1,34.55
2025-04-27 11:20:38.707,1,29.66
2025-04-27 11:20:38.711,1,25.0
2025-04-27 11:20:38.715,1,20.61
2025-04-27 11:20:38.719,1,16.54
2025-04-27 11:20:38.723,1,12.84
2025-04-27 11:20:38.727,1,9.55
2025-04-27 11:20:38.731,1,6.7
2025-04-27 11:20:38.735,1,4.32
2025-04-27 11:20:38.739,1,2.45
2025-04-27 11:20:38.743,1,1.09
2025-04-27 11:20:38.747,1,0.27
2025-04-27 11:20:38.751,1,0.0
2025-04-27 11:20:38.755,1,0.27
2025-04-27 11:20:38.759,1,1.09
2025-04-27 11:20:38.763,1,2.45
2025-04-27 11:20:38.767,1,4.32
2025-04-27 11:20:38.771,1,6.7
2025-04-27 11:20:38.775,1,9.55
2025-04-27 11:20:38.779,1,12.84
2025-04-27 11:20:38.783,1,16.54
2025-04-27 11:20:38.787,1,20.61
2025-04-27 11:20:38.791,1,25.0
2025-04-27 11:20:38.795,1,29.66
2025-04-27 11:20:38.799,1,34.55
2025-04-27 11:20:38.803,1,39.6
2025-04-27 11:20:38.807,1,44.77
2025-04-27 11:20:38.811,1,50.0
2025-04-27 11:20:38.815,1,55.23
2025-04-27 11:20:38.819,1,60.4
2025-04-27 11:20:38.823,1,65.45
2025-04-27 11:20:38.827,1,70.34
2025-04-27 11:20:38.831,1,75.0
2025-04-27 11:20:38.835,1,79.39
2025-04-27 11:20:38.839,1,83.46
2025-04-27 11:20:38.843,1,87.16
2025-04-27 11:20:38.847,1,90.45
2025-04-27 11:20:38.851,1,93.3
2025-04-27 11:20:38.855,1,95.68
2025-04-27 11:20:38.859,1,97.55
2025-04-27 11:20:38.863,1,98.91
2025-04-27 11:20:38.867,1,99.73
2025-04-27 11:20:38.871,1,100.0
2025-04-27 11:20:38.875,1,99.73
2025-04-27 11:20:38.879,1,98.91
2025-04-27 11:20:38.883,1,97.55
2025-04-27 11:20:38.887,1,95.68
2025-04-27 11:20:38.891,1,93.3
2025-04-27 11:20:38.895,1,90.45
2025-04-27 11:20:38.899,1,87.16
2025-04-27 11:20:38.903,1,83.46
2025-04-27 11:20:38.907,1,79.39
2025-04-27 11:20:38.911,1,75.0
2025-04-27 11:20:38.915,1,70.34
2025-04-27 11:20:38.919,1,65.45
2025-04-27 11:20:38.923,1,60.4
2025-04-27 11:20:38.927,1,55.23
2025-04-27 11:20:38.931,1,50.0
2025-04-27 11:20:38.935,1,44.77
2025-04-27 11:20:38.939,1,39.6
2025-04-27 11:20:38.943,1,34.55
2025-04-27 11:20:38.947,1,29.66
2025-04-27 11:20:38.951,1,25.0
2025-04-27 11:20:38.955,1,20.61
2025-04-27 11:20:38.959,1,16.54
2025-04-27 11:20:38.963,1,12.84
2025-04-27 11:20:38.967,1,9.55
2025-04-27 11:20:38.971,1,6.7
2025-04-27 11:20:38.975,1,4.32
2025-04-27 11:20:38.979,1,2.45
2025-04-27 11:20:38.983,1,1.09
2025-04-27 11:20:38.987,1,0.27
2025-04-27 11:20:38.991,1,0.0
2025-04-27 11:20:38.995,1,0.27
2025-04-27 11:20:38.999,1,1.09
2025-04-27 11:20:39.003,1,2.45
2025-04-27 11:20:39.007,1,4.32
2025-04-27 11:20:39.011,1,6.7
2025-04-27 11:20:39.015,1,9.55
2025-04-27 11:20:39.019,1,12.84
2025-04-27 11:20:39.023,1,16.54
2025-04-27 11:20:39.027,1,20.61
2025-04-27 11:20:39.031,1,25.0
2025-04-27 11:20:39.035,1,29.66
2025-04-27 11:20:39.039,1,34.55
2025-04-27 11:20:39.043,1,39.6
2025-04-27 11:20:39.047,1,44.77
2025-04-27 11:20:39.051,1,50.0
2025-04-27 11:20:39.055,1,55.23
2025-04-27 11:20:39.059,1,60.4
2025-04-27 11:20:39.063,1,65.45
2025-04-27 11:20:39.067,1,70.34
2025-04-27 11:20:39.071,1,75.0
2025-04-27 11:20:39.075,1,79.39
2025-04-27 11:20:39.079,1,83.46
2025-04-27 11:20:39.083,1,87.16
2025-04-27 11:20:39.087,1,90.45
2025-04-27 11:20:39.091,1,93.3
2025-04-27 11:20:39.095,1,95.68
2025-04-27 11:20:39.099,1,97.55
2025-04-27 11:20:39.103,1,98.91
2025-04-27 11:20:39.107,1,99.73
2025-04-27 11:20:39.111,1,100.0
2025-04-27 11:20:39.115,1,99.73
2025-04-27 11:20:39.119,1,98.91
2025-04-27 11:20:39.123,1,97.55
2025-04-27 11:20:39.127,1,95.68
2025-04-27 11:20:39.131,1,93.3
2025-04-27 11:20:39.135,1,90.45
2025-04-27 11:20:39.139,1,87.16
2025-04-27 11:20:39.143,1,83.46
2025-04-27 11:20:39.147,1,79.39
2025-04-27 11:20:39.151,1,75.0
2025-04-27 11:20:39.155,1,70.34
2025-04-27 11:20:39.159,1,65.45
2025-04-27 11:20:39.163,1,60.4
2025-04-27 11:20:39.167,1,55.23
2025-04-27 11:20:39.171,1,50.0
2025-04-27 11:20:39.175,1,44.77
2025-04-27 11:20:39.179,1,39.6
2025-04-27 11:20:39.183,1,34.55
2025-04-27 11:20:39.187,1,29.66
2025-04-27 11:20:39.191,1,25.0
2025-04-27 11:20:39.195,1,20.61
2025-04-27 11:20:39.199,1,16.54
2025-04-27 11:20:39.203,1,12.84
2025-04-27 11:20:39.207,1,9.55
2025-04-27 11:20:39.211,1,6.7
2025-04-27 11:20:39.215,1,4.32
2025-04-27 11:20:39.219,1,2.45
2025-04-27 11:20:39.223,1,1.09
2025-04-27 11:20:39.227,1,0.27
2025-04-27 11:20:39.231,1,0.0
2025-04-27 11:20:39.235,1,0.27
2025-04-27 11:20:39.239,1,1.09
2025-04-27 11:20:39.243,1,2.45
2025-04-27 11:20:39.247,1,4.32
2025-04-27 11:20:39.251,1,6.7
2025-04-27 11:20:39.255,1,9.55
2025-04-27 11:20:39.259,1,12.84
2025-04-27 11:20:39.263,1,16.54
2025-04-27 11:20:39.267,1,20.61
2025-04-27 11:20:39.271,1,25.0
2025-04-27 11:20:39.275,1,29.66
2025-04-27 11:20:39.279,1,34.55
2025-04-27 11:20:39.283,1,39.6
2025-04-27 11:20:39.287,1,44.77
2025-04-27 11:20:39.291,1,50.0
2025-04-27 11:20:39.295,1,55.23
2025-04-27 11:20:39.299,1,60.4
2025-04-27 11:20:39.303,1,65.45
2025-04-27 11:20:39.307,1,70.34
2025-04-27 11:20:39.311,1,75.0
2025-04-27 11:20:39.315,1,79.39
2025-04-27 11:20:39.319,1,83.46
2025-04-27 11:20:39.323,1,87.16
2025-04-27 11:20:39.327,1,90.45
2025-04-27 11:20:39.331,1,93.3
2025-04-27 11:20:39.335,1,95.68
2025-04-27 11:20:39.339,1,97.55
2025-04-27 11:20:39.343,1,98.91
2025-04-27 11:20:39.347,1,99.73
2025-04-27 11:20:39.351,1,100.0
2025-04-27 11:20:39.355,1,99.73
2025-04-27 11:20:39.359,1,98.91
2025-04-27 11:20:39.363,1,97.55
2025-04-27 11:20:39.367,1,95.68
2025-04-27 11:20:39.371,1,93.3
2025-04-27 11:20:39.375,1,90.45
2025-04-27 11:20:39.379,1,87.16
2025-04-27 11:20:39.383,1,83.46
2025-04-27 11:20:39.387,1,79.39
2025-04-27 11:20:39.391,1,75.0
2025-04-27 11:20:39.395,1,70.34
2025-04-27 11:20:39.399,1,65.45
2025-04-27 11:20:39.403,1,60.4
2025-04-27 11:20:39.407,1,55.23
2025-04-27 11:20:39.411,1,50.0
2025-04-27 11:20:39.415,1,44.77
2025-04-27 11:20:39.419,1,39.6
2025-04-27 11:20:39.423,1,34.55
2025-04-27 11:20:39.427,1,29.66
2025-04-27 11:20:39.431,1,25.0
2025-04-27 11:20:39.435,1,20.61
2025-04-27 11:20:39.439,1,16.54
2025-04-27 11:20:39.443,1,12.84
2025-04-27 11:20:39.447,1,9.55
2025-04-27 11:20:39.451,1,6.7
2025-04-27 11:20:39.455,1,4.32
2025-04-27 11:20:39.459,1,2.45
2025-04-27 11:20:39.463,1,1.09
2025-04-27 11:20:39.467,1,0.27
2025-04-27 11:20:39.471,1,0.0
2025-04-27 11:20:39.475,1,0.27
2025-04-27 11:20:39.479,1,1.09
2025-04-27 11:20:39.483,1,2.45
2025-04-27 11:20:39.487,1,4.32
2025-04-27 11:20:39.491,1,6.7
2025-04-27 11:20:39.495,1,9.55
2025-04-27 11:20:39.499,1,12.84
2025-04-27 11:20:39.503,1,16.54
2025-04-27 11:20:39.507,1,20.61
2025-04-27 11:20:39.511,1,25.0
2025-04-27 11:20:39.515,1,29.66
2025-04-27 11:20:39.519,1,34.55
2025-04-27 11:20:39.523,1,39.6
2025-04-27 11:20:39.527,1,44.77
2025-04-27 11:20:39.531,1,50.0
2025-04-27 11:20:39.535,1,55.23
2025-04-27 11:20:39.539,1,60.4
2025-04-27 11:20:39.543,1,65.45
2025-04-27 11:20:39.547,1,70.34
2025-04-27 11:20:39.551,1,75.0
2025-04-27 11:20:39.555,1,79.39
2025-04-27 11:20:39.559,1,83.46
2025-04-27 11:20:39.563,1,87.16
2025-04-27 11:20:39.567,1,90.45
2025-04-27 11:20:39.571,1,93.3
2025-04-27 11:20:39.575,1,95.68
2025-04-27 11:20:39.579,1,97.55
2025-04-27 11:20:39.583,1,98.91
2025-04-27 11:20:39.587,1,99.73
2025-04-27 11:20:39.591,1,100.0
2025-04-27 11:20:39.595,1,99.73
2025-04-27 11:20:39.599,1,98.91
2025-04-27 11:20:39.603,1,97.55
2025-04-27 11:20:39.607,1,95.68
2025-04-27 11:20:39.611,1,93.3
2025-04-27 11:20:39.615,1,90.45
2025-04-27 11:20:39.619,1,87.16
2025-04-27 11:20:39.623,1,83.46
2025-04-27 11:20:39.627,1,79.39
2025-04-27 11:20:39.631,1,75.0
2025-04-27 11:20:39.635,1,70.34
2025-04-27 11:20:39.639,1,65.45
2025-04-27 11:20:39.643,1,60.4
2025-04-27 11:20:39.647,1,55.23
2025-04-27 11:20:39.651,1,50.0
2025-04-27 11:20:39.655,1,44.77
2025-04-27 11:20:39.659,1,39.6
2025-04-27 11:20:39.663,1,34.55
2025-04-27 11:20:39.667,1,29.66
2025-04-27 11:20:39.671,1,25.0
2025-04-27 11:20:39.675,1,20.61
2025-04-27 11:20:39.679,1,16.54
2025-04-27 11:20:39.683,1,12.84
2025-04-27 11:20:39.687,1,9.55
2025-04-27 11:20:39.691,1,6.7
2025-04-27 11:20:39.695,1,4.32
2025-04-27 11:20:39.699,1,2.45
2025-04-27 11:20:39.703,1,1.09
2025-04-27 11:20:39.707,1,0.27
2025-04-27 11:20:39.711,1,0.0
2025-04-27 11:20:39.715,1,0.27
2025-04-27 11:20:39.719,1,1.09
2025-04-27 11:20:39.723,1,2.45
2025-04-27 11:20:39.727,1,4.32
2025-04-27 11:20:39.731,1,6.7
2025-04-27 11:20:39.735,1,9.55
2025-04-27 11:20:39.739,1,12.84
2025-04-27 11:20:39.743,1,16.54
2025-04-27 11:20:39.747,1,20.61
2025-04-27 11:20:39.751,1,25.0
2025-04-27 11:20:39.755,1,29.66
2025-04-27 11:20:39.759,1,34.55
2025-04-27 11:20:39.763,1,39.6
2025-04-27 11:20:39.767,1,44.77
2025-04-27 11:20:39.771,1,50.0
2025-04-27 11:20:39.775,1,55.23
2025-04-27 11:20:39.779,1,60.4
2025-04-27 11:20:39.783,1,65.45
2025-04-27 11:20:39.787,1,70.34
2025-04-27 11:20:39.791,1,75.0
2025-04-27 11:20:39.795,1,79.39
2025-04-27 11:20:39.799,1,83.46
2025-04-27 11:20:39.803,1,87.16
2025-04-27 11:20:39.807,1,90.45
2025-04-27 11:20:39.811,1,93.3
2025-04-27 11:20:39.815,1,95.68
2025-04-27 11:20:39.819,1,97.55
2025-04-27 11:20:39.823,1,98.91
2025-04-27 11:20:39.827,1,99.73
2025-04-27 11:20:39.831,1,100.0
2025-04-27 11:20:39.835,1,99.73
2025-04-27 11:20:39.839,1,98.91
2025-04-27 11:20:39.843,1,97.55
2025-04-27 11:20:39.847,1,95.68
2025-04-27 11:20:39.851,1,93.3
2025-04-27 11:20:39.855,1,90.45
2025-04-27 11:20:39.859,1,87.16
2025-04-27 11:20:39.863,1,83.46
2025-04-27 11:20:39.867,1,79.39
2025-04-27 11:20:39.871,1,75.0
2025-04-27 11:20:39.875,1,70.34
2025-04-27 11:20:39.879,1,65.45
2025-04-27 11:20:39.883,1,60.4
2025-04-27 11:20:39.887,1,55.23
2025-04-27 11:20:39.891,1,50.0
2025-04-27 11:20:39.895,1,44.77
2025-04-27 11:20:39.899,1,39.6
2025-04-27 11:20:39.903,1,34.55
2025-04-27 11:20:39.907,1,29.66
2025-04-27 11:20:39.911,1,25.0
2025-04-27 11:20:39.915,1,20.61
2025-04-27 11:20:39.919,1,16.54
2025-04-27 11:20:39.923,1,12.84
2025-04-27 11:20:39.927,1,9.55
2025-04-27 11:20:39.931,1,6.7
2025-04-27 11:20:39.935,1,4.32
2025-04-27 11:20:39.939,1,2.45
2025-04-27 11:20:39.943,1,1.09
2025-04-27 11:20:39.947,1,0.27
2025-04-27 11:20:39.951,1,0.0
2025-04-27 11:20:39.955,1,0.27
2025-04-27 11:20:39.959,1,1.09
2025-04-27 11:20:39.963,1,2.45
2025-04-27 11:20:39.967,1,4.32
2025-04-27 11:20:39.971,1,6.7
2025-04-27 11:20:39.975,1,9.55
2025-04-27 11:20:39.979,1,12.84
2025-04-27 11:20:39.983,1,16.54
2025-04-27 11:20:39.987,1,20.61
2025-04-27 11:20:39.991,1,25.0
2025-04-27 11:20:39.995,1,29.66
2025-04-27 11:20:39.999,1,34.55
2025-04-27 11:20:40.003,1,39.6
2025-04-27 11:20:40.007,1,44.77
2025-04-27 11:20:40.011,1,50.0
2025-04-27 11:20:40.015,1,55.23
2025-04-27 11:20:40.019,1,60.4
2025-04-27 11:20:40.023,1,65.45
2025-04-27 11:20:40.027,1,70.34
2025-04-27 11:20:40.031,1,75.0
2025-04-27 11:20:40.035,1,79.39
2025-04-27 11:20:40.039,1,83.46
2025-04-27 11:20:40.043,1,87.16
2025-04-27 11:20:40.047,1,90.45
2025-04-27 11:20:40.051,1,93.3
2025-04-27 11:20:40.055,1,95.68
2025-04-27 11:20:40.059,1,97.55
2025-04-27 11:20:40.063,1,98.91
2025-04-27 11:20:40.067,1,99.73
2025-04-27 11:20:40.071,1,100.0
2025-04-27 11:20:40.075,1,99.73
2025-04-27 11:20:40.079,1,98.91
2025-04-27 11:20:40.083,1,97.55
2025-04-27 11:20:40.087,1,95.68
2025-04-27 11:20:40.091,1,93.3
2025-04-27 11:20:40.095,1,90.45
2025-04-27 11:20:40.099,1,87.16
2025-04-27 11:20:40.103,1,83.46
2025-04-27 11:20:40.107,1,79.39
2025-04-27 11:20:40.111,1,75.0
2025-04-27 11:20:40.115,1,70.34
2025-04-27 11:20:40.119,1,65.45
2025-04-27 11:20:40.123,1,60.4
2025-04-27 11:20:40.127,1,55.23
2025-04-27 11:20:40.131,1,50.0
2025-04-27 11:20:40.135,1,44.77
2025-04-27 11:20:40.139,1,39.6
2025-04-27 11:20:40.143,1,34.55
2025-04-27 11:20:40.147,1,29.66
2025-04-27 11:20:40.151,1,25.0
2025-04-27 11:20:40.155,1,20.61
2025-04-27 11:20:40.159,1,16.54
2025-04-27 11:20:40.163,1,12.84
2025-04-27 11:20:40.167,1,9.55
2025-04-27 11:20:40.171,1,6.7
2025-04-27 11:20:40.175,1,4.32
2025-04-27 11:20:40.179,1,2.45
2025-04-27 11:20:40.183,1,1.09
2025-04-27 11:20:40.187,1,0.27
2025-04-27 11:20:40.191,1,0.0
2025-04-27 11:20:40.195,1,0.27
2025-04-27 11:20:40.199,1,1.09
2025-04-27 11:20:40.203,1,2.45
2025-04-27 11:20:40.207,1,4.32
2025-04-27 11:20:40.211,1,6.7
2025-04-27 11:20:40.215,1,9.55
2025-04-27 11:20:40.219,1,12.84
2025-04-27 11:20:40.223,1,16.54
2025-04-27 11:20:40.227,1,20.61
2025-04-27 11:20:40.231,1,25.0
2025-04-27 11:20:40.235,1,29.66
2025-04-27 11:20:40.239,1,34.55
2025-04-27 11:20:40.243,1,39.6
2025-04-27 11:20:40.247,1,44.77
2025-04-27 11:20:40.251,1,50.0
2025-04-27 11:20:40.255,1,55.23
2025-04-27 11:20:40.259,1,60.4
2025-04-27 11:20:40.263,1,65.45
2025-04-27 11:20:40.267,1,70.34
2025-04-27 11:20:40.271,1,75.0
2025-04-27 11:20:40.275,1,79.39
2025-04-27 11:20:40.279,1,83.46
2025-04-27 11:20:40.283,1,87.16
2025-04-27 11:20:40.287,1,90.45
2025-04-27 11:20:40.291,1,93.3
2025-04-27 11:20:40.295,1,95.68
2025-04-27 11:20:40.299,1,97.55
2025-04-27 11:20:40.303,1,98.91
2025-04-27 11:20:40.307,1,99.73
2025-04-27 11:20:40.311,1,100.0
2025-04-27 11:20:40.315,1,99.73
2025-04-27 11:20:40.319,1,98.91
2025-04-27 11:20:40.323,1,97.55
2025-04-27 11:20:40.327,1,95.68
2025-04-27 11:20:40.331,1,93.3
2025-04-27 11:20:40.335,1,90.45
2025-04-27 11:20:40.339,1,87.16
2025-04-27 11:20:40.343,1,83.46
2025-04-27 11:20:40.347,1,79.39
2025-04-27 11:20:40.351,1,75.0
2025-04-27 11:20:40.355,1,70.34
2025-04-27 11:20:40.359,1,65.45
2025-04-27 11:20:40.363,1,60.4
2025-04-27 11:20:40.367,1,55.23
2025-04-27 11:20:40.371,1,50.0
2025-04-27 11:20:40.375,1,44.77
2025-04-27 11:20:40.379,1,39.6
2025-04-27 11:20:40.383,1,34.55
2025-04-27 11:20:40.387,1,29.66
2025-04-27 11:20:40.391,1,25.0
2025-04-27 11:20:40.395,1,20.61
2025-04-27 11:20:40.399,1,16.54
2025-04-27 11:20:40.403,1,12.84
2025-04-27 11:20:40.407,1,9.55
2025-04-27 11:20:40.411,1,6.7
2025-04-27 11:20:40.415,1,4.32
2025-04-27 11:20:40.419,1,2.45
2025-04-27 11:20:40.423,1,1.09
2025-04-27 11:20:40.427,1,0.27
2025-04-27 11:20:40.431,1,0.0
2025-04-27 11:20:40.435,1,0.27
2025-04-27 11:20:40.439,1,1.09
2025-04-27 11:20:40.443,1,2.45
2025-04-27 11:20:40.447,1,4.32
2025-04-27 11:20:40.451,1,6.7
2025-04-27 11:20:40.455,1,9.55
2025-04-27 11:20:40.459,1,12.84
2025-04-27 11:20:40.463,1,16.54
2025-04-27 11:20:40.467,1,20.61
2025-04-27 11:20:40.471,1,25.0
2025-04-27 11:20:40.475,1,29.66
2025-04-27 11:20:40.479,1,34.55
2025-04-27 11:20:40.483,1,39.6
2025-04-27 11:20:40.487,1,44.77
2025-04-27 11:20:40.491,1,50.0
2025-04-27 11:20:40.495,1,55.23
2025-04-27 11:20:40.499,1,60.4
2025-04-27 11:20:40.503,1,65.45
2025-04-27 11:20:40.507,1,70.34
2025-04-27 11:20:40.511,1,75.0
2025-04-27 11:20:40.515,1,79.39
2025-04-27 11:20:40.519,1,83.46
2025-04-27 11:20:40.523,1,87.16
2025-04-27 11:20:40.527,1,90.45
2025-04-27 11:20:40.531,1,93.3
2025-04-27 11:20:40.535,1,95.68
2025-04-27 11:20:40.539,1,97.55
2025-04-27 11:20:40.543,1,98.91
2025-04-27 11:20:40.547,1,99.73
2025-04-27 11:20:40.551,1,100.0
2025-04-27 11:20:40.555,1,99.73
2025-04-27 11:20:40.559,1,98.91
2025-04-27 11:20:40.563,1,97.55
2025-04-27 11:20:40.567,1,95.68
2025-04-27 11:20:40.571,1,93.3
2025-04-27 11:20:40.575,1,90.45
2025-04-27 11:20:40.579,1,87.16
2025-04-27 11:20:40.583,1,83.46
2025-04-27 11:20:40.587,1,79.39
2025-04-27 11:20:40.591,1,75.0
2025-04-27 11:20:40.595,1,70.34
2025-04-27 11:20:40.599,1,65.45
2025-04-27 11:20:40.603,1,60.4
2025-04-27 11:20:40.607,1,55.23
2025-04-27 11:20:40.611,1,50.0
2025-04-27 11:20:40.615,1,44.77
2025-04-27 11:20:40.619,1,39.6
2025-04-27 11:20:40.623,1,34.55
2025-04-27 11:20:40.627,1,29.66
2025-04-27 11:20:40.631,1,25.0
2025-04-27 11:20:40.635,1,20.61
2025-04-27 11:20:40.639,1,16.54
2025-04-27 11:20:40.643,1,12.84
2025-04-27 11:20:40.647,1,9.55
2025-04-27 11:20:40.651,1,6.7
2025-04-27 11:20:40.655,1,4.32
2025-04-27 11:20:40.659,1,2.45
2025-04-27 11:20:40.663,1,1.09
2025-04-27 11:20:40.667,1,0.27
2025-04-27 11:20:40.671,1,0.0
2025-04-27 11:20:40.675,1,0.27
2025-04-27 11:20:40.679,1,1.09
2025-04-27 11:20:40.683,1,2.45
2025-04-27 11:20:40.687,1,4.32
2025-04-27 11:20:40.691,1,6.7
2025-04-27 11:20:40.695,1,9.55
2025-04-27 11:20:40.699,1,12.84
2025-04-27 11:20:40.703,1,16.54
2025-04-27 11:20:40.707,1,20.61
2025-04-27 11:20:40.711,1,25.0
2025-04-27 11:20:40.715,1,29.66
2025-04-27 11:20:40.719,1,34.55
2025-04-27 11:20:40.723,1,39.6
2025-04-27 11:20:40.727,1,44.77
2025-04-27 11:20:40.731,1,50.0
2025-04-27 11:20:40.735,1,55.23
2025-04-27 11:20:40.739,1,60.4
2025-04-27 11:20:40.743,1,65.45
2025-04-27 11:20:40.747,1,70.34
2025-04-27 11:20:40.751,1,75.0
2025-04-27 11:20:40.755,1,79.39
2025-04-27 11:20:40.759,1,83.46
2025-04-27 11:20:40.763,1,87.16
2025-04-27 11:20:40.767,1,90.45
2025-04-27 11:20:40.771,1,93.3
2025-04-27 11:20:40.775,1,95.68
2025-04-27 11:20:40.779,1,97.55
2025-04-27 11:20:40.783,1,98.91
2025-04-27 11:20:40.787,1,99.73
2025-04-27 11:20:40.791,1,100.0
2025-04-27 11:20:40.795,1,99.73
2025-04-27 11:20:40.799,1,98.91
2025-04-27 11:20:40.803,1,97.55
2025-04-27 11:20:40.807,1,95.68
2025-04-27 11:20:40.811,1,93.3
2025-04-27 11:20:40.815,1,90.45
2025-04-27 11:20:40.819,1,87.16
2025-04-27 11:20:40.823,1,83.46
2025-04-27 11:20:40.827,1,79.39
2025-04-27 11:20:40.831,1,75.0
2025-04-27 11:20:40.835,1,70.34
2025-04-27 11:20:40.839,1,65.45
2025-04-27 11:20:40.843,1,60.4
2025-04-27 11:20:40.847,1,55.23
2025-04-27 11:20:40.851,1,50.0
2025-04-27 11:20:40.855,1,44.77
2025-04-27 11:20:40.859,1,39.6
2025-04-27 11:20:40.863,1,34.55
2025-04-27 11:20:40.867,1,29.66
2025-04-27 11:20:40.871,1,25.0
2025-04-27 11:20:40.875,1,20.61
2025-04-27 11:20:40.879,1,16.54
2025-04-27 11:20:40.883,1,12.84
2025-04-27 11:20:40.887,1,9.55
2025-04-27 11:20:40.891,1,6.7
2025-04-27 11:20:40.895,1,4.32
2025-04-27 11:20:40.899,1,2.45
2025-04-27 11:20:40.903,1,1.09
2025-04-27 11:20:40.907,1,0.27
2025-04-27 11:20:40.911,1,0.0
2025-04-27 11:20:40.915,1,0.27
2025-04-27 11:20:40.919,1,1.09
2025-04-27 11:20:40.923,1,2.45
2025-04-27 11:20:40.927,1,4.32
2025-04-27 11:20:40.931,1,6.7
2025-04-27 11:20:40.935,1,9.55
2025-04-27 11:20:40.939,1,12.84
2025-04-27 11:20:40.943,1,16.54
2025-04-27 11:20:40.947,1,20.61
2025-04-27 11:20:40.951,1,25.0
2025-04-27 11:20:40.955,1,29.66
2025-04-27 11:20:40.959,1,34.55
2025-04-27 11:20:40.963,1,39.6
2025-04-27 11:20:40.967,1,44.77
2025-04-27 11:20:40.971,1,50.0
2025-04-27 11:20:40.975,1,55.23
2025-04-27 11:20:40.979,1,60.4
2025-04-27 11:20:40.983,1,65.45
2025-04-27 11:20:40.987,1,70.34
2025-04-27 11:20:40.991,1,75.0
2025-04-27 11:20:40.995,1,79.39
2025-04-27 11:20:40.999,1,83.46
2025-04-27 11:20:41.003,1,87.16
2025-04-27 11:20:41.007,1,90.45
2025-04-27 11:20:41.011,1,93.3
2025-04-27 11:20:41.015,1,95.68
2025-04-27 11:20:41.019,1,97.55
2025-04-27 11:20:41.023,1,98.91
2025-04-27 11:20:41.027,1,99.73
2025-04-27 11:20:41.031,1,100.0
2025-04-27 11:20:41.035,1,99.73
2025-04-27 11:20:41.039,1,98.91
2025-04-27 11:20:41.043,1,97.55
2025-04-27 11:20:41.047,1,95.68
2025-04-27 11:20:41.051,1,93.3
2025-04-27 11:20:41.055,1,90.45
2025-04-27 11:20:41.059,1,87.16
2025-04-27 11:20:41.063,1,83.46
2025-04-27 11:20:41.067,1,79.39
2025-04-27 11:20:41.071,1,75.0
2025-04-27 11:20:41.075,1,70.34
2025-04-27 11:20:41.079,1,65.45
2025-04-27 11:20:41.083,1,60.4
2025-04-27 11:20:41.087,1,55.23
2025-04-27 11:20:41.091,1,50.0
2025-04-27 11:20:41.095,1,44.77
2025-04-27 11:20:41.099,1,39.6
2025-04-27 11:20:41.103,1,34.55
2025-04-27 11:20:41.107,1,29.66
2025-04-27 11:20:41.111,1,25.0
2025-04-27 11:20:41.115,1,20.61
2025-04-27 11:20:41.119,1,16.54
2025-04-27 11:20:41.123,1,12.84
2025-04-27 11:20:41.127,1,9.55
2025-04-27 11:20:41.131,1,6.7
2025-04-27 11:20:41.135,1,4.32
2025-04-27 11:20:41.139,1,2.45
2025-04-27 11:20:41.143,1,1.09
2025-04-27 11:20:41.147,1,0.27
2025-04-27 11:20:41.151,1,0.0
2025-04-27 11:20:41.155,1,0.27
2025-04-27 11:20:41.159,1,1.09
2025-04-27 11:20:41.163,1,2.45
2025-04-27 11:20:41.167,1,4.32
2025-04-27 11:20:41.171,1,6.7
2025-04-27 11:20:41.175,1,9.55
2025-04-27 11:20:41.179,1,12.84
2025-04-27 11:20:41.183,1,16.54
2025-04-27 11:20:41.187,1,20.61
2025-04-27 11:20:41.191,1,25.0
2025-04-27 11:20:41.195,1,29.66
2025-04-27 11:20:41.199,1,34.55
2025-04-27 11:20:41.203,1,39.6
2025-04-27 11:20:41.207,1,44.77
2025-04-27 11:20:41.211,1,50.0
2025-04-27 11:20:41.215,1,55.23
2025-04-27 11:20:41.219,1,60.4
2025-04-27 11:20:41.223,1,65.45
2025-04-27 11:20:41.227,1,70.34
2025-04-27 11:20:41.231,1,75.0
2025-04-27 11:20:41.235,1,79.39
2025-04-27 11:20:41.239,1,83.46
2025-04-27 11:20:41.243,1,87.16
2025-04-27 11:20:41.247,1,90.45
2025-04-27 11:20:41.251,1,93.3
2025-04-27 11:20:41.255,1,95.68
2025-04-27 11:20:41.259,1,97.55
2025-04-27 11:20:41.263,1,98.91
2025-04-27 11:20:41.267,1,99.73
2025-04-27 11:20:41.271,1,100.0
2025-04-27 11:20:41.275,1,99.73
2025-04-27 11:20:41.279,1,98.91
2025-04-27 11:20:41.283,1,97.55
2025-04-27 11:20:41.287,1,95.68
2025-04-27 11:20:41.291,1,93.3
2025-04-27 11:20:41.295,1,90.45
2025-04-27 11:20:41.299,1,87.16
2025-04-27 11:20:41.303,1,83.46
2025-04-27 11:20:41.307,1,79.39
2025-04-27 11:20:41.311,1,75.0
2025-04-27 11:20:41.315,1,70.34
2025-04-27 11:20:41.319,1,65.45
2025-04-27 11:20:41.323,1,60.4
2025-04-27 11:20:41.327,1,55.23
2025-04-27 11:20:41.331,1,50.0
2025-04-27 11:20:41.335,1,44.77
2025-04-27 11:20:41.339,1,39.6
2025-04-27 11:20:41.343,1,34.55
2025-04-27 11:20:41.347,1,29.66
2025-04-27 11:20:41.351,1,25.0
2025-04-27 11:20:41.355,1,20.61
2025-04-27 11:20:41.359,1,16.54
2025-04-27 11:20:41.363,1,12.84
2025-04-27 11:20:41.367,1,9.55
2025-04-27 11:20:41.371,1,6.7
2025-04-27 11:20:41.375,1,4.32
2025-04-27 11:20:41.379,1,2.45
2025-04-27 11:20:41.383,1,1.09
2025-04-27 11:20:41.387,1,0.27
2025-04-27 11:20:41.391,1,0.0
2025-04-27 11:20:41.395,1,0.27
2025-04-27 11:20:41.399,1,1.09
2025-04-27 11:20:41.403,1,2.45
2025-04-27 11:20:41.407,1,4.32
2025-04-27 11:20:41.411,1,6.7
2025-04-27 11:20:41.415,1,9.55
2025-04-27 11:20:41.419,1,12.84
2025-04-27 11:20:41.423,1,16.54
2025-04-27 11:20:41.427,1,20.61
2025-04-27 11:20:41.431,1,25.0
2025-04-27 11:20:41.435,1,29.66
2025-04-27 11:20:41.439,1,34.55
2025-04-27 11:20:41.443,1,39.6
2025-04-27 11:20:41.447,1,44.77
2025-04-27 11:20:41.451,1,50.0
2025-04-27 11:20:41.455,1,55.23
2025-04-27 11:20:41.459,1,60.4
2025-04-27 11:20:41.463,1,65.45
2025-04-27 11:20:41.467,1,70.34
2025-04-27 11:20:41.471,1,75.0
2025-04-27 11:20:41.475,1,79.39
2025-04-27 11:20:41.479,1,83.46
2025-04-27 11:20:41.483,1,87.16
2025-04-27 11:20:41.487,1,90.45
2025-04-27 11:20:41.491,1,93.3
2025-04-27 11:20:41.495,1,95.68
2025-04-27 11:20:41.499,1,97.55
2025-04-27 11:20:41.503,1,98.91
2025-04-27 11:20:41.507,1,99.73
2025-04-27 11:20:41.511,1,100.0
2025-04-27 11:20:41.515,1,99.73
2025-04-27 11:20:41.519,1,98.91
2025-04-27 11:20:41.523,1,97.55
2025-04-27 11:20:41.527,1,95.68
2025-04-27 11:20:41.531,1,93.3
2025-04-27 11:20:41.535,1,90.45
2025-04-27 11:20:41.539,1,87.16
2025-04-27 11:20:41.543,1,83.46
2025-04-27 11:20:41.547,1,79.39
2025-04-27 11:20:41.551,1,75.0
2025-04-27 11:20:41.555,1,70.34
2025-04-27 11:20:41.559,1,65.45
2025-04-27 11:20:41.563,1,60.4
2025-04-27 11:20:41.567,1,55.23
2025-04-27 11:20:41.571,1,50.0
2025-04-27 11:20:41.575,1,44.77
2025-04-27 11:20:41.579,1,39.6
2025-04-27 11:20:41.583,1,34.55
2025-04-27 11:20:41.587,1,29.66
2025-04-27 11:20:41.591,1,25.0
2025-04-27 11:20:41.595,1,20.61
2025-04-27 11:20:41.599,1,16.54
2025-04-27 11:20:41.603,1,12.84
2025-04-27 11:20:41.607,1,9.55
2025-04-27 11:20:41.611,1,6.7
2025-04-27 11:20:41.615,1,4.32
2025-04-27 11:20:41.619,1,2.45
2025-04-27 11:20:41.623,1,1.09
2025-04-27 11:20:41.627,1,0.27
2025-04-27 11:20:41.631,1,0.0
2025-04-27 11:20:41.635,1,0.27
2025-04-27 11:20:41.639,1,1.09
2025-04-27 11:20:41.643,1,2.45
2025-04-27 11:20:41.647,1,4.32
2025-04-27 11:20:41.651,1,6.7
2025-04-27 11:20:41.655,1,9.55
2025-04-27 11:20:41.659,1,12.84
2025-04-27 11:20:41.663,1,16.54
2025-04-27 11:20:41.667,1,20.61
2025-04-27 11:20:41.671,1,25.0
2025-04-27 11:20:41.675,1,29.66
2025-04-27 11:20:41.679,1,34.55
2025-04-27 11:20:41.683,1,39.6
2025-04-27 11:20:41.687,1,44.77
2025-04-27 11:20:41.691,1,50.0
2025-04-27 11:20:41.695,1,55.23
2025-04-27 11:20:41.699,1,60.4
2025-04-27 11:20:41.703,1,65.45
2025-04-27 11:20:41.707,1,70.34
2025-04-27 11:20:41.711,1,75.0
2025-04-27 11:20:41.715,1,79.39
2025-04-27 11:20:41.719,1,83.46
2025-04-27 11:20:41.723,1,87.16
2025-04-27 11:20:41.727,1,90.45
2025-04-27 11:20:41.731,1,93.3
2025-04-27 11:20:41.735,1,95.68
2025-04-27 11:20:41.739,1,97.55
2025-04-27 11:20:41.743,1,98.91
2025-04-27 11:20:41.747,1,99.73
2025-04-27 11:20:41.751,1,100.0
2025-04-27 11:20:41.755,1,99.73
2025-04-27 11:20:41.759,1,98.91
2025-04-27 11:20:41.763,1,97.55
2025-04-27 11:20:41.767,1,95.68
2025-04-27 11:20:41.771,1,93.3
2025-04-27 11:20:41.775,1,90.45
2025-04-27 11:20:41.779,1,87.16
2025-04-27 11:20:41.783,1,83.46
2025-04-27 11:20:41.787,1,79.39
2025-04-27 11:20:41.791,1,75.0
2025-04-27 11:20:41.795,1,70.34
2025-04-27 11:20:41.799,1,65.45
2025-04-27 11:20:41.803,1,60.4
2025-04-27 11:20:41.807,1,55.23
2025-04-27 11:20:41.811,1,50.0
2025-04-27 11:20:41.815,1,44.77
2025-04-27 11:20:41.819,1,39.6
2025-04-27 11:20:41.823,1,34.55
2025-04-27 11:20:41.827,1,29.66
2025-04-27 11:20:41.831,1,25.0
2025-04-27 11:20:41.835,1,20.61
2025-04-27 11:20:41.839,1,16.54
2025-04-27 11:20:41.843,1,12.84
2025-04-27 11:20:41.847,1,9.55
2025-04-27 11:20:41.851,1,6.7
2025-04-27 11:20:41.855,1,4.32
2025-04-27 11:20:41.859,1,2.45
2025-04-27 11:20:41.863,1,1.09
2025-04-27 11:20:41.867,1,0.27
2025-04-27 11:20:41.871,1,0.0
2025-04-27 11:20:41.875,1,0.27
2025-04-27 11:20:41.879,1,1.09
2025-04-27 11:20:41.883,1,2.45
2025-04-27 11:20:41.887,1,4.32
2025-04-27 11:20:41.891,1,6.7
2025-04-27 11:20:41.895,1,9.55
2025-04-27 11:20:41.899,1,12.84
2025-04-27 11:20:41.903,1,16.54
2025-04-27 11:20:41.907,1,20.61
2025-04-27 11:20:41.911,1,25.0
2025-04-27 11:20:41.915,1,29.66
2025-04-27 11:20:41.919,1,34.55
2025-04-27 11:20:41.923,1,39.6
2025-04-27 11:20:41.927,1,44.77
2025-04-27 11:20:41.931,1,50.0
2025-04-27 11:20:41.935,1,55.23
2025-04-27 11:20:41.939,1,60.4
2025-04-27 11:20:41.943,1,65.45
2025-04-27 11:20:41.947,1,70.34
2025-04-27 11:20:41.951,1,75.0
2025-04-27 11:20:41.955,1,79.39
2025-04-27 11:20:41.959,1,83.46
2025-04-27 11:20:41.963,1,87.16
2025-04-27 11:20:41.967,1,90.45
2025-04-27 11:20:41.971,1,93.3
2025-04-27 11:20:41.975,1,95.68
2025-04-27 11:20:41.979,1,97.55
2025-04-27 11:20:41.983,1,98.91
2025-04-27 11:20:41.987,1,99.73
2025-04-27 11:20:41.991,1,100.0
2025-04-27 11:20:41.995,1,99.73
2025-04-27 11:20:41.999,1,98.91
2025-04-27 11:20:42.003,1,97.55
2025-04-27 11:20:42.007,1,95.68
2025-04-27 11:20:42.011,1,93.3
2025-04-27 11:20:42.015,1,90.45
2025-04-27 11:20:42.019,1,87.16
2025-04-27 11:20:42.023,1,83.46
2025-04-27 11:20:42.027,1,79.39
2025-04-27 11:20:42.031,1,75.0
2025-04-27 11:20:42.035,1,70.34
2025-04-27 11:20:42.039,1,65.45
2025-04-27 11:20:42.043,1,60.4
2025-04-27 11:20:42.047,1,55.23
2025-04-27 11:20:42.051,1,50.0
2025-04-27 11:20:42.055,1,44.77
2025-04-27 11:20:42.059,1,39.6
2025-04-27 11:20:42.063,1,34.55
2025-04-27 11:20:42.067,1,29.66
2025-04-27 11:20:42.071,1,25.0
2025-04-27 11:20:42.075,1,20.61
2025-04-27 11:20:42.079,1,16.54
2025-04-27 11:20:42.083,1,12.84
2025-04-27 11:20:42.087,1,9.55
2025-04-27 11:20:42.091,1,6.7
2025-04-27 11:20:42.095,1,4.32
2025-04-27 11:20:42.099,1,2.45
2025-04-27 11:20:42.103,1,1.09
2025-04-27 11:20:42.107,1,0.27
2025-04-27 11:20:42.111,1,0.0
2025-04-27 11:20:42.115,1,0.27
2025-04-27 11:20:42.119,1,1.09
2025-04-27 11:20:42.123,1,2.45
2025-04-27 11:20:42.127,1,4.32
2025-04-27 11:20:42.131,1,6.7
2025-04-27 11:20:42.135,1,9.55
2025-04-27 11:20:42.139,1,12.84
2025-04-27 11:20:42.143,1,16.54
2025-04-27 11:20:42.147,1,20.61
2025-04-27 11:20:42.151,1,25.0
2025-04-27 11:20:42.155,1,29.66
2025-04-27 11:20:42.159,1,34.55
2025-04-27 11:20:42.163,1,39.6
2025-04-27 11:20:42.167,1,44.77
2025-04-27 11:20:42.171,1,50.0
2025-04-27 11:20:42.175,1,55.23
2025-04-27 11:20:42.179,1,60.4
2025-04-27 11:20:42.183,1,65.45
2025-04-27 11:20:42.187,1,70.34
2025-04-27 11:20:42.191,1,75.0
2025-04-27 11:20:42.195,1,79.39
2025-04-27 11:20:42.199,1,83.46
2025-04-27 11:20:42.203,1,87.16
2025-04-27 11:20:42.207,1,90.45
2025-04-27 11:20:42.211,1,93.3
2025-04-27 11:20:42.215,1,95.68
2025-04-27 11:20:42.219,1,97.55
2025-04-27 11:20:42.223,1,98.91
2025-04-27 11:20:42.227,1,99.73
2025-04-27 11:20:42.231,1,100.0
2025-04-27 11:20:42.235,1,99.73
2025-04-27 11:20:42.239,1,98.91
2025-04-27 11:20:42.243,1,97.55
2025-04-27 11:20:42.247,1,95.68
2025-04-27 11:20:42.251,1,93.3
2025-04-27 11:20:42.255,1,90.45
2025-04-27 11:20:42.259,1,87.16
2025-04-27 11:20:42.263,1,83.46
2025-04-27 11:20:42.267,1,79.39
2025-04-27 11:20:42.271,1,75.0
2025-04-27 11:20:42.275,1,70.34
2025-04-27 11:20:42.279,1,65.45
2025-04-27 11:20:42.283,1,60.4
2025-04-27 11:20:42.287,1,55.23
2025-04-27 11:20:42.291,1,50.0
2025-04-27 11:20:42.295,1,44.77
2025-04-27 11:20:42.299,1,39.6
2025-04-27 11:20:42.303,1,34.55
2025-04-27 11:20:42.307,1,29.66
2025-04-27 11:20:42.311,1,25.0
2025-04-27 11:20:42.315,1,20.61
2025-04-27 11:20:42.319,1,16.54
2025-04-27 11:20:42.323,1,12.84
2025-04-27 11:20:42.327,1,9.55
2025-04-27 11:20:42.331,1,6.7
2025-04-27 11:20:42.335,1,4.32
2025-04-27 11:20:42.339,1,2.45
2025-04-27 11:20:42.343,1,1.09
2025-04-27 11:20:42.347,1,0.27
2025-04-27 11:20:42.351,1,0.0
2025-04-27 11:20:42.355,1,0.27
2025-04-27 11:20:42.359,1,1.09
2025-04-27 11:20:42.363,1,2.45
2025-04-27 11:20:42.367,1,4.32
2025-04-27 11:20:42.371,1,6.7
2025-04-27 11:20:42.375,1,9.55
2025-04-27 11:20:42.379,1,12.84
2025-04-27 11:20:42.383,1,16.54
2025-04-27 11:20:42.387,1,20.61
2025-04-27 11:20:42.391,1,25.0
2025-04-27 11:20:42.395,1,29.66
2025-04-27 11:20:42.399,1,34.55
2025-04-27 11:20:42.403,1,39.6
2025-04-27 11:20:42.407,1,44.77
2025-04-27 11:20:42.411,1,50.0
2025-04-27 11:20:42.415,1,55.23
2025-04-27 11:20:42.419,1,60.4
2025-04-27 11:20:42.423,1,65.45
2025-04-27 11:20:42.427,1,70.34
2025-04-27 11:20:42.431,1,75.0
2025-04-27 11:20:42.435,1,79.39
2025-04-27 11:20:42.439,1,83.46
2025-04-27 11:20:42.443,1,87.16
2025-04-27 11:20:42.447,1,90.45
2025-04-27 11:20:42.451,1,93.3
2025-04-27 11:20:42.455,1,95.68
2025-04-27 11:20:42.459,1,97.55
2025-04-27 11:20:42.463,1,98.91
2025-04-27 11:20:42.467,1,99.73
2025-04-27 11:20:42.471,1,100.0
2025-04-27 11:20:42.475,1,99.73
2025-04-27 11:20:42.479,1,98.91
2025-04-27 11:20:42.483,1,97.55
2025-04-27 11:20:42.487,1,95.68
2025-04-27 11:20:42.491,1,93.3
2025-04-27 11:20:42.495,1,90.45
2025-04-27 11:20:42.499,1,87.16
2025-04-27 11:20:42.503,1,83.46
2025-04-27 11:20:42.507,1,79.39
2025-04-27 11:20:42.511,1,75.0
2025-04-27 11:20:42.515,1,70.34
2025-04-27 11:20:42.519,1,65.45
2025-04-27 11:20:42.523,1,60.4
2025-04-27 11:20:42.527,1,55.23
2025-04-27 11:20:42.531,1,50.0
2025-04-27 11:20:42.535,1,44.77
2025-04-27 11:20:42.539,1,39.6
2025-04-27 11:20:42.543,1,34.55
2025-04-27 11:20:42.547,1,29.66
2025-04-27 11:20:42.551,1,25.0
2025-04-27 11:20:42.555,1,20.61
2025-04-27 11:20:42.559,1,16.54
2025-04-27 11:20:42.563,1,12.84
2025-04-27 11:20:42.567,1,9.55
2025-04-27 11:20:42.571,1,6.7
2025-04-27 11:20:42.575,1,4.32
2025-04-27 11:20:42.579,1,2.45
2025-04-27 11:20:42.583,1,1.09
2025-04-27 11:20:42.587,1,0.27
2025-04-27 11:20:42.591,1,0.0
2025-04-27 11:20:42.595,1,0.27
2025-04-27 11:20:42.599,1,1.09
2025-04-27 11:20:42.603,1,2.45
2025-04-27 11:20:42.607,1,4.32
2025-04-27 11:20:42.611,1,6.7
2025-04-27 11:20:42.615,1,9.55
2025-04-27 11:20:42.619,1,12.84
2025-04-27 11:20:42.623,1,16.54
2025-04-27 11:20:42.627,1,20.61
2025-04-27 11:20:42.631,1,25.0
2025-04-27 11:20:42.635,1,29.66
2025-04-27 11:20:42.639,1,34.55
2025-04-27 11:20:42.643,1,39.6
2025-04-27 11:20:42.647,1,44.77
2025-04-27 11:20:42.651,1,50.0
2025-04-27 11:20:42.655,1,55.23
2025-04-27 11:20:42.659,1,60.4
2025-04-27 11:20:42.663,1,65.45
2025-04-27 11:20:42.667,1,70.34
2025-04-27 11:20:42.671,1,75.0
2025-04-27 11:20:42.675,1,79.39
2025-04-27 11:20:42.679,1,83.46
2025-04-27 11:20:42.683,1,87.16
2025-04-27 11:20:42.687,1,90.45
2025-04-27 11:20:42.691,1,93.3
2025-04-27 11:20:42.695,1,95.68
2025-04-27 11:20:42.699,1,97.55
2025-04-27 11:20:42.703,1,98.91
2025-04-27 11:20:42.707,1,99.73
2025-04-27 11:20:42.711,1,100.0
2025-04-27 11:20:42.715,1,99.73
2025-04-27 11:20:42.719,1,98.91
2025-04-27 11:20:42.723,1,97.55
2025-04-27 11:20:42.727,1,95.68
2025-04-27 11:20:42.731,1,93.3
2025-04-27 11:20:42.735,1,90.45
2025-04-27 11:20:42.739,1,87.16
2025-04-27 11:20:42.743,1,83.46
2025-04-27 11:20:42.747,1,79.39
2025-04-27 11:20:42.751,1,75.0
2025-04-27 11:20:42.755,1,70.34
2025-04-27 11:20:42.759,1,65.45
2025-04-27 11:20:42.763,1,60.4
2025-04-27 11:20:42.767,1,55.23
2025-04-27 11:20:42.771,1,50.0
2025-04-27 11:20:42.775,1,44.77
2025-04-27 11:20:42.779,1,39.6
2025-04-27 11:20:42.783,1,34.55
2025-04-27 11:20:42.787,1,29.66
2025-04-27 11:20:42.791,1,25.0
2025-04-27 11:20:42.795,1,20.61
2025-04-27 11:20:42.799,1,16.54
2025-04-27 11:20:42.803,1,12.84
2025-04-27 11:20:42.807,1,9.55
2025-04-27 11:20:42.811,1,6.7
2025-04-27 11:20:42.815,1,4.32
2025-04-27 11:20:42.819,1,2.45
2025-04-27 11:20:42.823,1,1.09
2025-04-27 11:20:42.827,1,0.27
2025-04-27 11:20:42.831,1,0.0
2025-04-27 11:20:42.835,1,0.27
2025-04-27 11:20:42.839,1,1.09
2025-04-27 11:20:42.843,1,2.45
2025-04-27 11:20:42.847,1,4.32
2025-04-27 11:20:42.851,1,6.7
2025-04-27 11:20:42.855,1,9.55
2025-04-27 11:20:42.859,1,12.84
2025-04-27 11:20:42.863,1,16.54
2025-04-27 11:20:42.867,1,20.61
2025-04-27 11:20:42.871,1,25.0
2025-04-27 11:20:42.875,1,29.66
2025-04-27 11:20:42.879,1,34.55
2025-04-27 11:20:42.883,1,39.6
2025-04-27 11:20:42.887,1,44.77
2025-04-27 11:20:42.891,1,50.0
2025-04-27 11:20:42.895,1,55.23
2025-04-27 11:20:42.899,1,60.4
2025-04-27 11:20:42.903,1,65.45
2025-04-27 11:20:42.907,1,70.34
2025-04-27 11:20:42.911,1,75.0
2025-04-27 11:20:42.915,1,79.39
2025-04-27 11:20:42.919,1,83.46
2025-04-27 11:20:42.923,1,87.16
2025-04-27 11:20:42.927,1,90.45
2025-04-27 11:20:42.931,1,93.3
2025-04-27 11:20:42.935,1,95.68
2025-04-27 11:20:42.939,1,97.55
2025-04-27 11:20:42.943,1,98.91
2025-04-27 11:20:42.947,1,99.73
2025-04-27 11:20:42.951,1,100.0
2025-04-27 11:20:42.955,1,99.73
2025-04-27 11:20:42.959,1,98.91
2025-04-27 11:20:42.963,1,97.55
2025-04-27 11:20:42.967,1,95.68
2025-04-27 11:20:42.971,1,93.3
2025-04-27 11:20:42.975,1,90.45
2025-04-27 11:20:42.979,1,87.16
2025-04-27 11:20:42.983,1,83.46
2025-04-27 11:20:42.987,1,79.39
2025-04-27 11:20:42.991,1,75.0
2025-04-27 11:20:42.995,1,70.34
2025-04-27 11:20:42.999,1,65.45
2025-04-27 11:20:43.003,1,60.4
2025-04-27 11:20:43.007,1,55.23
2025-04-27 11:20:43.011,1,50.0
2025-04-27 11:20:43.015,1,44.77
2025-04-27 11:20:43.019,1,39.6
2025-04-27 11:20:43.023,1,34.55
2025-04-27 11:20:43.027,1,29.66
2025-04-27 11:20:43.031,1,25.0
2025-04-27 11:20:43.035,1,20.61
2025-04-27 11:20:43.039,1,16.54
2025-04-27 11:20:43.043,1,12.84
2025-04-27 11:20:43.047,1,9.55
2025-04-27 11:20:43.051,1,6.7
2025-04-27 11:20:43.055,1,4.32
2025-04-27 11:20:43.059,1,2.45
2025-04-27 11:20:43.063,1,1.09
2025-04-27 11:20:43.067,1,0.27
2025-04-27 11:20:43.071,1,0.0
2025-04-27 11:20:43.075,1,0.27
2025-04-27 11:20:43.079,1,1.09
2025-04-27 11:20:43.083,1,2.45
2025-04-27 11:20:43.087,1,4.32
2025-04-27 11:20:43.091,1,6.7
2025-04-27 11:20:43.095,1,9.55
2025-04-27 11:20:43.099,1,12.84
2025-04-27 11:20:43.103,1,16.54
2025-04-27 11:20:43.107,1,20.61
2025-04-27 11:20:43.111,1,25.0
2025-04-27 11:20:43.115,1,29.66
2025-04-27 11:20:43.119,1,34.55
2025-04-27 11:20:43.123,1,39.6
2025-04-27 11:20:43.127,1,44.77
2025-04-27 11:20:43.131,1,50.0
2025-04-27 11:20:43.135,1,55.23
2025-04-27 11:20:43.139,1,60.4
2025-04-27 11:20:43.144,1,65.45
2025-04-27 11:20:43.147,1,70.34
2025-04-27 11:20:43.151,1,75.0
2025-04-27 11:20:43.155,1,79.39
2025-04-27 11:20:43.159,1,83.46
2025-04-27 11:20:43.163,1,87.16
2025-04-27 11:20:43.167,1,90.45
2025-04-27 11:20:43.171,1,93.3
2025-04-27 11:20:43.175,1,95.68
2025-04-27 11:20:43.179,1,97.55
2025-04-27 11:20:43.183,1,98.91
2025-04-27 11:20:43.187,1,99.73
2025-04-27 11:20:43.191,1,100.0
2025-04-27 11:20:43.195,1,99.73
2025-04-27 11:20:43.199,1,98.91
2025-04-27 11:20:43.203,1,97.55
2025-04-27 11:20:43.207,1,95.68
2025-04-27 11:20:43.211,1,93.3
2025-04-27 11:20:43.215,1,90.45
2025-04-27 11:20:43.219,1,87.16
2025-04-27 11:20:43.223,1,83.46
2025-04-27 11:20:43.227,1,79.39
2025-04-27 11:20:43.231,1,75.0
2025-04-27 11:20:43.235,1,70.34
2025-04-27 11:20:43.239,1,65.45
2025-04-27 11:20:43.243,1,60.4
2025-04-27 11:20:43.247,1,55.23
2025-04-27 11:20:43.251,1,50.0
2025-04-27 11:20:43.255,1,44.77
2025-04-27 11:20:43.259,1,39.6
2025-04-27 11:20:43.263,1,34.55
2025-04-27 11:20:43.267,1,29.66
2025-04-27 11:20:43.271,1,25.0
2025-04-27 11:20:43.275,1,20.61
2025-04-27 11:20:43.279,1,16.54
2025-04-27 11:20:43.283,1,12.84
2025-04-27 11:20:43.287,1,9.55
2025-04-27 11:20:43.291,1,6.7
2025-04-27 11:20:43.295,1,4.32
2025-04-27 11:20:43.299,1,2.45
2025-04-27 11:20:43.303,1,1.09
2025-04-27 11:20:43.307,1,0.27
2025-04-27 11:20:43.311,1,0.0
2025-04-27 11:20:43.315,1,0.27
2025-04-27 11:20:43.319,1,1.09
2025-04-27 11:20:43.323,1,2.45
2025-04-27 11:20:43.327,1,4.32
2025-04-27 11:20:43.331,1,6.7
2025-04-27 11:20:43.335,1,9.55
2025-04-27 11:20:43.339,1,12.84
2025-04-27 11:20:43.343,1,16.54
2025-04-27 11:20:43.347,1,20.61
2025-04-27 11:20:43.351,1,25.0
2025-04-27 11:20:43.355,1,29.66
2025-04-27 11:20:43.359,1,34.55
2025-04-27 11:20:43.363,1,39.6
2025-04-27 11:20:43.367,1,44.77
2025-04-27 11:20:43.371,1,50.0
2025-04-27 11:20:43.375,1,55.23
2025-04-27 11:20:43.379,1,60.4
2025-04-27 11:20:43.383,1,65.45
2025-04-27 11:20:43.387,1,70.34
2025-04-27 11:20:43.391,1,75.0
2025-04-27 11:20:43.395,1,79.39
2025-04-27 11:20:43.399,1,83.46
2025-04-27 11:20:43.403,1,87.16
2025-04-27 11:20:43.407,1,90.45
2025-04-27 11:20:43.411,1,93.3
2025-04-27 11:20:43.415,1,95.68
2025-04-27 11:20:43.419,1,97.55
2025-04-27 11:20:43.423,1,98.91
2025-04-27 11:20:43.427,1,99.73
2025-04-27 11:20:43.431,1,100.0
2025-04-27 11:20:43.435,1,99.73
2025-04-27 11:20:43.439,1,98.91
2025-04-27 11:20:43.443,1,97.55
2025-04-27 11:20:43.447,1,95.68
2025-04-27 11:20:43.451,1,93.3
2025-04-27 11:20:43.455,1,90.45
2025-04-27 11:20:43.459,1,87.16
2025-04-27 11:20:43.463,1,83.46
2025-04-27 11:20:43.467,1,79.39
2025-04-27 11:20:43.471,1,75.0
2025-04-27 11:20:43.475,1,70.34
2025-04-27 11:20:43.479,1,65.45
2025-04-27 11:20:43.483,1,60.4
2025-04-27 11:20:43.487,1,55.23
2025-04-27 11:20:43.491,1,50.0
2025-04-27 11:20:43.495,1,44.77
2025-04-27 11:20:43.499,1,39.6
2025-04-27 11:20:43.503,1,34.55
2025-04-27 11:20:43.507,1,29.66
2025-04-27 11:20:43.511,1,25.0
2025-04-27 11:20:43.515,1,20.61
2025-04-27 11:20:43.519,1,16.54
2025-04-27 11:20:43.523,1,12.84
2025-04-27 11:20:43.527,1,9.55
2025-04-27 11:20:43.531,1,6.7
2025-04-27 11:20:43.535,1,4.32
2025-04-27 11:20:43.539,1,2.45
2025-04-27 11:20:43.543,1,1.09
2025-04-27 11:20:43.547,1,0.27
2025-04-27 11:20:43.551,1,0.0
2025-04-27 11:20:43.555,1,0.27
2025-04-27 11:20:43.559,1,1.09
2025-04-27 11:20:43.563,1,2.45
2025-04-27 11:20:43.567,1,4.32
2025-04-27 11:20:43.571,1,6.7
2025-04-27 11:20:43.575,1,9.55
2025-04-27 11:20:43.579,1,12.84
2025-04-27 11:20:43.583,1,16.54
2025-04-27 11:20:43.587,1,20.61
2025-04-27 11:20:43.591,1,25.0
2025-04-27 11:20:43.595,1,29.66
2025-04-27 11:20:43.599,1,34.55
2025-04-27 11:20:43.603,1,39.6
2025-04-27 11:20:43.607,1,44.77
2025-04-27 11:20:43.611,1,50.0
2025-04-27 11:20:43.615,1,55.23
2025-04-27 11:20:43.619,1,60.4
2025-04-27 11:20:43.623,1,65.45
2025-04-27 11:20:43.627,1,70.34
2025-04-27 11:20:43.631,1,75.0
2025-04-27 11:20:43.635,1,79.39
2025-04-27 11:20:43.639,1,83.46
2025-04-27 11:20:43.643,1,87.16
2025-04-27 11:20:43.647,1,90.45
2025-04-27 11:20:43.651,1,93.3
2025-04-27 11:20:43.655,1,95.68
2025-04-27 11:20:43.659,1,97.55
2025-04-27 11:20:43.663,1,98.91
2025-04-27 11:20:43.667,1,99.73
2025-04-27 11:20:43.671,1,100.0
2025-04-27 11:20:43.675,1,99.73
2025-04-27 11:20:43.679,1,98.91
2025-04-27 11:20:43.683,1,97.55
2025-04-27 11:20:43.687,1,95.68
2025-04-27 11:20:43.691,1,93.3
2025-04-27 11:20:43.695,1,90.45
2025-04-27 11:20:43.699,1,87.16
2025-04-27 11:20:43.703,1,83.46
2025-04-27 11:20:43.707,1,79.39
2025-04-27 11:20:43.711,1,75.0
2025-04-27 11:20:43.715,1,70.34
2025-04-27 11:20:43.719,1,65.45
2025-04-27 11:20:43.723,1,60.4
2025-04-27 11:20:43.727,1,55.23
2025-04-27 11:20:43.731,1,50.0
2025-04-27 11:20:43.735,1,44.77
2025-04-27 11:20:43.739,1,39.6
2025-04-27 11:20:43.743,1,34.55
2025-04-27 11:20:43.747,1,29.66
2025-04-27 11:20:43.751,1,25.0
2025-04-27 11:20:43.755,1,20.61
2025-04-27 11:20:43.759,1,16.54
2025-04-27 11:20:43.763,1,12.84
2025-04-27 11:20:43.767,1,9.55
2025-04-27 11:20:43.771,1,6.7
2025-04-27 11:20:43.775,1,4.32
2025-04-27 11:20:43.779,1,2.45
2025-04-27 11:20:43.783,1,1.09
2025-04-27 11:20:43.787,1,0.27
2025-04-27 11:20:43.791,1,0.0
2025-04-27 11:20:43.795,1,0.27
2025-04-27 11:20:43.799,1,1.09
2025-04-27 11:20:43.803,1,2.45
2025-04-27 11:20:43.807,1,4.32
2025-04-27 11:20:43.811,1,6.7
2025-04-27 11:20:43.815,1,9.55
2025-04-27 11:20:43.819,1,12.84
2025-04-27 11:20:43.823,1,16.54
2025-04-27 11:20:43.827,1,20.61
2025-04-27 11:20:43.831,1,25.0
2025-04-27 11:20:43.835,1,29.66
2025-04-27 11:20:43.839,1,34.55
2025-04-27 11:20:43.843,1,39.6
2025-04-27 11:20:43.847,1,44.77
2025-04-27 11:20:43.851,1,50.0
2025-04-27 11:20:43.855,1,55.23
2025-04-27 11:20:43.859,1,60.4
2025-04-27 11:20:43.863,1,65.45
2025-04-27 11:20:43.867,1,70.34
2025-04-27 11:20:43.871,1,75.0
2025-04-27 11:20:43.875,1,79.39
2025-04-27 11:20:43.879,1,83.46
2025-04-27 11:20:43.883,1,87.16
2025-04-27 11:20:43.887,1,90.45
2025-04-27 11:20:43.891,1,93.3
2025-04-27 11:20:43.895,1,95.68
2025-04-27 11:20:43.899,1,97.55
2025-04-27 11:20:43.903,1,98.91
2025-04-27 11:20:43.907,1,99.73
2025-04-27 11:20:43.911,1,100.0
2025-04-27 11:20:43.915,1,99.73
2025-04-27 11:20:43.919,1,98.91
2025-04-27 11:20:43.923,1,97.55
2025-04-27 11:20:43.927,1,95.68
2025-04-27 11:20:43.931,1,93.3
2025-04-27 11:20:43.935,1,90.45
2025-04-27 11:20:43.939,1,87.16
2025-04-27 11:20:43.943,1,83.46
2025-04-27 11:20:43.947,1,79.39
2025-04-27 11:20:43.951,1,75.0
2025-04-27 11:20:43.955,1,70.34
2025-04-27 11:20:43.959,1,65.45
2025-04-27 11:20:43.963,1,60.4
2025-04-27 11:20:43.967,1,55.23
2025-04-27 11:20:43.971,1,50.0
2025-04-27 11:20:43.975,1,44.77
2025-04-27 11:20:43.979,1,39.6
2025-04-27 11:20:43.983,1,34.55
2025-04-27 11:20:43.987,1,29.66
2025-04-27 11:20:43.991,1,25.0
2025-04-27 11:20:43.995,1,20.61
2025-04-27 11:20:43.999,1,16.54
2025-04-27 11:20:44.003,1,12.84
2025-04-27 11:20:44.007,1,9.55
2025-04-27 11:20:44.011,1,6.7
2025-04-27 11:20:44.015,1,4.32
2025-04-27 11:20:44.019,1,2.45
2025-04-27 11:20:44.023,1,1.09
2025-04-27 11:20:44.027,1,0.27
2025-04-27 11:20:44.031,1,0.0
2025-04-27 11:20:44.035,1,0.27
2025-04-27 11:20:44.039,1,1.09
2025-04-27 11:20:44.043,1,2.45
2025-04-27 11:20:44.047,1,4.32
2025-04-27 11:20:44.051,1,6.7
2025-04-27 11:20:44.055,1,9.55
2025-04-27 11:20:44.059,1,12.84
2025-04-27 11:20:44.063,1,16.54
2025-04-27 11:20:44.067,1,20.61
2025-04-27 11:20:44.071,1,25.0
2025-04-27 11:20:44.075,1,29.66
2025-04-27 11:20:44.079,1,34.55
2025-04-27 11:20:44.083,1,39.6
2025-04-27 11:20:44.087,1,44.77
2025-04-27 11:20:44.091,1,50.0
2025-04-27 11:20:44.095,1,55.23
2025-04-27 11:20:44.099,1,60.4
2025-04-27 11:20:44.103,1,65.45
2025-04-27 11:20:44.107,1,70.34
2025-04-27 11:20:44.111,1,75.0
2025-04-27 11:20:44.115,1,79.39
2025-04-27 11:20:44.119,1,83.46
2025-04-27 11:20:44.123,1,87.16
2025-04-27 11:20:44.127,1,90.45
2025-04-27 11:20:44.131,1,93.3
2025-04-27 11:20:44.135,1,95.68
2025-04-27 11:20:44.139,1,97.55
2025-04-27 11:20:44.143,1,98.91
2025-04-27 11:20:44.147,1,99.73
2025-04-27 11:20:44.151,1,100.0
2025-04-27 11:20:44.155,1,99.73
2025-04-27 11:20:44.159,1,98.91
2025-04-27 11:20:44.163,1,97.55
2025-04-27 11:20:44.167,1,95.68
2025-04-27 11:20:44.171,1,93.3
2025-04-27 11:20:44.175,1,90.45
2025-04-27 11:20:44.179,1,87.16
2025-04-27 11:20:44.183,1,83.46
2025-04-27 11:20:44.187,1,79.39
2025-04-27 11:20:44.191,1,75.0
2025-04-27 11:20:44.195,1,70.34
2025-04-27 11:20:44.199,1,65.45
2025-04-27 11:20:44.203,1,60.4
2025-04-27 11:20:44.207,1,55.23
2025-04-27 11:20:44.211,1,50.0
2025-04-27 11:20:44.215,1,44.77
2025-04-27 11:20:44.219,1,39.6
2025-04-27 11:20:44.223,1,34.55
2025-04-27 11:20:44.227,1,29.66
2025-04-27 11:20:44.231,1,25.0
2025-04-27 11:20:44.235,1,20.61
2025-04-27 11:20:44.239,1,16.54
2025-04-27 11:20:44.243,1,12.84
2025-04-27 11:20:44.247,1,9.55
2025-04-27 11:20:44.251,1,6.7
2025-04-27 11:20:44.255,1,4.32
2025-04-27 11:20:44.259,1,2.45
2025-04-27 11:20:44.263,1,1.09
2025-04-27 11:20:44.267,1,0.27
2025-04-27 11:20:44.271,1,0.0
2025-04-27 11:20:44.275,1,0.27
2025-04-27 11:20:44.279,1,1.09
2025-04-27 11:20:44.283,1,2.45
2025-04-27 11:20:44.287,1,4.32
2025-04-27 11:20:44.291,1,6.7
2025-04-27 11:20:44.295,1,9.55
2025-04-27 11:20:44.299,1,12.84
2025-04-27 11:20:44.303,1,16.54
2025-04-27 11:20:44.307,1,20.61
2025-04-27 11:20:44.311,1,25.0
2025-04-27 11:20:44.315,1,29.66
2025-04-27 11:20:44.319,1,34.55
2025-04-27 11:20:44.323,1,39.6
2025-04-27 11:20:44.327,1,44.77
2025-04-27 11:20:44.331,1,50.0
2025-04-27 11:20:44.335,1,55.23
2025-04-27 11:20:44.339,1,60.4
2025-04-27 11:20:44.343,1,65.45
2025-04-27 11:20:44.347,1,70.34
2025-04-27 11:20:44.351,1,75.0
2025-04-27 11:20:44.355,1,79.39
2025-04-27 11:20:44.359,1,83.46
2025-04-27 11:20:44.363,1,87.16
2025-04-27 11:20:44.367,1,90.45
2025-04-27 11:20:44.371,1,93.3
2025-04-27 11:20:44.375,1,95.68
2025-04-27 11:20:44.379,1,97.55
2025-04-27 11:20:44.383,1,98.91
2025-04-27 11:20:44.387,1,99.73
2025-04-27 11:20:44.391,1,100.0
2025-04-27 11:20:44.395,1,99.73
2025-04-27 11:20:44.399,1,98.91
2025-04-27 11:20:44.403,1,97.55
2025-04-27 11:20:44.407,1,95.68
2025-04-27 11:20:44.411,1,93.3
2025-04-27 11:20:44.415,1,90.45
2025-04-27 11:20:44.419,1,87.16
2025-04-27 11:20:44.423,1,83.46
2025-04-27 11:20:44.427,1,79.39
2025-04-27 11:20:44.431,1,75.0
2025-04-27 11:20:44.435,1,70.34
2025-04-27 11:20:44.439,1,65.45
2025-04-27 11:20:44.443,1,60.4
2025-04-27 11:20:44.447,1,55.23
2025-04-27 11:20:44.451,1,50.0
2025-04-27 11:20:44.455,1,44.77
2025-04-27 11:20:44.459,1,39.6
2025-04-27 11:20:44.463,1,34.55
2025-04-27 11:20:44.467,1,29.66
2025-04-27 11:20:44.471,1,25.0
2025-04-27 11:20:44.475,1,20.61
2025-04-27 11:20:44.479,1,16.54
2025-04-27 11:20:44.483,1,12.84
2025-04-27 11:20:44.487,1,9.55
2025-04-27 11:20:44.491,1,6.7
2025-04-27 11:20:44.495,1,4.32
2025-04-27 11:20:44.499,1,2.45
2025-04-27 11:20:44.503,1,1.09
2025-04-27 11:20:44.507,1,0.27
2025-04-27 11:20:44.511,1,0.0
2025-04-27 11:20:44.515,1,0.27
2025-04-27 11:20:44.519,1,1.09
2025-04-27 11:20:44.523,1,2.45
2025-04-27 11:20:44.527,1,4.32
2025-04-27 11:20:44.531,1,6.7
2025-04-27 11:20:44.535,1,9.55
2025-04-27 11:20:44.539,1,12.84
2025-04-27 11:20:44.543,1,16.54
2025-04-27 11:20:44.547,1,20.61
2025-04-27 11:20:44.551,1,25.0
2025-04-27 11:20:44.555,1,29.66
2025-04-27 11:20:44.559,1,34.55
2025-04-27 11:20:44.563,1,39.6
2025-04-27 11:20:44.567,1,44.77
2025-04-27 11:20:44.571,1,50.0
2025-04-27 11:20:44.575,1,55.23
2025-04-27 11:20:44.579,1,60.4
2025-04-27 11:20:44.583,1,65.45
2025-04-27 11:20:44.587,1,70.34
2025-04-27 11:20:44.591,1,75.0
2025-04-27 11:20:44.595,1,79.39
2025-04-27 11:20:44.599,1,83.46
2025-04-27 11:20:44.603,1,87.16
2025-04-27 11:20:44.607,1,90.45
2025-04-27 11:20:44.611,1,93.3
2025-04-27 11:20:44.615,1,95.68
2025-04-27 11:20:44.619,1,97.55
2025-04-27 11:20:44.623,1,98.91
2025-04-27 11:20:44.627,1,99.73
2025-04-27 11:20:44.631,1,100.0
2025-04-27 11:20:44.635,1,99.73
2025-04-27 11:20:44.639,1,98.91
2025-04-27 11:20:44.643,1,97.55
2025-04-27 11:20:44.647,1,95.68
2025-04-27 11:20:44.651,1,93.3
2025-04-27 11:20:44.655,1,90.45
2025-04-27 11:20:44.659,1,87.16
2025-04-27 11:20:44.663,1,83.46
2025-04-27 11:20:44.667,1,79.39
2025-04-27 11:20:44.671,1,75.0
2025-04-27 11:20:44.675,1,70.34
2025-04-27 11:20:44.679,1,65.45
2025-04-27 11:20:44.683,1,60.4
2025-04-27 11:20:44.687,1,55.23
2025-04-27 11:20:44.691,1,50.0
2025-04-27 11:20:44.695,1,44.77
2025-04-27 11:20:44.699,1,39.6
2025-04-27 11:20:44.703,1,34.55
2025-04-27 11:20:44.707,1,29.66
2025-04-27 11:20:44.711,1,25.0
2025-04-27 11:20:44.715,1,20.61
2025-04-27 11:20:44.719,1,16.54
2025-04-27 11:20:44.723,1,12.84
2025-04-27 11:20:44.727,1,9.55
2025-04-27 11:20:44.731,1,6.7
2025-04-27 11:20:44.735,1,4.32
2025-04-27 11:20:44.739,1,2.45
2025-04-27 11:20:44.743,1,1.09
2025-04-27 11:20:44.747,1,0.27
2025-04-27 11:20:44.751,1,0.0
2025-04-27 11:20:44.755,1,0.27
2025-04-27 11:20:44.759,1,1.09
2025-04-27 11:20:44.763,1,2.45
2025-04-27 11:20:44.767,1,4.32
2025-04-27 11:20:44.771,1,6.7
2025-04-27 11:20:44.775,1,9.55
2025-04-27 11:20:44.779,1,12.84
2025-04-27 11:20:44.783,1,16.54
2025-04-27 11:20:44.787,1,20.61
2025-04-27 11:20:44.791,1,25.0
2025-04-27 11:20:44.795,1,29.66
2025-04-27 11:20:44.799,1,34.55
2025-04-27 11:20:44.803,1,39.6
2025-04-27 11:20:44.807,1,44.77
2025-04-27 11:20:44.811,1,50.0
2025-04-27 11:20:44.815,1,55.23
2025-04-27 11:20:44.819,1,60.4
2025-04-27 11:20:44.823,1,65.45
2025-04-27 11:20:44.827,1,70.34
2025-04-27 11:20:44.831,1,75.0
2025-04-27 11:20:44.835,1,79.39
2025-04-27 11:20:44.839,1,83.46
2025-04-27 11:20:44.843,1,87.16
2025-04-27 11:20:44.847,1,90.45
2025-04-27 11:20:44.851,1,93.3
2025-04-27 11:20:44.855,1,95.68
2025-04-27 11:20:44.859,1,97.55
2025-04-27 11:20:44.863,1,98.91
2025-04-27 11:20:44.867,1,99.73
2025-04-27 11:20:44.871,1,100.0
2025-04-27 11:20:44.875,1,99.73
2025-04-27 11:20:44.879,1,98.91
2025-04-27 11:20:44.883,1,97.55
2025-04-27 11:20:44.887,1,95.68
2025-04-27 11:20:44.891,1,93.3
2025-04-27 11:20:44.895,1,90.45
2025-04-27 11:20:44.899,1,87.16
2025-04-27 11:20:44.903,1,83.46
2025-04-27 11:20:44.907,1,79.39
2025-04-27 11:20:44.911,1,75.0
2025-04-27 11:20:44.915,1,70.34
2025-04-27 11:20:44.919,1,65.45
2025-04-27 11:20:44.923,1,60.4
2025-04-27 11:20:44.927,1,55.23
2025-04-27 11:20:44.931,1,50.0
2025-04-27 11:20:44.935,1,44.77
2025-04-27 11:20:44.939,1,39.6
2025-04-27 11:20:44.943,1,34.55
2025-04-27 11:20:44.947,1,29.66
2025-04-27 11:20:44.951,1,25.0
2025-04-27 11:20:44.955,1,20.61
2025-04-27 11:20:44.959,1,16.54
2025-04-27 11:20:44.963,1,12.84
2025-04-27 11:20:44.967,1,9.55
2025-04-27 11:20:44.971,1,6.7
2025-04-27 11:20:44.975,1,4.32
2025-04-27 11:20:44.979,1,2.45
2025-04-27 11:20:44.983,1,1.09
2025-04-27 11:20:44.987,1,0.27
2025-04-27 11:20:44.991,1,0.0
2025-04-27 11:20:44.995,1,0.27
2025-04-27 11:20:44.999,1,1.09
2025-04-27 11:20:45.003,1,2.45
2025-04-27 11:20:45.007,1,4.32
2025-04-27 11:20:45.011,1,6.7
2025-04-27 11:20:45.015,1,9.55
2025-04-27 11:20:45.019,1,12.84
2025-04-27 11:20:45.023,1,16.54
2025-04-27 11:20:45.027,1,20.61
2025-04-27 11:20:45.031,1,25.0
2025-04-27 11:20:45.035,1,29.66
2025-04-27 11:20:45.039,1,34.55
2025-04-27 11:20:45.043,1,39.6
2025-04-27 11:20:45.047,1,44.77
2025-04-27 11:20:45.051,1,50.0
2025-04-27 11:20:45.055,1,55.23
2025-04-27 11:20:45.059,1,60.4
2025-04-27 11:20:45.063,1,65.45
2025-04-27 11:20:45.067,1,70.34
2025-04-27 11:20:45.071,1,75.0
2025-04-27 11:20:45.075,1,79.39
2025-04-27 11:20:45.079,1,83.46
2025-04-27 11:20:45.083,1,87.16
2025-04-27 11:20:45.087,1,90.45
2025-04-27 11:20:45.091,1,93.3
2025-04-27 11:20:45.095,1,95.68
2025-04-27 11:20:45.099,1,97.55
2025-04-27 11:20:45.103,1,98.91
2025-04-27 11:20:45.107,1,99.73
2025-04-27 11:20:45.111,1,100.0
2025-04-27 11:20:45.115,1,99.73
2025-04-27 11:20:45.119,1,98.91
2025-04-27 11:20:45.123,1,97.55
2025-04-27 11:20:45.127,1,95.68
2025-04-27 11:20:45.131,1,93.3
2025-04-27 11:20:45.135,1,90.45
2025-04-27 11:20:45.139,1,87.16
2025-04-27 11:20:45.143,1,83.46
2025-04-27 11:20:45.147,1,79.39
2025-04-27 11:20:45.151,1,75.0
2025-04-27 11:20:45.155,1,70.34
2025-04-27 11:20:45.159,1,65.45
2025-04-27 11:20:45.163,1,60.4
2025-04-27 11:20:45.167,1,55.23
2025-04-27 11:20:45.171,1,50.0
2025-04-27 11:20:45.175,1,44.77
2025-04-27 11:20:45.179,1,39.6
2025-04-27 11:20:45.183,1,34.55
2025-04-27 11:20:45.187,1,29.66
2025-04-27 11:20:45.191,1,25.0
2025-04-27 11:20:45.195,1,20.61
2025-04-27 11:20:45.199,1,16.54
2025-04-27 11:20:45.203,1,12.84
2025-04-27 11:20:45.207,1,9.55
2025-04-27 11:20:45.211,1,6.7
2025-04-27 11:20:45.215,1,4.32
2025-04-27 11:20:45.219,1,2.45
2025-04-27 11:20:45.223,1,1.09
2025-04-27 11:20:45.227,1,0.27
2025-04-27 11:20:45.231,1,0.0
2025-04-27 11:20:45.235,1,0.27
2025-04-27 11:20:45.239,1,1.09
2025-04-27 11:20:45.243,1,2.45
2025-04-27 11:20:45.247,1,4.32
2025-04-27 11:20:45.251,1,6.7
2025-04-27 11:20:45.255,1,9.55
2025-04-27 11:20:45.259,1,12.84
2025-04-27 11:20:45.263,1,16.54
2025-04-27 11:20:45.267,1,20.61
2025-04-27 11:20:45.271,1,25.0
2025-04-27 11:20:45.275,1,29.66
2025-04-27 11:20:45.279,1,34.55
2025-04-27 11:20:45.283,1,39.6
2025-04-27 11:20:45.287,1,44.77
2025-04-27 11:20:45.291,1,50.0
2025-04-27 11:20:45.295,1,55.23
2025-04-27 11:20:45.299,1,60.4
2025-04-27 11:20:45.303,1,65.45
2025-04-27 11:20:45.307,1,70.34
2025-04-27 11:20:45.311,1,75.0
2025-04-27 11:20:45.315,1,79.39
2025-04-27 11:20:45.319,1,83.46
2025-04-27 11:20:45.323,1,87.16
2025-04-27 11:20:45.327,1,90.45
2025-04-27 11:20:45.331,1,93.3
2025-04-27 11:20:45.335,1,95.68
2025-04-27 11:20:45.339,1,97.55
2025-04-27 11:20:45.343,1,98.91
2025-04-27 11:20:45.347,1,99.73
2025-04-27 11:20:45.351,1,100.0
2025-04-27 11:20:45.355,1,99.73
2025-04-27 11:20:45.359,1,98.91
2025-04-27 11:20:45.363,1,97.55
2025-04-27 11:20:45.367,1,95.68
2025-04-27 11:20:45.371,1,93.3
2025-04-27 11:20:45.375,1,90.45
2025-04-27 11:20:45.379,1,87.16
2025-04-27 11:20:45.383,1,83.46
2025-04-27 11:20:45.387,1,79.39
2025-04-27 11:20:45.391,1,75.0
2025-04-27 11:20:45.395,1,70.34
2025-04-27 11:20:45.399,1,65.45
2025-04-27 11:20:45.403,1,60.4
2025-04-27 11:20:45.407,1,55.23
2025-04-27 11:20:45.411,1,50.0
2025-04-27 11:20:45.415,1,44.77
2025-04-27 11:20:45.419,1,39.6
2025-04-27 11:20:45.423,1,34.55
2025-04-27 11:20:45.427,1,29.66
2025-04-27 11:20:45.431,1,25.0
2025-04-27 11:20:45.435,1,20.61
2025-04-27 11:20:45.439,1,16.54
2025-04-27 11:20:45.443,1,12.84
2025-04-27 11:20:45.447,1,9.55
2025-04-27 11:20:45.451,1,6.7
2025-04-27 11:20:45.455,1,4.32
2025-04-27 11:20:45.459,1,2.45
2025-04-27 11:20:45.463,1,1.09
2025-04-27 11:20:45.467,1,0.27
2025-04-27 11:20:45.471,1,0.0
2025-04-27 11:20:45.475,1,0.27
2025-04-27 11:20:45.479,1,1.09
2025-04-27 11:20:45.483,1,2.45
2025-04-27 11:20:45.487,1,4.32
2025-04-27 11:20:45.491,1,6.7
2025-04-27 11:20:45.495,1,9.55
2025-04-27 11:20:45.499,1,12.84
2025-04-27 11:20:45.503,1,16.54
2025-04-27 11:20:45.507,1,20.61
2025-04-27 11:20:45.511,1,25.0
2025-04-27 11:20:45.515,1,29.66
2025-04-27 11:20:45.519,1,34.55
2025-04-27 11:20:45.523,1,39.6
2025-04-27 11:20:45.527,1,44.77
2025-04-27 11:20:45.531,1,50.0
2025-04-27 11:20:45.535,1,55.23
2025-04-27 11:20:45.539,1,60.4
2025-04-27 11:20:45.543,1,65.45
2025-04-27 11:20:45.547,1,70.34
2025-04-27 11:20:45.551,1,75.0
2025-04-27 11:20:45.555,1,79.39
2025-04-27 11:20:45.559,1,83.46
2025-04-27 11:20:45.563,1,87.16
2025-04-27 11:20:45.567,1,90.45
2025-04-27 11:20:45.571,1,93.3
2025-04-27 11:20:45.575,1,95.68
2025-04-27 11:20:45.579,1,97.55
2025-04-27 11:20:45.583,1,98.91
2025-04-27 11:20:45.587,1,99.73
2025-04-27 11:20:45.591,1,100.0
2025-04-27 11:20:45.595,1,99.73
2025-04-27 11:20:45.599,1,98.91
2025-04-27 11:20:45.603,1,97.55
2025-04-27 11:20:45.607,1,95.68
2025-04-27 11:20:45.611,1,93.3
2025-04-27 11:20:45.615,1,90.45
2025-04-27 11:20:45.619,1,87.16
2025-04-27 11:20:45.623,1,83.46
2025-04-27 11:20:45.627,1,79.39
2025-04-27 11:20:45.631,1,75.0
2025-04-27 11:20:45.635,1,70.34
2025-04-27 11:20:45.639,1,65.45
2025-04-27 11:20:45.643,1,60.4
2025-04-27 11:20:45.647,1,55.23
2025-04-27 11:20:45.651,1,50.0
2025-04-27 11:20:45.655,1,44.77
2025-04-27 11:20:45.659,1,39.6
2025-04-27 11:20:45.663,1,34.55
2025-04-27 11:20:45.667,1,29.66
2025-04-27 11:20:45.671,1,25.0
2025-04-27 11:20:45.675,1,20.61
2025-04-27 11:20:45.679,1,16.54
2025-04-27 11:20:45.683,1,12.84
2025-04-27 11:20:45.687,1,9.55
2025-04-27 11:20:45.691,1,6.7
2025-04-27 11:20:45.695,1,4.32
2025-04-27 11:20:45.699,1,2.45
2025-04-27 11:20:45.703,1,1.09
2025-04-27 11:20:45.707,1,0.27
2025-04-27 11:20:45.711,1,0.0
2025-04-27 11:20:45.715,1,0.27
2025-04-27 11:20:45.719,1,1.09
2025-04-27 11:20:45.723,1,2.45
2025-04-27 11:20:45.727,1,4.32
2025-04-27 11:20:45.731,1,6.7
2025-04-27 11:20:45.735,1,9.55
2025-04-27 11:20:45.739,1,12.84
2025-04-27 11:20:45.743,1,16.54
2025-04-27 11:20:45.747,1,20.61
2025-04-27 11:20:45.751,1,25.0
2025-04-27 11:20:45.755,1,29.66
2025-04-27 11:20:45.759,1,34.55
2025-04-27 11:20:45.763,1,39.6
2025-04-27 11:20:45.767,1,44.77
2025-04-27 11:20:45.771,1,50.0
2025-04-27 11:20:45.775,1,55.23
2025-04-27 11:20:45.779,1,60.4
2025-04-27 11:20:45.783,1,65.45
2025-04-27 11:20:45.787,1,70.34
2025-04-27 11:20:45.791,1,75.0
2025-04-27 11:20:45.795,1,79.39
2025-04-27 11:20:45.799,1,83.46
2025-04-27 11:20:45.803,1,87.16
2025-04-27 11:20:45.807,1,90.45
2025-04-27 11:20:45.811,1,93.3
2025-04-27 11:20:45.815,1,95.68
2025-04-27 11:20:45.819,1,97.55
2025-04-27 11:20:45.823,1,98.91
2025-04-27 11:20:45.827,1,99.73
2025-04-27 11:20:45.831,1,100.0
2025-04-27 11:20:45.835,1,99.73
2025-04-27 11:20:45.839,1,98.91
2025-04-27 11:20:45.843,1,97.55
2025-04-27 11:20:45.847,1,95.68
2025-04-27 11:20:45.851,1,93.3
2025-04-27 11:20:45.855,1,90.45
2025-04-27 11:20:45.859,1,87.16
2025-04-27 11:20:45.863,1,83.46
2025-04-27 11:20:45.867,1,79.39
2025-04-27 11:20:45.871,1,75.0
2025-04-27 11:20:45.875,1,70.34
2025-04-27 11:20:45.879,1,65.45
2025-04-27 11:20:45.883,1,60.4
2025-04-27 11:20:45.887,1,55.23
2025-04-27 11:20:45.891,1,50.0
2025-04-27 11:20:45.895,1,44.77
2025-04-27 11:20:45.899,1,39.6
2025-04-27 11:20:45.903,1,34.55
2025-04-27 11:20:45.907,1,29.66
2025-04-27 11:20:45.911,1,25.0
2025-04-27 11:20:45.915,1,20.61
2025-04-27 11:20:45.919,1,16.54
2025-04-27 11:20:45.923,1,12.84
2025-04-27 11:20:45.927,1,9.55
2025-04-27 11:20:45.931,1,6.7
2025-04-27 11:20:45.935,1,4.32
2025-04-27 11:20:45.939,1,2.45
2025-04-27 11:20:45.943,1,1.09
2025-04-27 11:20:45.947,1,0.27
2025-04-27 11:20:45.951,1,0.0
2025-04-27 11:20:45.955,1,0.27
2025-04-27 11:20:45.959,1,1.09
2025-04-27 11:20:45.963,1,2.45
2025-04-27 11:20:45.967,1,4.32
2025-04-27 11:20:45.971,1,6.7
2025-04-27 11:20:45.975,1,9.55
2025-04-27 11:20:45.979,1,12.84
2025-04-27 11:20:45.983,1,16.54
2025-04-27 11:20:45.987,1,20.61
2025-04-27 11:20:45.991,1,25.0
2025-04-27 11:20:45.995,1,29.66
2025-04-27 11:20:45.999,1,34.55
2025-04-27 11:20:46.003,1,39.6
2025-04-27 11:20:46.007,1,44.77
2025-04-27 11:20:46.011,1,50.0
2025-04-27 11:20:46.015,1,55.23
2025-04-27 11:20:46.019,1,60.4
2025-04-27 11:20:46.023,1,65.45
2025-04-27 11:20:46.027,1,70.34
2025-04-27 11:20:46.031,1,75.0
2025-04-27 11:20:46.035,1,79.39
2025-04-27 11:20:46.039,1,83.46
2025-04-27 11:20:46.043,1,87.16
2025-04-27 11:20:46.047,1,90.45
2025-04-27 11:20:46.051,1,93.3
2025-04-27 11:20:46.055,1,95.68
2025-04-27 11:20:46.059,1,97.55
2025-04-27 11:20:46.063,1,98.91
2025-04-27 11:20:46.067,1,99.73
2025-04-27 11:20:46.071,1,100.0
2025-04-27 11:20:46.075,1,99.73
2025-04-27 11:20:46.079,1,98.91
2025-04-27 11:20:46.083,1,97.55
2025-04-27 11:20:46.087,1,95.68
2025-04-27 11:20:46.091,1,93.3
2025-04-27 11:20:46.095,1,90.45
2025-04-27 11:20:46.099,1,87.16
2025-04-27 11:20:46.103,1,83.46
2025-04-27 11:20:46.107,1,79.39
2025-04-27 11:20:46.111,1,75.0
2025-04-27 11:20:46.115,1,70.34
2025-04-27 11:20:46.119,1,65.45
2025-04-27 11:20:46.123,1,60.4
2025-04-27 11:20:46.127,1,55.23
2025-04-27 11:20:46.131,1,50.0
2025-04-27 11:20:46.135,1,44.77
2025-04-27 11:20:46.139,1,39.6
2025-04-27 11:20:46.143,1,34.55
2025-04-27 11:20:46.147,1,29.66
2025-04-27 11:20:46.151,1,25.0
2025-04-27 11:20:46.155,1,20.61
2025-04-27 11:20:46.159,1,16.54
2025-04-27 11:20:46.163,1,12.84
2025-04-27 11:20:46.167,1,9.55
2025-04-27 11:20:46.171,1,6.7
2025-04-27 11:20:46.175,1,4.32
2025-04-27 11:20:46.179,1,2.45
2025-04-27 11:20:46.183,1,1.09
2025-04-27 11:20:46.187,1,0.27
2025-04-27 11:20:46.191,1,0.0
2025-04-27 11:20:46.195,1,0.27
2025-04-27 11:20:46.199,1,1.09
2025-04-27 11:20:46.203,1,2.45
2025-04-27 11:20:46.207,1,4.32
2025-04-27 11:20:46.211,1,6.7
2025-04-27 11:20:46.215,1,9.55
2025-04-27 11:20:46.219,1,12.84
2025-04-27 11:20:46.223,1,16.54
2025-04-27 11:20:46.227,1,20.61
2025-04-27 11:20:46.231,1,25.0
2025-04-27 11:20:46.235,1,29.66
2025-04-27 11:20:46.239,1,34.55
2025-04-27 11:20:46.243,1,39.6
2025-04-27 11:20:46.247,1,44.77
2025-04-27 11:20:46.251,1,50.0
2025-04-27 11:20:46.255,1,55.23
2025-04-27 11:20:46.259,1,60.4
2025-04-27 11:20:46.263,1,65.45
2025-04-27 11:20:46.267,1,70.34
2025-04-27 11:20:46.271,1,75.0
2025-04-27 11:20:46.275,1,79.39
2025-04-27 11:20:46.279,1,83.46
2025-04-27 11:20:46.283,1,87.16
2025-04-27 11:20:46.287,1,90.45
2025-04-27 11:20:46.291,1,93.3
2025-04-27 11:20:46.295,1,95.68
2025-04-27 11:20:46.299,1,97.55
2025-04-27 11:20:46.303,1,98.91
2025-04-27 11:20:46.307,1,99.73
2025-04-27 11:20:46.311,1,100.0
2025-04-27 11:20:46.315,1,99.73
2025-04-27 11:20:46.319,1,98.91
2025-04-27 11:20:46.323,1,97.55
2025-04-27 11:20:46.327,1,95.68
2025-04-27 11:20:46.331,1,93.3
2025-04-27 11:20:46.335,1,90.45
2025-04-27 11:20:46.339,1,87.16
2025-04-27 11:20:46.343,1,83.46
2025-04-27 11:20:46.347,1,79.39
2025-04-27 11:20:46.351,1,75.0
2025-04-27 11:20:46.355,1,70.34
2025-04-27 11:20:46.359,1,65.45
2025-04-27 11:20:46.363,1,60.4
2025-04-27 11:20:46.367,1,55.23
2025-04-27 11:20:46.371,1,50.0
2025-04-27 11:20:46.375,1,44.77
2025-04-27 11:20:46.379,1,39.6
2025-04-27 11:20:46.383,1,34.55
2025-04-27 11:20:46.387,1,29.66
2025-04-27 11:20:46.391,1,25.0
2025-04-27 11:20:46.395,1,20.61
2025-04-27 11:20:46.399,1,16.54
2025-04-27 11:20:46.403,1,12.84
2025-04-27 11:20:46.407,1,9.55
2025-04-27 11:20:46.411,1,6.7
2025-04-27 11:20:46.415,1,4.32
2025-04-27 11:20:46.419,1,2.45
2025-04-27 11:20:46.423,1,1.09
2025-04-27 11:20:46.427,1,0.27
2025-04-27 11:20:46.431,1,0.0
2025-04-27 11:20:46.435,1,0.27
2025-04-27 11:20:46.439,1,1.09
2025-04-27 11:20:46.443,1,2.45
2025-04-27 11:20:46.447,1,4.32
2025-04-27 11:20:46.451,1,6.7
2025-04-27 11:20:46.455,1,9.55
2025-04-27 11:20:46.459,1,12.84
2025-04-27 11:20:46.463,1,16.54
2025-04-27 11:20:46.467,1,20.61
2025-04-27 11:20:46.471,1,25.0
2025-04-27 11:20:46.475,1,29.66
2025-04-27 11:20:46.479,1,34.55
2025-04-27 11:20:46.483,1,39.6
2025-04-27 11:20:46.487,1,44.77
2025-04-27 11:20:46.491,1,50.0
2025-04-27 11:20:46.495,1,55.23
2025-04-27 11:20:46.499,1,60.4
2025-04-27 11:20:46.503,1,65.45
2025-04-27 11:20:46.507,1,70.34
2025-04-27 11:20:46.511,1,75.0
2025-04-27 11:20:46.515,1,79.39
2025-04-27 11:20:46.519,1,83.46
2025-04-27 11:20:46.523,1,87.16
2025-04-27 11:20:46.527,1,90.45
2025-04-27 11:20:46.531,1,93.3
2025-04-27 11:20:46.535,1,95.68
2025-04-27 11:20:46.539,1,97.55
2025-04-27 11:20:46.543,1,98.91
2025-04-27 11:20:46.547,1,99.73
2025-04-27 11:20:46.551,1,100.0
2025-04-27 11:20:46.555,1,99.73
2025-04-27 11:20:46.559,1,98.91
2025-04-27 11:20:46.563,1,97.55
2025-04-27 11:20:46.567,1,95.68
2025-04-27 11:20:46.571,1,93.3
2025-04-27 11:20:46.575,1,90.45
2025-04-27 11:20:46.579,1,87.16
2025-04-27 11:20:46.583,1,83.46
2025-04-27 11:20:46.587,1,79.39
2025-04-27 11:20:46.591,1,75.0
2025-04-27 11:20:46.595,1,70.34
2025-04-27 11:20:46.599,1,65.45
2025-04-27 11:20:46.603,1,60.4
2025-04-27 11:20:46.607,1,55.23
2025-04-27 11:20:46.611,1,50.0
2025-04-27 11:20:46.615,1,44.77
2025-04-27 11:20:46.619,1,39.6
2025-04-27 11:20:46.623,1,34.55
2025-04-27 11:20:46.627,1,29.66
2025-04-27 11:20:46.631,1,25.0
2025-04-27 11:20:46.635,1,20.61
2025-04-27 11:20:46.639,1,16.54
2025-04-27 11:20:46.643,1,12.84
2025-04-27 11:20:46.647,1,9.55
2025-04-27 11:20:46.651,1,6.7
2025-04-27 11:20:46.655,1,4.32
2025-04-27 11:20:46.659,1,2.45
2025-04-27 11:20:46.663,1,1.09
2025-04-27 11:20:46.667,1,0.27
2025-04-27 11:20:46.671,1,0.0
2025-04-27 11:20:46.675,1,0.27
2025-04-27 11:20:46.679,1,1.09
2025-04-27 11:20:46.683,1,2.45
2025-04-27 11:20:46.687,1,4.32
2025-04-27 11:20:46.691,1,6.7
2025-04-27 11:20:46.695,1,9.55
2025-04-27 11:20:46.699,1,12.84
2025-04-27 11:20:46.703,1,16.54
2025-04-27 11:20:46.707,1,20.61
2025-04-27 11:20:46.711,1,25.0
2025-04-27 11:20:46.715,1,29.66
2025-04-27 11:20:46.719,1,34.55
2025-04-27 11:20:46.723,1,39.6
2025-04-27 11:20:46.727,1,44.77
2025-04-27 11:20:46.731,1,50.0
2025-04-27 11:20:46.735,1,55.23
2025-04-27 11:20:46.739,1,60.4
2025-04-27 11:20:46.743,1,65.45
2025-04-27 11:20:46.747,1,70.34
2025-04-27 11:20:46.751,1,75.0
2025-04-27 11:20:46.755,1,79.39
2025-04-27 11:20:46.759,1,83.46
2025-04-27 11:20:46.763,1,87.16
2025-04-27 11:20:46.767,1,90.45
2025-04-27 11:20:46.771,1,93.3
2025-04-27 11:20:46.775,1,95.68
2025-04-27 11:20:46.779,1,97.55
2025-04-27 11:20:46.783,1,98.91
2025-04-27 11:20:46.787,1,99.73
2025-04-27 11:20:46.791,1,100.0
2025-04-27 11:20:46.795,1,99.73
2025-04-27 11:20:46.799,1,98.91
2025-04-27 11:20:46.803,1,97.55
2025-04-27 11:20:46.807,1,95.68
2025-04-27 11:20:46.811,1,93.3
2025-04-27 11:20:46.815,1,90.45
2025-04-27 11:20:46.819,1,87.16
2025-04-27 11:20:46.823,1,83.46
2025-04-27 11:20:46.827,1,79.39
2025-04-27 11:20:46.831,1,75.0
2025-04-27 11:20:46.835,1,70.34
2025-04-27 11:20:46.839,1,65.45
2025-04-27 11:20:46.843,1,60.4
2025-04-27 11:20:46.847,1,55.23
2025-04-27 11:20:46.851,1,50.0
2025-04-27 11:20:46.855,1,44.77
2025-04-27 11:20:46.859,1,39.6
2025-04-27 11:20:46.863,1,34.55
2025-04-27 11:20:46.867,1,29.66
2025-04-27 11:20:46.871,1,25.0
2025-04-27 11:20:46.875,1,20.61
2025-04-27 11:20:46.879,1,16.54
2025-04-27 11:20:46.883,1,12.84
2025-04-27 11:20:46.887,1,9.55
2025-04-27 11:20:46.891,1,6.7
2025-04-27 11:20:46.895,1,4.32
2025-04-27 11:20:46.899,1,2.45
2025-04-27 11:20:46.903,1,1.09
2025-04-27 11:20:46.907,1,0.27
2025-04-27 11:20:46.911,1,0.0
2025-04-27 11:20:46.915,1,0.27
2025-04-27 11:20:46.919,1,1.09
2025-04-27 11:20:46.923,1,2.45
2025-04-27 11:20:46.927,1,4.32
2025-04-27 11:20:46.931,1,6.7
2025-04-27 11:20:46.935,1,9.55
2025-04-27 11:20:46.939,1,12.84
2025-04-27 11:20:46.943,1,16.54
2025-04-27 11:20:46.947,1,20.61
2025-04-27 11:20:46.951,1,25.0
2025-04-27 11:20:46.955,1,29.66
2025-04-27 11:20:46.959,1,34.55
2025-04-27 11:20:46.963,1,39.6
2025-04-27 11:20:46.967,1,44.77
2025-04-27 11:20:46.971,1,50.0
2025-04-27 11:20:46.975,1,55.23
2025-04-27 11:20:46.979,1,60.4
2025-04-27 11:20:46.983,1,65.45
2025-04-27 11:20:46.987,1,70.34
2025-04-27 11:20:46.991,1,75.0
2025-04-27 11:20:46.995,1,79.39
2025-04-27 11:20:46.999,1,83.46
2025-04-27 11:20:47.003,1,87.16
2025-04-27 11:20:47.007,1,90.45
2025-04-27 11:20:47.011,1,93.3
2025-04-27 11:20:47.015,1,95.68
2025-04-27 11:20:47.019,1,97.55
2025-04-27 11:20:47.023,1,98.91
2025-04-27 11:20:47.027,1,99.73
2025-04-27 11:20:47.031,1,100.0
2025-04-27 11:20:47.035,1,99.73
2025-04-27 11:20:47.039,1,98.91
2025-04-27 11:20:47.043,1,97.55
2025-04-27 11:20:47.047,1,95.68
2025-04-27 11:20:47.051,1,93.3
2025-04-27 11:20:47.055,1,90.45
2025-04-27 11:20:47.059,1,87.16
2025-04-27 11:20:47.063,1,83.46
2025-04-27 11:20:47.067,1,79.39
2025-04-27 11:20:47.071,1,75.0
2025-04-27 11:20:47.075,1,70.34
2025-04-27 11:20:47.079,1,65.45
2025-04-27 11:20:47.083,1,60.4
2025-04-27 11:20:47.087,1,55.23
2025-04-27 11:20:47.091,1,50.0
2025-04-27 11:20:47.095,1,44.77
2025-04-27 11:20:47.099,1,39.6
2025-04-27 11:20:47.103,1,34.55
2025-04-27 11:20:47.107,1,29.66
2025-04-27 11:20:47.111,1,25.0
2025-04-27 11:20:47.115,1,20.61
2025-04-27 11:20:47.119,1,16.54
2025-04-27 11:20:47.123,1,12.84
2025-04-27 11:20:47.127,1,9.55
2025-04-27 11:20:47.131,1,6.7
2025-04-27 11:20:47.135,1,4.32
2025-04-27 11:20:47.139,1,2.45
2025-04-27 11:20:47.143,1,1.09
2025-04-27 11:20:47.147,1,0.27
2025-04-27 11:20:47.151,1,0.0
2025-04-27 11:20:47.155,1,0.27
2025-04-27 11:20:47.159,1,1.09
2025-04-27 11:20:47.163,1,2.45
2025-04-27 11:20:47.167,1,4.32
2025-04-27 11:20:47.171,1,6.7
2025-04-27 11:20:47.175,1,9.55
2025-04-27 11:20:47.179,1,12.84
2025-04-27 11:20:47.183,1,16.54
2025-04-27 11:20:47.187,1,20.61
2025-04-27 11:20:47.191,1,25.0
2025-04-27 11:20:47.195,1,29.66
2025-04-27 11:20:47.199,1,34.55
2025-04-27 11:20:47.203,1,39.6
2025-04-27 11:20:47.207,1,44.77
2025-04-27 11:20:47.211,1,50.0
2025-04-27 11:20:47.215,1,55.23
2025-04-27 11:20:47.219,1,60.4
2025-04-27 11:20:47.223,1,65.45
2025-04-27 11:20:47.227,1,70.34
2025-04-27 11:20:47.231,1,75.0
2025-04-27 11:20:47.235,1,79.39
2025-04-27 11:20:47.239,1,83.46
2025-04-27 11:20:47.243,1,87.16
2025-04-27 11:20:47.247,1,90.45
2025-04-27 11:20:47.251,1,93.3
2025-04-27 11:20:47.255,1,95.68
2025-04-27 11:20:47.259,1,97.55
2025-04-27 11:20:47.263,1,98.91
2025-04-27 11:20:47.267,1,99.73
2025-04-27 11:20:47.271,1,100.0
2025-04-27 11:20:47.275,1,99.73
2025-04-27 11:20:47.279,1,98.91
2025-04-27 11:20:47.283,1,97.55
2025-04-27 11:20:47.287,1,95.68
2025-04-27 11:20:47.291,1,93.3
2025-04-27 11:20:47.295,1,90.45
2025-04-27 11:20:47.299,1,87.16
2025-04-27 11:20:47.303,1,83.46
2025-04-27 11:20:47.307,1,79.39
2025-04-27 11:20:47.311,1,75.0
2025-04-27 11:20:47.315,1,70.34
2025-04-27 11:20:47.319,1,65.45
2025-04-27 11:20:47.323,1,60.4
2025-04-27 11:20:47.327,1,55.23
2025-04-27 11:20:47.331,1,50.0
2025-04-27 11:20:47.335,1,44.77
2025-04-27 11:20:47.339,1,39.6
2025-04-27 11:20:47.343,1,34.55
2025-04-27 11:20:47.347,1,29.66
2025-04-27 11:20:47.351,1,25.0
2025-04-27 11:20:47.355,1,20.61
2025-04-27 11:20:47.359,1,16.54
2025-04-27 11:20:47.363,1,12.84
2025-04-27 11:20:47.367,1,9.55
2025-04-27 11:20:47.371,1,6.7
2025-04-27 11:20:47.375,1,4.32
2025-04-27 11:20:47.379,1,2.45
2025-04-27 11:20:47.383,1,1.09
2025-04-27 11:20:47.387,1,0.27
2025-04-27 11:20:47.391,1,0.0
2025-04-27 11:20:47.395,1,0.27
2025-04-27 11:20:47.399,1,1.09
2025-04-27 11:20:47.403,1,2.45
2025-04-27 11:20:47.407,1,4.32
2025-04-27 11:20:47.411,1,6.7
2025-04-27 11:20:47.415,1,9.55
2025-04-27 11:20:47.419,1,12.84
2025-04-27 11:20:47.423,1,16.54
2025-04-27 11:20:47.427,1,20.61
2025-04-27 11:20:47.431,1,25.0
2025-04-27 11:20:47.435,1,29.66
2025-04-27 11:20:47.439,1,34.55
2025-04-27 11:20:47.443,1,39.6
2025-04-27 11:20:47.447,1,44.77
2025-04-27 11:20:47.451,1,50.0
2025-04-27 11:20:47.455,1,55.23
2025-04-27 11:20:47.459,1,60.4
2025-04-27 11:20:47.463,1,65.45
2025-04-27 11:20:47.467,1,70.34
2025-04-27 11:20:47.471,1,75.0
2025-04-27 11:20:47.475,1,79.39
2025-04-27 11:20:47.479,1,83.46
2025-04-27 11:20:47.483,1,87.16
2025-04-27 11:20:47.487,1,90.45
2025-04-27 11:20:47.491,1,93.3
2025-04-27 11:20:47.495,1,95.68
2025-04-27 11:20:47.499,1,97.55
2025-04-27 11:20:47.503,1,98.91
2025-04-27 11:20:47.507,1,99.73
2025-04-27 11:20:47.511,1,100.0
2025-04-27 11:20:47.515,1,99.73
2025-04-27 11:20:47.519,1,98.91
2025-04-27 11:20:47.523,1,97.55
2025-04-27 11:20:47.527,1,95.68
2025-04-27 11:20:47.531,1,93.3
2025-04-27 11:20:47.535,1,90.45
2025-04-27 11:20:47.539,1,87.16
2025-04-27 11:20:47.543,1,83.46
2025-04-27 11:20:47.547,1,79.39
2025-04-27 11:20:47.551,1,75.0
2025-04-27 11:20:47.555,1,70.34
2025-04-27 11:20:47.559,1,65.45
2025-04-27 11:20:47.563,1,60.4
2025-04-27 11:20:47.567,1,55.23
2025-04-27 11:20:47.571,1,50.0
2025-04-27 11:20:47.575,1,44.77
2025-04-27 11:20:47.579,1,39.6
2025-04-27 11:20:47.583,1,34.55
2025-04-27 11:20:47.587,1,29.66
2025-04-27 11:20:47.591,1,25.0
2025-04-27 11:20:47.595,1,20.61
2025-04-27 11:20:47.599,1,16.54
2025-04-27 11:20:47.603,1,12.84
2025-04-27 11:20:47.607,1,9.55
2025-04-27 11:20:47.611,1,6.7
2025-04-27 11:20:47.615,1,4.32
2025-04-27 11:20:47.619,1,2.45
2025-04-27 11:20:47.623,1,1.09
2025-04-27 11:20:47.627,1,0.27
2025-04-27 11:20:47.631,1,0.0
2025-04-27 11:20:47.635,1,0.27
2025-04-27 11:20:47.639,1,1.09
2025-04-27 11:20:47.643,1,2.45
2025-04-27 11:20:47.647,1,4.32
2025-04-27 11:20:47.651,1,6.7
2025-04-27 11:20:47.655,1,9.55
2025-04-27 11:20:47.659,1,12.84
2025-04-27 11:20:47.663,1,16.54
2025-04-27 11:20:47.667,1,20.61
2025-04-27 11:20:47.671,1,25.0
2025-04-27 11:20:47.675,1,29.66
2025-04-27 11:20:47.679,1,34.55
2025-04-27 11:20:47.683,1,39.6
2025-04-27 11:20:47.687,1,44.77
2025-04-27 11:20:47.691,1,50.0
2025-04-27 11:20:47.695,1,55.23
2025-04-27 11:20:47.699,1,60.4
2025-04-27 11:20:47.703,1,65.45
2025-04-27 11:20:47.707,1,70.34
2025-04-27 11:20:47.711,1,75.0
2025-04-27 11:20:47.715,1,79.39
2025-04-27 11:20:47.719,1,83.46
2025-04-27 11:20:47.723,1,87.16
2025-04-27 11:20:47.727,1,90.45
2025-04-27 11:20:47.731,1,93.3
2025-04-27 11:20:47.735,1,95.68
2025-04-27 11:20:47.739,1,97.55
2025-04-27 11:20:47.743,1,98.91
2025-04-27 11:20:47.747,1,99.73
2025-04-27 11:20:47.751,1,100.0
2025-04-27 11:20:47.755,1,99.73
2025-04-27 11:20:47.759,1,98.91
2025-04-27 11:20:47.763,1,97.55
2025-04-27 11:20:47.767,1,95.68
2025-04-27 11:20:47.771,1,93.3
2025-04-27 11:20:47.775,1,90.45
2025-04-27 11:20:47.779,1,87.16
2025-04-27 11:20:47.783,1,83.46
2025-04-27 11:20:47.787,1,79.39
2025-04-27 11:20:47.791,1,75.0
2025-04-27 11:20:47.795,1,70.34
2025-04-27 11:20:47.799,1,65.45
2025-04-27 11:20:47.803,1,60.4
2025-04-27 11:20:47.807,1,55.23
2025-04-27 11:20:47.811,1,50.0
2025-04-27 11:20:47.815,1,44.77
2025-04-27 11:20:47.819,1,39.6
2025-04-27 11:20:47.823,1,34.55
2025-04-27 11:20:47.827,1,29.66
2025-04-27 11:20:47.831,1,25.0
2025-04-27 11:20:47.835,1,20.61
2025-04-27 11:20:47.839,1,16.54
2025-04-27 11:20:47.843,1,12.84
2025-04-27 11:20:47.847,1,9.55
2025-04-27 11:20:47.851,1,6.7
2025-04-27 11:20:47.855,1,4.32
2025-04-27 11:20:47.859,1,2.45
2025-04-27 11:20:47.863,1,1.09
2025-04-27 11:20:47.867,1,0.27
2025-04-27 11:20:47.871,1,0.0
2025-04-27 11:20:47.875,1,0.27
2025-04-27 11:20:47.879,1,1.09
2025-04-27 11:20:47.883,1,2.45
2025-04-27 11:20:47.887,1,4.32
2025-04-27 11:20:47.891,1,6.7
2025-04-27 11:20:47.895,1,9.55
2025-04-27 11:20:47.899,1,12.84
2025-04-27 11:20:47.903,1,16.54
2025-04-27 11:20:47.907,1,20.61
2025-04-27 11:20:47.911,1,25.0
2025-04-27 11:20:47.915,1,29.66
2025-04-27 11:20:47.919,1,34.55
2025-04-27 11:20:47.923,1,39.6
2025-04-27 11:20:47.927,1,44.77
2025-04-27 11:20:47.931,1,50.0
2025-04-27 11:20:47.935,1,55.23
2025-04-27 11:20:47.939,1,60.4
2025-04-27 11:20:47.943,1,65.45
2025-04-27 11:20:47.947,1,70.34
2025-04-27 11:20:47.951,1,75.0
2025-04-27 11:20:47.955,1,79.39
2025-04-27 11:20:47.959,1,83.46
2025-04-27 11:20:47.963,1,87.16
2025-04-27 11:20:47.967,1,90.45
2025-04-27 11:20:47.971,1,93.3
2025-04-27 11:20:47.975,1,95.68
2025-04-27 11:20:47.979,1,97.55
2025-04-27 11:20:47.983,1,98.91
2025-04-27 11:20:47.987,1,99.73
2025-04-27 11:20:47.991,1,100.0
2025-04-27 11:20:47.995,1,99.73
2025-04-27 11:20:47.999,1,98.91
2025-04-27 11:20:48.003,1,97.55
2025-04-27 11:20:48.007,1,95.68
2025-04-27 11:20:48.011,1,93.3
2025-04-27 11:20:48.016,1,90.45
2025-04-27 11:20:48.019,1,87.16
2025-04-27 11:20:48.023,1,83.46
2025-04-27 11:20:48.027,1,79.39
2025-04-27 11:20:48.031,1,75.0
2025-04-27 11:20:48.035,1,70.34
2025-04-27 11:20:48.039,1,65.45
2025-04-27 11:20:48.043,1,60.4
2025-04-27 11:20:48.047,1,55.23
2025-04-27 11:20:48.051,1,50.0
2025-04-27 11:20:48.055,1,44.77
2025-04-27 11:20:48.059,1,39.6
2025-04-27 11:20:48.063,1,34.55
2025-04-27 11:20:48.067,1,29.66
2025-04-27 11:20:48.071,1,25.0
2025-04-27 11:20:48.075,1,20.61
2025-04-27 11:20:48.079,1,16.54
2025-04-27 11:20:48.083,1,12.84
2025-04-27 11:20:48.087,1,9.55
2025-04-27 11:20:48.091,1,6.7
2025-04-27 11:20:48.095,1,4.32
2025-04-27 11:20:48.099,1,2.45
2025-04-27 11:20:48.103,1,1.09
2025-04-27 11:20:48.107,1,0.27
2025-04-27 11:20:48.111,1,0.0
2025-04-27 11:20:48.115,1,0.27
2025-04-27 11:20:48.119,1,1.09
2025-04-27 11:20:48.123,1,2.45
2025-04-27 11:20:48.127,1,4.32
2025-04-27 11:20:48.131,1,6.7
2025-04-27 11:20:48.135,1,9.55
2025-04-27 11:20:48.139,1,12.84
2025-04-27 11:20:48.143,1,16.54
2025-04-27 11:20:48.147,1,20.61
2025-04-27 11:20:48.151,1,25.0
2025-04-27 11:20:48.155,1,29.66
2025-04-27 11:20:48.159,1,34.55
2025-04-27 11:20:48.163,1,39.6
2025-04-27 11:20:48.167,1,44.77
2025-04-27 11:20:48.171,1,50.0
2025-04-27 11:20:48.175,1,55.23
2025-04-27 11:20:48.179,1,60.4
2025-04-27 11:20:48.183,1,65.45
2025-04-27 11:20:48.187,1,70.34
2025-04-27 11:20:48.191,1,75.0
2025-04-27 11:20:48.195,1,79.39
2025-04-27 11:20:48.199,1,83.46
2025-04-27 11:20:48.203,1,87.16
2025-04-27 11:20:48.207,1,90.45
2025-04-27 11:20:48.211,1,93.3
2025-04-27 11:20:48.215,1,95.68
2025-04-27 11:20:48.219,1,97.55
2025-04-27 11:20:48.223,1,98.91
2025-04-27 11:20:48.227,1,99.73
2025-04-27 11:20:48.231,1,100.0
2025-04-27 11:20:48.235,1,99.73
2025-04-27 11:20:48.239,1,98.91
2025-04-27 11:20:48.243,1,97.55
2025-04-27 11:20:48.247,1,95.68
2025-04-27 11:20:48.251,1,93.3
2025-04-27 11:20:48.255,1,90.45
2025-04-27 11:20:48.259,1,87.16
2025-04-27 11:20:48.263,1,83.46
2025-04-27 11:20:48.267,1,79.39
2025-04-27 11:20:48.271,1,75.0
2025-04-27 11:20:48.275,1,70.34
2025-04-27 11:20:48.279,1,65.45
2025-04-27 11:20:48.283,1,60.4
2025-04-27 11:20:48.287,1,55.23
2025-04-27 11:20:48.291,1,50.0
2025-04-27 11:20:48.295,1,44.77
2025-04-27 11:20:48.299,1,39.6
2025-04-27 11:20:48.303,1,34.55
2025-04-27 11:20:48.307,1,29.66
2025-04-27 11:20:48.311,1,25.0
2025-04-27 11:20:48.315,1,20.61
2025-04-27 11:20:48.319,1,16.54
2025-04-27 11:20:48.323,1,12.84
2025-04-27 11:20:48.327,1,9.55
2025-04-27 11:20:48.331,1,6.7
2025-04-27 11:20:48.335,1,4.32
2025-04-27 11:20:48.339,1,2.45
2025-04-27 11:20:48.343,1,1.09
2025-04-27 11:20:48.347,1,0.27
2025-04-27 11:20:48.351,1,0.0
2025-04-27 11:20:48.355,1,0.27
2025-04-27 11:20:48.359,1,1.09
2025-04-27 11:20:48.363,1,2.45
2025-04-27 11:20:48.367,1,4.32
2025-04-27 11:20:48.371,1,6.7
2025-04-27 11:20:48.375,1,9.55
2025-04-27 11:20:48.379,1,12.84
2025-04-27 11:20:48.383,1,16.54
2025-04-27 11:20:48.387,1,20.61
2025-04-27 11:20:48.391,1,25.0
2025-04-27 11:20:48.395,1,29.66
2025-04-27 11:20:48.399,1,34.55
2025-04-27 11:20:48.403,1,39.6
2025-04-27 11:20:48.407,1,44.77
2025-04-27 11:20:48.411,1,50.0
2025-04-27 11:20:48.415,1,55.23
2025-04-27 11:20:48.419,1,60.4
2025-04-27 11:20:48.423,1,65.45
2025-04-27 11:20:48.427,1,70.34
2025-04-27 11:20:48.431,1,75.0
2025-04-27 11:20:48.435,1,79.39
2025-04-27 11:20:48.439,1,83.46
2025-04-27 11:20:48.443,1,87.16
2025-04-27 11:20:48.447,1,90.45
2025-04-27 11:20:48.451,1,93.3
2025-04-27 11:20:48.455,1,95.68
2025-04-27 11:20:48.459,1,97.55
2025-04-27 11:20:48.463,1,98.91
2025-04-27 11:20:48.467,1,99.73
2025-04-27 11:20:48.471,1,100.0
2025-04-27 11:20:48.475,1,99.73
2025-04-27 11:20:48.479,1,98.91
2025-04-27 11:20:48.483,1,97.55
2025-04-27 11:20:48.487,1,95.68
2025-04-27 11:20:48.491,1,93.3
2025-04-27 11:20:48.495,1,90.45
2025-04-27 11:20:48.499,1,87.16
2025-04-27 11:20:48.503,1,83.46
2025-04-27 11:20:48.507,1,79.39
2025-04-27 11:20:48.511,1,75.0
2025-04-27 11:20:48.515,1,70.34
2025-04-27 11:20:48.519,1,65.45
2025-04-27 11:20:48.523,1,60.4
2025-04-27 11:20:48.527,1,55.23
2025-04-27 11:20:48.531,1,50.0
2025-04-27 11:20:48.535,1,44.77
2025-04-27 11:20:48.539,1,39.6
2025-04-27 11:20:48.543,1,34.55
2025-04-27 11:20:48.547,1,29.66
2025-04-27 11:20:48.551,1,25.0
2025-04-27 11:20:48.555,1,20.61
2025-04-27 11:20:48.559,1,16.54
2025-04-27 11:20:48.563,1,12.84
2025-04-27 11:20:48.567,1,9.55
2025-04-27 11:20:48.571,1,6.7
2025-04-27 11:20:48.575,1,4.32
2025-04-27 11:20:48.579,1,2.45
2025-04-27 11:20:48.583,1,1.09
2025-04-27 11:20:48.587,1,0.27
2025-04-27 11:20:48.591,1,0.0
2025-04-27 11:20:48.595,1,0.27
2025-04-27 11:20:48.599,1,1.09
2025-04-27 11:20:48.603,1,2.45
2025-04-27 11:20:48.607,1,4.32
2025-04-27 11:20:48.611,1,6.7
2025-04-27 11:20:48.615,1,9.55
2025-04-27 11:20:48.619,1,12.84
2025-04-27 11:20:48.623,1,16.54
2025-04-27 11:20:48.627,1,20.61
2025-04-27 11:20:48.631,1,25.0
2025-04-27 11:20:48.635,1,29.66
2025-04-27 11:20:48.639,1,34.55
2025-04-27 11:20:48.643,1,39.6
2025-04-27 11:20:48.647,1,44.77
2025-04-27 11:20:48.651,1,50.0
2025-04-27 11:20:48.655,1,55.23
2025-04-27 11:20:48.659,1,60.4
2025-04-27 11:20:48.663,1,65.45
2025-04-27 11:20:48.667,1,70.34
2025-04-27 11:20:48.671,1,75.0
2025-04-27 11:20:48.675,1,79.39
2025-04-27 11:20:48.679,1,83.46
2025-04-27 11:20:48.683,1,87.16
2025-04-27 11:20:48.687,1,90.45
2025-04-27 11:20:48.691,1,93.3
2025-04-27 11:20:48.695,1,95.68
2025-04-27 11:20:48.699,1,97.55
2025-04-27 11:20:48.703,1,98.91
2025-04-27 11:20:48.707,1,99.73
2025-04-27 11:20:48.711,1,100.0
2025-04-27 11:20:48.715,1,99.73
2025-04-27 11:20:48.719,1,98.91
2025-04-27 11:20:48.723,1,97.55
2025-04-27 11:20:48.727,1,95.68
2025-04-27 11:20:48.731,1,93.3
2025-04-27 11:20:48.735,1,90.45
2025-04-27 11:20:48.739,1,87.16
2025-04-27 11:20:48.743,1,83.46
2025-04-27 11:20:48.747,1,79.39
2025-04-27 11:20:48.751,1,75.0
2025-04-27 11:20:48.755,1,70.34
2025-04-27 11:20:48.759,1,65.45
2025-04-27 11:20:48.763,1,60.4
2025-04-27 11:20:48.767,1,55.23
2025-04-27 11:20:48.771,1,50.0
2025-04-27 11:20:48.775,1,44.77
2025-04-27 11:20:48.779,1,39.6
2025-04-27 11:20:48.783,1,34.55
2025-04-27 11:20:48.787,1,29.66
2025-04-27 11:20:48.791,1,25.0
2025-04-27 11:20:48.795,1,20.61
2025-04-27 11:20:48.799,1,16.54
2025-04-27 11:20:48.803,1,12.84
2025-04-27 11:20:48.807,1,9.55
2025-04-27 11:20:48.811,1,6.7
2025-04-27 11:20:48.815,1,4.32
2025-04-27 11:20:48.819,1,2.45
2025-04-27 11:20:48.823,1,1.09
2025-04-27 11:20:48.827,1,0.27
2025-04-27 11:20:48.831,1,0.0
2025-04-27 11:20:48.835,1,0.27
2025-04-27 11:20:48.839,1,1.09
2025-04-27 11:20:48.843,1,2.45
2025-04-27 11:20:48.847,1,4.32
2025-04-27 11:20:48.851,1,6.7
2025-04-27 11:20:48.855,1,9.55
2025-04-27 11:20:48.859,1,12.84
2025-04-27 11:20:48.863,1,16.54
2025-04-27 11:20:48.867,1,20.61
2025-04-27 11:20:48.871,1,25.0
2025-04-27 11:20:48.875,1,29.66
2025-04-27 11:20:48.879,1,34.55
2025-04-27 11:20:48.883,1,39.6
2025-04-27 11:20:48.887,1,44.77
2025-04-27 11:20:48.891,1,50.0
2025-04-27 11:20:48.895,1,55.23
2025-04-27 11:20:48.899,1,60.4
2025-04-27 11:20:48.903,1,65.45
2025-04-27 11:20:48.907,1,70.34
2025-04-27 11:20:48.911,1,75.0
2025-04-27 11:20:48.915,1,79.39
2025-04-27 11:20:48.919,1,83.46
2025-04-27 11:20:48.923,1,87.16
2025-04-27 11:20:48.927,1,90.45
2025-04-27 11:20:48.931,1,93.3
2025-04-27 11:20:48.935,1,95.68
2025-04-27 11:20:48.939,1,97.55
2025-04-27 11:20:48.943,1,98.91
2025-04-27 11:20:48.947,1,99.73
2025-04-27 11:20:48.951,1,100.0
2025-04-27 11:20:48.955,1,99.73
2025-04-27 11:20:48.959,1,98.91
2025-04-27 11:20:48.963,1,97.55
2025-04-27 11:20:48.967,1,95.68
2025-04-27 11:20:48.971,1,93.3
2025-04-27 11:20:48.975,1,90.45
2025-04-27 11:20:48.979,1,87.16
2025-04-27 11:20:48.983,1,83.46
2025-04-27 11:20:48.987,1,79.39
2025-04-27 11:20:48.991,1,75.0
2025-04-27 11:20:48.995,1,70.34
2025-04-27 11:20:48.999,1,65.45
2025-04-27 11:20:49.003,1,60.4
2025-04-27 11:20:49.007,1,55.23
2025-04-27 11:20:49.011,1,50.0
2025-04-27 11:20:49.015,1,44.77
2025-04-27 11:20:49.019,1,39.6
2025-04-27 11:20:49.023,1,34.55
2025-04-27 11:20:49.027,1,29.66
2025-04-27 11:20:49.031,1,25.0
2025-04-27 11:20:49.035,1,20.61
2025-04-27 11:20:49.039,1,16.54
2025-04-27 11:20:49.043,1,12.84
2025-04-27 11:20:49.047,1,9.55
2025-04-27 11:20:49.051,1,6.7
2025-04-27 11:20:49.055,1,4.32
2025-04-27 11:20:49.059,1,2.45
2025-04-27 11:20:49.063,1,1.09
2025-04-27 11:20:49.067,1,0.27
2025-04-27 11:20:49.071,1,0.0
2025-04-27 11:20:49.075,1,0.27
2025-04-27 11:20:49.079,1,1.09
2025-04-27 11:20:49.083,1,2.45
2025-04-27 11:20:49.087,1,4.32
2025-04-27 11:20:49.091,1,6.7
2025-04-27 11:20:49.095,1,9.55
2025-04-27 11:20:49.099,1,12.84
2025-04-27 11:20:49.103,1,16.54
2025-04-27 11:20:49.107,1,20.61
2025-04-27 11:20:49.111,1,25.0
2025-04-27 11:20:49.115,1,29.66
2025-04-27 11:20:49.119,1,34.55
2025-04-27 11:20:49.123,1,39.6
2025-04-27 11:20:49.127,1,44.77
2025-04-27 11:20:49.131,1,50.0
2025-04-27 11:20:49.135,1,55.23
2025-04-27 11:20:49.139,1,60.4
2025-04-27 11:20:49.143,1,65.45
2025-04-27 11:20:49.147,1,70.34
2025-04-27 11:20:49.151,1,75.0
2025-04-27 11:20:49.155,1,79.39
2025-04-27 11:20:49.159,1,83.46
2025-04-27 11:20:49.163,1,87.16
2025-04-27 11:20:49.167,1,90.45
2025-04-27 11:20:49.171,1,93.3
2025-04-27 11:20:49.175,1,95.68
2025-04-27 11:20:49.179,1,97.55
2025-04-27 11:20:49.183,1,98.91
2025-04-27 11:20:49.187,1,99.73
2025-04-27 11:20:49.191,1,100.0
2025-04-27 11:20:49.195,1,99.73
2025-04-27 11:20:49.199,1,98.91
2025-04-27 11:20:49.203,1,97.55
2025-04-27 11:20:49.207,1,95.68
2025-04-27 11:20:49.211,1,93.3
2025-04-27 11:20:49.215,1,90.45
2025-04-27 11:20:49.219,1,87.16
2025-04-27 11:20:49.223,1,83.46
2025-04-27 11:20:49.227,1,79.39
2025-04-27 11:20:49.231,1,75.0
2025-04-27 11:20:49.235,1,70.34
2025-04-27 11:20:49.239,1,65.45
2025-04-27 11:20:49.243,1,60.4
2025-04-27 11:20:49.247,1,55.23
2025-04-27 11:20:49.251,1,50.0
2025-04-27 11:20:49.255,1,44.77
2025-04-27 11:20:49.259,1,39.6
2025-04-27 11:20:49.263,1,34.55
2025-04-27 11:20:49.267,1,29.66
2025-04-27 11:20:49.271,1,25.0
2025-04-27 11:20:49.275,1,20.61
2025-04-27 11:20:49.279,1,16.54
2025-04-27 11:20:49.283,1,12.84
2025-04-27 11:20:49.287,1,9.55
2025-04-27 11:20:49.291,1,6.7
2025-04-27 11:20:49.295,1,4.32
2025-04-27 11:20:49.299,1,2.45
2025-04-27 11:20:49.303,1,1.09
2025-04-27 11:20:49.307,1,0.27
2025-04-27 11:20:49.311,1,0.0
2025-04-27 11:20:49.315,1,0.27
2025-04-27 11:20:49.319,1,1.09
2025-04-27 11:20:49.323,1,2.45
2025-04-27 11:20:49.327,1,4.32
2025-04-27 11:20:49.331,1,6.7
2025-04-27 11:20:49.335,1,9.55
2025-04-27 11:20:49.339,1,12.84
2025-04-27 11:20:49.343,1,16.54
2025-04-27 11:20:49.347,1,20.61
2025-04-27 11:20:49.351,1,25.0
2025-04-27 11:20:49.355,1,29.66
2025-04-27 11:20:49.359,1,34.55
2025-04-27 11:20:49.363,1,39.6
2025-04-27 11:20:49.367,1,44.77
2025-04-27 11:20:49.371,1,50.0
2025-04-27 11:20:49.375,1,55.23
2025-04-27 11:20:49.379,1,60.4
2025-04-27 11:20:49.383,1,65.45
2025-04-27 11:20:49.387,1,70.34
2025-04-27 11:20:49.391,1,75.0
2025-04-27 11:20:49.395,1,79.39
2025-04-27 11:20:49.399,1,83.46
2025-04-27 11:20:49.403,1,87.16
2025-04-27 11:20:49.407,1,90.45
2025-04-27 11:20:49.411,1,93.3
2025-04-27 11:20:49.415,1,95.68
2025-04-27 11:20:49.419,1,97.55
2025-04-27 11:20:49.423,1,98.91
2025-04-27 11:20:49.427,1,99.73
2025-04-27 11:20:49.431,1,100.0
2025-04-27 11:20:49.435,1,99.73
2025-04-27 11:20:49.439,1,98.91
2025-04-27 11:20:49.443,1,97.55
2025-04-27 11:20:49.447,1,95.68
2025-04-27 11:20:49.451,1,93.3
2025-04-27 11:20:49.455,1,90.45
2025-04-27 11:20:49.459,1,87.16
2025-04-27 11:20:49.463,1,83.46
2025-04-27 11:20:49.467,1,79.39
2025-04-27 11:20:49.471,1,75.0
2025-04-27 11:20:49.475,1,70.34
2025-04-27 11:20:49.479,1,65.45
2025-04-27 11:20:49.483,1,60.4
2025-04-27 11:20:49.487,1,55.23
2025-04-27 11:20:49.491,1,50.0
2025-04-27 11:20:49.495,1,44.77
2025-04-27 11:20:49.499,1,39.6
2025-04-27 11:20:49.503,1,34.55
2025-04-27 11:20:49.507,1,29.66
2025-04-27 11:20:49.511,1,25.0
2025-04-27 11:20:49.515,1,20.61
2025-04-27 11:20:49.519,1,16.54
2025-04-27 11:20:49.523,1,12.84
2025-04-27 11:20:49.527,1,9.55
2025-04-27 11:20:49.531,1,6.7
2025-04-27 11:20:49.535,1,4.32
2025-04-27 11:20:49.539,1,2.45
2025-04-27 11:20:49.543,1,1.09
2025-04-27 11:20:49.547,1,0.27
2025-04-27 11:20:49.551,1,0.0
2025-04-27 11:20:49.555,1,0.27
2025-04-27 11:20:49.559,1,1.09
2025-04-27 11:20:49.563,1,2.45
2025-04-27 11:20:49.567,1,4.32
2025-04-27 11:20:49.571,1,6.7
2025-04-27 11:20:49.575,1,9.55
2025-04-27 11:20:49.579,1,12.84
2025-04-27 11:20:49.583,1,16.54
2025-04-27 11:20:49.587,1,20.61
2025-04-27 11:20:49.591,1,25.0
2025-04-27 11:20:49.595,1,29.66
2025-04-27 11:20:49.599,1,34.55
2025-04-27 11:20:49.603,1,39.6
2025-04-27 11:20:49.607,1,44.77
2025-04-27 11:20:49.611,1,50.0
2025-04-27 11:20:49.615,1,55.23
2025-04-27 11:20:49.619,1,60.4
2025-04-27 11:20:49.623,1,65.45
2025-04-27 11:20:49.627,1,70.34
2025-04-27 11:20:49.631,1,75.0
2025-04-27 11:20:49.635,1,79.39
2025-04-27 11:20:49.639,1,83.46
2025-04-27 11:20:49.643,1,87.16
2025-04-27 11:20:49.647,1,90.45
2025-04-27 11:20:49.651,1,93.3
2025-04-27 11:20:49.655,1,95.68
2025-04-27 11:20:49.659,1,97.55
2025-04-27 11:20:49.663,1,98.91
2025-04-27 11:20:49.667,1,99.73
2025-04-27 11:20:49.671,1,100.0
2025-04-27 11:20:49.675,1,99.73
2025-04-27 11:20:49.679,1,98.91
2025-04-27 11:20:49.683,1,97.55
2025-04-27 11:20:49.687,1,95.68
2025-04-27 11:20:49.691,1,93.3
2025-04-27 11:20:49.695,1,90.45
2025-04-27 11:20:49.699,1,87.16
2025-04-27 11:20:49.703,1,83.46
2025-04-27 11:20:49.707,1,79.39
2025-04-27 11:20:49.711,1,75.0
2025-04-27 11:20:49.715,1,70.34
2025-04-27 11:20:49.719,1,65.45
2025-04-27 11:20:49.723,1,60.4
2025-04-27 11:20:49.727,1,55.23
2025-04-27 11:20:49.731,1,50.0
2025-04-27 11:20:49.735,1,44.77
2025-04-27 11:20:49.739,1,39.6
2025-04-27 11:20:49.743,1,34.55
2025-04-27 11:20:49.747,1,29.66
2025-04-27 11:20:49.751,1,25.0
2025-04-27 11:20:49.755,1,20.61
2025-04-27 11:20:49.759,1,16.54
2025-04-27 11:20:49.763,1,12.84
2025-04-27 11:20:49.767,1,9.55
2025-04-27 11:20:49.771,1,6.7
2025-04-27 11:20:49.775,1,4.32
2025-04-27 11:20:49.779,1,2.45
2025-04-27 11:20:49.783,1,1.09
2025-04-27 11:20:49.787,1,0.27
2025-04-27 11:20:49.791,1,0.0
2025-04-27 11:20:49.795,1,0.27
2025-04-27 11:20:49.799,1,1.09
2025-04-27 11:20:49.803,1,2.45
2025-04-27 11:20:49.807,1,4.32
2025-04-27 11:20:49.811,1,6.7
2025-04-27 11:20:49.815,1,9.55
2025-04-27 11:20:49.819,1,12.84
2025-04-27 11:20:49.823,1,16.54
2025-04-27 11:20:49.827,1,20.61
2025-04-27 11:20:49.831,1,25.0
2025-04-27 11:20:49.835,1,29.66
2025-04-27 11:20:49.839,1,34.55
2025-04-27 11:20:49.843,1,39.6
2025-04-27 11:20:49.847,1,44.77
2025-04-27 11:20:49.851,1,50.0
2025-04-27 11:20:49.855,1,55.23
2025-04-27 11:20:49.859,1,60.4
2025-04-27 11:20:49.863,1,65.45
2025-04-27 11:20:49.867,1,70.34
2025-04-27 11:20:49.871,1,75.0
2025-04-27 11:20:49.875,1,79.39
2025-04-27 11:20:49.879,1,83.46
2025-04-27 11:20:49.883,1,87.16
2025-04-27 11:20:49.887,1,90.45
2025-04-27 11:20:49.891,1,93.3
2025-04-27 11:20:49.895,1,95.68
2025-04-27 11:20:49.899,1,97.55
2025-04-27 11:20:49.903,1,98.91
2025-04-27 11:20:49.907,1,99.73
2025-04-27 11:20:49.911,1,100.0
2025-04-27 11:20:49.915,1,99.73
2025-04-27 11:20:49.919,1,98.91
2025-04-27 11:20:49.923,1,97.55
2025-04-27 11:20:49.927,1,95.68
2025-04-27 11:20:49.931,1,93.3
2025-04-27 11:20:49.935,1,90.45
2025-04-27 11:20:49.939,1,87.16
2025-04-27 11:20:49.943,1,83.46
2025-04-27 11:20:49.947,1,79.39
2025-04-27 11:20:49.951,1,75.0
2025-04-27 11:20:49.955,1,70.34
2025-04-27 11:20:49.959,1,65.45
2025-04-27 11:20:49.963,1,60.4
2025-04-27 11:20:49.967,1,55.23
2025-04-27 11:20:49.971,1,50.0
2025-04-27 11:20:49.975,1,44.77
2025-04-27 11:20:49.979,1,39.6
2025-04-27 11:20:49.983,1,34.55
2025-04-27 11:20:49.987,1,29.66
2025-04-27 11:20:49.991,1,25.0
2025-04-27 11:20:49.995,1,20.61
2025-04-27 11:20:49.999,1,16.54
2025-04-27 11:20:50.003,1,12.84
2025-04-27 11:20:50.007,1,9.55
2025-04-27 11:20:50.011,1,6.7
2025-04-27 11:20:50.015,1,4.32
2025-04-27 11:20:50.019,1,2.45
2025-04-27 11:20:50.023,1,1.09
2025-04-27 11:20:50.027,1,0.27
2025-04-27 11:20:50.031,1,0.0
2025-04-27 11:20:50.035,1,0.27
2025-04-27 11:20:50.039,1,1.09
2025-04-27 11:20:50.043,1,2.45
2025-04-27 11:20:50.047,1,4.32
2025-04-27 11:20:50.051,1,6.7
2025-04-27 11:20:50.055,1,9.55
2025-04-27 11:20:50.059,1,12.84
2025-04-27 11:20:50.063,1,16.54
2025-04-27 11:20:50.067,1,20.61
2025-04-27 11:20:50.071,1,25.0
2025-04-27 11:20:50.075,1,29.66
2025-04-27 11:20:50.079,1,34.55
2025-04-27 11:20:50.083,1,39.6
2025-04-27 11:20:50.087,1,44.77
2025-04-27 11:20:50.091,1,50.0
2025-04-27 11:20:50.095,1,55.23
2025-04-27 11:20:50.099,1,60.4
2025-04-27 11:20:50.103,1,65.45
2025-04-27 11:20:50.107,1,70.34
2025-04-27 11:20:50.111,1,75.0
2025-04-27 11:20:50.115,1,79.39
2025-04-27 11:20:50.119,1,83.46
2025-04-27 11:20:50.123,1,87.16
2025-04-27 11:20:50.127,1,90.45
2025-04-27 11:20:50.131,1,93.3
2025-04-27 11:20:50.135,1,95.68
2025-04-27 11:20:50.139,1,97.55
2025-04-27 11:20:50.143,1,98.91
2025-04-27 11:20:50.147,1,99.73
2025-04-27 11:20:50.151,1,100.0
2025-04-27 11:20:50.155,1,99.73
2025-04-27 11:20:50.159,1,98.91
2025-04-27 11:20:50.163,1,97.55
2025-04-27 11:20:50.167,1,95.68
2025-04-27 11:20:50.171,1,93.3
2025-04-27 11:20:50.175,1,90.45
2025-04-27 11:20:50.179,1,87.16
2025-04-27 11:20:50.183,1,83.46
2025-04-27 11:20:50.187,1,79.39
2025-04-27 11:20:50.191,1,75.0
2025-04-27 11:20:50.195,1,70.34
2025-04-27 11:20:50.199,1,65.45
2025-04-27 11:20:50.203,1,60.4
2025-04-27 11:20:50.207,1,55.23
2025-04-27 11:20:50.211,1,50.0
2025-04-27 11:20:50.215,1,44.77
2025-04-27 11:20:50.219,1,39.6
2025-04-27 11:20:50.223,1,34.55
2025-04-27 11:20:50.227,1,29.66
2025-04-27 11:20:50.231,1,25.0
2025-04-27 11:20:50.235,1,20.61
2025-04-27 11:20:50.239,1,16.54
2025-04-27 11:20:50.243,1,12.84
2025-04-27 11:20:50.247,1,9.55
2025-04-27 11:20:50.251,1,6.7
2025-04-27 11:20:50.255,1,4.32
2025-04-27 11:20:50.259,1,2.45
2025-04-27 11:20:50.263,1,1.09
2025-04-27 11:20:50.267,1,0.27
2025-04-27 11:20:50.271,1,0.0
2025-04-27 11:20:50.275,1,0.27
2025-04-27 11:20:50.279,1,1.09
2025-04-27 11:20:50.283,1,2.45
2025-04-27 11:20:50.287,1,4.32
2025-04-27 11:20:50.291,1,6.7
2025-04-27 11:20:50.295,1,9.55
2025-04-27 11:20:50.299,1,12.84
2025-04-27 11:20:50.303,1,16.54
2025-04-27 11:20:50.307,1,20.61
2025-04-27 11:20:50.311,1,25.0
2025-04-27 11:20:50.315,1,29.66
2025-04-27 11:20:50.319,1,34.55
2025-04-27 11:20:50.323,1,39.6
2025-04-27 11:20:50.327,1,44.77
2025-04-27 11:20:50.331,1,50.0
2025-04-27 11:20:50.335,1,55.23
2025-04-27 11:20:50.339,1,60.4
2025-04-27 11:20:50.343,1,65.45
2025-04-27 11:20:50.347,1,70.34
2025-04-27 11:20:50.351,1,75.0
2025-04-27 11:20:50.355,1,79.39
2025-04-27 11:20:50.359,1,83.46
2025-04-27 11:20:50.363,1,87.16
2025-04-27 11:20:50.367,1,90.45
2025-04-27 11:20:50.371,1,93.3
2025-04-27 11:20:50.375,1,95.68
2025-04-27 11:20:50.379,1,97.55
2025-04-27 11:20:50.383,1,98.91
2025-04-27 11:20:50.387,1,99.73
2025-04-27 11:20:50.391,1,100.0
2025-04-27 11:20:50.395,1,99.73
2025-04-27 11:20:50.399,1,98.91
2025-04-27 11:20:50.403,1,97.55
2025-04-27 11:20:50.407,1,95.68
2025-04-27 11:20:50.411,1,93.3
2025-04-27 11:20:50.415,1,90.45
2025-04-27 11:20:50.419,1,87.16
2025-04-27 11:20:50.423,1,83.46
2025-04-27 11:20:50.427,1,79.39
2025-04-27 11:20:50.431,1,75.0
2025-04-27 11:20:50.435,1,70.34
2025-04-27 11:20:50.439,1,65.45
2025-04-27 11:20:50.443,1,60.4
2025-04-27 11:20:50.447,1,55.23
2025-04-27 11:20:50.451,1,50.0
2025-04-27 11:20:50.455,1,44.77
2025-04-27 11:20:50.459,1,39.6
2025-04-27 11:20:50.463,1,34.55
2025-04-27 11:20:50.467,1,29.66
2025-04-27 11:20:50.471,1,25.0
2025-04-27 11:20:50.475,1,20.61
2025-04-27 11:20:50.479,1,16.54
2025-04-27 11:20:50.483,1,12.84
2025-04-27 11:20:50.487,1,9.55
2025-04-27 11:20:50.491,1,6.7
2025-04-27 11:20:50.495,1,4.32
2025-04-27 11:20:50.499,1,2.45
2025-04-27 11:20:50.503,1,1.09
2025-04-27 11:20:50.507,1,0.27
2025-04-27 11:20:50.511,1,0.0
2025-04-27 11:20:50.515,1,0.27
2025-04-27 11:20:50.519,1,1.09
2025-04-27 11:20:50.523,1,2.45
2025-04-27 11:20:50.527,1,4.32
2025-04-27 11:20:50.531,1,6.7
2025-04-27 11:20:50.535,1,9.55
2025-04-27 11:20:50.539,1,12.84
2025-04-27 11:20:50.543,1,16.54
2025-04-27 11:20:50.547,1,20.61
2025-04-27 11:20:50.551,1,25.0
2025-04-27 11:20:50.555,1,29.66
2025-04-27 11:20:50.559,1,34.55
2025-04-27 11:20:50.563,1,39.6
2025-04-27 11:20:50.567,1,44.77
2025-04-27 11:20:50.571,1,50.0
2025-04-27 11:20:50.575,1,55.23
2025-04-27 11:20:50.579,1,60.4
2025-04-27 11:20:50.583,1,65.45
2025-04-27 11:20:50.587,1,70.34
2025-04-27 11:20:50.591,1,75.0
2025-04-27 11:20:50.595,1,79.39
2025-04-27 11:20:50.599,1,83.46
2025-04-27 11:20:50.603,1,87.16
2025-04-27 11:20:50.607,1,90.45
2025-04-27 11:20:50.611,1,93.3
2025-04-27 11:20:50.615,1,95.68
2025-04-27 11:20:50.619,1,97.55
2025-04-27 11:20:50.623,1,98.91
2025-04-27 11:20:50.627,1,99.73
2025-04-27 11:20:50.631,1,100.0
2025-04-27 11:20:50.635,1,99.73
2025-04-27 11:20:50.639,1,98.91
2025-04-27 11:20:50.643,1,97.55
2025-04-27 11:20:50.647,1,95.68
2025-04-27 11:20:50.651,1,93.3
2025-04-27 11:20:50.655,1,90.45
2025-04-27 11:20:50.659,1,87.16
2025-04-27 11:20:50.663,1,83.46
2025-04-27 11:20:50.667,1,79.39
2025-04-27 11:20:50.671,1,75.0
2025-04-27 11:20:50.675,1,70.34
2025-04-27 11:20:50.679,1,65.45
2025-04-27 11:20:50.683,1,60.4
2025-04-27 11:20:50.687,1,55.23
2025-04-27 11:20:50.691,1,50.0
2025-04-27 11:20:50.695,1,44.77
2025-04-27 11:20:50.699,1,39.6
2025-04-27 11:20:50.703,1,34.55
2025-04-27 11:20:50.707,1,29.66
2025-04-27 11:20:50.711,1,25.0
2025-04-27 11:20:50.715,1,20.61
2025-04-27 11:20:50.719,1,16.54
2025-04-27 11:20:50.723,1,12.84
2025-04-27 11:20:50.727,1,9.55
2025-04-27 11:20:50.731,1,6.7
2025-04-27 11:20:50.735,1,4.32
2025-04-27 11:20:50.739,1,2.45
2025-04-27 11:20:50.743,1,1.09
2025-04-27 11:20:50.747,1,0.27
2025-04-27 11:20:50.751,1,0.0
2025-04-27 11:20:50.755,1,0.27
2025-04-27 11:20:50.759,1,1.09
2025-04-27 11:20:50.763,1,2.45
2025-04-27 11:20:50.767,1,4.32
2025-04-27 11:20:50.771,1,6.7
2025-04-27 11:20:50.775,1,9.55
2025-04-27 11:20:50.779,1,12.84
2025-04-27 11:20:50.783,1,16.54
2025-04-27 11:20:50.787,1,20.61
2025-04-27 11:20:50.791,1,25.0
2025-04-27 11:20:50.795,1,29.66
2025-04-27 11:20:50.799,1,34.55
2025-04-27 11:20:50.803,1,39.6
2025-04-27 11:20:50.807,1,44.77
2025-04-27 11:20:50.811,1,50.0
2025-04-27 11:20:50.815,1,55.23
2025-04-27 11:20:50.819,1,60.4
2025-04-27 11:20:50.823,1,65.45
2025-04-27 11:20:50.827,1,70.34
2025-04-27 11:20:50.831,1,75.0
2025-04-27 11:20:50.835,1,79.39
2025-04-27 11:20:50.839,1,83.46
2025-04-27 11:20:50.843,1,87.16
2025-04-27 11:20:50.847,1,90.45
2025-04-27 11:20:50.851,1,93.3
2025-04-27 11:20:50.855,1,95.68
2025-04-27 11:20:50.859,1,97.55
2025-04-27 11:20:50.863,1,98.91
2025-04-27 11:20:50.867,1,99.73
2025-04-27 11:20:50.871,1,100.0
2025-04-27 11:20:50.875,1,99.73
2025-04-27 11:20:50.879,1,98.91
2025-04-27 11:20:50.883,1,97.55
2025-04-27 11:20:50.887,1,95.68
2025-04-27 11:20:50.891,1,93.3
2025-04-27 11:20:50.895,1,90.45
2025-04-27 11:20:50.899,1,87.16
2025-04-27 11:20:50.903,1,83.46
2025-04-27 11:20:50.907,1,79.39
2025-04-27 11:20:50.911,1,75.0
2025-04-27 11:20:50.915,1,70.34
2025-04-27 11:20:50.919,1,65.45
2025-04-27 11:20:50.923,1,60.4
2025-04-27 11:20:50.927,1,55.23
2025-04-27 11:20:50.931,1,50.0
2025-04-27 11:20:50.935,1,44.77
2025-04-27 11:20:50.939,1,39.6
2025-04-27 11:20:50.943,1,34.55
2025-04-27 11:20:50.947,1,29.66
2025-04-27 11:20:50.951,1,25.0
2025-04-27 11:20:50.955,1,20.61
2025-04-27 11:20:50.959,1,16.54
2025-04-27 11:20:50.963,1,12.84
2025-04-27 11:20:50.967,1,9.55
2025-04-27 11:20:50.971,1,6.7
2025-04-27 11:20:50.975,1,4.32
2025-04-27 11:20:50.979,1,2.45
2025-04-27 11:20:50.983,1,1.09
2025-04-27 11:20:50.987,1,0.27
2025-04-27 11:20:50.991,1,0.0
2025-04-27 11:20:50.995,1,0.27
2025-04-27 11:20:50.999,1,1.09
2025-04-27 11:20:51.003,1,2.45
2025-04-27 11:20:51.007,1,4.32
2025-04-27 11:20:51.011,1,6.7
2025-04-27 11:20:51.015,1,9.55
2025-04-27 11:20:51.019,1,12.84
2025-04-27 11:20:51.023,1,16.54
2025-04-27 11:20:51.027,1,20.61
2025-04-27 11:20:51.031,1,25.0
2025-04-27 11:20:51.035,1,29.66
2025-04-27 11:20:51.039,1,34.55
2025-04-27 11:20:51.043,1,39.6
2025-04-27 11:20:51.047,1,44.77
2025-04-27 11:20:51.051,1,50.0
2025-04-27 11:20:51.055,1,55.23
2025-04-27 11:20:51.059,1,60.4
2025-04-27 11:20:51.063,1,65.45
2025-04-27 11:20:51.067,1,70.34
2025-04-27 11:20:51.071,1,75.0
2025-04-27 11:20:51.075,1,79.39
2025-04-27 11:20:51.079,1,83.46
2025-04-27 11:20:51.083,1,87.16
2025-04-27 11:20:51.087,1,90.45
2025-04-27 11:20:51.091,1,93.3
2025-04-27 11:20:51.095,1,95.68
2025-04-27 11:20:51.099,1,97.55
2025-04-27 11:20:51.103,1,98.91
2025-04-27 11:20:51.107,1,99.73
2025-04-27 11:20:51.111,1,100.0
2025-04-27 11:20:51.115,1,99.73
2025-04-27 11:20:51.119,1,98.91
2025-04-27 11:20:51.123,1,97.55
2025-04-27 11:20:51.127,1,95.68
2025-04-27 11:20:51.131,1,93.3
2025-04-27 11:20:51.135,1,90.45
2025-04-27 11:20:51.139,1,87.16
2025-04-27 11:20:51.143,1,83.46
2025-04-27 11:20:51.147,1,79.39
2025-04-27 11:20:51.151,1,75.0
2025-04-27 11:20:51.155,1,70.34
2025-04-27 11:20:51.159,1,65.45
2025-04-27 11:20:51.163,1,60.4
2025-04-27 11:20:51.167,1,55.23
2025-04-27 11:20:51.171,1,50.0
2025-04-27 11:20:51.175,1,44.77
2025-04-27 11:20:51.179,1,39.6
2025-04-27 11:20:51.183,1,34.55
2025-04-27 11:20:51.187,1,29.66
2025-04-27 11:20:51.191,1,25.0
2025-04-27 11:20:51.195,1,20.61
2025-04-27 11:20:51.199,1,16.54
2025-04-27 11:20:51.203,1,12.84
2025-04-27 11:20:51.207,1,9.55
2025-04-27 11:20:51.211,1,6.7
2025-04-27 11:20:51.215,1,4.32
2025-04-27 11:20:51.219,1,2.45
2025-04-27 11:20:51.223,1,1.09
2025-04-27 11:20:51.227,1,0.27
2025-04-27 11:20:51.231,1,0.0
2025-04-27 11:20:51.235,1,0.27
2025-04-27 11:20:51.239,1,1.09
2025-04-27 11:20:51.243,1,2.45
2025-04-27 11:20:51.247,1,4.32
2025-04-27 11:20:51.251,1,6.7
2025-04-27 11:20:51.255,1,9.55
2025-04-27 11:20:51.259,1,12.84
2025-04-27 11:20:51.263,1,16.54
2025-04-27 11:20:51.267,1,20.61
2025-04-27 11:20:51.271,1,25.0
2025-04-27 11:20:51.275,1,29.66
2025-04-27 11:20:51.279,1,34.55
2025-04-27 11:20:51.283,1,39.6
2025-04-27 11:20:51.287,1,44.77
2025-04-27 11:20:51.291,1,50.0
2025-04-27 11:20:51.295,1,55.23
2025-04-27 11:20:51.299,1,60.4
2025-04-27 11:20:51.303,1,65.45
2025-04-27 11:20:51.307,1,70.34
2025-04-27 11:20:51.311,1,75.0
2025-04-27 11:20:51.315,1,79.39
2025-04-27 11:20:51.319,1,83.46
2025-04-27 11:20:51.323,1,87.16
2025-04-27 11:20:51.327,1,90.45
2025-04-27 11:20:51.331,1,93.3
2025-04-27 11:20:51.335,1,95.68
2025-04-27 11:20:51.339,1,97.55
2025-04-27 11:20:51.343,1,98.91
2025-04-27 11:20:51.347,1,99.73
2025-04-27 11:20:51.351,1,100.0
2025-04-27 11:20:51.355,1,99.73
2025-04-27 11:20:51.359,1,98.91
2025-04-27 11:20:51.363,1,97.55
2025-04-27 11:20:51.367,1,95.68
2025-04-27 11:20:51.371,1,93.3
2025-04-27 11:20:51.375,1,90.45
2025-04-27 11:20:51.379,1,87.16
2025-04-27 11:20:51.383,1,83.46
2025-04-27 11:20:51.387,1,79.39
2025-04-27 11:20:51.391,1,75.0
2025-04-27 11:20:51.395,1,70.34
2025-04-27 11:20:51.399,1,65.45
2025-04-27 11:20:51.403,1,60.4
2025-04-27 11:20:51.407,1,55.23
2025-04-27 11:20:51.411,1,50.0
2025-04-27 11:20:51.415,1,44.77
2025-04-27 11:20:51.419,1,39.6
2025-04-27 11:20:51.423,1,34.55
2025-04-27 11:20:51.427,1,29.66
2025-04-27 11:20:51.431,1,25.0
2025-04-27 11:20:51.435,1,20.61
2025-04-27 11:20:51.439,1,16.54
2025-04-27 11:20:51.443,1,12.84
2025-04-27 11:20:51.447,1,9.55
2025-04-27 11:20:51.451,1,6.7
2025-04-27 11:20:51.455,1,4.32
2025-04-27 11:20:51.459,1,2.45
2025-04-27 11:20:51.463,1,1.09
2025-04-27 11:20:51.467,1,0.27
2025-04-27 11:20:51.471,1,0.0
2025-04-27 11:20:51.475,1,0.27
2025-04-27 11:20:51.479,1,1.09
2025-04-27 11:20:51.483,1,2.45
2025-04-27 11:20:51.487,1,4.32
2025-04-27 11:20:51.491,1,6.7
2025-04-27 11:20:51.495,1,9.55
2025-04-27 11:20:51.499,1,12.84
2025-04-27 11:20:51.503,1,16.54
2025-04-27 11:20:51.507,1,20.61
2025-04-27 11:20:51.511,1,25.0
2025-04-27 11:20:51.515,1,29.66
2025-04-27 11:20:51.519,1,34.55
2025-04-27 11:20:51.523,1,39.6
2025-04-27 11:20:51.527,1,44.77
2025-04-27 11:20:51.531,1,50.0
2025-04-27 11:20:51.535,1,55.23
2025-04-27 11:20:51.539,1,60.4
2025-04-27 11:20:51.543,1,65.45
2025-04-27 11:20:51.547,1,70.34
2025-04-27 11:20:51.551,1,75.0
2025-04-27 11:20:51.555,1,79.39
2025-04-27 11:20:51.559,1,83.46
2025-04-27 11:20:51.563,1,87.16
2025-04-27 11:20:51.567,1,90.45
2025-04-27 11:20:51.571,1,93.3
2025-04-27 11:20:51.575,1,95.68
2025-04-27 11:20:51.579,1,97.55
2025-04-27 11:20:51.583,1,98.91
2025-04-27 11:20:51.587,1,99.73
2025-04-27 11:20:51.591,1,100.0
2025-04-27 11:20:51.595,1,99.73
2025-04-27 11:20:51.599,1,98.91
2025-04-27 11:20:51.603,1,97.55
2025-04-27 11:20:51.607,1,95.68
2025-04-27 11:20:51.611,1,93.3
2025-04-27 11:20:51.615,1,90.45
2025-04-27 11:20:51.619,1,87.16
2025-04-27 11:20:51.623,1,83.46
2025-04-27 11:20:51.627,1,79.39
2025-04-27 11:20:51.631,1,75.0
2025-04-27 11:20:51.635,1,70.34
2025-04-27 11:20:51.639,1,65.45
2025-04-27 11:20:51.643,1,60.4
2025-04-27 11:20:51.647,1,55.23
2025-04-27 11:20:51.651,1,50.0
2025-04-27 11:20:51.655,1,44.77
2025-04-27 11:20:51.659,1,39.6
2025-04-27 11:20:51.663,1,34.55
2025-04-27 11:20:51.667,1,29.66
2025-04-27 11:20:51.671,1,25.0
2025-04-27 11:20:51.675,1,20.61
2025-04-27 11:20:51.679,1,16.54
2025-04-27 11:20:51.683,1,12.84
2025-04-27 11:20:51.687,1,9.55
2025-04-27 11:20:51.691,1,6.7
2025-04-27 11:20:51.695,1,4.32
2025-04-27 11:20:51.699,1,2.45
2025-04-27 11:20:51.703,1,1.09
2025-04-27 11:20:51.707,1,0.27
2025-04-27 11:20:51.711,1,0.0
2025-04-27 11:20:51.715,1,0.27
2025-04-27 11:20:51.719,1,1.09
2025-04-27 11:20:51.723,1,2.45
2025-04-27 11:20:51.727,1,4.32
2025-04-27 11:20:51.731,1,6.7
2025-04-27 11:20:51.735,1,9.55
2025-04-27 11:20:51.739,1,12.84
2025-04-27 11:20:51.743,1,16.54
2025-04-27 11:20:51.747,1,20.61
2025-04-27 11:20:51.751,1,25.0
2025-04-27 11:20:51.755,1,29.66
2025-04-27 11:20:51.759,1,34.55
2025-04-27 11:20:51.763,1,39.6
2025-04-27 11:20:51.767,1,44.77
2025-04-27 11:20:51.771,1,50.0
2025-04-27 11:20:51.775,1,55.23
2025-04-27 11:20:51.779,1,60.4
2025-04-27 11:20:51.783,1,65.45
2025-04-27 11:20:51.787,1,70.34
2025-04-27 11:20:51.791,1,75.0
2025-04-27 11:20:51.795,1,79.39
2025-04-27 11:20:51.799,1,83.46
2025-04-27 11:20:51.803,1,87.16
2025-04-27 11:20:51.807,1,90.45
2025-04-27 11:20:51.811,1,93.3
2025-04-27 11:20:51.815,1,95.68
2025-04-27 11:20:51.819,1,97.55
2025-04-27 11:20:51.823,1,98.91
2025-04-27 11:20:51.827,1,99.73
2025-04-27 11:20:51.831,1,100.0
2025-04-27 11:20:51.835,1,99.73
2025-04-27 11:20:51.839,1,98.91
2025-04-27 11:20:51.843,1,97.55
2025-04-27 11:20:51.847,1,95.68
2025-04-27 11:20:51.851,1,93.3
2025-04-27 11:20:51.855,1,90.45
2025-04-27 11:20:51.859,1,87.16
2025-04-27 11:20:51.863,1,83.46
2025-04-27 11:20:51.867,1,79.39
2025-04-27 11:20:51.871,1,75.0
2025-04-27 11:20:51.875,1,70.34
2025-04-27 11:20:51.879,1,65.45
2025-04-27 11:20:51.883,1,60.4
2025-04-27 11:20:51.887,1,55.23
2025-04-27 11:20:51.891,1,50.0
2025-04-27 11:20:51.895,1,44.77
2025-04-27 11:20:51.899,1,39.6
2025-04-27 11:20:51.903,1,34.55
2025-04-27 11:20:51.907,1,29.66
2025-04-27 11:20:51.911,1,25.0
2025-04-27 11:20:51.915,1,20.61
2025-04-27 11:20:51.919,1,16.54
2025-04-27 11:20:51.923,1,12.84
2025-04-27 11:20:51.927,1,9.55
2025-04-27 11:20:51.931,1,6.7
2025-04-27 11:20:51.935,1,4.32
2025-04-27 11:20:51.939,1,2.45
2025-04-27 11:20:51.943,1,1.09
2025-04-27 11:20:51.947,1,0.27
2025-04-27 11:20:51.951,1,0.0
2025-04-27 11:20:51.955,1,0.27
2025-04-27 11:20:51.959,1,1.09
2025-04-27 11:20:51.963,1,2.45
2025-04-27 11:20:51.967,1,4.32
2025-04-27 11:20:51.971,1,6.7
2025-04-27 11:20:51.975,1,9.55
2025-04-27 11:20:51.979,1,12.84
2025-04-27 11:20:51.983,1,16.54
2025-04-27 11:20:51.987,1,20.61
2025-04-27 11:20:51.991,1,25.0
2025-04-27 11:20:51.995,1,29.66
2025-04-27 11:20:51.999,1,34.55
2025-04-27 11:20:52.003,1,39.6
2025-04-27 11:20:52.007,1,44.77
2025-04-27 11:20:52.011,1,50.0
2025-04-27 11:20:52.015,1,55.23
2025-04-27 11:20:52.019,1,60.4
2025-04-27 11:20:52.023,1,65.45
2025-04-27 11:20:52.027,1,70.34
2025-04-27 11:20:52.031,1,75.0
2025-04-27 11:20:52.035,1,79.39
2025-04-27 11:20:52.039,1,83.46
2025-04-27 11:20:52.043,1,87.16
2025-04-27 11:20:52.047,1,90.45
2025-04-27 11:20:52.051,1,93.3
2025-04-27 11:20:52.055,1,95.68
2025-04-27 11:20:52.059,1,97.55
2025-04-27 11:20:52.063,1,98.91
2025-04-27 11:20:52.067,1,99.73
2025-04-27 11:20:52.071,1,100.0
2025-04-27 11:20:52.075,1,99.73
2025-04-27 11:20:52.079,1,98.91
2025-04-27 11:20:52.083,1,97.55
2025-04-27 11:20:52.087,1,95.68
2025-04-27 11:20:52.091,1,93.3
2025-04-27 11:20:52.095,1,90.45
2025-04-27 11:20:52.099,1,87.16
2025-04-27 11:20:52.103,1,83.46
2025-04-27 11:20:52.107,1,79.39
2025-04-27 11:20:52.111,1,75.0
2025-04-27 11:20:52.115,1,70.34
2025-04-27 11:20:52.119,1,65.45
2025-04-27 11:20:52.123,1,60.4
2025-04-27 11:20:52.127,1,55.23
2025-04-27 11:20:52.131,1,50.0
2025-04-27 11:20:52.135,1,44.77
2025-04-27 11:20:52.139,1,39.6
2025-04-27 11:20:52.143,1,34.55
2025-04-27 11:20:52.147,1,29.66
2025-04-27 11:20:52.151,1,25.0
2025-04-27 11:20:52.155,1,20.61
2025-04-27 11:20:52.159,1,16.54
2025-04-27 11:20:52.163,1,12.84
2025-04-27 11:20:52.167,1,9.55
2025-04-27 11:20:52.171,1,6.7
2025-04-27 11:20:52.175,1,4.32
2025-04-27 11:20:52.179,1,2.45
2025-04-27 11:20:52.183,1,1.09
2025-04-27 11:20:52.187,1,0.27
2025-04-27 11:20:52.191,1,0.0
2025-04-27 11:20:52.195,1,0.27
2025-04-27 11:20:52.199,1,1.09
2025-04-27 11:20:52.203,1,2.45
2025-04-27 11:20:52.207,1,4.32
2025-04-27 11:20:52.211,1,6.7
2025-04-27 11:20:52.215,1,9.55
2025-04-27 11:20:52.219,1,12.84
2025-04-27 11:20:52.223,1,16.54
2025-04-27 11:20:52.227,1,20.61
2025-04-27 11:20:52.231,1,25.0
2025-04-27 11:20:52.235,1,29.66
2025-04-27 11:20:52.239,1,34.55
2025-04-27 11:20:52.243,1,39.6
2025-04-27 11:20:52.247,1,44.77
2025-04-27 11:20:52.251,1,50.0
2025-04-27 11:20:52.255,1,55.23
2025-04-27 11:20:52.259,1,60.4
2025-04-27 11:20:52.263,1,65.45
2025-04-27 11:20:52.267,1,70.34
2025-04-27 11:20:52.271,1,75.0
2025-04-27 11:20:52.275,1,79.39
2025-04-27 11:20:52.279,1,83.46
2025-04-27 11:20:52.283,1,87.16
2025-04-27 11:20:52.287,1,90.45
2025-04-27 11:20:52.291,1,93.3
2025-04-27 11:20:52.295,1,95.68
2025-04-27 11:20:52.299,1,97.55
2025-04-27 11:20:52.303,1,98.91
2025-04-27 11:20:52.307,1,99.73
2025-04-27 11:20:52.311,1,100.0
2025-04-27 11:20:52.315,1,99.73
2025-04-27 11:20:52.319,1,98.91
2025-04-27 11:20:52.323,1,97.55
2025-04-27 11:20:52.327,1,95.68
2025-04-27 11:20:52.331,1,93.3
2025-04-27 11:20:52.335,1,90.45
2025-04-27 11:20:52.339,1,87.16
2025-04-27 11:20:52.343,1,83.46
2025-04-27 11:20:52.347,1,79.39
2025-04-27 11:20:52.351,1,75.0
2025-04-27 11:20:52.355,1,70.34
2025-04-27 11:20:52.359,1,65.45
2025-04-27 11:20:52.363,1,60.4
2025-04-27 11:20:52.367,1,55.23
2025-04-27 11:20:52.371,1,50.0
2025-04-27 11:20:52.375,1,44.77
2025-04-27 11:20:52.379,1,39.6
2025-04-27 11:20:52.383,1,34.55
2025-04-27 11:20:52.387,1,29.66
2025-04-27 11:20:52.391,1,25.0
2025-04-27 11:20:52.395,1,20.61
2025-04-27 11:20:52.399,1,16.54
2025-04-27 11:20:52.403,1,12.84
2025-04-27 11:20:52.407,1,9.55
2025-04-27 11:20:52.411,1,6.7
2025-04-27 11:20:52.415,1,4.32
2025-04-27 11:20:52.419,1,2.45
2025-04-27 11:20:52.423,1,1.09
2025-04-27 11:20:52.427,1,0.27
2025-04-27 11:20:52.431,1,0.0
2025-04-27 11:20:52.435,1,0.27
2025-04-27 11:20:52.439,1,1.09
2025-04-27 11:20:52.443,1,2.45
2025-04-27 11:20:52.447,1,4.32
2025-04-27 11:20:52.451,1,6.7
2025-04-27 11:20:52.455,1,9.55
2025-04-27 11:20:52.459,1,12.84
2025-04-27 11:20:52.463,1,16.54
2025-04-27 11:20:52.467,1,20.61
2025-04-27 11:20:52.471,1,25.0
2025-04-27 11:20:52.475,1,29.66
2025-04-27 11:20:52.479,1,34.55
2025-04-27 11:20:52.483,1,39.6
2025-04-27 11:20:52.487,1,44.77
2025-04-27 11:20:52.491,1,50.0
2025-04-27 11:20:52.495,1,55.23
2025-04-27 11:20:52.499,1,60.4
2025-04-27 11:20:52.503,1,65.45
2025-04-27 11:20:52.507,1,70.34
2025-04-27 11:20:52.511,1,75.0
2025-04-27 11:20:52.515,1,79.39
2025-04-27 11:20:52.519,1,83.46
2025-04-27 11:20:52.523,1,87.16
2025-04-27 11:20:52.527,1,90.45
2025-04-27 11:20:52.531,1,93.3
2025-04-27 11:20:52.535,1,95.68
2025-04-27 11:20:52.539,1,97.55
2025-04-27 11:20:52.543,1,98.91
2025-04-27 11:20:52.547,1,99.73
2025-04-27 11:20:52.551,1,100.0
2025-04-27 11:20:52.555,1,99.73
2025-04-27 11:20:52.559,1,98.91
2025-04-27 11:20:52.563,1,97.55
2025-04-27 11:20:52.567,1,95.68
2025-04-27 11:20:52.571,1,93.3
2025-04-27 11:20:52.575,1,90.45
2025-04-27 11:20:52.579,1,87.16
2025-04-27 11:20:52.583,1,83.46
2025-04-27 11:20:52.587,1,79.39
2025-04-27 11:20:52.591,1,75.0
2025-04-27 11:20:52.595,1,70.34
2025-04-27 11:20:52.599,1,65.45
2025-04-27 11:20:52.603,1,60.4
2025-04-27 11:20:52.607,1,55.23
2025-04-27 11:20:52.611,1,50.0
2025-04-27 11:20:52.615,1,44.77
2025-04-27 11:20:52.619,1,39.6
2025-04-27 11:20:52.623,1,34.55
2025-04-27 11:20:52.627,1,29.66
2025-04-27 11:20:52.631,1,25.0
2025-04-27 11:20:52.635,1,20.61
2025-04-27 11:20:52.639,1,16.54
2025-04-27 11:20:52.643,1,12.84
2025-04-27 11:20:52.647,1,9.55
2025-04-27 11:20:52.651,1,6.7
2025-04-27 11:20:52.655,1,4.32
2025-04-27 11:20:52.659,1,2.45
2025-04-27 11:20:52.663,1,1.09
2025-04-27 11:20:52.667,1,0.27
2025-04-27 11:20:52.671,1,0.0
2025-04-27 11:20:52.675,1,0.27
2025-04-27 11:20:52.679,1,1.09
2025-04-27 11:20:52.683,1,2.45
2025-04-27 11:20:52.687,1,4.32
2025-04-27 11:20:52.691,1,6.7
2025-04-27 11:20:52.695,1,9.55
2025-04-27 11:20:52.699,1,12.84
2025-04-27 11:20:52.703,1,16.54
2025-04-27 11:20:52.707,1,20.61
2025-04-27 11:20:52.711,1,25.0
2025-04-27 11:20:52.715,1,29.66
2025-04-27 11:20:52.719,1,34.55
2025-04-27 11:20:52.723,1,39.6
2025-04-27 11:20:52.727,1,44.77
2025-04-27 11:20:52.731,1,50.0
2025-04-27 11:20:52.735,1,55.23
2025-04-27 11:20:52.739,1,60.4
2025-04-27 11:20:52.743,1,65.45
2025-04-27 11:20:52.747,1,70.34
2025-04-27 11:20:52.751,1,75.0
2025-04-27 11:20:52.755,1,79.39
2025-04-27 11:20:52.759,1,83.46
2025-04-27 11:20:52.763,1,87.16
2025-04-27 11:20:52.767,1,90.45
2025-04-27 11:20:52.771,1,93.3
2025-04-27 11:20:52.775,1,95.68
2025-04-27 11:20:52.779,1,97.55
2025-04-27 11:20:52.783,1,98.91
2025-04-27 11:20:52.787,1,99.73
2025-04-27 11:20:52.791,1,100.0
2025-04-27 11:20:52.795,1,99.73
2025-04-27 11:20:52.799,1,98.91
2025-04-27 11:20:52.803,1,97.55
2025-04-27 11:20:52.807,1,95.68
2025-04-27 11:20:52.811,1,93.3
2025-04-27 11:20:52.815,1,90.45
2025-04-27 11:20:52.819,1,87.16
2025-04-27 11:20:52.823,1,83.46
2025-04-27 11:20:52.827,1,79.39
2025-04-27 11:20:52.831,1,75.0
2025-04-27 11:20:52.835,1,70.34
2025-04-27 11:20:52.839,1,65.45
2025-04-27 11:20:52.843,1,60.4
2025-04-27 11:20:52.847,1,55.23
2025-04-27 11:20:52.851,1,50.0
2025-04-27 11:20:52.855,1,44.77
2025-04-27 11:20:52.859,1,39.6
2025-04-27 11:20:52.863,1,34.55
2025-04-27 11:20:52.867,1,29.66
2025-04-27 11:20:52.871,1,25.0
2025-04-27 11:20:52.875,1,20.61
2025-04-27 11:20:52.879,1,16.54
2025-04-27 11:20:52.883,1,12.84
2025-04-27 11:20:52.887,1,9.55
2025-04-27 11:20:52.891,1,6.7
2025-04-27 11:20:52.895,1,4.32
2025-04-27 11:20:52.899,1,2.45
2025-04-27 11:20:52.903,1,1.09
2025-04-27 11:20:52.907,1,0.27
2025-04-27 11:20:52.911,1,0.0
2025-04-27 11:20:52.915,1,0.27
2025-04-27 11:20:52.919,1,1.09
2025-04-27 11:20:52.923,1,2.45
2025-04-27 11:20:52.927,1,4.32
2025-04-27 11:20:52.931,1,6.7
2025-04-27 11:20:52.935,1,9.55
2025-04-27 11:20:52.939,1,12.84
2025-04-27 11:20:52.943,1,16.54
2025-04-27 11:20:52.947,1,20.61
2025-04-27 11:20:52.951,1,25.0
2025-04-27 11:20:52.955,1,29.66
2025-04-27 11:20:52.959,1,34.55
2025-04-27 11:20:52.963,1,39.6
2025-04-27 11:20:52.967,1,44.77
2025-04-27 11:20:52.971,1,50.0
2025-04-27 11:20:52.975,1,55.23
2025-04-27 11:20:52.979,1,60.4
2025-04-27 11:20:52.983,1,65.45
2025-04-27 11:20:52.987,1,70.34
2025-04-27 11:20:52.991,1,75.0
2025-04-27 11:20:52.995,1,79.39
2025-04-27 11:20:52.999,1,83.46
2025-04-27 11:20:53.003,1,87.16
2025-04-27 11:20:53.007,1,90.45
2025-04-27 11:20:53.011,1,93.3
2025-04-27 11:20:53.015,1,95.68
2025-04-27 11:20:53.019,1,97.55
2025-04-27 11:20:53.023,1,98.91
2025-04-27 11:20:53.027,1,99.73
2025-04-27 11:20:53.031,1,100.0
2025-04-27 11:20:53.035,1,99.73
2025-04-27 11:20:53.039,1,98.91
2025-04-27 11:20:53.043,1,97.55
2025-04-27 11:20:53.047,1,95.68
2025-04-27 11:20:53.051,1,93.3
2025-04-27 11:20:53.055,1,90.45
2025-04-27 11:20:53.059,1,87.16
2025-04-27 11:20:53.063,1,83.46
2025-04-27 11:20:53.067,1,79.39
2025-04-27 11:20:53.071,1,75.0
2025-04-27 11:20:53.075,1,70.34
2025-04-27 11:20:53.079,1,65.45
2025-04-27 11:20:53.083,1,60.4
2025-04-27 11:20:53.087,1,55.23
2025-04-27 11:20:53.091,1,50.0
2025-04-27 11:20:53.095,1,44.77
2025-04-27 11:20:53.099,1,39.6
2025-04-27 11:20:53.103,1,34.55
2025-04-27 11:20:53.107,1,29.66
2025-04-27 11:20:53.111,1,25.0
2025-04-27 11:20:53.115,1,20.61
2025-04-27 11:20:53.119,1,16.54
2025-04-27 11:20:53.123,1,12.84
2025-04-27 11:20:53.127,1,9.55
2025-04-27 11:20:53.131,1,6.7
2025-04-27 11:20:53.135,1,4.32
2025-04-27 11:20:53.139,1,2.45
2025-04-27 11:20:53.143,1,1.09
2025-04-27 11:20:53.147,1,0.27
2025-04-27 11:20:53.151,1,0.0
2025-04-27 11:20:53.155,1,0.27
2025-04-27 11:20:53.159,1,1.09
2025-04-27 11:20:53.163,1,2.45
2025-04-27 11:20:53.167,1,4.32
2025-04-27 11:20:53.171,1,6.7
2025-04-27 11:20:53.175,1,9.55
2025-04-27 11:20:53.179,1,12.84
2025-04-27 11:20:53.183,1,16.54
2025-04-27 11:20:53.187,1,20.61
2025-04-27 11:20:53.191,1,25.0
2025-04-27 11:20:53.195,1,29.66
2025-04-27 11:20:53.199,1,34.55
2025-04-27 11:20:53.203,1,39.6
2025-04-27 11:20:53.207,1,44.77
2025-04-27 11:20:53.211,1,50.0
2025-04-27 11:20:53.215,1,55.23
2025-04-27 11:20:53.219,1,60.4
2025-04-27 11:20:53.223,1,65.45
2025-04-27 11:20:53.227,1,70.34
2025-04-27 11:20:53.231,1,75.0
2025-04-27 11:20:53.235,1,79.39
2025-04-27 11:20:53.239,1,83.46
2025-04-27 11:20:53.243,1,87.16
2025-04-27 11:20:53.247,1,90.45
2025-04-27 11:20:53.251,1,93.3
2025-04-27 11:20:53.255,1,95.68
2025-04-27 11:20:53.259,1,97.55
2025-04-27 11:20:53.263,1,98.91
2025-04-27 11:20:53.267,1,99.73
2025-04-27 11:20:53.271,1,100.0
2025-04-27 11:20:53.275,1,99.73
2025-04-27 11:20:53.279,1,98.91
2025-04-27 11:20:53.283,1,97.55
2025-04-27 11:20:53.287,1,95.68
2025-04-27 11:20:53.291,1,93.3
2025-04-27 11:20:53.295,1,90.45
2025-04-27 11:20:53.299,1,87.16
2025-04-27 11:20:53.303,1,83.46
2025-04-27 11:20:53.307,1,79.39
2025-04-27 11:20:53.311,1,75.0
2025-04-27 11:20:53.315,1,70.34
2025-04-27 11:20:53.319,1,65.45
2025-04-27 11:20:53.323,1,60.4
2025-04-27 11:20:53.327,1,55.23
2025-04-27 11:20:53.331,1,50.0
2025-04-27 11:20:53.335,1,44.77
2025-04-27 11:20:53.339,1,39.6
2025-04-27 11:20:53.343,1,34.55
2025-04-27 11:20:53.347,1,29.66
2025-04-27 11:20:53.351,1,25.0
2025-04-27 11:20:53.355,1,20.61
2025-04-27 11:20:53.359,1,16.54
2025-04-27 11:20:53.363,1,12.84
2025-04-27 11:20:53.367,1,9.55
2025-04-27 11:20:53.371,1,6.7
2025-04-27 11:20:53.375,1,4.32
2025-04-27 11:20:53.379,1,2.45
2025-04-27 11:20:53.383,1,1.09
2025-04-27 11:20:53.387,1,0.27
2025-04-27 11:20:53.391,1,0.0
2025-04-27 11:20:53.395,1,0.27
2025-04-27 11:20:53.399,1,1.09
2025-04-27 11:20:53.403,1,2.45
2025-04-27 11:20:53.407,1,4.32
2025-04-27 11:20:53.411,1,6.7
2025-04-27 11:20:53.415,1,9.55
2025-04-27 11:20:53.419,1,12.84
2025-04-27 11:20:53.423,1,16.54
2025-04-27 11:20:53.427,1,20.61
2025-04-27 11:20:53.431,1,25.0
2025-04-27 11:20:53.435,1,29.66
2025-04-27 11:20:53.439,1,34.55
2025-04-27 11:20:53.443,1,39.6
2025-04-27 11:20:53.447,1,44.77
2025-04-27 11:20:53.451,1,50.0
2025-04-27 11:20:53.455,1,55.23
2025-04-27 11:20:53.459,1,60.4
2025-04-27 11:20:53.463,1,65.45
2025-04-27 11:20:53.467,1,70.34
2025-04-27 11:20:53.471,1,75.0
2025-04-27 11:20:53.475,1,79.39
2025-04-27 11:20:53.479,1,83.46
2025-04-27 11:20:53.483,1,87.16
2025-04-27 11:20:53.487,1,90.45
2025-04-27 11:20:53.491,1,93.3
2025-04-27 11:20:53.495,1,95.68
2025-04-27 11:20:53.499,1,97.55
2025-04-27 11:20:53.503,1,98.91
2025-04-27 11:20:53.507,1,99.73
2025-04-27 11:20:53.511,1,100.0
2025-04-27 11:20:53.515,1,99.73
2025-04-27 11:20:53.519,1,98.91
2025-04-27 11:20:53.523,1,97.55
2025-04-27 11:20:53.527,1,95.68
2025-04-27 11:20:53.531,1,93.3
2025-04-27 11:20:53.535,1,90.45
2025-04-27 11:20:53.539,1,87.16
2025-04-27 11:20:53.543,1,83.46
2025-04-27 11:20:53.547,1,79.39
2025-04-27 11:20:53.551,1,75.0
2025-04-27 11:20:53.555,1,70.34
2025-04-27 11:20:53.559,1,65.45
2025-04-27 11:20:53.563,1,60.4
2025-04-27 11:20:53.567,1,55.23
2025-04-27 11:20:53.571,1,50.0
2025-04-27 11:20:53.575,1,44.77
2025-04-27 11:20:53.579,1,39.6
2025-04-27 11:20:53.583,1,34.55
2025-04-27 11:20:53.587,1,29.66
2025-04-27 11:20:53.591,1,25.0
2025-04-27 11:20:53.595,1,20.61
2025-04-27 11:20:53.599,1,16.54
2025-04-27 11:20:53.603,1,12.84
2025-04-27 11:20:53.607,1,9.55
2025-04-27 11:20:53.611,1,6.7
2025-04-27 11:20:53.615,1,4.32
2025-04-27 11:20:53.619,1,2.45
2025-04-27 11:20:53.623,1,1.09
2025-04-27 11:20:53.627,1,0.27
2025-04-27 11:20:53.631,1,0.0
2025-04-27 11:20:53.635,1,0.27
2025-04-27 11:20:53.639,1,1.09
2025-04-27 11:20:53.643,1,2.45
2025-04-27 11:20:53.647,1,4.32
2025-04-27 11:20:53.651,1,6.7
2025-04-27 11:20:53.655,1,9.55
2025-04-27 11:20:53.659,1,12.84
2025-04-27 11:20:53.663,1,16.54
2025-04-27 11:20:53.667,1,20.61
2025-04-27 11:20:53.671,1,25.0
2025-04-27 11:20:53.675,1,29.66
2025-04-27 11:20:53.679,1,34.55
2025-04-27 11:20:53.683,1,39.6
2025-04-27 11:20:53.687,1,44.77
2025-04-27 11:20:53.691,1,50.0
2025-04-27 11:20:53.695,1,55.23
2025-04-27 11:20:53.699,1,60.4
2025-04-27 11:20:53.703,1,65.45
2025-04-27 11:20:53.707,1,70.34
2025-04-27 11:20:53.711,1,75.0
2025-04-27 11:20:53.715,1,79.39
2025-04-27 11:20:53.719,1,83.46
2025-04-27 11:20:53.723,1,87.16
2025-04-27 11:20:53.727,1,90.45
2025-04-27 11:20:53.731,1,93.3
2025-04-27 11:20:53.735,1,95.68
2025-04-27 11:20:53.739,1,97.55
2025-04-27 11:20:53.743,1,98.91
2025-04-27 11:20:53.747,1,99.73
2025-04-27 11:20:53.751,1,100.0
2025-04-27 11:20:53.755,1,99.73
2025-04-27 11:20:53.759,1,98.91
2025-04-27 11:20:53.763,1,97.55
2025-04-27 11:20:53.767,1,95.68
2025-04-27 11:20:53.771,1,93.3
2025-04-27 11:20:53.775,1,90.45
2025-04-27 11:20:53.779,1,87.16
2025-04-27 11:20:53.783,1,83.46
2025-04-27 11:20:53.787,1,79.39
2025-04-27 11:20:53.791,1,75.0
2025-04-27 11:20:53.795,1,70.34
2025-04-27 11:20:53.799,1,65.45
2025-04-27 11:20:53.803,1,60.4
2025-04-27 11:20:53.807,1,55.23
2025-04-27 11:20:53.811,1,50.0
2025-04-27 11:20:53.815,1,44.77
2025-04-27 11:20:53.819,1,39.6
2025-04-27 11:20:53.823,1,34.55
2025-04-27 11:20:53.827,1,29.66
2025-04-27 11:20:53.831,1,25.0
2025-04-27 11:20:53.835,1,20.61
2025-04-27 11:20:53.839,1,16.54
2025-04-27 11:20:53.843,1,12.84
2025-04-27 11:20:53.847,1,9.55
2025-04-27 11:20:53.851,1,6.7
2025-04-27 11:20:53.855,1,4.32
2025-04-27 11:20:53.859,1,2.45
2025-04-27 11:20:53.863,1,1.09
2025-04-27 11:20:53.867,1,0.27
2025-04-27 11:20:53.871,1,0.0
2025-04-27 11:20:53.875,1,0.27
2025-04-27 11:20:53.879,1,1.09
2025-04-27 11:20:53.883,1,2.45
2025-04-27 11:20:53.887,1,4.32
2025-04-27 11:20:53.891,1,6.7
2025-04-27 11:20:53.895,1,9.55
2025-04-27 11:20:53.899,1,12.84
2025-04-27 11:20:53.903,1,16.54
2025-04-27 11:20:53.907,1,20.61
2025-04-27 11:20:53.911,1,25.0
2025-04-27 11:20:53.915,1,29.66
2025-04-27 11:20:53.919,1,34.55
2025-04-27 11:20:53.923,1,39.6
2025-04-27 11:20:53.927,1,44.77
2025-04-27 11:20:53.931,1,50.0
2025-04-27 11:20:53.935,1,55.23
2025-04-27 11:20:53.939,1,60.4
2025-04-27 11:20:53.943,1,65.45
2025-04-27 11:20:53.947,1,70.34
2025-04-27 11:20:53.951,1,75.0
2025-04-27 11:20:53.955,1,79.39
2025-04-27 11:20:53.959,1,83.46
2025-04-27 11:20:53.963,1,87.16
2025-04-27 11:20:53.967,1,90.45
2025-04-27 11:20:53.971,1,93.3
2025-04-27 11:20:53.975,1,95.68
2025-04-27 11:20:53.979,1,97.55
2025-04-27 11:20:53.983,1,98.91
2025-04-27 11:20:53.987,1,99.73
2025-04-27 11:20:53.991,1,100.0
2025-04-27 11:20:53.995,1,99.73
2025-04-27 11:20:53.999,1,98.91
2025-04-27 11:20:54.003,1,97.55
2025-04-27 11:20:54.007,1,95.68
2025-04-27 11:20:54.011,1,93.3
2025-04-27 11:20:54.015,1,90.45
2025-04-27 11:20:54.019,1,87.16
2025-04-27 11:20:54.023,1,83.46
2025-04-27 11:20:54.027,1,79.39
2025-04-27 11:20:54.031,1,75.0
2025-04-27 11:20:54.035,1,70.34
2025-04-27 11:20:54.039,1,65.45
2025-04-27 11:20:54.043,1,60.4
2025-04-27 11:20:54.047,1,55.23
2025-04-27 11:20:54.051,1,50.0
2025-04-27 11:20:54.055,1,44.77
2025-04-27 11:20:54.059,1,39.6
2025-04-27 11:20:54.063,1,34.55
2025-04-27 11:20:54.067,1,29.66
2025-04-27 11:20:54.071,1,25.0
2025-04-27 11:20:54.075,1,20.61
2025-04-27 11:20:54.079,1,16.54
2025-04-27 11:20:54.083,1,12.84
2025-04-27 11:20:54.087,1,9.55
2025-04-27 11:20:54.091,1,6.7
2025-04-27 11:20:54.095,1,4.32
2025-04-27 11:20:54.099,1,2.45
2025-04-27 11:20:54.103,1,1.09
2025-04-27 11:20:54.107,1,0.27
2025-04-27 11:20:54.111,1,0.0
2025-04-27 11:20:54.115,1,0.27
2025-04-27 11:20:54.119,1,1.09
2025-04-27 11:20:54.123,1,2.45
2025-04-27 11:20:54.127,1,4.32
2025-04-27 11:20:54.131,1,6.7
2025-04-27 11:20:54.135,1,9.55
2025-04-27 11:20:54.139,1,12.84
2025-04-27 11:20:54.143,1,16.54
2025-04-27 11:20:54.147,1,20.61
2025-04-27 11:20:54.151,1,25.0
2025-04-27 11:20:54.155,1,29.66
2025-04-27 11:20:54.159,1,34.55
2025-04-27 11:20:54.163,1,39.6
2025-04-27 11:20:54.167,1,44.77
2025-04-27 11:20:54.171,1,50.0
2025-04-27 11:20:54.175,1,55.23
2025-04-27 11:20:54.179,1,60.4
2025-04-27 11:20:54.183,1,65.45
2025-04-27 11:20:54.187,1,70.34
2025-04-27 11:20:54.191,1,75.0
2025-04-27 11:20:54.195,1,79.39
2025-04-27 11:20:54.199,1,83.46
2025-04-27 11:20:54.203,1,87.16
2025-04-27 11:20:54.207,1,90.45
2025-04-27 11:20:54.211,1,93.3
2025-04-27 11:20:54.215,1,95.68
2025-04-27 11:20:54.219,1,97.55
2025-04-27 11:20:54.223,1,98.91
2025-04-27 11:20:54.227,1,99.73
2025-04-27 11:20:54.231,1,100.0
2025-04-27 11:20:54.235,1,99.73
2025-04-27 11:20:54.239,1,98.91
2025-04-27 11:20:54.243,1,97.55
2025-04-27 11:20:54.247,1,95.68
2025-04-27 11:20:54.251,1,93.3
2025-04-27 11:20:54.255,1,90.45
2025-04-27 11:20:54.259,1,87.16
2025-04-27 11:20:54.263,1,83.46
2025-04-27 11:20:54.267,1,79.39
2025-04-27 11:20:54.271,1,75.0
2025-04-27 11:20:54.275,1,70.34
2025-04-27 11:20:54.279,1,65.45
2025-04-27 11:20:54.283,1,60.4
2025-04-27 11:20:54.287,1,55.23
2025-04-27 11:20:54.291,1,50.0
2025-04-27 11:20:54.295,1,44.77
2025-04-27 11:20:54.299,1,39.6
2025-04-27 11:20:54.303,1,34.55
2025-04-27 11:20:54.307,1,29.66
2025-04-27 11:20:54.311,1,25.0
2025-04-27 11:20:54.315,1,20.61
2025-04-27 11:20:54.319,1,16.54
2025-04-27 11:20:54.323,1,12.84
2025-04-27 11:20:54.327,1,9.55
2025-04-27 11:20:54.331,1,6.7
2025-04-27 11:20:54.335,1,4.32
2025-04-27 11:20:54.339,1,2.45
2025-04-27 11:20:54.343,1,1.09
2025-04-27 11:20:54.347,1,0.27
2025-04-27 11:20:54.351,1,0.0
2025-04-27 11:20:54.355,1,0.27
2025-04-27 11:20:54.359,1,1.09
2025-04-27 11:20:54.363,1,2.45
2025-04-27 11:20:54.367,1,4.32
2025-04-27 11:20:54.371,1,6.7
2025-04-27 11:20:54.375,1,9.55
2025-04-27 11:20:54.379,1,12.84
2025-04-27 11:20:54.383,1,16.54
2025-04-27 11:20:54.387,1,20.61
2025-04-27 11:20:54.391,1,25.0
2025-04-27 11:20:54.395,1,29.66
2025-04-27 11:20:54.399,1,34.55
2025-04-27 11:20:54.403,1,39.6
2025-04-27 11:20:54.407,1,44.77
2025-04-27 11:20:54.411,1,50.0
2025-04-27 11:20:54.415,1,55.23
2025-04-27 11:20:54.419,1,60.4
2025-04-27 11:20:54.423,1,65.45
2025-04-27 11:20:54.427,1,70.34
2025-04-27 11:20:54.431,1,75.0
2025-04-27 11:20:54.435,1,79.39
2025-04-27 11:20:54.439,1,83.46
2025-04-27 11:20:54.443,1,87.16
2025-04-27 11:20:54.447,1,90.45
2025-04-27 11:20:54.451,1,93.3
2025-04-27 11:20:54.455,1,95.68
2025-04-27 11:20:54.459,1,97.55
2025-04-27 11:20:54.463,1,98.91
2025-04-27 11:20:54.467,1,99.73
2025-04-27 11:20:54.471,1,100.0
2025-04-27 11:20:54.475,1,99.73
2025-04-27 11:20:54.479,1,98.91
2025-04-27 11:20:54.483,1,97.55
2025-04-27 11:20:54.487,1,95.68
2025-04-27 11:20:54.491,1,93.3
2025-04-27 11:20:54.495,1,90.45
2025-04-27 11:20:54.499,1,87.16
2025-04-27 11:20:54.503,1,83.46
2025-04-27 11:20:54.507,1,79.39
2025-04-27 11:20:54.511,1,75.0
2025-04-27 11:20:54.515,1,70.34
2025-04-27 11:20:54.519,1,65.45
2025-04-27 11:20:54.523,1,60.4
2025-04-27 11:20:54.527,1,55.23
2025-04-27 11:20:54.531,1,50.0
2025-04-27 11:20:54.535,1,44.77
2025-04-27 11:20:54.539,1,39.6
2025-04-27 11:20:54.543,1,34.55
2025-04-27 11:20:54.547,1,29.66
2025-04-27 11:20:54.551,1,25.0
2025-04-27 11:20:54.555,1,20.61
2025-04-27 11:20:54.559,1,16.54
2025-04-27 11:20:54.563,1,12.84
2025-04-27 11:20:54.567,1,9.55
2025-04-27 11:20:54.571,1,6.7
2025-04-27 11:20:54.575,1,4.32
2025-04-27 11:20:54.579,1,2.45
2025-04-27 11:20:54.583,1,1.09
2025-04-27 11:20:54.587,1,0.27
2025-04-27 11:20:54.591,1,0.0
2025-04-27 11:20:54.595,1,0.27
2025-04-27 11:20:54.599,1,1.09
2025-04-27 11:20:54.603,1,2.45
2025-04-27 11:20:54.607,1,4.32
2025-04-27 11:20:54.611,1,6.7
2025-04-27 11:20:54.615,1,9.55
2025-04-27 11:20:54.619,1,12.84
2025-04-27 11:20:54.623,1,16.54
2025-04-27 11:20:54.627,1,20.61
2025-04-27 11:20:54.631,1,25.0
2025-04-27 11:20:54.635,1,29.66
2025-04-27 11:20:54.639,1,34.55
2025-04-27 11:20:54.643,1,39.6
2025-04-27 11:20:54.647,1,44.77
2025-04-27 11:20:54.651,1,50.0
2025-04-27 11:20:54.655,1,55.23
2025-04-27 11:20:54.659,1,60.4
2025-04-27 11:20:54.663,1,65.45
2025-04-27 11:20:54.667,1,70.34
2025-04-27 11:20:54.671,1,75.0
2025-04-27 11:20:54.675,1,79.39
2025-04-27 11:20:54.679,1,83.46
2025-04-27 11:20:54.683,1,87.16
2025-04-27 11:20:54.687,1,90.45
2025-04-27 11:20:54.691,1,93.3
2025-04-27 11:20:54.695,1,95.68
2025-04-27 11:20:54.699,1,97.55
2025-04-27 11:20:54.703,1,98.91
2025-04-27 11:20:54.707,1,99.73
2025-04-27 11:20:54.711,1,100.0
2025-04-27 11:20:54.715,1,99.73
2025-04-27 11:20:54.719,1,98.91
2025-04-27 11:20:54.723,1,97.55
2025-04-27 11:20:54.727,1,95.68
2025-04-27 11:20:54.731,1,93.3
2025-04-27 11:20:54.735,1,90.45
2025-04-27 11:20:54.739,1,87.16
2025-04-27 11:20:54.743,1,83.46
2025-04-27 11:20:54.747,1,79.39
2025-04-27 11:20:54.751,1,75.0
2025-04-27 11:20:54.755,1,70.34
2025-04-27 11:20:54.759,1,65.45
2025-04-27 11:20:54.763,1,60.4
2025-04-27 11:20:54.767,1,55.23
2025-04-27 11:20:54.771,1,50.0
2025-04-27 11:20:54.775,1,44.77
2025-04-27 11:20:54.779,1,39.6
2025-04-27 11:20:54.783,1,34.55
2025-04-27 11:20:54.787,1,29.66
2025-04-27 11:20:54.791,1,25.0
2025-04-27 11:20:54.795,1,20.61
2025-04-27 11:20:54.799,1,16.54
2025-04-27 11:20:54.803,1,12.84
2025-04-27 11:20:54.807,1,9.55
2025-04-27 11:20:54.811,1,6.7
2025-04-27 11:20:54.815,1,4.32
2025-04-27 11:20:54.819,1,2.45
2025-04-27 11:20:54.823,1,1.09
2025-04-27 11:20:54.827,1,0.27
2025-04-27 11:20:54.831,1,0.0
2025-04-27 11:20:54.835,1,0.27
2025-04-27 11:20:54.839,1,1.09
2025-04-27 11:20:54.843,1,2.45
2025-04-27 11:20:54.847,1,4.32
2025-04-27 11:20:54.851,1,6.7
2025-04-27 11:20:54.855,1,9.55
2025-04-27 11:20:54.859,1,12.84
2025-04-27 11:20:54.863,1,16.54
2025-04-27 11:20:54.867,1,20.61
2025-04-27 11:20:54.871,1,25.0
2025-04-27 11:20:54.875,1,29.66
2025-04-27 11:20:54.879,1,34.55
2025-04-27 11:20:54.883,1,39.6
2025-04-27 11:20:54.887,1,44.77
2025-04-27 11:20:54.891,1,50.0
2025-04-27 11:20:54.895,1,55.23
2025-04-27 11:20:54.899,1,60.4
2025-04-27 11:20:54.903,1,65.45
2025-04-27 11:20:54.907,1,70.34
2025-04-27 11:20:54.911,1,75.0
2025-04-27 11:20:54.915,1,79.39
2025-04-27 11:20:54.919,1,83.46
2025-04-27 11:20:54.923,1,87.16
2025-04-27 11:20:54.927,1,90.45
2025-04-27 11:20:54.931,1,93.3
2025-04-27 11:20:54.935,1,95.68
2025-04-27 11:20:54.939,1,97.55
2025-04-27 11:20:54.943,1,98.91
2025-04-27 11:20:54.947,1,99.73
2025-04-27 11:20:54.951,1,100.0
2025-04-27 11:20:54.955,1,99.73
2025-04-27 11:20:54.959,1,98.91
2025-04-27 11:20:54.963,1,97.55
2025-04-27 11:20:54.967,1,95.68
2025-04-27 11:20:54.971,1,93.3
2025-04-27 11:20:54.975,1,90.45
2025-04-27 11:20:54.979,1,87.16
2025-04-27 11:20:54.983,1,83.46
2025-04-27 11:20:54.987,1,79.39
2025-04-27 11:20:54.991,1,75.0
2025-04-27 11:20:54.995,1,70.34
2025-04-27 11:20:54.999,1,65.45
2025-04-27 11:20:55.003,1,60.4
2025-04-27 11:20:55.007,1,55.23
2025-04-27 11:20:55.011,1,50.0
2025-04-27 11:20:55.015,1,44.77
2025-04-27 11:20:55.019,1,39.6
2025-04-27 11:20:55.023,1,34.55
2025-04-27 11:20:55.027,1,29.66
2025-04-27 11:20:55.031,1,25.0
2025-04-27 11:20:55.035,1,20.61
2025-04-27 11:20:55.039,1,16.54
2025-04-27 11:20:55.043,1,12.84
2025-04-27 11:20:55.047,1,9.55
2025-04-27 11:20:55.051,1,6.7
2025-04-27 11:20:55.055,1,4.32
2025-04-27 11:20:55.059,1,2.45
2025-04-27 11:20:55.063,1,1.09
2025-04-27 11:20:55.067,1,0.27
2025-04-27 11:20:55.071,1,0.0
2025-04-27 11:20:55.075,1,0.27
2025-04-27 11:20:55.079,1,1.09
2025-04-27 11:20:55.083,1,2.45
2025-04-27 11:20:55.087,1,4.32
2025-04-27 11:20:55.091,1,6.7
2025-04-27 11:20:55.095,1,9.55
2025-04-27 11:20:55.099,1,12.84
2025-04-27 11:20:55.103,1,16.54
2025-04-27 11:20:55.107,1,20.61
2025-04-27 11:20:55.111,1,25.0
2025-04-27 11:20:55.115,1,29.66
2025-04-27 11:20:55.119,1,34.55
2025-04-27 11:20:55.123,1,39.6
2025-04-27 11:20:55.127,1,44.77
2025-04-27 11:20:55.131,1,50.0
2025-04-27 11:20:55.136,1,55.23
2025-04-27 11:20:55.139,1,60.4
2025-04-27 11:20:55.143,1,65.45
2025-04-27 11:20:55.147,1,70.34
2025-04-27 11:20:55.151,1,75.0
2025-04-27 11:20:55.155,1,79.39
2025-04-27 11:20:55.159,1,83.46
2025-04-27 11:20:55.163,1,87.16
2025-04-27 11:20:55.167,1,90.45
2025-04-27 11:20:55.171,1,93.3
2025-04-27 11:20:55.175,1,95.68
2025-04-27 11:20:55.179,1,97.55
2025-04-27 11:20:55.183,1,98.91
2025-04-27 11:20:55.187,1,99.73
2025-04-27 11:20:55.191,1,100.0
2025-04-27 11:20:55.195,1,99.73
2025-04-27 11:20:55.199,1,98.91
2025-04-27 11:20:55.203,1,97.55
2025-04-27 11:20:55.207,1,95.68
2025-04-27 11:20:55.211,1,93.3
2025-04-27 11:20:55.215,1,90.45
2025-04-27 11:20:55.219,1,87.16
2025-04-27 11:20:55.223,1,83.46
2025-04-27 11:20:55.227,1,79.39
2025-04-27 11:20:55.231,1,75.0
2025-04-27 11:20:55.235,1,70.34
2025-04-27 11:20:55.239,1,65.45
2025-04-27 11:20:55.243,1,60.4
2025-04-27 11:20:55.247,1,55.23
2025-04-27 11:20:55.251,1,50.0
2025-04-27 11:20:55.255,1,44.77
2025-04-27 11:20:55.259,1,39.6
2025-04-27 11:20:55.263,1,34.55
2025-04-27 11:20:55.267,1,29.66
2025-04-27 11:20:55.271,1,25.0
2025-04-27 11:20:55.275,1,20.61
2025-04-27 11:20:55.279,1,16.54
2025-04-27 11:20:55.283,1,12.84
2025-04-27 11:20:55.287,1,9.55
2025-04-27 11:20:55.291,1,6.7
2025-04-27 11:20:55.295,1,4.32
2025-04-27 11:20:55.299,1,2.45
2025-04-27 11:20:55.303,1,1.09
2025-04-27 11:20:55.307,1,0.27
2025-04-27 11:20:55.311,1,0.0
2025-04-27 11:20:55.315,1,0.27
2025-04-27 11:20:55.319,1,1.09
2025-04-27 11:20:55.323,1,2.45
2025-04-27 11:20:55.327,1,4.32
2025-04-27 11:20:55.331,1,6.7
2025-04-27 11:20:55.335,1,9.55
2025-04-27 11:20:55.339,1,12.84
2025-04-27 11:20:55.343,1,16.54
2025-04-27 11:20:55.347,1,20.61
2025-04-27 11:20:55.351,1,25.0
2025-04-27 11:20:55.355,1,29.66
2025-04-27 11:20:55.359,1,34.55
2025-04-27 11:20:55.363,1,39.6
2025-04-27 11:20:55.367,1,44.77
2025-04-27 11:20:55.371,1,50.0
2025-04-27 11:20:55.375,1,55.23
2025-04-27 11:20:55.379,1,60.4
2025-04-27 11:20:55.383,1,65.45
2025-04-27 11:20:55.387,1,70.34
2025-04-27 11:20:55.391,1,75.0
2025-04-27 11:20:55.395,1,79.39
2025-04-27 11:20:55.399,1,83.46
2025-04-27 11:20:55.403,1,87.16
2025-04-27 11:20:55.407,1,90.45
2025-04-27 11:20:55.411,1,93.3
2025-04-27 11:20:55.415,1,95.68
2025-04-27 11:20:55.419,1,97.55
2025-04-27 11:20:55.423,1,98.91
2025-04-27 11:20:55.427,1,99.73
2025-04-27 11:20:55.431,1,100.0
2025-04-27 11:20:55.435,1,99.73
2025-04-27 11:20:55.439,1,98.91
2025-04-27 11:20:55.443,1,97.55
2025-04-27 11:20:55.447,1,95.68
2025-04-27 11:20:55.451,1,93.3
2025-04-27 11:20:55.455,1,90.45
2025-04-27 11:20:55.459,1,87.16
2025-04-27 11:20:55.463,1,83.46
2025-04-27 11:20:55.467,1,79.39
2025-04-27 11:20:55.471,1,75.0
2025-04-27 11:20:55.475,1,70.34
2025-04-27 11:20:55.479,1,65.45
2025-04-27 11:20:55.483,1,60.4
2025-04-27 11:20:55.487,1,55.23
2025-04-27 11:20:55.491,1,50.0
2025-04-27 11:20:55.495,1,44.77
2025-04-27 11:20:55.499,1,39.6
2025-04-27 11:20:55.503,1,34.55
2025-04-27 11:20:55.507,1,29.66
2025-04-27 11:20:55.511,1,25.0
2025-04-27 11:20:55.515,1,20.61
2025-04-27 11:20:55.519,1,16.54
2025-04-27 11:20:55.523,1,12.84
2025-04-27 11:20:55.527,1,9.55
2025-04-27 11:20:55.531,1,6.7
2025-04-27 11:20:55.535,1,4.32
2025-04-27 11:20:55.539,1,2.45
2025-04-27 11:20:55.543,1,1.09
2025-04-27 11:20:55.547,1,0.27
2025-04-27 11:20:55.551,1,0.0
2025-04-27 11:20:55.555,1,0.27
2025-04-27 11:20:55.559,1,1.09
2025-04-27 11:20:55.563,1,2.45
2025-04-27 11:20:55.567,1,4.32
2025-04-27 11:20:55.571,1,6.7
2025-04-27 11:20:55.576,1,9.55
2025-04-27 11:20:55.579,1,12.84
2025-04-27 11:20:55.583,1,16.54
2025-04-27 11:20:55.587,1,20.61
2025-04-27 11:20:55.591,1,25.0
2025-04-27 11:20:55.595,1,29.66
2025-04-27 11:20:55.599,1,34.55
2025-04-27 11:20:55.603,1,39.6
2025-04-27 11:20:55.607,1,44.77
2025-04-27 11:20:55.611,1,50.0
2025-04-27 11:20:55.615,1,55.23
2025-04-27 11:20:55.619,1,60.4
2025-04-27 11:20:55.623,1,65.45
2025-04-27 11:20:55.627,1,70.34
2025-04-27 11:20:55.631,1,75.0
2025-04-27 11:20:55.635,1,79.39
2025-04-27 11:20:55.639,1,83.46
2025-04-27 11:20:55.643,1,87.16
2025-04-27 11:20:55.647,1,90.45
2025-04-27 11:20:55.651,1,93.3
2025-04-27 11:20:55.655,1,95.68
2025-04-27 11:20:55.659,1,97.55
2025-04-27 11:20:55.663,1,98.91
2025-04-27 11:20:55.667,1,99.73
2025-04-27 11:20:55.671,1,100.0
2025-04-27 11:20:55.675,1,99.73
2025-04-27 11:20:55.679,1,98.91
2025-04-27 11:20:55.683,1,97.55
2025-04-27 11:20:55.687,1,95.68
2025-04-27 11:20:55.691,1,93.3
2025-04-27 11:20:55.695,1,90.45
2025-04-27 11:20:55.699,1,87.16
2025-04-27 11:20:55.703,1,83.46
2025-04-27 11:20:55.707,1,79.39
2025-04-27 11:20:55.711,1,75.0
2025-04-27 11:20:55.715,1,70.34
2025-04-27 11:20:55.719,1,65.45
2025-04-27 11:20:55.723,1,60.4
2025-04-27 11:20:55.727,1,55.23
2025-04-27 11:20:55.731,1,50.0
2025-04-27 11:20:55.735,1,44.77
2025-04-27 11:20:55.739,1,39.6
2025-04-27 11:20:55.743,1,34.55
2025-04-27 11:20:55.747,1,29.66
2025-04-27 11:20:55.751,1,25.0
2025-04-27 11:20:55.755,1,20.61
2025-04-27 11:20:55.759,1,16.54
2025-04-27 11:20:55.763,1,12.84
2025-04-27 11:20:55.767,1,9.55
2025-04-27 11:20:55.771,1,6.7
2025-04-27 11:20:55.775,1,4.32
2025-04-27 11:20:55.779,1,2.45
2025-04-27 11:20:55.783,1,1.09
2025-04-27 11:20:55.787,1,0.27
2025-04-27 11:20:55.791,1,0.0
2025-04-27 11:20:55.795,1,0.27
2025-04-27 11:20:55.799,1,1.09
2025-04-27 11:20:55.803,1,2.45
2025-04-27 11:20:55.807,1,4.32
2025-04-27 11:20:55.811,1,6.7
2025-04-27 11:20:55.815,1,9.55
2025-04-27 11:20:55.819,1,12.84
2025-04-27 11:20:55.823,1,16.54
2025-04-27 11:20:55.827,1,20.61
2025-04-27 11:20:55.831,1,25.0
2025-04-27 11:20:55.835,1,29.66
2025-04-27 11:20:55.839,1,34.55
2025-04-27 11:20:55.843,1,39.6
2025-04-27 11:20:55.847,1,44.77
2025-04-27 11:20:55.851,1,50.0
2025-04-27 11:20:55.855,1,55.23
2025-04-27 11:20:55.859,1,60.4
2025-04-27 11:20:55.863,1,65.45
2025-04-27 11:20:55.867,1,70.34
2025-04-27 11:20:55.871,1,75.0
2025-04-27 11:20:55.875,1,79.39
2025-04-27 11:20:55.879,1,83.46
2025-04-27 11:20:55.883,1,87.16
2025-04-27 11:20:55.887,1,90.45
2025-04-27 11:20:55.891,1,93.3
2025-04-27 11:20:55.895,1,95.68
2025-04-27 11:20:55.899,1,97.55
2025-04-27 11:20:55.903,1,98.91
2025-04-27 11:20:55.907,1,99.73
2025-04-27 11:20:55.911,1,100.0
2025-04-27 11:20:55.915,1,99.73
2025-04-27 11:20:55.919,1,98.91
2025-04-27 11:20:55.923,1,97.55
2025-04-27 11:20:55.927,1,95.68
2025-04-27 11:20:55.931,1,93.3
2025-04-27 11:20:55.935,1,90.45
2025-04-27 11:20:55.939,1,87.16
2025-04-27 11:20:55.943,1,83.46
2025-04-27 11:20:55.947,1,79.39
2025-04-27 11:20:55.951,1,75.0
2025-04-27 11:20:55.955,1,70.34
2025-04-27 11:20:55.959,1,65.45
2025-04-27 11:20:55.963,1,60.4
2025-04-27 11:20:55.967,1,55.23
2025-04-27 11:20:55.971,1,50.0
2025-04-27 11:20:55.975,1,44.77
2025-04-27 11:20:55.979,1,39.6
2025-04-27 11:20:55.983,1,34.55
2025-04-27 11:20:55.987,1,29.66
2025-04-27 11:20:55.991,1,25.0
2025-04-27 11:20:55.995,1,20.61
2025-04-27 11:20:55.999,1,16.54
2025-04-27 11:20:56.003,1,12.84
2025-04-27 11:20:56.007,1,9.55
2025-04-27 11:20:56.011,1,6.7
2025-04-27 11:20:56.015,1,4.32
2025-04-27 11:20:56.019,1,2.45
2025-04-27 11:20:56.023,1,1.09
2025-04-27 11:20:56.027,1,0.27
2025-04-27 11:20:56.031,1,0.0
2025-04-27 11:20:56.035,1,0.27
2025-04-27 11:20:56.039,1,1.09
2025-04-27 11:20:56.043,1,2.45
2025-04-27 11:20:56.047,1,4.32
2025-04-27 11:20:56.051,1,6.7
2025-04-27 11:20:56.055,1,9.55
2025-04-27 11:20:56.059,1,12.84
2025-04-27 11:20:56.063,1,16.54
2025-04-27 11:20:56.067,1,20.61
2025-04-27 11:20:56.071,1,25.0
2025-04-27 11:20:56.075,1,29.66
2025-04-27 11:20:56.079,1,34.55
2025-04-27 11:20:56.083,1,39.6
2025-04-27 11:20:56.087,1,44.77
2025-04-27 11:20:56.091,1,50.0
2025-04-27 11:20:56.095,1,55.23
2025-04-27 11:20:56.099,1,60.4
2025-04-27 11:20:56.103,1,65.45
2025-04-27 11:20:56.107,1,70.34
2025-04-27 11:20:56.111,1,75.0
2025-04-27 11:20:56.115,1,79.39
2025-04-27 11:20:56.119,1,83.46
2025-04-27 11:20:56.123,1,87.16
2025-04-27 11:20:56.127,1,90.45
2025-04-27 11:20:56.131,1,93.3
2025-04-27 11:20:56.135,1,95.68
2025-04-27 11:20:56.139,1,97.55
2025-04-27 11:20:56.143,1,98.91
2025-04-27 11:20:56.147,1,99.73
2025-04-27 11:20:56.151,1,100.0
2025-04-27 11:20:56.155,1,99.73
2025-04-27 11:20:56.159,1,98.91
2025-04-27 11:20:56.163,1,97.55
2025-04-27 11:20:56.167,1,95.68
2025-04-27 11:20:56.171,1,93.3
2025-04-27 11:20:56.175,1,90.45
2025-04-27 11:20:56.179,1,87.16
2025-04-27 11:20:56.183,1,83.46
2025-04-27 11:20:56.187,1,79.39
2025-04-27 11:20:56.191,1,75.0
2025-04-27 11:20:56.195,1,70.34
2025-04-27 11:20:56.199,1,65.45
2025-04-27 11:20:56.203,1,60.4
2025-04-27 11:20:56.207,1,55.23
2025-04-27 11:20:56.211,1,50.0
2025-04-27 11:20:56.215,1,44.77
2025-04-27 11:20:56.219,1,39.6
2025-04-27 11:20:56.223,1,34.55
2025-04-27 11:20:56.227,1,29.66
2025-04-27 11:20:56.231,1,25.0
2025-04-27 11:20:56.235,1,20.61
2025-04-27 11:20:56.239,1,16.54
2025-04-27 11:20:56.243,1,12.84
2025-04-27 11:20:56.247,1,9.55
2025-04-27 11:20:56.251,1,6.7
2025-04-27 11:20:56.255,1,4.32
2025-04-27 11:20:56.259,1,2.45
2025-04-27 11:20:56.263,1,1.09
2025-04-27 11:20:56.267,1,0.27
2025-04-27 11:20:56.271,1,0.0
2025-04-27 11:20:56.275,1,0.27
2025-04-27 11:20:56.279,1,1.09
2025-04-27 11:20:56.283,1,2.45
2025-04-27 11:20:56.287,1,4.32
2025-04-27 11:20:56.291,1,6.7
2025-04-27 11:20:56.295,1,9.55
2025-04-27 11:20:56.299,1,12.84
2025-04-27 11:20:56.303,1,16.54
2025-04-27 11:20:56.307,1,20.61
2025-04-27 11:20:56.311,1,25.0
2025-04-27 11:20:56.315,1,29.66
2025-04-27 11:20:56.319,1,34.55
2025-04-27 11:20:56.323,1,39.6
2025-04-27 11:20:56.327,1,44.77
2025-04-27 11:20:56.331,1,50.0
2025-04-27 11:20:56.335,1,55.23
2025-04-27 11:20:56.339,1,60.4
2025-04-27 11:20:56.343,1,65.45
2025-04-27 11:20:56.347,1,70.34
2025-04-27 11:20:56.351,1,75.0
2025-04-27 11:20:56.355,1,79.39
2025-04-27 11:20:56.359,1,83.46
2025-04-27 11:20:56.363,1,87.16
2025-04-27 11:20:56.367,1,90.45
2025-04-27 11:20:56.371,1,93.3
2025-04-27 11:20:56.375,1,95.68
2025-04-27 11:20:56.379,1,97.55
2025-04-27 11:20:56.383,1,98.91
2025-04-27 11:20:56.387,1,99.73
2025-04-27 11:20:56.391,1,100.0
2025-04-27 11:20:56.395,1,99.73
2025-04-27 11:20:56.399,1,98.91
2025-04-27 11:20:56.403,1,97.55
2025-04-27 11:20:56.407,1,95.68
2025-04-27 11:20:56.411,1,93.3
2025-04-27 11:20:56.415,1,90.45
2025-04-27 11:20:56.419,1,87.16
2025-04-27 11:20:56.423,1,83.46
2025-04-27 11:20:56.427,1,79.39
2025-04-27 11:20:56.431,1,75.0
2025-04-27 11:20:56.435,1,70.34
2025-04-27 11:20:56.439,1,65.45
2025-04-27 11:20:56.443,1,60.4
2025-04-27 11:20:56.447,1,55.23
2025-04-27 11:20:56.451,1,50.0
2025-04-27 11:20:56.455,1,44.77
2025-04-27 11:20:56.459,1,39.6
2025-04-27 11:20:56.463,1,34.55
2025-04-27 11:20:56.467,1,29.66
2025-04-27 11:20:56.471,1,25.0
2025-04-27 11:20:56.475,1,20.61
2025-04-27 11:20:56.479,1,16.54
2025-04-27 11:20:56.483,1,12.84
2025-04-27 11:20:56.487,1,9.55
2025-04-27 11:20:56.491,1,6.7
2025-04-27 11:20:56.495,1,4.32
2025-04-27 11:20:56.499,1,2.45
2025-04-27 11:20:56.503,1,1.09
2025-04-27 11:20:56.507,1,0.27
2025-04-27 11:20:56.511,1,0.0
2025-04-27 11:20:56.515,1,0.27
2025-04-27 11:20:56.519,1,1.09
2025-04-27 11:20:56.523,1,2.45
2025-04-27 11:20:56.527,1,4.32
2025-04-27 11:20:56.531,1,6.7
2025-04-27 11:20:56.535,1,9.55
2025-04-27 11:20:56.539,1,12.84
2025-04-27 11:20:56.543,1,16.54
2025-04-27 11:20:56.547,1,20.61
2025-04-27 11:20:56.551,1,25.0
2025-04-27 11:20:56.555,1,29.66
2025-04-27 11:20:56.559,1,34.55
2025-04-27 11:20:56.563,1,39.6
2025-04-27 11:20:56.567,1,44.77
2025-04-27 11:20:56.571,1,50.0
2025-04-27 11:20:56.575,1,55.23
2025-04-27 11:20:56.579,1,60.4
2025-04-27 11:20:56.583,1,65.45
2025-04-27 11:20:56.587,1,70.34
2025-04-27 11:20:56.591,1,75.0
2025-04-27 11:20:56.595,1,79.39
2025-04-27 11:20:56.599,1,83.46
2025-04-27 11:20:56.603,1,87.16
2025-04-27 11:20:56.607,1,90.45
2025-04-27 11:20:56.611,1,93.3
2025-04-27 11:20:56.615,1,95.68
2025-04-27 11:20:56.619,1,97.55
2025-04-27 11:20:56.623,1,98.91
2025-04-27 11:20:56.627,1,99.73
2025-04-27 11:20:56.631,1,100.0
2025-04-27 11:20:56.635,1,99.73
2025-04-27 11:20:56.639,1,98.91
2025-04-27 11:20:56.643,1,97.55
2025-04-27 11:20:56.647,1,95.68
2025-04-27 11:20:56.651,1,93.3
2025-04-27 11:20:56.655,1,90.45
2025-04-27 11:20:56.659,1,87.16
2025-04-27 11:20:56.663,1,83.46
2025-04-27 11:20:56.667,1,79.39
2025-04-27 11:20:56.671,1,75.0
2025-04-27 11:20:56.675,1,70.34
2025-04-27 11:20:56.679,1,65.45
2025-04-27 11:20:56.683,1,60.4
2025-04-27 11:20:56.687,1,55.23
2025-04-27 11:20:56.691,1,50.0
2025-04-27 11:20:56.695,1,44.77
2025-04-27 11:20:56.699,1,39.6
2025-04-27 11:20:56.703,1,34.55
2025-04-27 11:20:56.707,1,29.66
2025-04-27 11:20:56.711,1,25.0
2025-04-27 11:20:56.715,1,20.61
2025-04-27 11:20:56.719,1,16.54
2025-04-27 11:20:56.723,1,12.84
2025-04-27 11:20:56.727,1,9.55
2025-04-27 11:20:56.731,1,6.7
2025-04-27 11:20:56.735,1,4.32
2025-04-27 11:20:56.739,1,2.45
2025-04-27 11:20:56.743,1,1.09
2025-04-27 11:20:56.747,1,0.27
2025-04-27 11:20:56.751,1,0.0
2025-04-27 11:20:56.755,1,0.27
2025-04-27 11:20:56.759,1,1.09
2025-04-27 11:20:56.763,1,2.45
2025-04-27 11:20:56.767,1,4.32
2025-04-27 11:20:56.771,1,6.7
2025-04-27 11:20:56.775,1,9.55
2025-04-27 11:20:56.779,1,12.84
2025-04-27 11:20:56.783,1,16.54
2025-04-27 11:20:56.787,1,20.61
2025-04-27 11:20:56.791,1,25.0
2025-04-27 11:20:56.795,1,29.66
2025-04-27 11:20:56.799,1,34.55
2025-04-27 11:20:56.803,1,39.6
2025-04-27 11:20:56.807,1,44.77
2025-04-27 11:20:56.811,1,50.0
2025-04-27 11:20:56.815,1,55.23
2025-04-27 11:20:56.819,1,60.4
2025-04-27 11:20:56.823,1,65.45
2025-04-27 11:20:56.827,1,70.34
2025-04-27 11:20:56.831,1,75.0
2025-04-27 11:20:56.835,1,79.39
2025-04-27 11:20:56.839,1,83.46
2025-04-27 11:20:56.843,1,87.16
2025-04-27 11:20:56.847,1,90.45
2025-04-27 11:20:56.851,1,93.3
2025-04-27 11:20:56.855,1,95.68
2025-04-27 11:20:56.859,1,97.55
2025-04-27 11:20:56.863,1,98.91
2025-04-27 11:20:56.867,1,99.73
2025-04-27 11:20:56.871,1,100.0
2025-04-27 11:20:56.875,1,99.73
2025-04-27 11:20:56.879,1,98.91
2025-04-27 11:20:56.883,1,97.55
2025-04-27 11:20:56.887,1,95.68
2025-04-27 11:20:56.891,1,93.3
2025-04-27 11:20:56.895,1,90.45
2025-04-27 11:20:56.899,1,87.16
2025-04-27 11:20:56.903,1,83.46
2025-04-27 11:20:56.907,1,79.39
2025-04-27 11:20:56.911,1,75.0
2025-04-27 11:20:56.915,1,70.34
2025-04-27 11:20:56.919,1,65.45
2025-04-27 11:20:56.923,1,60.4
2025-04-27 11:20:56.927,1,55.23
2025-04-27 11:20:56.931,1,50.0
2025-04-27 11:20:56.935,1,44.77
2025-04-27 11:20:56.939,1,39.6
2025-04-27 11:20:56.943,1,34.55
2025-04-27 11:20:56.947,1,29.66
2025-04-27 11:20:56.951,1,25.0
2025-04-27 11:20:56.955,1,20.61
2025-04-27 11:20:56.959,1,16.54
2025-04-27 11:20:56.963,1,12.84
2025-04-27 11:20:56.967,1,9.55
2025-04-27 11:20:56.971,1,6.7
2025-04-27 11:20:56.975,1,4.32
2025-04-27 11:20:56.979,1,2.45
2025-04-27 11:20:56.983,1,1.09
2025-04-27 11:20:56.987,1,0.27
2025-04-27 11:20:56.991,1,0.0
2025-04-27 11:20:56.995,1,0.27
2025-04-27 11:20:56.999,1,1.09
2025-04-27 11:20:57.003,1,2.45
2025-04-27 11:20:57.007,1,4.32
2025-04-27 11:20:57.011,1,6.7
2025-04-27 11:20:57.015,1,9.55
2025-04-27 11:20:57.019,1,12.84
2025-04-27 11:20:57.023,1,16.54
2025-04-27 11:20:57.027,1,20.61
2025-04-27 11:20:57.031,1,25.0
2025-04-27 11:20:57.035,1,29.66
2025-04-27 11:20:57.039,1,34.55
2025-04-27 11:20:57.043,1,39.6
2025-04-27 11:20:57.047,1,44.77
2025-04-27 11:20:57.051,1,50.0
2025-04-27 11:20:57.055,1,55.23
2025-04-27 11:20:57.059,1,60.4
2025-04-27 11:20:57.063,1,65.45
2025-04-27 11:20:57.067,1,70.34
2025-04-27 11:20:57.071,1,75.0
2025-04-27 11:20:57.075,1,79.39
2025-04-27 11:20:57.079,1,83.46
2025-04-27 11:20:57.083,1,87.16
2025-04-27 11:20:57.087,1,90.45
2025-04-27 11:20:57.091,1,93.3
2025-04-27 11:20:57.095,1,95.68
2025-04-27 11:20:57.099,1,97.55
2025-04-27 11:20:57.103,1,98.91
2025-04-27 11:20:57.107,1,99.73
2025-04-27 11:20:57.111,1,100.0
2025-04-27 11:20:57.115,1,99.73
2025-04-27 11:20:57.119,1,98.91
2025-04-27 11:20:57.123,1,97.55
2025-04-27 11:20:57.127,1,95.68
2025-04-27 11:20:57.131,1,93.3
2025-04-27 11:20:57.135,1,90.45
2025-04-27 11:20:57.139,1,87.16
2025-04-27 11:20:57.143,1,83.46
2025-04-27 11:20:57.147,1,79.39
2025-04-27 11:20:57.151,1,75.0
2025-04-27 11:20:57.155,1,70.34
2025-04-27 11:20:57.159,1,65.45
2025-04-27 11:20:57.163,1,60.4
2025-04-27 11:20:57.167,1,55.23
2025-04-27 11:20:57.171,1,50.0
2025-04-27 11:20:57.175,1,44.77
2025-04-27 11:20:57.179,1,39.6
2025-04-27 11:20:57.183,1,34.55
2025-04-27 11:20:57.187,1,29.66
2025-04-27 11:20:57.191,1,25.0
2025-04-27 11:20:57.195,1,20.61
2025-04-27 11:20:57.199,1,16.54
2025-04-27 11:20:57.203,1,12.84
2025-04-27 11:20:57.207,1,9.55
2025-04-27 11:20:57.211,1,6.7
2025-04-27 11:20:57.215,1,4.32
2025-04-27 11:20:57.219,1,2.45
2025-04-27 11:20:57.223,1,1.09
2025-04-27 11:20:57.227,1,0.27
2025-04-27 11:20:57.231,1,0.0
2025-04-27 11:20:57.235,1,0.27
2025-04-27 11:20:57.239,1,1.09
2025-04-27 11:20:57.243,1,2.45
2025-04-27 11:20:57.247,1,4.32
2025-04-27 11:20:57.251,1,6.7
2025-04-27 11:20:57.255,1,9.55
2025-04-27 11:20:57.259,1,12.84
2025-04-27 11:20:57.263,1,16.54
2025-04-27 11:20:57.267,1,20.61
2025-04-27 11:20:57.271,1,25.0
2025-04-27 11:20:57.275,1,29.66
2025-04-27 11:20:57.279,1,34.55
2025-04-27 11:20:57.283,1,39.6
2025-04-27 11:20:57.287,1,44.77
2025-04-27 11:20:57.291,1,50.0
2025-04-27 11:20:57.295,1,55.23
2025-04-27 11:20:57.299,1,60.4
2025-04-27 11:20:57.303,1,65.45
2025-04-27 11:20:57.307,1,70.34
2025-04-27 11:20:57.311,1,75.0
2025-04-27 11:20:57.315,1,79.39
2025-04-27 11:20:57.319,1,83.46
2025-04-27 11:20:57.323,1,87.16
2025-04-27 11:20:57.327,1,90.45
2025-04-27 11:20:57.331,1,93.3
2025-04-27 11:20:57.335,1,95.68
2025-04-27 11:20:57.339,1,97.55
2025-04-27 11:20:57.343,1,98.91
2025-04-27 11:20:57.347,1,99.73
2025-04-27 11:20:57.351,1,100.0
2025-04-27 11:20:57.355,1,99.73
2025-04-27 11:20:57.359,1,98.91
2025-04-27 11:20:57.363,1,97.55
2025-04-27 11:20:57.367,1,95.68
2025-04-27 11:20:57.371,1,93.3
2025-04-27 11:20:57.375,1,90.45
2025-04-27 11:20:57.379,1,87.16
2025-04-27 11:20:57.383,1,83.46
2025-04-27 11:20:57.387,1,79.39
2025-04-27 11:20:57.391,1,75.0
2025-04-27 11:20:57.395,1,70.34
2025-04-27 11:20:57.399,1,65.45
2025-04-27 11:20:57.403,1,60.4
2025-04-27 11:20:57.407,1,55.23
2025-04-27 11:20:57.411,1,50.0
2025-04-27 11:20:57.415,1,44.77
2025-04-27 11:20:57.419,1,39.6
2025-04-27 11:20:57.423,1,34.55
2025-04-27 11:20:57.427,1,29.66
2025-04-27 11:20:57.431,1,25.0
2025-04-27 11:20:57.435,1,20.61
2025-04-27 11:20:57.439,1,16.54
2025-04-27 11:20:57.443,1,12.84
2025-04-27 11:20:57.447,1,9.55
2025-04-27 11:20:57.451,1,6.7
2025-04-27 11:20:57.455,1,4.32
2025-04-27 11:20:57.459,1,2.45
2025-04-27 11:20:57.463,1,1.09
2025-04-27 11:20:57.467,1,0.27
2025-04-27 11:20:57.471,1,0.0
2025-04-27 11:20:57.475,1,0.27
2025-04-27 11:20:57.479,1,1.09
2025-04-27 11:20:57.483,1,2.45
2025-04-27 11:20:57.487,1,4.32
2025-04-27 11:20:57.491,1,6.7
2025-04-27 11:20:57.495,1,9.55
2025-04-27 11:20:57.499,1,12.84
2025-04-27 11:20:57.503,1,16.54
2025-04-27 11:20:57.507,1,20.61
2025-04-27 11:20:57.511,1,25.0
2025-04-27 11:20:57.515,1,29.66
2025-04-27 11:20:57.519,1,34.55
2025-04-27 11:20:57.523,1,39.6
2025-04-27 11:20:57.527,1,44.77
2025-04-27 11:20:57.531,1,50.0
2025-04-27 11:20:57.535,1,55.23
2025-04-27 11:20:57.539,1,60.4
2025-04-27 11:20:57.543,1,65.45
2025-04-27 11:20:57.547,1,70.34
2025-04-27 11:20:57.551,1,75.0
2025-04-27 11:20:57.555,1,79.39
2025-04-27 11:20:57.559,1,83.46
2025-04-27 11:20:57.563,1,87.16
2025-04-27 11:20:57.567,1,90.45
2025-04-27 11:20:57.571,1,93.3
2025-04-27 11:20:57.575,1,95.68
2025-04-27 11:20:57.579,1,97.55
2025-04-27 11:20:57.583,1,98.91
2025-04-27 11:20:57.587,1,99.73
2025-04-27 11:20:57.591,1,100.0
2025-04-27 11:20:57.595,1,99.73
2025-04-27 11:20:57.599,1,98.91
2025-04-27 11:20:57.603,1,97.55
2025-04-27 11:20:57.607,1,95.68
2025-04-27 11:20:57.611,1,93.3
2025-04-27 11:20:57.615,1,90.45
2025-04-27 11:20:57.619,1,87.16
2025-04-27 11:20:57.623,1,83.46
2025-04-27 11:20:57.627,1,79.39
2025-04-27 11:20:57.631,1,75.0
2025-04-27 11:20:57.635,1,70.34
2025-04-27 11:20:57.639,1,65.45
2025-04-27 11:20:57.643,1,60.4
2025-04-27 11:20:57.647,1,55.23
2025-04-27 11:20:57.651,1,50.0
2025-04-27 11:20:57.655,1,44.77
2025-04-27 11:20:57.659,1,39.6
2025-04-27 11:20:57.663,1,34.55
2025-04-27 11:20:57.667,1,29.66
2025-04-27 11:20:57.671,1,25.0
2025-04-27 11:20:57.675,1,20.61
2025-04-27 11:20:57.679,1,16.54
2025-04-27 11:20:57.683,1,12.84
2025-04-27 11:20:57.687,1,9.55
2025-04-27 11:20:57.691,1,6.7
2025-04-27 11:20:57.695,1,4.32
2025-04-27 11:20:57.699,1,2.45
2025-04-27 11:20:57.703,1,1.09
2025-04-27 11:20:57.707,1,0.27
2025-04-27 11:20:57.711,1,0.0
2025-04-27 11:20:57.715,1,0.27
2025-04-27 11:20:57.719,1,1.09
2025-04-27 11:20:57.723,1,2.45
2025-04-27 11:20:57.727,1,4.32
2025-04-27 11:20:57.731,1,6.7
2025-04-27 11:20:57.735,1,9.55
2025-04-27 11:20:57.739,1,12.84
2025-04-27 11:20:57.743,1,16.54
2025-04-27 11:20:57.747,1,20.61
2025-04-27 11:20:57.751,1,25.0
2025-04-27 11:20:57.755,1,29.66
2025-04-27 11:20:57.759,1,34.55
2025-04-27 11:20:57.763,1,39.6
2025-04-27 11:20:57.767,1,44.77
2025-04-27 11:20:57.771,1,50.0
2025-04-27 11:20:57.775,1,55.23
2025-04-27 11:20:57.779,1,60.4
2025-04-27 11:20:57.783,1,65.45
2025-04-27 11:20:57.787,1,70.34
2025-04-27 11:20:57.791,1,75.0
2025-04-27 11:20:57.795,1,79.39
2025-04-27 11:20:57.799,1,83.46
2025-04-27 11:20:57.803,1,87.16
2025-04-27 11:20:57.807,1,90.45
2025-04-27 11:20:57.811,1,93.3
2025-04-27 11:20:57.815,1,95.68
2025-04-27 11:20:57.819,1,97.55
2025-04-27 11:20:57.823,1,98.91
2025-04-27 11:20:57.827,1,99.73
2025-04-27 11:20:57.831,1,100.0
2025-04-27 11:20:57.835,1,99.73
2025-04-27 11:20:57.839,1,98.91
2025-04-27 11:20:57.843,1,97.55
2025-04-27 11:20:57.847,1,95.68
2025-04-27 11:20:57.851,1,93.3
2025-04-27 11:20:57.855,1,90.45
2025-04-27 11:20:57.859,1,87.16
2025-04-27 11:20:57.863,1,83.46
2025-04-27 11:20:57.867,1,79.39
2025-04-27 11:20:57.871,1,75.0
2025-04-27 11:20:57.875,1,70.34
2025-04-27 11:20:57.879,1,65.45
2025-04-27 11:20:57.883,1,60.4
2025-04-27 11:20:57.887,1,55.23
2025-04-27 11:20:57.891,1,50.0
2025-04-27 11:20:57.895,1,44.77
2025-04-27 11:20:57.899,1,39.6
2025-04-27 11:20:57.903,1,34.55
2025-04-27 11:20:57.907,1,29.66
2025-04-27 11:20:57.911,1,25.0
2025-04-27 11:20:57.915,1,20.61
2025-04-27 11:20:57.919,1,16.54
2025-04-27 11:20:57.923,1,12.84
2025-04-27 11:20:57.927,1,9.55
2025-04-27 11:20:57.931,1,6.7
2025-04-27 11:20:57.935,1,4.32
2025-04-27 11:20:57.939,1,2.45
2025-04-27 11:20:57.943,1,1.09
2025-04-27 11:20:57.947,1,0.27
2025-04-27 11:20:57.951,1,0.0
2025-04-27 11:20:57.955,1,0.27
2025-04-27 11:20:57.959,1,1.09
2025-04-27 11:20:57.963,1,2.45
2025-04-27 11:20:57.967,1,4.32
2025-04-27 11:20:57.971,1,6.7
2025-04-27 11:20:57.975,1,9.55
2025-04-27 11:20:57.979,1,12.84
2025-04-27 11:20:57.983,1,16.54
2025-04-27 11:20:57.987,1,20.61
2025-04-27 11:20:57.991,1,25.0
2025-04-27 11:20:57.995,1,29.66
2025-04-27 11:20:57.999,1,34.55
2025-04-27 11:20:58.003,1,39.6
2025-04-27 11:20:58.007,1,44.77
2025-04-27 11:20:58.011,1,50.0
2025-04-27 11:20:58.015,1,55.23
2025-04-27 11:20:58.019,1,60.4
2025-04-27 11:20:58.023,1,65.45
2025-04-27 11:20:58.027,1,70.34
2025-04-27 11:20:58.031,1,75.0
2025-04-27 11:20:58.035,1,79.39
2025-04-27 11:20:58.039,1,83.46
2025-04-27 11:20:58.043,1,87.16
2025-04-27 11:20:58.047,1,90.45
2025-04-27 11:20:58.051,1,93.3
2025-04-27 11:20:58.055,1,95.68
2025-04-27 11:20:58.059,1,97.55
2025-04-27 11:20:58.063,1,98.91
2025-04-27 11:20:58.067,1,99.73
2025-04-27 11:20:58.071,1,100.0
2025-04-27 11:20:58.075,1,99.73
2025-04-27 11:20:58.079,1,98.91
2025-04-27 11:20:58.083,1,97.55
2025-04-27 11:20:58.087,1,95.68
2025-04-27 11:20:58.091,1,93.3
2025-04-27 11:20:58.095,1,90.45
2025-04-27 11:20:58.099,1,87.16
2025-04-27 11:20:58.103,1,83.46
2025-04-27 11:20:58.107,1,79.39
2025-04-27 11:20:58.111,1,75.0
2025-04-27 11:20:58.115,1,70.34
2025-04-27 11:20:58.119,1,65.45
2025-04-27 11:20:58.123,1,60.4
2025-04-27 11:20:58.127,1,55.23
2025-04-27 11:20:58.131,1,50.0
2025-04-27 11:20:58.135,1,44.77
2025-04-27 11:20:58.139,1,39.6
2025-04-27 11:20:58.143,1,34.55
2025-04-27 11:20:58.147,1,29.66
2025-04-27 11:20:58.151,1,25.0
2025-04-27 11:20:58.155,1,20.61
2025-04-27 11:20:58.159,1,16.54
2025-04-27 11:20:58.163,1,12.84
2025-04-27 11:20:58.167,1,9.55
2025-04-27 11:20:58.171,1,6.7
2025-04-27 11:20:58.175,1,4.32
2025-04-27 11:20:58.179,1,2.45
2025-04-27 11:20:58.183,1,1.09
2025-04-27 11:20:58.187,1,0.27
2025-04-27 11:20:58.191,1,0.0
2025-04-27 11:20:58.195,1,0.27
2025-04-27 11:20:58.199,1,1.09
2025-04-27 11:20:58.203,1,2.45
2025-04-27 11:20:58.207,1,4.32
2025-04-27 11:20:58.211,1,6.7
2025-04-27 11:20:58.215,1,9.55
2025-04-27 11:20:58.219,1,12.84
2025-04-27 11:20:58.223,1,16.54
2025-04-27 11:20:58.227,1,20.61
2025-04-27 11:20:58.231,1,25.0
2025-04-27 11:20:58.235,1,29.66
2025-04-27 11:20:58.239,1,34.55
2025-04-27 11:20:58.243,1,39.6
2025-04-27 11:20:58.247,1,44.77
2025-04-27 11:20:58.251,1,50.0
2025-04-27 11:20:58.255,1,55.23
2025-04-27 11:20:58.259,1,60.4
2025-04-27 11:20:58.263,1,65.45
2025-04-27 11:20:58.267,1,70.34
2025-04-27 11:20:58.271,1,75.0
2025-04-27 11:20:58.275,1,79.39
2025-04-27 11:20:58.279,1,83.46
2025-04-27 11:20:58.283,1,87.16
2025-04-27 11:20:58.287,1,90.45
2025-04-27 11:20:58.291,1,93.3
2025-04-27 11:20:58.295,1,95.68
2025-04-27 11:20:58.299,1,97.55
2025-04-27 11:20:58.303,1,98.91
2025-04-27 11:20:58.307,1,99.73
2025-04-27 11:20:58.311,1,100.0
2025-04-27 11:20:58.315,1,99.73
2025-04-27 11:20:58.319,1,98.91
2025-04-27 11:20:58.323,1,97.55
2025-04-27 11:20:58.327,1,95.68
2025-04-27 11:20:58.331,1,93.3
2025-04-27 11:20:58.335,1,90.45
2025-04-27 11:20:58.339,1,87.16
2025-04-27 11:20:58.343,1,83.46
2025-04-27 11:20:58.347,1,79.39
2025-04-27 11:20:58.351,1,75.0
2025-04-27 11:20:58.355,1,70.34
2025-04-27 11:20:58.359,1,65.45
2025-04-27 11:20:58.363,1,60.4
2025-04-27 11:20:58.367,1,55.23
2025-04-27 11:20:58.371,1,50.0
2025-04-27 11:20:58.375,1,44.77
2025-04-27 11:20:58.379,1,39.6
2025-04-27 11:20:58.383,1,34.55
2025-04-27 11:20:58.387,1,29.66
2025-04-27 11:20:58.391,1,25.0
2025-04-27 11:20:58.395,1,20.61
2025-04-27 11:20:58.399,1,16.54
2025-04-27 11:20:58.403,1,12.84
2025-04-27 11:20:58.407,1,9.55
2025-04-27 11:20:58.411,1,6.7
2025-04-27 11:20:58.415,1,4.32
2025-04-27 11:20:58.419,1,2.45
2025-04-27 11:20:58.423,1,1.09
2025-04-27 11:20:58.427,1,0.27
2025-04-27 11:20:58.431,1,0.0
2025-04-27 11:20:58.435,1,0.27
2025-04-27 11:20:58.439,1,1.09
2025-04-27 11:20:58.443,1,2.45
2025-04-27 11:20:58.447,1,4.32
2025-04-27 11:20:58.451,1,6.7
2025-04-27 11:20:58.455,1,9.55
2025-04-27 11:20:58.459,1,12.84
2025-04-27 11:20:58.463,1,16.54
2025-04-27 11:20:58.467,1,20.61
2025-04-27 11:20:58.471,1,25.0
2025-04-27 11:20:58.475,1,29.66
2025-04-27 11:20:58.479,1,34.55
2025-04-27 11:20:58.483,1,39.6
2025-04-27 11:20:58.487,1,44.77
2025-04-27 11:20:58.491,1,50.0
2025-04-27 11:20:58.495,1,55.23
2025-04-27 11:20:58.499,1,60.4
2025-04-27 11:20:58.503,1,65.45
2025-04-27 11:20:58.507,1,70.34
2025-04-27 11:20:58.511,1,75.0
2025-04-27 11:20:58.515,1,79.39
2025-04-27 11:20:58.519,1,83.46
2025-04-27 11:20:58.523,1,87.16
2025-04-27 11:20:58.527,1,90.45
2025-04-27 11:20:58.531,1,93.3
2025-04-27 11:20:58.535,1,95.68
2025-04-27 11:20:58.539,1,97.55
2025-04-27 11:20:58.543,1,98.91
2025-04-27 11:20:58.547,1,99.73
2025-04-27 11:20:58.551,1,100.0
2025-04-27 11:20:58.555,1,99.73
2025-04-27 11:20:58.559,1,98.91
2025-04-27 11:20:58.563,1,97.55
2025-04-27 11:20:58.567,1,95.68
2025-04-27 11:20:58.571,1,93.3
2025-04-27 11:20:58.575,1,90.45
2025-04-27 11:20:58.579,1,87.16
2025-04-27 11:20:58.583,1,83.46
2025-04-27 11:20:58.587,1,79.39
2025-04-27 11:20:58.591,1,75.0
2025-04-27 11:20:58.595,1,70.34
2025-04-27 11:20:58.599,1,65.45
2025-04-27 11:20:58.603,1,60.4
2025-04-27 11:20:58.607,1,55.23
2025-04-27 11:20:58.611,1,50.0
2025-04-27 11:20:58.615,1,44.77
2025-04-27 11:20:58.619,1,39.6
2025-04-27 11:20:58.623,1,34.55
2025-04-27 11:20:58.627,1,29.66
2025-04-27 11:20:58.631,1,25.0
2025-04-27 11:20:58.635,1,20.61
2025-04-27 11:20:58.639,1,16.54
2025-04-27 11:20:58.643,1,12.84
2025-04-27 11:20:58.647,1,9.55
2025-04-27 11:20:58.651,1,6.7
2025-04-27 11:20:58.655,1,4.32
2025-04-27 11:20:58.659,1,2.45
2025-04-27 11:20:58.663,1,1.09
2025-04-27 11:20:58.667,1,0.27
2025-04-27 11:20:58.671,1,0.0
2025-04-27 11:20:58.675,1,0.27
2025-04-27 11:20:58.679,1,1.09
2025-04-27 11:20:58.683,1,2.45
2025-04-27 11:20:58.687,1,4.32
2025-04-27 11:20:58.691,1,6.7
2025-04-27 11:20:58.695,1,9.55
2025-04-27 11:20:58.699,1,12.84
2025-04-27 11:20:58.703,1,16.54
2025-04-27 11:20:58.707,1,20.61
2025-04-27 11:20:58.711,1,25.0
2025-04-27 11:20:58.715,1,29.66
2025-04-27 11:20:58.719,1,34.55
2025-04-27 11:20:58.723,1,39.6
2025-04-27 11:20:58.727,1,44.77
2025-04-27 11:20:58.731,1,50.0
2025-04-27 11:20:58.735,1,55.23
2025-04-27 11:20:58.739,1,60.4
2025-04-27 11:20:58.743,1,65.45
2025-04-27 11:20:58.747,1,70.34
2025-04-27 11:20:58.751,1,75.0
2025-04-27 11:20:58.755,1,79.39
2025-04-27 11:20:58.759,1,83.46
2025-04-27 11:20:58.763,1,87.16
2025-04-27 11:20:58.767,1,90.45
2025-04-27 11:20:58.771,1,93.3
2025-04-27 11:20:58.775,1,95.68
2025-04-27 11:20:58.779,1,97.55
2025-04-27 11:20:58.783,1,98.91
2025-04-27 11:20:58.787,1,99.73
2025-04-27 11:20:58.791,1,100.0
2025-04-27 11:20:58.795,1,99.73
2025-04-27 11:20:58.799,1,98.91
2025-04-27 11:20:58.803,1,97.55
2025-04-27 11:20:58.807,1,95.68
2025-04-27 11:20:58.811,1,93.3
2025-04-27 11:20:58.815,1,90.45
2025-04-27 11:20:58.819,1,87.16
2025-04-27 11:20:58.823,1,83.46
2025-04-27 11:20:58.827,1,79.39
2025-04-27 11:20:58.831,1,75.0
2025-04-27 11:20:58.835,1,70.34
2025-04-27 11:20:58.839,1,65.45
2025-04-27 11:20:58.843,1,60.4
2025-04-27 11:20:58.847,1,55.23
2025-04-27 11:20:58.851,1,50.0
2025-04-27 11:20:58.855,1,44.77
2025-04-27 11:20:58.859,1,39.6
2025-04-27 11:20:58.863,1,34.55
2025-04-27 11:20:58.867,1,29.66
2025-04-27 11:20:58.871,1,25.0
2025-04-27 11:20:58.875,1,20.61
2025-04-27 11:20:58.879,1,16.54
2025-04-27 11:20:58.883,1,12.84
2025-04-27 11:20:58.887,1,9.55
2025-04-27 11:20:58.891,1,6.7
2025-04-27 11:20:58.895,1,4.32
2025-04-27 11:20:58.899,1,2.45
2025-04-27 11:20:58.903,1,1.09
2025-04-27 11:20:58.907,1,0.27
2025-04-27 11:20:58.911,1,0.0
2025-04-27 11:20:58.915,1,0.27
2025-04-27 11:20:58.919,1,1.09
2025-04-27 11:20:58.923,1,2.45
2025-04-27 11:20:58.927,1,4.32
2025-04-27 11:20:58.931,1,6.7
2025-04-27 11:20:58.935,1,9.55
2025-04-27 11:20:58.939,1,12.84
2025-04-27 11:20:58.943,1,16.54
2025-04-27 11:20:58.947,1,20.61
2025-04-27 11:20:58.951,1,25.0
2025-04-27 11:20:58.955,1,29.66
2025-04-27 11:20:58.959,1,34.55
2025-04-27 11:20:58.963,1,39.6
2025-04-27 11:20:58.967,1,44.77
2025-04-27 11:20:58.971,1,50.0
2025-04-27 11:20:58.975,1,55.23
2025-04-27 11:20:58.979,1,60.4
2025-04-27 11:20:58.983,1,65.45
2025-04-27 11:20:58.987,1,70.34
2025-04-27 11:20:58.991,1,75.0
2025-04-27 11:20:58.995,1,79.39
2025-04-27 11:20:58.999,1,83.46
2025-04-27 11:20:59.003,1,87.16
2025-04-27 11:20:59.007,1,90.45
2025-04-27 11:20:59.011,1,93.3
2025-04-27 11:20:59.015,1,95.68
2025-04-27 11:20:59.019,1,97.55
2025-04-27 11:20:59.023,1,98.91
2025-04-27 11:20:59.027,1,99.73
2025-04-27 11:20:59.031,1,100.0
2025-04-27 11:20:59.035,1,99.73
2025-04-27 11:20:59.039,1,98.91
2025-04-27 11:20:59.043,1,97.55
2025-04-27 11:20:59.047,1,95.68
2025-04-27 11:20:59.051,1,93.3
2025-04-27 11:20:59.055,1,90.45
2025-04-27 11:20:59.059,1,87.16
2025-04-27 11:20:59.063,1,83.46
2025-04-27 11:20:59.067,1,79.39
2025-04-27 11:20:59.071,1,75.0
2025-04-27 11:20:59.075,1,70.34
2025-04-27 11:20:59.079,1,65.45
2025-04-27 11:20:59.083,1,60.4
2025-04-27 11:20:59.087,1,55.23
2025-04-27 11:20:59.092,1,50.0
2025-04-27 11:20:59.095,1,44.77
2025-04-27 11:20:59.099,1,39.6
2025-04-27 11:20:59.103,1,34.55
2025-04-27 11:20:59.107,1,29.66
2025-04-27 11:20:59.111,1,25.0
2025-04-27 11:20:59.115,1,20.61
2025-04-27 11:20:59.119,1,16.54
2025-04-27 11:20:59.123,1,12.84
2025-04-27 11:20:59.127,1,9.55
2025-04-27 11:20:59.131,1,6.7
2025-04-27 11:20:59.135,1,4.32
2025-04-27 11:20:59.139,1,2.45
2025-04-27 11:20:59.143,1,1.09
2025-04-27 11:20:59.147,1,0.27
2025-04-27 11:20:59.151,1,0.0
2025-04-27 11:20:59.155,1,0.27
2025-04-27 11:20:59.159,1,1.09
2025-04-27 11:20:59.163,1,2.45
2025-04-27 11:20:59.167,1,4.32
2025-04-27 11:20:59.171,1,6.7
2025-04-27 11:20:59.175,1,9.55
2025-04-27 11:20:59.179,1,12.84
2025-04-27 11:20:59.183,1,16.54
2025-04-27 11:20:59.187,1,20.61
2025-04-27 11:20:59.191,1,25.0
2025-04-27 11:20:59.195,1,29.66
2025-04-27 11:20:59.199,1,34.55
2025-04-27 11:20:59.203,1,39.6
2025-04-27 11:20:59.207,1,44.77
2025-04-27 11:20:59.211,1,50.0
2025-04-27 11:20:59.215,1,55.23
2025-04-27 11:20:59.219,1,60.4
2025-04-27 11:20:59.223,1,65.45
2025-04-27 11:20:59.227,1,70.34
2025-04-27 11:20:59.231,1,75.0
2025-04-27 11:20:59.235,1,79.39
2025-04-27 11:20:59.239,1,83.46
2025-04-27 11:20:59.243,1,87.16
2025-04-27 11:20:59.247,1,90.45
2025-04-27 11:20:59.251,1,93.3
2025-04-27 11:20:59.255,1,95.68
2025-04-27 11:20:59.259,1,97.55
2025-04-27 11:20:59.263,1,98.91
2025-04-27 11:20:59.267,1,99.73
2025-04-27 11:20:59.271,1,100.0
2025-04-27 11:20:59.275,1,99.73
2025-04-27 11:20:59.279,1,98.91
2025-04-27 11:20:59.283,1,97.55
2025-04-27 11:20:59.287,1,95.68
2025-04-27 11:20:59.291,1,93.3
2025-04-27 11:20:59.295,1,90.45
2025-04-27 11:20:59.299,1,87.16
2025-04-27 11:20:59.303,1,83.46
2025-04-27 11:20:59.307,1,79.39
2025-04-27 11:20:59.311,1,75.0
2025-04-27 11:20:59.315,1,70.34
2025-04-27 11:20:59.319,1,65.45
2025-04-27 11:20:59.323,1,60.4
2025-04-27 11:20:59.327,1,55.23
2025-04-27 11:20:59.331,1,50.0
2025-04-27 11:20:59.335,1,44.77
2025-04-27 11:20:59.339,1,39.6
2025-04-27 11:20:59.343,1,34.55
2025-04-27 11:20:59.347,1,29.66
2025-04-27 11:20:59.351,1,25.0
2025-04-27 11:20:59.355,1,20.61
2025-04-27 11:20:59.359,1,16.54
2025-04-27 11:20:59.363,1,12.84
2025-04-27 11:20:59.367,1,9.55
2025-04-27 11:20:59.371,1,6.7
2025-04-27 11:20:59.375,1,4.32
2025-04-27 11:20:59.379,1,2.45
2025-04-27 11:20:59.383,1,1.09
2025-04-27 11:20:59.387,1,0.27
2025-04-27 11:20:59.391,1,0.0
2025-04-27 11:20:59.395,1,0.27
2025-04-27 11:20:59.399,1,1.09
2025-04-27 11:20:59.403,1,2.45
2025-04-27 11:20:59.407,1,4.32
2025-04-27 11:20:59.411,1,6.7
2025-04-27 11:20:59.415,1,9.55
2025-04-27 11:20:59.419,1,12.84
2025-04-27 11:20:59.423,1,16.54
2025-04-27 11:20:59.427,1,20.61
2025-04-27 11:20:59.431,1,25.0
2025-04-27 11:20:59.435,1,29.66
2025-04-27 11:20:59.439,1,34.55
2025-04-27 11:20:59.443,1,39.6
2025-04-27 11:20:59.447,1,44.77
2025-04-27 11:20:59.451,1,50.0
2025-04-27 11:20:59.455,1,55.23
2025-04-27 11:20:59.459,1,60.4
2025-04-27 11:20:59.463,1,65.45
2025-04-27 11:20:59.467,1,70.34
2025-04-27 11:20:59.471,1,75.0
2025-04-27 11:20:59.475,1,79.39
2025-04-27 11:20:59.479,1,83.46
2025-04-27 11:20:59.483,1,87.16
2025-04-27 11:20:59.487,1,90.45
2025-04-27 11:20:59.491,1,93.3
2025-04-27 11:20:59.495,1,95.68
2025-04-27 11:20:59.499,1,97.55
2025-04-27 11:20:59.503,1,98.91
2025-04-27 11:20:59.507,1,99.73
2025-04-27 11:20:59.511,1,100.0
2025-04-27 11:20:59.515,1,99.73
2025-04-27 11:20:59.519,1,98.91
2025-04-27 11:20:59.523,1,97.55
2025-04-27 11:20:59.527,1,95.68
2025-04-27 11:20:59.531,1,93.3
2025-04-27 11:20:59.535,1,90.45
2025-04-27 11:20:59.539,1,87.16
2025-04-27 11:20:59.543,1,83.46
2025-04-27 11:20:59.547,1,79.39
2025-04-27 11:20:59.551,1,75.0
2025-04-27 11:20:59.555,1,70.34
2025-04-27 11:20:59.559,1,65.45
2025-04-27 11:20:59.563,1,60.4
2025-04-27 11:20:59.567,1,55.23
2025-04-27 11:20:59.571,1,50.0
2025-04-27 11:20:59.575,1,44.77
2025-04-27 11:20:59.579,1,39.6
2025-04-27 11:20:59.583,1,34.55
2025-04-27 11:20:59.587,1,29.66
2025-04-27 11:20:59.591,1,25.0
2025-04-27 11:20:59.595,1,20.61
2025-04-27 11:20:59.599,1,16.54
2025-04-27 11:20:59.603,1,12.84
2025-04-27 11:20:59.607,1,9.55
2025-04-27 11:20:59.611,1,6.7
2025-04-27 11:20:59.615,1,4.32
2025-04-27 11:20:59.619,1,2.45
2025-04-27 11:20:59.623,1,1.09
2025-04-27 11:20:59.627,1,0.27
2025-04-27 11:20:59.631,1,0.0
2025-04-27 11:20:59.635,1,0.27
2025-04-27 11:20:59.639,1,1.09
2025-04-27 11:20:59.643,1,2.45
2025-04-27 11:20:59.647,1,4.32
2025-04-27 11:20:59.651,1,6.7
2025-04-27 11:20:59.655,1,9.55
2025-04-27 11:20:59.659,1,12.84
2025-04-27 11:20:59.663,1,16.54
2025-04-27 11:20:59.667,1,20.61
2025-04-27 11:20:59.671,1,25.0
2025-04-27 11:20:59.675,1,29.66
2025-04-27 11:20:59.679,1,34.55
2025-04-27 11:20:59.683,1,39.6
2025-04-27 11:20:59.687,1,44.77
2025-04-27 11:20:59.691,1,50.0
2025-04-27 11:20:59.695,1,55.23
2025-04-27 11:20:59.699,1,60.4
2025-04-27 11:20:59.703,1,65.45
2025-04-27 11:20:59.707,1,70.34
2025-04-27 11:20:59.711,1,75.0
2025-04-27 11:20:59.715,1,79.39
2025-04-27 11:20:59.719,1,83.46
2025-04-27 11:20:59.723,1,87.16
2025-04-27 11:20:59.727,1,90.45
2025-04-27 11:20:59.731,1,93.3
2025-04-27 11:20:59.735,1,95.68
2025-04-27 11:20:59.739,1,97.55
2025-04-27 11:20:59.743,1,98.91
2025-04-27 11:20:59.747,1,99.73
2025-04-27 11:20:59.751,1,100.0
2025-04-27 11:20:59.755,1,99.73
2025-04-27 11:20:59.759,1,98.91
2025-04-27 11:20:59.763,1,97.55
2025-04-27 11:20:59.767,1,95.68
2025-04-27 11:20:59.771,1,93.3
2025-04-27 11:20:59.775,1,90.45
2025-04-27 11:20:59.779,1,87.16
2025-04-27 11:20:59.783,1,83.46
2025-04-27 11:20:59.787,1,79.39
2025-04-27 11:20:59.791,1,75.0
2025-04-27 11:20:59.795,1,70.34
2025-04-27 11:20:59.799,1,65.45
2025-04-27 11:20:59.803,1,60.4
2025-04-27 11:20:59.807,1,55.23
2025-04-27 11:20:59.811,1,50.0
2025-04-27 11:20:59.815,1,44.77
2025-04-27 11:20:59.819,1,39.6
2025-04-27 11:20:59.823,1,34.55
2025-04-27 11:20:59.827,1,29.66
2025-04-27 11:20:59.831,1,25.0
2025-04-27 11:20:59.835,1,20.61
2025-04-27 11:20:59.839,1,16.54
2025-04-27 11:20:59.843,1,12.84
2025-04-27 11:20:59.847,1,9.55
2025-04-27 11:20:59.851,1,6.7
2025-04-27 11:20:59.855,1,4.32
2025-04-27 11:20:59.859,1,2.45
2025-04-27 11:20:59.863,1,1.09
2025-04-27 11:20:59.867,1,0.27
2025-04-27 11:20:59.871,1,0.0
2025-04-27 11:20:59.875,1,0.27
2025-04-27 11:20:59.879,1,1.09
2025-04-27 11:20:59.883,1,2.45
2025-04-27 11:20:59.887,1,4.32
2025-04-27 11:20:59.891,1,6.7
2025-04-27 11:20:59.895,1,9.55
2025-04-27 11:20:59.899,1,12.84
2025-04-27 11:20:59.903,1,16.54
2025-04-27 11:20:59.907,1,20.61
2025-04-27 11:20:59.911,1,25.0
2025-04-27 11:20:59.915,1,29.66
2025-04-27 11:20:59.919,1,34.55
2025-04-27 11:20:59.923,1,39.6
2025-04-27 11:20:59.927,1,44.77
2025-04-27 11:20:59.931,1,50.0
2025-04-27 11:20:59.935,1,55.23
2025-04-27 11:20:59.939,1,60.4
2025-04-27 11:20:59.943,1,65.45
2025-04-27 11:20:59.947,1,70.34
2025-04-27 11:20:59.951,1,75.0
2025-04-27 11:20:59.955,1,79.39
2025-04-27 11:20:59.959,1,83.46
2025-04-27 11:20:59.963,1,87.16
2025-04-27 11:20:59.967,1,90.45
2025-04-27 11:20:59.971,1,93.3
2025-04-27 11:20:59.975,1,95.68
2025-04-27 11:20:59.979,1,97.55
2025-04-27 11:20:59.983,1,98.91
2025-04-27 11:20:59.987,1,99.73
2025-04-27 11:20:59.991,1,100.0
2025-04-27 11:20:59.995,1,99.73
2025-04-27 11:20:59.999,1,98.91
2025-04-27 11:21:00.003,1,97.55
2025-04-27 11:21:00.007,1,95.68
2025-04-27 11:21:00.011,1,93.3
2025-04-27 11:21:00.015,1,90.45
2025-04-27 11:21:00.019,1,87.16
2025-04-27 11:21:00.023,1,83.46
2025-04-27 11:21:00.027,1,79.39
2025-04-27 11:21:00.031,1,75.0
2025-04-27 11:21:00.035,1,70.34
2025-04-27 11:21:00.039,1,65.45
2025-04-27 11:21:00.043,1,60.4
2025-04-27 11:21:00.047,1,55.23
2025-04-27 11:21:00.051,1,50.0
2025-04-27 11:21:00.055,1,44.77
2025-04-27 11:21:00.059,1,39.6
2025-04-27 11:21:00.063,1,34.55
2025-04-27 11:21:00.067,1,29.66
2025-04-27 11:21:00.071,1,25.0
2025-04-27 11:21:00.075,1,20.61
2025-04-27 11:21:00.079,1,16.54
2025-04-27 11:21:00.083,1,12.84
2025-04-27 11:21:00.087,1,9.55
2025-04-27 11:21:00.092,1,6.7
2025-04-27 11:21:00.095,1,4.32
2025-04-27 11:21:00.099,1,2.45
2025-04-27 11:21:00.104,1,1.09
2025-04-27 11:21:00.107,1,0.27
2025-04-27 11:21:00.111,1,0.0
2025-04-27 11:21:00.115,1,0.27
2025-04-27 11:21:00.119,1,1.09
2025-04-27 11:21:00.123,1,2.45
2025-04-27 11:21:00.127,1,4.32
2025-04-27 11:21:00.131,1,6.7
2025-04-27 11:21:00.135,1,9.55
2025-04-27 11:21:00.139,1,12.84
2025-04-27 11:21:00.143,1,16.54
2025-04-27 11:21:00.147,1,20.61
2025-04-27 11:21:00.151,1,25.0
2025-04-27 11:21:00.155,1,29.66
2025-04-27 11:21:00.159,1,34.55
2025-04-27 11:21:00.163,1,39.6
2025-04-27 11:21:00.167,1,44.77
2025-04-27 11:21:00.171,1,50.0
2025-04-27 11:21:00.175,1,55.23
2025-04-27 11:21:00.179,1,60.4
2025-04-27 11:21:00.183,1,65.45
2025-04-27 11:21:00.187,1,70.34
2025-04-27 11:21:00.191,1,75.0
2025-04-27 11:21:00.195,1,79.39
2025-04-27 11:21:00.199,1,83.46
2025-04-27 11:21:00.203,1,87.16
2025-04-27 11:21:00.207,1,90.45
2025-04-27 11:21:00.211,1,93.3
2025-04-27 11:21:00.215,1,95.68
2025-04-27 11:21:00.219,1,97.55
2025-04-27 11:21:00.223,1,98.91
2025-04-27 11:21:00.227,1,99.73
2025-04-27 11:21:00.231,1,100.0
2025-04-27 11:21:00.235,1,99.73
2025-04-27 11:21:00.239,1,98.91
2025-04-27 11:21:00.243,1,97.55
2025-04-27 11:21:00.247,1,95.68
2025-04-27 11:21:00.251,1,93.3
2025-04-27 11:21:00.255,1,90.45
2025-04-27 11:21:00.259,1,87.16
2025-04-27 11:21:00.263,1,83.46
2025-04-27 11:21:00.267,1,79.39
2025-04-27 11:21:00.271,1,75.0
2025-04-27 11:21:00.275,1,70.34
2025-04-27 11:21:00.279,1,65.45
2025-04-27 11:21:00.283,1,60.4
2025-04-27 11:21:00.287,1,55.23
2025-04-27 11:21:00.291,1,50.0
2025-04-27 11:21:00.295,1,44.77
2025-04-27 11:21:00.299,1,39.6
2025-04-27 11:21:00.303,1,34.55
2025-04-27 11:21:00.307,1,29.66
2025-04-27 11:21:00.311,1,25.0
2025-04-27 11:21:00.315,1,20.61
2025-04-27 11:21:00.319,1,16.54
2025-04-27 11:21:00.323,1,12.84
2025-04-27 11:21:00.327,1,9.55
2025-04-27 11:21:00.331,1,6.7
2025-04-27 11:21:00.335,1,4.32
2025-04-27 11:21:00.339,1,2.45
2025-04-27 11:21:00.343,1,1.09
2025-04-27 11:21:00.347,1,0.27
2025-04-27 11:21:00.351,1,0.0
2025-04-27 11:21:00.355,1,0.27
2025-04-27 11:21:00.359,1,1.09
2025-04-27 11:21:00.363,1,2.45
2025-04-27 11:21:00.367,1,4.32
2025-04-27 11:21:00.371,1,6.7
2025-04-27 11:21:00.375,1,9.55
2025-04-27 11:21:00.379,1,12.84
2025-04-27 11:21:00.383,1,16.54
2025-04-27 11:21:00.387,1,20.61
2025-04-27 11:21:00.391,1,25.0
2025-04-27 11:21:00.395,1,29.66
2025-04-27 11:21:00.399,1,34.55
2025-04-27 11:21:00.403,1,39.6
2025-04-27 11:21:00.407,1,44.77
2025-04-27 11:21:00.411,1,50.0
2025-04-27 11:21:00.415,1,55.23
2025-04-27 11:21:00.419,1,60.4
2025-04-27 11:21:00.423,1,65.45
2025-04-27 11:21:00.427,1,70.34
2025-04-27 11:21:00.431,1,75.0
2025-04-27 11:21:00.435,1,79.39
2025-04-27 11:21:00.439,1,83.46
2025-04-27 11:21:00.443,1,87.16
2025-04-27 11:21:00.447,1,90.45
2025-04-27 11:21:00.451,1,93.3
2025-04-27 11:21:00.455,1,95.68
2025-04-27 11:21:00.459,1,97.55
2025-04-27 11:21:00.463,1,98.91
2025-04-27 11:21:00.467,1,99.73
2025-04-27 11:21:00.471,1,100.0
2025-04-27 11:21:00.475,1,99.73
2025-04-27 11:21:00.479,1,98.91
2025-04-27 11:21:00.483,1,97.55
2025-04-27 11:21:00.487,1,95.68
2025-04-27 11:21:00.491,1,93.3
2025-04-27 11:21:00.495,1,90.45
2025-04-27 11:21:00.499,1,87.16
2025-04-27 11:21:00.503,1,83.46
2025-04-27 11:21:00.507,1,79.39
2025-04-27 11:21:00.511,1,75.0
2025-04-27 11:21:00.515,1,70.34
2025-04-27 11:21:00.519,1,65.45
2025-04-27 11:21:00.523,1,60.4
2025-04-27 11:21:00.527,1,55.23
2025-04-27 11:21:00.531,1,50.0
2025-04-27 11:21:00.535,1,44.77
2025-04-27 11:21:00.539,1,39.6
2025-04-27 11:21:00.543,1,34.55
2025-04-27 11:21:00.547,1,29.66
2025-04-27 11:21:00.551,1,25.0
2025-04-27 11:21:00.555,1,20.61
2025-04-27 11:21:00.559,1,16.54
2025-04-27 11:21:00.563,1,12.84
2025-04-27 11:21:00.567,1,9.55
2025-04-27 11:21:00.571,1,6.7
2025-04-27 11:21:00.575,1,4.32
2025-04-27 11:21:00.579,1,2.45
2025-04-27 11:21:00.583,1,1.09
2025-04-27 11:21:00.587,1,0.27
2025-04-27 11:21:00.591,1,0.0
2025-04-27 11:21:00.595,1,0.27
2025-04-27 11:21:00.599,1,1.09
2025-04-27 11:21:00.603,1,2.45
2025-04-27 11:21:00.607,1,4.32
2025-04-27 11:21:00.611,1,6.7
2025-04-27 11:21:00.615,1,9.55
2025-04-27 11:21:00.619,1,12.84
2025-04-27 11:21:00.623,1,16.54
2025-04-27 11:21:00.627,1,20.61
2025-04-27 11:21:00.631,1,25.0
2025-04-27 11:21:00.635,1,29.66
2025-04-27 11:21:00.639,1,34.55
2025-04-27 11:21:00.643,1,39.6
2025-04-27 11:21:00.647,1,44.77
2025-04-27 11:21:00.651,1,50.0
2025-04-27 11:21:00.655,1,55.23
2025-04-27 11:21:00.659,1,60.4
2025-04-27 11:21:00.663,1,65.45
2025-04-27 11:21:00.667,1,70.34
2025-04-27 11:21:00.671,1,75.0
2025-04-27 11:21:00.675,1,79.39
2025-04-27 11:21:00.679,1,83.46
2025-04-27 11:21:00.683,1,87.16
2025-04-27 11:21:00.687,1,90.45
2025-04-27 11:21:00.691,1,93.3
2025-04-27 11:21:00.695,1,95.68
2025-04-27 11:21:00.699,1,97.55
2025-04-27 11:21:00.703,1,98.91
2025-04-27 11:21:00.707,1,99.73
2025-04-27 11:21:00.711,1,100.0
2025-04-27 11:21:00.715,1,99.73
2025-04-27 11:21:00.719,1,98.91
2025-04-27 11:21:00.723,1,97.55
2025-04-27 11:21:00.727,1,95.68
2025-04-27 11:21:00.731,1,93.3
2025-04-27 11:21:00.735,1,90.45
2025-04-27 11:21:00.739,1,87.16
2025-04-27 11:21:00.743,1,83.46
2025-04-27 11:21:00.747,1,79.39
2025-04-27 11:21:00.751,1,75.0
2025-04-27 11:21:00.755,1,70.34
2025-04-27 11:21:00.759,1,65.45
2025-04-27 11:21:00.763,1,60.4
2025-04-27 11:21:00.767,1,55.23
2025-04-27 11:21:00.771,1,50.0
2025-04-27 11:21:00.775,1,44.77
2025-04-27 11:21:00.779,1,39.6
2025-04-27 11:21:00.783,1,34.55
2025-04-27 11:21:00.787,1,29.66
2025-04-27 11:21:00.791,1,25.0
2025-04-27 11:21:00.795,1,20.61
2025-04-27 11:21:00.799,1,16.54
2025-04-27 11:21:00.803,1,12.84
2025-04-27 11:21:00.807,1,9.55
2025-04-27 11:21:00.811,1,6.7
2025-04-27 11:21:00.815,1,4.32
2025-04-27 11:21:00.819,1,2.45
2025-04-27 11:21:00.823,1,1.09
2025-04-27 11:21:00.827,1,0.27
2025-04-27 11:21:00.831,1,0.0
2025-04-27 11:21:00.835,1,0.27
2025-04-27 11:21:00.839,1,1.09
2025-04-27 11:21:00.843,1,2.45
2025-04-27 11:21:00.847,1,4.32
2025-04-27 11:21:00.851,1,6.7
2025-04-27 11:21:00.855,1,9.55
2025-04-27 11:21:00.859,1,12.84
2025-04-27 11:21:00.863,1,16.54
2025-04-27 11:21:00.867,1,20.61
2025-04-27 11:21:00.871,1,25.0
2025-04-27 11:21:00.875,1,29.66
2025-04-27 11:21:00.879,1,34.55
2025-04-27 11:21:00.883,1,39.6
2025-04-27 11:21:00.887,1,44.77
2025-04-27 11:21:00.891,1,50.0
2025-04-27 11:21:00.895,1,55.23
2025-04-27 11:21:00.899,1,60.4
2025-04-27 11:21:00.903,1,65.45
2025-04-27 11:21:00.907,1,70.34
2025-04-27 11:21:00.911,1,75.0
2025-04-27 11:21:00.915,1,79.39
2025-04-27 11:21:00.919,1,83.46
2025-04-27 11:21:00.923,1,87.16
2025-04-27 11:21:00.927,1,90.45
2025-04-27 11:21:00.931,1,93.3
2025-04-27 11:21:00.935,1,95.68
2025-04-27 11:21:00.939,1,97.55
2025-04-27 11:21:00.943,1,98.91
2025-04-27 11:21:00.947,1,99.73
2025-04-27 11:21:00.951,1,100.0
2025-04-27 11:21:00.955,1,99.73
2025-04-27 11:21:00.959,1,98.91
2025-04-27 11:21:00.963,1,97.55
2025-04-27 11:21:00.967,1,95.68
2025-04-27 11:21:00.971,1,93.3
2025-04-27 11:21:00.975,1,90.45
2025-04-27 11:21:00.979,1,87.16
2025-04-27 11:21:00.983,1,83.46
2025-04-27 11:21:00.987,1,79.39
2025-04-27 11:21:00.991,1,75.0
2025-04-27 11:21:00.995,1,70.34
2025-04-27 11:21:00.999,1,65.45
2025-04-27 11:21:01.003,1,60.4
2025-04-27 11:21:01.007,1,55.23
2025-04-27 11:21:01.011,1,50.0
2025-04-27 11:21:01.015,1,44.77
2025-04-27 11:21:01.019,1,39.6
2025-04-27 11:21:01.023,1,34.55
2025-04-27 11:21:01.027,1,29.66
2025-04-27 11:21:01.031,1,25.0
2025-04-27 11:21:01.035,1,20.61
2025-04-27 11:21:01.039,1,16.54
2025-04-27 11:21:01.043,1,12.84
2025-04-27 11:21:01.047,1,9.55
2025-04-27 11:21:01.051,1,6.7
2025-04-27 11:21:01.055,1,4.32
2025-04-27 11:21:01.059,1,2.45
2025-04-27 11:21:01.063,1,1.09
2025-04-27 11:21:01.067,1,0.27
2025-04-27 11:21:01.071,1,0.0
2025-04-27 11:21:01.075,1,0.27
2025-04-27 11:21:01.079,1,1.09
2025-04-27 11:21:01.083,1,2.45
2025-04-27 11:21:01.087,1,4.32
2025-04-27 11:21:01.091,1,6.7
2025-04-27 11:21:01.095,1,9.55
2025-04-27 11:21:01.099,1,12.84
2025-04-27 11:21:01.103,1,16.54
2025-04-27 11:21:01.107,1,20.61
2025-04-27 11:21:01.111,1,25.0
2025-04-27 11:21:01.115,1,29.66
2025-04-27 11:21:01.119,1,34.55
2025-04-27 11:21:01.123,1,39.6
2025-04-27 11:21:01.127,1,44.77
2025-04-27 11:21:01.131,1,50.0
2025-04-27 11:21:01.135,1,55.23
2025-04-27 11:21:01.139,1,60.4
2025-04-27 11:21:01.143,1,65.45
2025-04-27 11:21:01.147,1,70.34
2025-04-27 11:21:01.151,1,75.0
2025-04-27 11:21:01.155,1,79.39
2025-04-27 11:21:01.159,1,83.46
2025-04-27 11:21:01.163,1,87.16
2025-04-27 11:21:01.167,1,90.45
2025-04-27 11:21:01.171,1,93.3
2025-04-27 11:21:01.175,1,95.68
2025-04-27 11:21:01.179,1,97.55
2025-04-27 11:21:01.183,1,98.91
2025-04-27 11:21:01.187,1,99.73
2025-04-27 11:21:01.191,1,100.0
2025-04-27 11:21:01.195,1,99.73
2025-04-27 11:21:01.199,1,98.91
2025-04-27 11:21:01.203,1,97.55
2025-04-27 11:21:01.207,1,95.68
2025-04-27 11:21:01.211,1,93.3
2025-04-27 11:21:01.215,1,90.45
2025-04-27 11:21:01.219,1,87.16
2025-04-27 11:21:01.223,1,83.46
2025-04-27 11:21:01.227,1,79.39
2025-04-27 11:21:01.231,1,75.0
2025-04-27 11:21:01.235,1,70.34
2025-04-27 11:21:01.239,1,65.45
2025-04-27 11:21:01.243,1,60.4
2025-04-27 11:21:01.247,1,55.23
2025-04-27 11:21:01.251,1,50.0
2025-04-27 11:21:01.255,1,44.77
2025-04-27 11:21:01.259,1,39.6
2025-04-27 11:21:01.263,1,34.55
2025-04-27 11:21:01.267,1,29.66
2025-04-27 11:21:01.271,1,25.0
2025-04-27 11:21:01.275,1,20.61
2025-04-27 11:21:01.279,1,16.54
2025-04-27 11:21:01.283,1,12.84
2025-04-27 11:21:01.287,1,9.55
2025-04-27 11:21:01.291,1,6.7
2025-04-27 11:21:01.295,1,4.32
2025-04-27 11:21:01.299,1,2.45
2025-04-27 11:21:01.303,1,1.09
2025-04-27 11:21:01.307,1,0.27
2025-04-27 11:21:01.311,1,0.0
2025-04-27 11:21:01.315,1,0.27
2025-04-27 11:21:01.319,1,1.09
2025-04-27 11:21:01.323,1,2.45
2025-04-27 11:21:01.327,1,4.32
2025-04-27 11:21:01.331,1,6.7
2025-04-27 11:21:01.335,1,9.55
2025-04-27 11:21:01.339,1,12.84
2025-04-27 11:21:01.343,1,16.54
2025-04-27 11:21:01.347,1,20.61
2025-04-27 11:21:01.351,1,25.0
2025-04-27 11:21:01.355,1,29.66
2025-04-27 11:21:01.359,1,34.55
2025-04-27 11:21:01.363,1,39.6
2025-04-27 11:21:01.367,1,44.77
2025-04-27 11:21:01.371,1,50.0
2025-04-27 11:21:01.375,1,55.23
2025-04-27 11:21:01.379,1,60.4
2025-04-27 11:21:01.383,1,65.45
2025-04-27 11:21:01.387,1,70.34
2025-04-27 11:21:01.391,1,75.0
2025-04-27 11:21:01.395,1,79.39
2025-04-27 11:21:01.399,1,83.46
2025-04-27 11:21:01.403,1,87.16
2025-04-27 11:21:01.407,1,90.45
2025-04-27 11:21:01.411,1,93.3
2025-04-27 11:21:01.415,1,95.68
2025-04-27 11:21:01.419,1,97.55
2025-04-27 11:21:01.423,1,98.91
2025-04-27 11:21:01.427,1,99.73
2025-04-27 11:21:01.431,1,100.0
2025-04-27 11:21:01.435,1,99.73
2025-04-27 11:21:01.439,1,98.91
2025-04-27 11:21:01.443,1,97.55
2025-04-27 11:21:01.447,1,95.68
2025-04-27 11:21:01.451,1,93.3
2025-04-27 11:21:01.455,1,90.45
2025-04-27 11:21:01.459,1,87.16
2025-04-27 11:21:01.463,1,83.46
2025-04-27 11:21:01.467,1,79.39
2025-04-27 11:21:01.471,1,75.0
2025-04-27 11:21:01.475,1,70.34
2025-04-27 11:21:01.479,1,65.45
2025-04-27 11:21:01.484,1,60.4
2025-04-27 11:21:01.487,1,55.23
2025-04-27 11:21:01.491,1,50.0
2025-04-27 11:21:01.495,1,44.77
2025-04-27 11:21:01.499,1,39.6
2025-04-27 11:21:01.503,1,34.55
2025-04-27 11:21:01.507,1,29.66
2025-04-27 11:21:01.511,1,25.0
2025-04-27 11:21:01.515,1,20.61
2025-04-27 11:21:01.519,1,16.54
2025-04-27 11:21:01.523,1,12.84
2025-04-27 11:21:01.527,1,9.55
2025-04-27 11:21:01.531,1,6.7
2025-04-27 11:21:01.535,1,4.32
2025-04-27 11:21:01.539,1,2.45
2025-04-27 11:21:01.543,1,1.09
2025-04-27 11:21:01.547,1,0.27
2025-04-27 11:21:01.551,1,0.0
2025-04-27 11:21:01.555,1,0.27
2025-04-27 11:21:01.559,1,1.09
2025-04-27 11:21:01.563,1,2.45
2025-04-27 11:21:01.567,1,4.32
2025-04-27 11:21:01.571,1,6.7
2025-04-27 11:21:01.575,1,9.55
2025-04-27 11:21:01.579,1,12.84
2025-04-27 11:21:01.583,1,16.54
2025-04-27 11:21:01.587,1,20.61
2025-04-27 11:21:01.591,1,25.0
2025-04-27 11:21:01.595,1,29.66
2025-04-27 11:21:01.599,1,34.55
2025-04-27 11:21:01.603,1,39.6
2025-04-27 11:21:01.607,1,44.77
2025-04-27 11:21:01.611,1,50.0
2025-04-27 11:21:01.615,1,55.23
2025-04-27 11:21:01.619,1,60.4
2025-04-27 11:21:01.623,1,65.45
2025-04-27 11:21:01.627,1,70.34
2025-04-27 11:21:01.631,1,75.0
2025-04-27 11:21:01.635,1,79.39
2025-04-27 11:21:01.639,1,83.46
2025-04-27 11:21:01.643,1,87.16
2025-04-27 11:21:01.647,1,90.45
2025-04-27 11:21:01.651,1,93.3
2025-04-27 11:21:01.655,1,95.68
2025-04-27 11:21:01.659,1,97.55
2025-04-27 11:21:01.663,1,98.91
2025-04-27 11:21:01.667,1,99.73
2025-04-27 11:21:01.671,1,100.0
2025-04-27 11:21:01.675,1,99.73
2025-04-27 11:21:01.679,1,98.91
2025-04-27 11:21:01.683,1,97.55
2025-04-27 11:21:01.687,1,95.68
2025-04-27 11:21:01.691,1,93.3
2025-04-27 11:21:01.695,1,90.45
2025-04-27 11:21:01.699,1,87.16
2025-04-27 11:21:01.703,1,83.46
2025-04-27 11:21:01.707,1,79.39
2025-04-27 11:21:01.711,1,75.0
2025-04-27 11:21:01.715,1,70.34
2025-04-27 11:21:01.719,1,65.45
2025-04-27 11:21:01.723,1,60.4
2025-04-27 11:21:01.727,1,55.23
2025-04-27 11:21:01.731,1,50.0
2025-04-27 11:21:01.735,1,44.77
2025-04-27 11:21:01.739,1,39.6
2025-04-27 11:21:01.743,1,34.55
2025-04-27 11:21:01.747,1,29.66
2025-04-27 11:21:01.751,1,25.0
2025-04-27 11:21:01.755,1,20.61
2025-04-27 11:21:01.759,1,16.54
2025-04-27 11:21:01.763,1,12.84
2025-04-27 11:21:01.767,1,9.55
2025-04-27 11:21:01.771,1,6.7
2025-04-27 11:21:01.775,1,4.32
2025-04-27 11:21:01.779,1,2.45
2025-04-27 11:21:01.783,1,1.09
2025-04-27 11:21:01.787,1,0.27
2025-04-27 11:21:01.791,1,0.0
2025-04-27 11:21:01.795,1,0.27
2025-04-27 11:21:01.799,1,1.09
2025-04-27 11:21:01.803,1,2.45
2025-04-27 11:21:01.807,1,4.32
2025-04-27 11:21:01.811,1,6.7
2025-04-27 11:21:01.815,1,9.55
2025-04-27 11:21:01.819,1,12.84
2025-04-27 11:21:01.823,1,16.54
2025-04-27 11:21:01.827,1,20.61
2025-04-27 11:21:01.831,1,25.0
2025-04-27 11:21:01.835,1,29.66
2025-04-27 11:21:01.839,1,34.55
2025-04-27 11:21:01.843,1,39.6
2025-04-27 11:21:01.847,1,44.77
2025-04-27 11:21:01.851,1,50.0
2025-04-27 11:21:01.855,1,55.23
2025-04-27 11:21:01.859,1,60.4
2025-04-27 11:21:01.863,1,65.45
2025-04-27 11:21:01.867,1,70.34
2025-04-27 11:21:01.871,1,75.0
2025-04-27 11:21:01.875,1,79.39
2025-04-27 11:21:01.879,1,83.46
2025-04-27 11:21:01.883,1,87.16
2025-04-27 11:21:01.887,1,90.45
2025-04-27 11:21:01.891,1,93.3
2025-04-27 11:21:01.895,1,95.68
2025-04-27 11:21:01.899,1,97.55
2025-04-27 11:21:01.903,1,98.91
2025-04-27 11:21:01.907,1,99.73
2025-04-27 11:21:01.911,1,100.0
2025-04-27 11:21:01.915,1,99.73
2025-04-27 11:21:01.919,1,98.91
2025-04-27 11:21:01.923,1,97.55
2025-04-27 11:21:01.927,1,95.68
2025-04-27 11:21:01.931,1,93.3
2025-04-27 11:21:01.935,1,90.45
2025-04-27 11:21:01.939,1,87.16
2025-04-27 11:21:01.943,1,83.46
2025-04-27 11:21:01.947,1,79.39
2025-04-27 11:21:01.951,1,75.0
2025-04-27 11:21:01.955,1,70.34
2025-04-27 11:21:01.959,1,65.45
2025-04-27 11:21:01.963,1,60.4
2025-04-27 11:21:01.967,1,55.23
2025-04-27 11:21:01.971,1,50.0
2025-04-27 11:21:01.975,1,44.77
2025-04-27 11:21:01.979,1,39.6
2025-04-27 11:21:01.983,1,34.55
2025-04-27 11:21:01.987,1,29.66
2025-04-27 11:21:01.991,1,25.0
2025-04-27 11:21:01.995,1,20.61
2025-04-27 11:21:01.999,1,16.54
2025-04-27 11:21:02.003,1,12.84
2025-04-27 11:21:02.007,1,9.55
2025-04-27 11:21:02.011,1,6.7
2025-04-27 11:21:02.015,1,4.32
2025-04-27 11:21:02.019,1,2.45
2025-04-27 11:21:02.023,1,1.09
2025-04-27 11:21:02.027,1,0.27
2025-04-27 11:21:02.031,1,0.0
2025-04-27 11:21:02.035,1,0.27
2025-04-27 11:21:02.039,1,1.09
2025-04-27 11:21:02.043,1,2.45
2025-04-27 11:21:02.047,1,4.32
2025-04-27 11:21:02.051,1,6.7
2025-04-27 11:21:02.055,1,9.55
2025-04-27 11:21:02.059,1,12.84
2025-04-27 11:21:02.063,1,16.54
2025-04-27 11:21:02.067,1,20.61
2025-04-27 11:21:02.071,1,25.0
2025-04-27 11:21:02.075,1,29.66
2025-04-27 11:21:02.079,1,34.55
2025-04-27 11:21:02.083,1,39.6
2025-04-27 11:21:02.087,1,44.77
2025-04-27 11:21:02.091,1,50.0
2025-04-27 11:21:02.095,1,55.23
2025-04-27 11:21:02.099,1,60.4
2025-04-27 11:21:02.103,1,65.45
2025-04-27 11:21:02.107,1,70.34
2025-04-27 11:21:02.111,1,75.0
2025-04-27 11:21:02.115,1,79.39
2025-04-27 11:21:02.119,1,83.46
2025-04-27 11:21:02.123,1,87.16
2025-04-27 11:21:02.127,1,90.45
2025-04-27 11:21:02.131,1,93.3
2025-04-27 11:21:02.135,1,95.68
2025-04-27 11:21:02.139,1,97.55
2025-04-27 11:21:02.143,1,98.91
2025-04-27 11:21:02.147,1,99.73
2025-04-27 11:21:02.151,1,100.0
2025-04-27 11:21:02.155,1,99.73
2025-04-27 11:21:02.159,1,98.91
2025-04-27 11:21:02.163,1,97.55
2025-04-27 11:21:02.167,1,95.68
2025-04-27 11:21:02.171,1,93.3
2025-04-27 11:21:02.175,1,90.45
2025-04-27 11:21:02.179,1,87.16
2025-04-27 11:21:02.183,1,83.46
2025-04-27 11:21:02.187,1,79.39
2025-04-27 11:21:02.191,1,75.0
2025-04-27 11:21:02.195,1,70.34
2025-04-27 11:21:02.199,1,65.45
2025-04-27 11:21:02.203,1,60.4
2025-04-27 11:21:02.207,1,55.23
2025-04-27 11:21:02.211,1,50.0
2025-04-27 11:21:02.215,1,44.77
2025-04-27 11:21:02.219,1,39.6
2025-04-27 11:21:02.223,1,34.55
2025-04-27 11:21:02.227,1,29.66
2025-04-27 11:21:02.231,1,25.0
2025-04-27 11:21:02.235,1,20.61
2025-04-27 11:21:02.239,1,16.54
2025-04-27 11:21:02.243,1,12.84
2025-04-27 11:21:02.247,1,9.55
2025-04-27 11:21:02.251,1,6.7
2025-04-27 11:21:02.255,1,4.32
2025-04-27 11:21:02.259,1,2.45
2025-04-27 11:21:02.263,1,1.09
2025-04-27 11:21:02.267,1,0.27
2025-04-27 11:21:02.271,1,0.0
2025-04-27 11:21:02.275,1,0.27
2025-04-27 11:21:02.279,1,1.09
2025-04-27 11:21:02.283,1,2.45
2025-04-27 11:21:02.287,1,4.32
2025-04-27 11:21:02.291,1,6.7
2025-04-27 11:21:02.295,1,9.55
2025-04-27 11:21:02.299,1,12.84
2025-04-27 11:21:02.303,1,16.54
2025-04-27 11:21:02.307,1,20.61
2025-04-27 11:21:02.311,1,25.0
2025-04-27 11:21:02.315,1,29.66
2025-04-27 11:21:02.319,1,34.55
2025-04-27 11:21:02.323,1,39.6
2025-04-27 11:21:02.327,1,44.77
2025-04-27 11:21:02.331,1,50.0
2025-04-27 11:21:02.335,1,55.23
2025-04-27 11:21:02.339,1,60.4
2025-04-27 11:21:02.343,1,65.45
2025-04-27 11:21:02.347,1,70.34
2025-04-27 11:21:02.351,1,75.0
2025-04-27 11:21:02.355,1,79.39
2025-04-27 11:21:02.359,1,83.46
2025-04-27 11:21:02.363,1,87.16
2025-04-27 11:21:02.367,1,90.45
2025-04-27 11:21:02.371,1,93.3
2025-04-27 11:21:02.375,1,95.68
2025-04-27 11:21:02.379,1,97.55
2025-04-27 11:21:02.383,1,98.91
2025-04-27 11:21:02.387,1,99.73
2025-04-27 11:21:02.391,1,100.0
2025-04-27 11:21:02.395,1,99.73
2025-04-27 11:21:02.399,1,98.91
2025-04-27 11:21:02.403,1,97.55
2025-04-27 11:21:02.407,1,95.68
2025-04-27 11:21:02.411,1,93.3
2025-04-27 11:21:02.415,1,90.45
2025-04-27 11:21:02.419,1,87.16
2025-04-27 11:21:02.423,1,83.46
2025-04-27 11:21:02.427,1,79.39
2025-04-27 11:21:02.431,1,75.0
2025-04-27 11:21:02.435,1,70.34
2025-04-27 11:21:02.439,1,65.45
2025-04-27 11:21:02.443,1,60.4
2025-04-27 11:21:02.447,1,55.23
2025-04-27 11:21:02.451,1,50.0
2025-04-27 11:21:02.455,1,44.77
2025-04-27 11:21:02.459,1,39.6
2025-04-27 11:21:02.463,1,34.55
2025-04-27 11:21:02.467,1,29.66
2025-04-27 11:21:02.471,1,25.0
2025-04-27 11:21:02.475,1,20.61
2025-04-27 11:21:02.479,1,16.54
2025-04-27 11:21:02.483,1,12.84
2025-04-27 11:21:02.487,1,9.55
2025-04-27 11:21:02.491,1,6.7
2025-04-27 11:21:02.495,1,4.32
2025-04-27 11:21:02.499,1,2.45
2025-04-27 11:21:02.503,1,1.09
2025-04-27 11:21:02.507,1,0.27
2025-04-27 11:21:02.511,1,0.0
2025-04-27 11:21:02.515,1,0.27
2025-04-27 11:21:02.519,1,1.09
2025-04-27 11:21:02.523,1,2.45
2025-04-27 11:21:02.527,1,4.32
2025-04-27 11:21:02.531,1,6.7
2025-04-27 11:21:02.535,1,9.55
2025-04-27 11:21:02.539,1,12.84
2025-04-27 11:21:02.543,1,16.54
2025-04-27 11:21:02.547,1,20.61
2025-04-27 11:21:02.551,1,25.0
2025-04-27 11:21:02.555,1,29.66
2025-04-27 11:21:02.559,1,34.55
2025-04-27 11:21:02.563,1,39.6
2025-04-27 11:21:02.567,1,44.77
2025-04-27 11:21:02.571,1,50.0
2025-04-27 11:21:02.575,1,55.23
2025-04-27 11:21:02.579,1,60.4
2025-04-27 11:21:02.583,1,65.45
2025-04-27 11:21:02.587,1,70.34
2025-04-27 11:21:02.591,1,75.0
2025-04-27 11:21:02.595,1,79.39
2025-04-27 11:21:02.599,1,83.46
2025-04-27 11:21:02.603,1,87.16
2025-04-27 11:21:02.607,1,90.45
2025-04-27 11:21:02.611,1,93.3
2025-04-27 11:21:02.615,1,95.68
2025-04-27 11:21:02.619,1,97.55
2025-04-27 11:21:02.623,1,98.91
2025-04-27 11:21:02.627,1,99.73
2025-04-27 11:21:02.631,1,100.0
2025-04-27 11:21:02.635,1,99.73
2025-04-27 11:21:02.639,1,98.91
2025-04-27 11:21:02.643,1,97.55
2025-04-27 11:21:02.647,1,95.68
2025-04-27 11:21:02.651,1,93.3
2025-04-27 11:21:02.655,1,90.45
2025-04-27 11:21:02.659,1,87.16
2025-04-27 11:21:02.663,1,83.46
2025-04-27 11:21:02.667,1,79.39
2025-04-27 11:21:02.671,1,75.0
2025-04-27 11:21:02.675,1,70.34
2025-04-27 11:21:02.679,1,65.45
2025-04-27 11:21:02.683,1,60.4
2025-04-27 11:21:02.687,1,55.23
2025-04-27 11:21:02.691,1,50.0
2025-04-27 11:21:02.695,1,44.77
2025-04-27 11:21:02.699,1,39.6
2025-04-27 11:21:02.703,1,34.55
2025-04-27 11:21:02.707,1,29.66
2025-04-27 11:21:02.711,1,25.0
2025-04-27 11:21:02.715,1,20.61
2025-04-27 11:21:02.719,1,16.54
2025-04-27 11:21:02.723,1,12.84
2025-04-27 11:21:02.727,1,9.55
2025-04-27 11:21:02.731,1,6.7
2025-04-27 11:21:02.735,1,4.32
2025-04-27 11:21:02.739,1,2.45
2025-04-27 11:21:02.743,1,1.09
2025-04-27 11:21:02.747,1,0.27
2025-04-27 11:21:02.751,1,0.0
2025-04-27 11:21:02.755,1,0.27
2025-04-27 11:21:02.759,1,1.09
2025-04-27 11:21:02.763,1,2.45
2025-04-27 11:21:02.767,1,4.32
2025-04-27 11:21:02.771,1,6.7
2025-04-27 11:21:02.775,1,9.55
2025-04-27 11:21:02.779,1,12.84
2025-04-27 11:21:02.783,1,16.54
2025-04-27 11:21:02.787,1,20.61
2025-04-27 11:21:02.791,1,25.0
2025-04-27 11:21:02.795,1,29.66
2025-04-27 11:21:02.799,1,34.55
2025-04-27 11:21:02.803,1,39.6
2025-04-27 11:21:02.807,1,44.77
2025-04-27 11:21:02.811,1,50.0
2025-04-27 11:21:02.815,1,55.23
2025-04-27 11:21:02.819,1,60.4
2025-04-27 11:21:02.823,1,65.45
2025-04-27 11:21:02.827,1,70.34
2025-04-27 11:21:02.831,1,75.0
2025-04-27 11:21:02.835,1,79.39
2025-04-27 11:21:02.839,1,83.46
2025-04-27 11:21:02.843,1,87.16
2025-04-27 11:21:02.847,1,90.45
2025-04-27 11:21:02.851,1,93.3
2025-04-27 11:21:02.855,1,95.68
2025-04-27 11:21:02.859,1,97.55
2025-04-27 11:21:02.863,1,98.91
2025-04-27 11:21:02.867,1,99.73
2025-04-27 11:21:02.871,1,100.0
2025-04-27 11:21:02.875,1,99.73
2025-04-27 11:21:02.879,1,98.91
2025-04-27 11:21:02.883,1,97.55
2025-04-27 11:21:02.887,1,95.68
2025-04-27 11:21:02.891,1,93.3
2025-04-27 11:21:02.895,1,90.45
2025-04-27 11:21:02.899,1,87.16
2025-04-27 11:21:02.903,1,83.46
2025-04-27 11:21:02.907,1,79.39
2025-04-27 11:21:02.911,1,75.0
2025-04-27 11:21:02.915,1,70.34
2025-04-27 11:21:02.919,1,65.45
2025-04-27 11:21:02.923,1,60.4
2025-04-27 11:21:02.927,1,55.23
2025-04-27 11:21:02.931,1,50.0
2025-04-27 11:21:02.935,1,44.77
2025-04-27 11:21:02.939,1,39.6
2025-04-27 11:21:02.943,1,34.55
2025-04-27 11:21:02.947,1,29.66
2025-04-27 11:21:02.951,1,25.0
2025-04-27 11:21:02.955,1,20.61
2025-04-27 11:21:02.959,1,16.54
2025-04-27 11:21:02.963,1,12.84
2025-04-27 11:21:02.967,1,9.55
2025-04-27 11:21:02.971,1,6.7
2025-04-27 11:21:02.975,1,4.32
2025-04-27 11:21:02.979,1,2.45
2025-04-27 11:21:02.983,1,1.09
2025-04-27 11:21:02.987,1,0.27
2025-04-27 11:21:02.991,1,0.0
2025-04-27 11:21:02.995,1,0.27
2025-04-27 11:21:02.999,1,1.09
2025-04-27 11:21:03.003,1,2.45
2025-04-27 11:21:03.007,1,4.32
2025-04-27 11:21:03.011,1,6.7
2025-04-27 11:21:03.015,1,9.55
2025-04-27 11:21:03.019,1,12.84
2025-04-27 11:21:03.023,1,16.54
2025-04-27 11:21:03.027,1,20.61
2025-04-27 11:21:03.031,1,25.0
2025-04-27 11:21:03.035,1,29.66
2025-04-27 11:21:03.039,1,34.55
2025-04-27 11:21:03.043,1,39.6
2025-04-27 11:21:03.047,1,44.77
2025-04-27 11:21:03.051,1,50.0
2025-04-27 11:21:03.055,1,55.23
2025-04-27 11:21:03.059,1,60.4
2025-04-27 11:21:03.063,1,65.45
2025-04-27 11:21:03.067,1,70.34
2025-04-27 11:21:03.071,1,75.0
2025-04-27 11:21:03.075,1,79.39
2025-04-27 11:21:03.079,1,83.46
2025-04-27 11:21:03.083,1,87.16
2025-04-27 11:21:03.087,1,90.45
2025-04-27 11:21:03.091,1,93.3
2025-04-27 11:21:03.095,1,95.68
2025-04-27 11:21:03.099,1,97.55
2025-04-27 11:21:03.103,1,98.91
2025-04-27 11:21:03.107,1,99.73
2025-04-27 11:21:03.111,1,100.0
2025-04-27 11:21:03.115,1,99.73
2025-04-27 11:21:03.119,1,98.91
2025-04-27 11:21:03.123,1,97.55
2025-04-27 11:21:03.127,1,95.68
2025-04-27 11:21:03.131,1,93.3
2025-04-27 11:21:03.135,1,90.45
2025-04-27 11:21:03.139,1,87.16
2025-04-27 11:21:03.143,1,83.46
2025-04-27 11:21:03.147,1,79.39
2025-04-27 11:21:03.151,1,75.0
2025-04-27 11:21:03.155,1,70.34
2025-04-27 11:21:03.159,1,65.45
2025-04-27 11:21:03.163,1,60.4
2025-04-27 11:21:03.167,1,55.23
2025-04-27 11:21:03.171,1,50.0
2025-04-27 11:21:03.175,1,44.77
2025-04-27 11:21:03.179,1,39.6
2025-04-27 11:21:03.183,1,34.55
2025-04-27 11:21:03.187,1,29.66
2025-04-27 11:21:03.191,1,25.0
2025-04-27 11:21:03.195,1,20.61
2025-04-27 11:21:03.199,1,16.54
2025-04-27 11:21:03.203,1,12.84
2025-04-27 11:21:03.207,1,9.55
2025-04-27 11:21:03.211,1,6.7
2025-04-27 11:21:03.215,1,4.32
2025-04-27 11:21:03.219,1,2.45
2025-04-27 11:21:03.223,1,1.09
2025-04-27 11:21:03.227,1,0.27
2025-04-27 11:21:03.231,1,0.0
2025-04-27 11:21:03.235,1,0.27
2025-04-27 11:21:03.239,1,1.09
2025-04-27 11:21:03.243,1,2.45
2025-04-27 11:21:03.247,1,4.32
2025-04-27 11:21:03.251,1,6.7
2025-04-27 11:21:03.255,1,9.55
2025-04-27 11:21:03.259,1,12.84
2025-04-27 11:21:03.263,1,16.54
2025-04-27 11:21:03.267,1,20.61
2025-04-27 11:21:03.271,1,25.0
2025-04-27 11:21:03.275,1,29.66
2025-04-27 11:21:03.279,1,34.55
2025-04-27 11:21:03.283,1,39.6
2025-04-27 11:21:03.287,1,44.77
2025-04-27 11:21:03.291,1,50.0
2025-04-27 11:21:03.295,1,55.23
2025-04-27 11:21:03.299,1,60.4
2025-04-27 11:21:03.303,1,65.45
2025-04-27 11:21:03.307,1,70.34
2025-04-27 11:21:03.311,1,75.0
2025-04-27 11:21:03.315,1,79.39
2025-04-27 11:21:03.319,1,83.46
2025-04-27 11:21:03.323,1,87.16
2025-04-27 11:21:03.327,1,90.45
2025-04-27 11:21:03.331,1,93.3
2025-04-27 11:21:03.335,1,95.68
2025-04-27 11:21:03.339,1,97.55
2025-04-27 11:21:03.343,1,98.91
2025-04-27 11:21:03.347,1,99.73
2025-04-27 11:21:03.351,1,100.0
2025-04-27 11:21:03.355,1,99.73
2025-04-27 11:21:03.359,1,98.91
2025-04-27 11:21:03.363,1,97.55
2025-04-27 11:21:03.367,1,95.68
2025-04-27 11:21:03.371,1,93.3
2025-04-27 11:21:03.375,1,90.45
2025-04-27 11:21:03.379,1,87.16
2025-04-27 11:21:03.383,1,83.46
2025-04-27 11:21:03.387,1,79.39
2025-04-27 11:21:03.391,1,75.0
2025-04-27 11:21:03.395,1,70.34
2025-04-27 11:21:03.399,1,65.45
2025-04-27 11:21:03.403,1,60.4
2025-04-27 11:21:03.407,1,55.23
2025-04-27 11:21:03.411,1,50.0
2025-04-27 11:21:03.415,1,44.77
2025-04-27 11:21:03.419,1,39.6
2025-04-27 11:21:03.423,1,34.55
2025-04-27 11:21:03.427,1,29.66
2025-04-27 11:21:03.431,1,25.0
2025-04-27 11:21:03.435,1,20.61
2025-04-27 11:21:03.439,1,16.54
2025-04-27 11:21:03.443,1,12.84
2025-04-27 11:21:03.447,1,9.55
2025-04-27 11:21:03.451,1,6.7
2025-04-27 11:21:03.455,1,4.32
2025-04-27 11:21:03.459,1,2.45
2025-04-27 11:21:03.463,1,1.09
2025-04-27 11:21:03.467,1,0.27
2025-04-27 11:21:03.471,1,0.0
2025-04-27 11:21:03.475,1,0.27
2025-04-27 11:21:03.479,1,1.09
2025-04-27 11:21:03.483,1,2.45
2025-04-27 11:21:03.487,1,4.32
2025-04-27 11:21:03.491,1,6.7
2025-04-27 11:21:03.495,1,9.55
2025-04-27 11:21:03.499,1,12.84
2025-04-27 11:21:03.503,1,16.54
2025-04-27 11:21:03.507,1,20.61
2025-04-27 11:21:03.511,1,25.0
2025-04-27 11:21:03.515,1,29.66
2025-04-27 11:21:03.519,1,34.55
2025-04-27 11:21:03.523,1,39.6
2025-04-27 11:21:03.527,1,44.77
2025-04-27 11:21:03.531,1,50.0
2025-04-27 11:21:03.535,1,55.23
2025-04-27 11:21:03.539,1,60.4
2025-04-27 11:21:03.543,1,65.45
2025-04-27 11:21:03.547,1,70.34
2025-04-27 11:21:03.551,1,75.0
2025-04-27 11:21:03.555,1,79.39
2025-04-27 11:21:03.559,1,83.46
2025-04-27 11:21:03.563,1,87.16
2025-04-27 11:21:03.567,1,90.45
2025-04-27 11:21:03.571,1,93.3
2025-04-27 11:21:03.575,1,95.68
2025-04-27 11:21:03.579,1,97.55
2025-04-27 11:21:03.583,1,98.91
2025-04-27 11:21:03.587,1,99.73
2025-04-27 11:21:03.591,1,100.0
2025-04-27 11:21:03.595,1,99.73
2025-04-27 11:21:03.599,1,98.91
2025-04-27 11:21:03.603,1,97.55
2025-04-27 11:21:03.607,1,95.68
2025-04-27 11:21:03.611,1,93.3
2025-04-27 11:21:03.615,1,90.45
2025-04-27 11:21:03.619,1,87.16
2025-04-27 11:21:03.623,1,83.46
2025-04-27 11:21:03.627,1,79.39
2025-04-27 11:21:03.631,1,75.0
2025-04-27 11:21:03.635,1,70.34
2025-04-27 11:21:03.639,1,65.45
2025-04-27 11:21:03.643,1,60.4
2025-04-27 11:21:03.647,1,55.23
2025-04-27 11:21:03.651,1,50.0
2025-04-27 11:21:03.655,1,44.77
2025-04-27 11:21:03.659,1,39.6
2025-04-27 11:21:03.663,1,34.55
2025-04-27 11:21:03.667,1,29.66
2025-04-27 11:21:03.671,1,25.0
2025-04-27 11:21:03.675,1,20.61
2025-04-27 11:21:03.679,1,16.54
2025-04-27 11:21:03.683,1,12.84
2025-04-27 11:21:03.687,1,9.55
2025-04-27 11:21:03.691,1,6.7
2025-04-27 11:21:03.695,1,4.32
2025-04-27 11:21:03.699,1,2.45
2025-04-27 11:21:03.703,1,1.09
2025-04-27 11:21:03.707,1,0.27
2025-04-27 11:21:03.711,1,0.0
2025-04-27 11:21:03.715,1,0.27
2025-04-27 11:21:03.719,1,1.09
2025-04-27 11:21:03.723,1,2.45
2025-04-27 11:21:03.727,1,4.32
2025-04-27 11:21:03.731,1,6.7
2025-04-27 11:21:03.735,1,9.55
2025-04-27 11:21:03.739,1,12.84
2025-04-27 11:21:03.743,1,16.54
2025-04-27 11:21:03.747,1,20.61
2025-04-27 11:21:03.751,1,25.0
2025-04-27 11:21:03.755,1,29.66
2025-04-27 11:21:03.759,1,34.55
2025-04-27 11:21:03.763,1,39.6
2025-04-27 11:21:03.767,1,44.77
2025-04-27 11:21:03.771,1,50.0
2025-04-27 11:21:03.775,1,55.23
2025-04-27 11:21:03.779,1,60.4
2025-04-27 11:21:03.783,1,65.45
2025-04-27 11:21:03.787,1,70.34
2025-04-27 11:21:03.791,1,75.0
2025-04-27 11:21:03.795,1,79.39
2025-04-27 11:21:03.799,1,83.46
2025-04-27 11:21:03.803,1,87.16
2025-04-27 11:21:03.807,1,90.45
2025-04-27 11:21:03.811,1,93.3
2025-04-27 11:21:03.815,1,95.68
2025-04-27 11:21:03.819,1,97.55
2025-04-27 11:21:03.823,1,98.91
2025-04-27 11:21:03.827,1,99.73
2025-04-27 11:21:03.831,1,100.0
2025-04-27 11:21:03.835,1,99.73
2025-04-27 11:21:03.839,1,98.91
2025-04-27 11:21:03.843,1,97.55
2025-04-27 11:21:03.847,1,95.68
2025-04-27 11:21:03.851,1,93.3
2025-04-27 11:21:03.855,1,90.45
2025-04-27 11:21:03.859,1,87.16
2025-04-27 11:21:03.863,1,83.46
2025-04-27 11:21:03.867,1,79.39
2025-04-27 11:21:03.871,1,75.0
2025-04-27 11:21:03.875,1,70.34
2025-04-27 11:21:03.879,1,65.45
2025-04-27 11:21:03.883,1,60.4
2025-04-27 11:21:03.887,1,55.23
2025-04-27 11:21:03.891,1,50.0
2025-04-27 11:21:03.895,1,44.77
2025-04-27 11:21:03.899,1,39.6
2025-04-27 11:21:03.903,1,34.55
2025-04-27 11:21:03.907,1,29.66
2025-04-27 11:21:03.911,1,25.0
2025-04-27 11:21:03.915,1,20.61
2025-04-27 11:21:03.919,1,16.54
2025-04-27 11:21:03.923,1,12.84
2025-04-27 11:21:03.927,1,9.55
2025-04-27 11:21:03.931,1,6.7
2025-04-27 11:21:03.935,1,4.32
2025-04-27 11:21:03.939,1,2.45
2025-04-27 11:21:03.943,1,1.09
2025-04-27 11:21:03.947,1,0.27
2025-04-27 11:21:03.952,1,0.0
2025-04-27 11:21:03.955,1,0.27
2025-04-27 11:21:03.959,1,1.09
2025-04-27 11:21:03.963,1,2.45
2025-04-27 11:21:03.967,1,4.32
2025-04-27 11:21:03.971,1,6.7
2025-04-27 11:21:03.975,1,9.55
2025-04-27 11:21:03.979,1,12.84
2025-04-27 11:21:03.983,1,16.54
2025-04-27 11:21:03.987,1,20.61
2025-04-27 11:21:03.991,1,25.0
2025-04-27 11:21:03.995,1,29.66
2025-04-27 11:21:03.999,1,34.55
2025-04-27 11:21:04.003,1,39.6
2025-04-27 11:21:04.007,1,44.77
2025-04-27 11:21:04.011,1,50.0
2025-04-27 11:21:04.015,1,55.23
2025-04-27 11:21:04.019,1,60.4
2025-04-27 11:21:04.023,1,65.45
2025-04-27 11:21:04.027,1,70.34
2025-04-27 11:21:04.031,1,75.0
2025-04-27 11:21:04.035,1,79.39
2025-04-27 11:21:04.039,1,83.46
2025-04-27 11:21:04.043,1,87.16
2025-04-27 11:21:04.047,1,90.45
2025-04-27 11:21:04.051,1,93.3
2025-04-27 11:21:04.055,1,95.68
2025-04-27 11:21:04.059,1,97.55
2025-04-27 11:21:04.063,1,98.91
2025-04-27 11:21:04.067,1,99.73
2025-04-27 11:21:04.071,1,100.0
2025-04-27 11:21:04.075,1,99.73
2025-04-27 11:21:04.079,1,98.91
2025-04-27 11:21:04.083,1,97.55
2025-04-27 11:21:04.087,1,95.68
2025-04-27 11:21:04.091,1,93.3
2025-04-27 11:21:04.095,1,90.45
2025-04-27 11:21:04.099,1,87.16
2025-04-27 11:21:04.103,1,83.46
2025-04-27 11:21:04.107,1,79.39
2025-04-27 11:21:04.111,1,75.0
2025-04-27 11:21:04.115,1,70.34
2025-04-27 11:21:04.119,1,65.45
2025-04-27 11:21:04.123,1,60.4
2025-04-27 11:21:04.127,1,55.23
2025-04-27 11:21:04.131,1,50.0
2025-04-27 11:21:04.135,1,44.77
2025-04-27 11:21:04.139,1,39.6
2025-04-27 11:21:04.143,1,34.55
2025-04-27 11:21:04.147,1,29.66
2025-04-27 11:21:04.151,1,25.0
2025-04-27 11:21:04.155,1,20.61
2025-04-27 11:21:04.159,1,16.54
2025-04-27 11:21:04.163,1,12.84
2025-04-27 11:21:04.167,1,9.55
2025-04-27 11:21:04.171,1,6.7
2025-04-27 11:21:04.175,1,4.32
2025-04-27 11:21:04.179,1,2.45
2025-04-27 11:21:04.183,1,1.09
2025-04-27 11:21:04.187,1,0.27
2025-04-27 11:21:04.191,1,0.0
2025-04-27 11:21:04.195,1,0.27
2025-04-27 11:21:04.199,1,1.09
2025-04-27 11:21:04.203,1,2.45
2025-04-27 11:21:04.207,1,4.32
2025-04-27 11:21:04.211,1,6.7
2025-04-27 11:21:04.215,1,9.55
2025-04-27 11:21:04.219,1,12.84
2025-04-27 11:21:04.223,1,16.54
2025-04-27 11:21:04.227,1,20.61
2025-04-27 11:21:04.231,1,25.0
2025-04-27 11:21:04.235,1,29.66
2025-04-27 11:21:04.239,1,34.55
2025-04-27 11:21:04.243,1,39.6
2025-04-27 11:21:04.247,1,44.77
2025-04-27 11:21:04.251,1,50.0
2025-04-27 11:21:04.255,1,55.23
2025-04-27 11:21:04.259,1,60.4
2025-04-27 11:21:04.263,1,65.45
2025-04-27 11:21:04.267,1,70.34
2025-04-27 11:21:04.271,1,75.0
2025-04-27 11:21:04.275,1,79.39
2025-04-27 11:21:04.279,1,83.46
2025-04-27 11:21:04.283,1,87.16
2025-04-27 11:21:04.287,1,90.45
2025-04-27 11:21:04.291,1,93.3
2025-04-27 11:21:04.295,1,95.68
2025-04-27 11:21:04.299,1,97.55
2025-04-27 11:21:04.303,1,98.91
2025-04-27 11:21:04.307,1,99.73
2025-04-27 11:21:04.311,1,100.0
2025-04-27 11:21:04.315,1,99.73
2025-04-27 11:21:04.319,1,98.91
2025-04-27 11:21:04.323,1,97.55
2025-04-27 11:21:04.327,1,95.68
2025-04-27 11:21:04.331,1,93.3
2025-04-27 11:21:04.335,1,90.45
2025-04-27 11:21:04.339,1,87.16
2025-04-27 11:21:04.343,1,83.46
2025-04-27 11:21:04.347,1,79.39
2025-04-27 11:21:04.351,1,75.0
2025-04-27 11:21:04.355,1,70.34
2025-04-27 11:21:04.359,1,65.45
2025-04-27 11:21:04.363,1,60.4
2025-04-27 11:21:04.367,1,55.23
2025-04-27 11:21:04.371,1,50.0
2025-04-27 11:21:04.375,1,44.77
2025-04-27 11:21:04.379,1,39.6
2025-04-27 11:21:04.383,1,34.55
2025-04-27 11:21:04.387,1,29.66
2025-04-27 11:21:04.391,1,25.0
2025-04-27 11:21:04.395,1,20.61
2025-04-27 11:21:04.399,1,16.54
2025-04-27 11:21:04.403,1,12.84
2025-04-27 11:21:04.407,1,9.55
2025-04-27 11:21:04.411,1,6.7
2025-04-27 11:21:04.415,1,4.32
2025-04-27 11:21:04.419,1,2.45
2025-04-27 11:21:04.423,1,1.09
2025-04-27 11:21:04.427,1,0.27
2025-04-27 11:21:04.431,1,0.0
2025-04-27 11:21:04.435,1,0.27
2025-04-27 11:21:04.439,1,1.09
2025-04-27 11:21:04.443,1,2.45
2025-04-27 11:21:04.447,1,4.32
2025-04-27 11:21:04.451,1,6.7
2025-04-27 11:21:04.455,1,9.55
2025-04-27 11:21:04.459,1,12.84
2025-04-27 11:21:04.463,1,16.54
2025-04-27 11:21:04.467,1,20.61
2025-04-27 11:21:04.471,1,25.0
2025-04-27 11:21:04.475,1,29.66
2025-04-27 11:21:04.479,1,34.55
2025-04-27 11:21:04.483,1,39.6
2025-04-27 11:21:04.487,1,44.77
2025-04-27 11:21:04.491,1,50.0
2025-04-27 11:21:04.495,1,55.23
2025-04-27 11:21:04.499,1,60.4
2025-04-27 11:21:04.503,1,65.45
2025-04-27 11:21:04.507,1,70.34
2025-04-27 11:21:04.511,1,75.0
2025-04-27 11:21:04.515,1,79.39
2025-04-27 11:21:04.519,1,83.46
2025-04-27 11:21:04.523,1,87.16
2025-04-27 11:21:04.527,1,90.45
2025-04-27 11:21:04.531,1,93.3
2025-04-27 11:21:04.535,1,95.68
2025-04-27 11:21:04.539,1,97.55
2025-04-27 11:21:04.543,1,98.91
2025-04-27 11:21:04.547,1,99.73
2025-04-27 11:21:04.551,1,100.0
2025-04-27 11:21:04.555,1,99.73
2025-04-27 11:21:04.559,1,98.91
2025-04-27 11:21:04.563,1,97.55
2025-04-27 11:21:04.567,1,95.68
2025-04-27 11:21:04.571,1,93.3
2025-04-27 11:21:04.575,1,90.45
2025-04-27 11:21:04.579,1,87.16
2025-04-27 11:21:04.583,1,83.46
2025-04-27 11:21:04.587,1,79.39
2025-04-27 11:21:04.591,1,75.0
2025-04-27 11:21:04.595,1,70.34
2025-04-27 11:21:04.599,1,65.45
2025-04-27 11:21:04.603,1,60.4
2025-04-27 11:21:04.607,1,55.23
2025-04-27 11:21:04.611,1,50.0
2025-04-27 11:21:04.615,1,44.77
2025-04-27 11:21:04.619,1,39.6
2025-04-27 11:21:04.623,1,34.55
2025-04-27 11:21:04.627,1,29.66
2025-04-27 11:21:04.631,1,25.0
2025-04-27 11:21:04.635,1,20.61
2025-04-27 11:21:04.639,1,16.54
2025-04-27 11:21:04.643,1,12.84
2025-04-27 11:21:04.647,1,9.55
2025-04-27 11:21:04.651,1,6.7
2025-04-27 11:21:04.655,1,4.32
2025-04-27 11:21:04.659,1,2.45
2025-04-27 11:21:04.663,1,1.09
2025-04-27 11:21:04.667,1,0.27
2025-04-27 11:21:04.671,1,0.0
2025-04-27 11:21:04.675,1,0.27
2025-04-27 11:21:04.679,1,1.09
2025-04-27 11:21:04.683,1,2.45
2025-04-27 11:21:04.687,1,4.32
2025-04-27 11:21:04.691,1,6.7
2025-04-27 11:21:04.695,1,9.55
2025-04-27 11:21:04.699,1,12.84
2025-04-27 11:21:04.703,1,16.54
2025-04-27 11:21:04.707,1,20.61
2025-04-27 11:21:04.711,1,25.0
2025-04-27 11:21:04.715,1,29.66
2025-04-27 11:21:04.719,1,34.55
2025-04-27 11:21:04.723,1,39.6
2025-04-27 11:21:04.727,1,44.77
2025-04-27 11:21:04.731,1,50.0
2025-04-27 11:21:04.735,1,55.23
2025-04-27 11:21:04.739,1,60.4
2025-04-27 11:21:04.743,1,65.45
2025-04-27 11:21:04.747,1,70.34
2025-04-27 11:21:04.751,1,75.0
2025-04-27 11:21:04.755,1,79.39
2025-04-27 11:21:04.759,1,83.46
2025-04-27 11:21:04.763,1,87.16
2025-04-27 11:21:04.767,1,90.45
2025-04-27 11:21:04.771,1,93.3
2025-04-27 11:21:04.775,1,95.68
2025-04-27 11:21:04.779,1,97.55
2025-04-27 11:21:04.783,1,98.91
2025-04-27 11:21:04.787,1,99.73
2025-04-27 11:21:04.791,1,100.0
2025-04-27 11:21:04.795,1,99.73
2025-04-27 11:21:04.800,1,98.91
2025-04-27 11:21:04.803,1,97.55
2025-04-27 11:21:04.807,1,95.68
2025-04-27 11:21:04.811,1,93.3
2025-04-27 11:21:04.815,1,90.45
2025-04-27 11:21:04.819,1,87.16
2025-04-27 11:21:04.823,1,83.46
2025-04-27 11:21:04.827,1,79.39
2025-04-27 11:21:04.831,1,75.0
2025-04-27 11:21:04.835,1,70.34
2025-04-27 11:21:04.839,1,65.45
2025-04-27 11:21:04.843,1,60.4
2025-04-27 11:21:04.847,1,55.23
2025-04-27 11:21:04.851,1,50.0
2025-04-27 11:21:04.855,1,44.77
2025-04-27 11:21:04.859,1,39.6
2025-04-27 11:21:04.863,1,34.55
2025-04-27 11:21:04.867,1,29.66
2025-04-27 11:21:04.871,1,25.0
2025-04-27 11:21:04.875,1,20.61
2025-04-27 11:21:04.879,1,16.54
2025-04-27 11:21:04.883,1,12.84
2025-04-27 11:21:04.887,1,9.55
2025-04-27 11:21:04.891,1,6.7
2025-04-27 11:21:04.895,1,4.32
2025-04-27 11:21:04.899,1,2.45
2025-04-27 11:21:04.903,1,1.09
2025-04-27 11:21:04.907,1,0.27
2025-04-27 11:21:04.911,1,0.0
2025-04-27 11:21:04.915,1,0.27
2025-04-27 11:21:04.919,1,1.09
2025-04-27 11:21:04.923,1,2.45
2025-04-27 11:21:04.927,1,4.32
2025-04-27 11:21:04.931,1,6.7
2025-04-27 11:21:04.935,1,9.55
2025-04-27 11:21:04.939,1,12.84
2025-04-27 11:21:04.943,1,16.54
2025-04-27 11:21:04.947,1,20.61
2025-04-27 11:21:04.951,1,25.0
2025-04-27 11:21:04.955,1,29.66
2025-04-27 11:21:04.959,1,34.55
2025-04-27 11:21:04.963,1,39.6
2025-04-27 11:21:04.967,1,44.77
2025-04-27 11:21:04.971,1,50.0
2025-04-27 11:21:04.975,1,55.23
2025-04-27 11:21:04.979,1,60.4
2025-04-27 11:21:04.983,1,65.45
2025-04-27 11:21:04.987,1,70.34
2025-04-27 11:21:04.991,1,75.0
2025-04-27 11:21:04.995,1,79.39
2025-04-27 11:21:04.999,1,83.46
2025-04-27 11:21:05.003,1,87.16
2025-04-27 11:21:05.007,1,90.45
2025-04-27 11:21:05.011,1,93.3
2025-04-27 11:21:05.015,1,95.68
2025-04-27 11:21:05.019,1,97.55
2025-04-27 11:21:05.023,1,98.91
2025-04-27 11:21:05.027,1,99.73
2025-04-27 11:21:05.031,1,100.0
2025-04-27 11:21:05.036,1,99.73
2025-04-27 11:21:05.039,1,98.91
2025-04-27 11:21:05.043,1,97.55
2025-04-27 11:21:05.047,1,95.68
2025-04-27 11:21:05.051,1,93.3
2025-04-27 11:21:05.055,1,90.45
2025-04-27 11:21:05.059,1,87.16
2025-04-27 11:21:05.063,1,83.46
2025-04-27 11:21:05.067,1,79.39
2025-04-27 11:21:05.071,1,75.0
2025-04-27 11:21:05.075,1,70.34
2025-04-27 11:21:05.079,1,65.45
2025-04-27 11:21:05.083,1,60.4
2025-04-27 11:21:05.087,1,55.23
2025-04-27 11:21:05.091,1,50.0
2025-04-27 11:21:05.095,1,44.77
2025-04-27 11:21:05.099,1,39.6
2025-04-27 11:21:05.103,1,34.55
2025-04-27 11:21:05.107,1,29.66
2025-04-27 11:21:05.111,1,25.0
2025-04-27 11:21:05.115,1,20.61
2025-04-27 11:21:05.119,1,16.54
2025-04-27 11:21:05.123,1,12.84
2025-04-27 11:21:05.127,1,9.55
2025-04-27 11:21:05.131,1,6.7
2025-04-27 11:21:05.135,1,4.32
2025-04-27 11:21:05.139,1,2.45
2025-04-27 11:21:05.143,1,1.09
2025-04-27 11:21:05.147,1,0.27
2025-04-27 11:21:05.151,1,0.0
2025-04-27 11:21:05.155,1,0.27
2025-04-27 11:21:05.159,1,1.09
2025-04-27 11:21:05.163,1,2.45
2025-04-27 11:21:05.167,1,4.32
2025-04-27 11:21:05.171,1,6.7
2025-04-27 11:21:05.175,1,9.55
2025-04-27 11:21:05.179,1,12.84
2025-04-27 11:21:05.183,1,16.54
2025-04-27 11:21:05.187,1,20.61
2025-04-27 11:21:05.191,1,25.0
2025-04-27 11:21:05.195,1,29.66
2025-04-27 11:21:05.199,1,34.55
2025-04-27 11:21:05.203,1,39.6
2025-04-27 11:21:05.207,1,44.77
2025-04-27 11:21:05.211,1,50.0
2025-04-27 11:21:05.215,1,55.23
2025-04-27 11:21:05.219,1,60.4
2025-04-27 11:21:05.223,1,65.45
2025-04-27 11:21:05.227,1,70.34
2025-04-27 11:21:05.231,1,75.0
2025-04-27 11:21:05.235,1,79.39
2025-04-27 11:21:05.239,1,83.46
2025-04-27 11:21:05.243,1,87.16
2025-04-27 11:21:05.247,1,90.45
2025-04-27 11:21:05.251,1,93.3
2025-04-27 11:21:05.255,1,95.68
2025-04-27 11:21:05.259,1,97.55
2025-04-27 11:21:05.263,1,98.91
2025-04-27 11:21:05.267,1,99.73
2025-04-27 11:21:05.271,1,100.0
2025-04-27 11:21:05.275,1,99.73
2025-04-27 11:21:05.279,1,98.91
2025-04-27 11:21:05.283,1,97.55
2025-04-27 11:21:05.287,1,95.68
2025-04-27 11:21:05.291,1,93.3
2025-04-27 11:21:05.295,1,90.45
2025-04-27 11:21:05.299,1,87.16
2025-04-27 11:21:05.303,1,83.46
2025-04-27 11:21:05.307,1,79.39
2025-04-27 11:21:05.311,1,75.0
2025-04-27 11:21:05.315,1,70.34
2025-04-27 11:21:05.319,1,65.45
2025-04-27 11:21:05.323,1,60.4
2025-04-27 11:21:05.327,1,55.23
2025-04-27 11:21:05.331,1,50.0
2025-04-27 11:21:05.335,1,44.77
2025-04-27 11:21:05.339,1,39.6
2025-04-27 11:21:05.343,1,34.55
2025-04-27 11:21:05.347,1,29.66
2025-04-27 11:21:05.351,1,25.0
2025-04-27 11:21:05.355,1,20.61
2025-04-27 11:21:05.359,1,16.54
2025-04-27 11:21:05.363,1,12.84
2025-04-27 11:21:05.367,1,9.55
2025-04-27 11:21:05.371,1,6.7
2025-04-27 11:21:05.375,1,4.32
2025-04-27 11:21:05.379,1,2.45
2025-04-27 11:21:05.383,1,1.09
2025-04-27 11:21:05.387,1,0.27
2025-04-27 11:21:05.391,1,0.0
2025-04-27 11:21:05.395,1,0.27
2025-04-27 11:21:05.399,1,1.09
2025-04-27 11:21:05.403,1,2.45
2025-04-27 11:21:05.407,1,4.32
2025-04-27 11:21:05.411,1,6.7
2025-04-27 11:21:05.415,1,9.55
2025-04-27 11:21:05.419,1,12.84
2025-04-27 11:21:05.423,1,16.54
2025-04-27 11:21:05.427,1,20.61
2025-04-27 11:21:05.431,1,25.0
2025-04-27 11:21:05.435,1,29.66
2025-04-27 11:21:05.439,1,34.55
2025-04-27 11:21:05.443,1,39.6
2025-04-27 11:21:05.447,1,44.77
2025-04-27 11:21:05.451,1,50.0
2025-04-27 11:21:05.455,1,55.23
2025-04-27 11:21:05.459,1,60.4
2025-04-27 11:21:05.463,1,65.45
2025-04-27 11:21:05.467,1,70.34
2025-04-27 11:21:05.471,1,75.0
2025-04-27 11:21:05.475,1,79.39
2025-04-27 11:21:05.479,1,83.46
2025-04-27 11:21:05.483,1,87.16
2025-04-27 11:21:05.487,1,90.45
2025-04-27 11:21:05.491,1,93.3
2025-04-27 11:21:05.495,1,95.68
2025-04-27 11:21:05.499,1,97.55
2025-04-27 11:21:05.503,1,98.91
2025-04-27 11:21:05.507,1,99.73
2025-04-27 11:21:05.511,1,100.0
2025-04-27 11:21:05.515,1,99.73
2025-04-27 11:21:05.519,1,98.91
2025-04-27 11:21:05.523,1,97.55
2025-04-27 11:21:05.527,1,95.68
2025-04-27 11:21:05.531,1,93.3
2025-04-27 11:21:05.535,1,90.45
2025-04-27 11:21:05.539,1,87.16
2025-04-27 11:21:05.543,1,83.46
2025-04-27 11:21:05.547,1,79.39
2025-04-27 11:21:05.551,1,75.0
2025-04-27 11:21:05.555,1,70.34
2025-04-27 11:21:05.559,1,65.45
2025-04-27 11:21:05.563,1,60.4
2025-04-27 11:21:05.567,1,55.23
2025-04-27 11:21:05.571,1,50.0
2025-04-27 11:21:05.575,1,44.77
2025-04-27 11:21:05.579,1,39.6
2025-04-27 11:21:05.583,1,34.55
2025-04-27 11:21:05.587,1,29.66
2025-04-27 11:21:05.591,1,25.0
2025-04-27 11:21:05.595,1,20.61
2025-04-27 11:21:05.599,1,16.54
2025-04-27 11:21:05.603,1,12.84
2025-04-27 11:21:05.607,1,9.55
2025-04-27 11:21:05.611,1,6.7
2025-04-27 11:21:05.615,1,4.32
2025-04-27 11:21:05.619,1,2.45
2025-04-27 11:21:05.623,1,1.09
2025-04-27 11:21:05.627,1,0.27
2025-04-27 11:21:05.631,1,0.0
2025-04-27 11:21:05.635,1,0.27
2025-04-27 11:21:05.639,1,1.09
2025-04-27 11:21:05.643,1,2.45
2025-04-27 11:21:05.647,1,4.32
2025-04-27 11:21:05.651,1,6.7
2025-04-27 11:21:05.655,1,9.55
2025-04-27 11:21:05.659,1,12.84
2025-04-27 11:21:05.663,1,16.54
2025-04-27 11:21:05.667,1,20.61
2025-04-27 11:21:05.671,1,25.0
2025-04-27 11:21:05.675,1,29.66
2025-04-27 11:21:05.679,1,34.55
2025-04-27 11:21:05.683,1,39.6
2025-04-27 11:21:05.687,1,44.77
2025-04-27 11:21:05.691,1,50.0
2025-04-27 11:21:05.695,1,55.23
2025-04-27 11:21:05.699,1,60.4
2025-04-27 11:21:05.703,1,65.45
2025-04-27 11:21:05.707,1,70.34
2025-04-27 11:21:05.711,1,75.0
2025-04-27 11:21:05.715,1,79.39
2025-04-27 11:21:05.719,1,83.46
2025-04-27 11:21:05.723,1,87.16
2025-04-27 11:21:05.727,1,90.45
2025-04-27 11:21:05.731,1,93.3
2025-04-27 11:21:05.735,1,95.68
2025-04-27 11:21:05.739,1,97.55
2025-04-27 11:21:05.743,1,98.91
2025-04-27 11:21:05.747,1,99.73
2025-04-27 11:21:05.751,1,100.0
2025-04-27 11:21:05.755,1,99.73
2025-04-27 11:21:05.759,1,98.91
2025-04-27 11:21:05.763,1,97.55
2025-04-27 11:21:05.767,1,95.68
2025-04-27 11:21:05.771,1,93.3
2025-04-27 11:21:05.775,1,90.45
2025-04-27 11:21:05.779,1,87.16
2025-04-27 11:21:05.783,1,83.46
2025-04-27 11:21:05.787,1,79.39
2025-04-27 11:21:05.791,1,75.0
2025-04-27 11:21:05.795,1,70.34
2025-04-27 11:21:05.799,1,65.45
2025-04-27 11:21:05.803,1,60.4
2025-04-27 11:21:05.807,1,55.23
2025-04-27 11:21:05.811,1,50.0
2025-04-27 11:21:05.815,1,44.77
2025-04-27 11:21:05.819,1,39.6
2025-04-27 11:21:05.823,1,34.55
2025-04-27 11:21:05.827,1,29.66
2025-04-27 11:21:05.831,1,25.0
2025-04-27 11:21:05.835,1,20.61
2025-04-27 11:21:05.839,1,16.54
2025-04-27 11:21:05.843,1,12.84
2025-04-27 11:21:05.847,1,9.55
2025-04-27 11:21:05.851,1,6.7
2025-04-27 11:21:05.855,1,4.32
2025-04-27 11:21:05.859,1,2.45
2025-04-27 11:21:05.863,1,1.09
2025-04-27 11:21:05.867,1,0.27
2025-04-27 11:21:05.871,1,0.0
2025-04-27 11:21:05.875,1,0.27
2025-04-27 11:21:05.879,1,1.09
2025-04-27 11:21:05.883,1,2.45
2025-04-27 11:21:05.887,1,4.32
2025-04-27 11:21:05.891,1,6.7
2025-04-27 11:21:05.895,1,9.55
2025-04-27 11:21:05.899,1,12.84
2025-04-27 11:21:05.903,1,16.54
2025-04-27 11:21:05.907,1,20.61
2025-04-27 11:21:05.911,1,25.0
2025-04-27 11:21:05.915,1,29.66
2025-04-27 11:21:05.919,1,34.55
2025-04-27 11:21:05.923,1,39.6
2025-04-27 11:21:05.927,1,44.77
2025-04-27 11:21:05.931,1,50.0
2025-04-27 11:21:05.935,1,55.23
2025-04-27 11:21:05.939,1,60.4
2025-04-27 11:21:05.943,1,65.45
2025-04-27 11:21:05.947,1,70.34
2025-04-27 11:21:05.951,1,75.0
2025-04-27 11:21:05.955,1,79.39
2025-04-27 11:21:05.959,1,83.46
2025-04-27 11:21:05.963,1,87.16
2025-04-27 11:21:05.967,1,90.45
2025-04-27 11:21:05.971,1,93.3
2025-04-27 11:21:05.975,1,95.68
2025-04-27 11:21:05.979,1,97.55
2025-04-27 11:21:05.983,1,98.91
2025-04-27 11:21:05.987,1,99.73
2025-04-27 11:21:05.991,1,100.0
2025-04-27 11:21:05.995,1,99.73
2025-04-27 11:21:05.999,1,98.91
2025-04-27 11:21:06.004,1,97.55
2025-04-27 11:21:06.007,1,95.68
2025-04-27 11:21:06.011,1,93.3
2025-04-27 11:21:06.015,1,90.45
2025-04-27 11:21:06.019,1,87.16
2025-04-27 11:21:06.023,1,83.46
2025-04-27 11:21:06.027,1,79.39
2025-04-27 11:21:06.031,1,75.0
2025-04-27 11:21:06.035,1,70.34
2025-04-27 11:21:06.039,1,65.45
2025-04-27 11:21:06.043,1,60.4
2025-04-27 11:21:06.047,1,55.23
2025-04-27 11:21:06.051,1,50.0
2025-04-27 11:21:06.055,1,44.77
2025-04-27 11:21:06.059,1,39.6
2025-04-27 11:21:06.063,1,34.55
2025-04-27 11:21:06.067,1,29.66
2025-04-27 11:21:06.071,1,25.0
2025-04-27 11:21:06.075,1,20.61
2025-04-27 11:21:06.079,1,16.54
2025-04-27 11:21:06.083,1,12.84
2025-04-27 11:21:06.087,1,9.55
2025-04-27 11:21:06.091,1,6.7
2025-04-27 11:21:06.095,1,4.32
2025-04-27 11:21:06.099,1,2.45
2025-04-27 11:21:06.103,1,1.09
2025-04-27 11:21:06.107,1,0.27
2025-04-27 11:21:06.111,1,0.0
2025-04-27 11:21:06.115,1,0.27
2025-04-27 11:21:06.119,1,1.09
2025-04-27 11:21:06.123,1,2.45
2025-04-27 11:21:06.127,1,4.32
2025-04-27 11:21:06.131,1,6.7
2025-04-27 11:21:06.135,1,9.55
2025-04-27 11:21:06.139,1,12.84
2025-04-27 11:21:06.143,1,16.54
2025-04-27 11:21:06.147,1,20.61
2025-04-27 11:21:06.151,1,25.0
2025-04-27 11:21:06.155,1,29.66
2025-04-27 11:21:06.159,1,34.55
2025-04-27 11:21:06.163,1,39.6
2025-04-27 11:21:06.167,1,44.77
2025-04-27 11:21:06.171,1,50.0
2025-04-27 11:21:06.175,1,55.23
2025-04-27 11:21:06.179,1,60.4
2025-04-27 11:21:06.183,1,65.45
2025-04-27 11:21:06.187,1,70.34
2025-04-27 11:21:06.191,1,75.0
2025-04-27 11:21:06.195,1,79.39
2025-04-27 11:21:06.199,1,83.46
2025-04-27 11:21:06.203,1,87.16
2025-04-27 11:21:06.207,1,90.45
2025-04-27 11:21:06.211,1,93.3
2025-04-27 11:21:06.215,1,95.68
2025-04-27 11:21:06.219,1,97.55
2025-04-27 11:21:06.223,1,98.91
2025-04-27 11:21:06.227,1,99.73
2025-04-27 11:21:06.231,1,100.0
2025-04-27 11:21:06.235,1,99.73
2025-04-27 11:21:06.239,1,98.91
2025-04-27 11:21:06.243,1,97.55
2025-04-27 11:21:06.247,1,95.68
2025-04-27 11:21:06.252,1,93.3
2025-04-27 11:21:06.255,1,90.45
2025-04-27 11:21:06.259,1,87.16
2025-04-27 11:21:06.263,1,83.46
2025-04-27 11:21:06.267,1,79.39
2025-04-27 11:21:06.271,1,75.0
2025-04-27 11:21:06.275,1,70.34
2025-04-27 11:21:06.279,1,65.45
2025-04-27 11:21:06.283,1,60.4
2025-04-27 11:21:06.287,1,55.23
2025-04-27 11:21:06.291,1,50.0
2025-04-27 11:21:06.295,1,44.77
2025-04-27 11:21:06.299,1,39.6
2025-04-27 11:21:06.303,1,34.55
2025-04-27 11:21:06.307,1,29.66
2025-04-27 11:21:06.311,1,25.0
2025-04-27 11:21:06.315,1,20.61
2025-04-27 11:21:06.319,1,16.54
2025-04-27 11:21:06.323,1,12.84
2025-04-27 11:21:06.327,1,9.55
2025-04-27 11:21:06.331,1,6.7
2025-04-27 11:21:06.335,1,4.32
2025-04-27 11:21:06.339,1,2.45
2025-04-27 11:21:06.343,1,1.09
2025-04-27 11:21:06.347,1,0.27
2025-04-27 11:21:06.351,1,0.0
2025-04-27 11:21:06.355,1,0.27
2025-04-27 11:21:06.359,1,1.09
2025-04-27 11:21:06.363,1,2.45
2025-04-27 11:21:06.367,1,4.32
2025-04-27 11:21:06.371,1,6.7
2025-04-27 11:21:06.375,1,9.55
2025-04-27 11:21:06.379,1,12.84
2025-04-27 11:21:06.383,1,16.54
2025-04-27 11:21:06.387,1,20.61
2025-04-27 11:21:06.391,1,25.0
2025-04-27 11:21:06.395,1,29.66
2025-04-27 11:21:06.399,1,34.55
2025-04-27 11:21:06.403,1,39.6
2025-04-27 11:21:06.407,1,44.77
2025-04-27 11:21:06.411,1,50.0
2025-04-27 11:21:06.415,1,55.23
2025-04-27 11:21:06.419,1,60.4
2025-04-27 11:21:06.423,1,65.45
2025-04-27 11:21:06.427,1,70.34
2025-04-27 11:21:06.431,1,75.0
2025-04-27 11:21:06.435,1,79.39
2025-04-27 11:21:06.439,1,83.46
2025-04-27 11:21:06.443,1,87.16
2025-04-27 11:21:06.447,1,90.45
2025-04-27 11:21:06.451,1,93.3
2025-04-27 11:21:06.455,1,95.68
2025-04-27 11:21:06.459,1,97.55
2025-04-27 11:21:06.463,1,98.91
2025-04-27 11:21:06.467,1,99.73
2025-04-27 11:21:06.471,1,100.0
2025-04-27 11:21:06.475,1,99.73
2025-04-27 11:21:06.479,1,98.91
2025-04-27 11:21:06.483,1,97.55
2025-04-27 11:21:06.487,1,95.68
2025-04-27 11:21:06.491,1,93.3
2025-04-27 11:21:06.495,1,90.45
2025-04-27 11:21:06.499,1,87.16
2025-04-27 11:21:06.503,1,83.46
2025-04-27 11:21:06.507,1,79.39
2025-04-27 11:21:06.511,1,75.0
2025-04-27 11:21:06.515,1,70.34
2025-04-27 11:21:06.519,1,65.45
2025-04-27 11:21:06.523,1,60.4
2025-04-27 11:21:06.527,1,55.23
2025-04-27 11:21:06.531,1,50.0
2025-04-27 11:21:06.535,1,44.77
2025-04-27 11:21:06.539,1,39.6
2025-04-27 11:21:06.543,1,34.55
2025-04-27 11:21:06.547,1,29.66
2025-04-27 11:21:06.551,1,25.0
2025-04-27 11:21:06.555,1,20.61
2025-04-27 11:21:06.559,1,16.54
2025-04-27 11:21:06.563,1,12.84
2025-04-27 11:21:06.567,1,9.55
2025-04-27 11:21:06.571,1,6.7
2025-04-27 11:21:06.575,1,4.32
2025-04-27 11:21:06.579,1,2.45
2025-04-27 11:21:06.583,1,1.09
2025-04-27 11:21:06.587,1,0.27
2025-04-27 11:21:06.591,1,0.0
2025-04-27 11:21:06.595,1,0.27
2025-04-27 11:21:06.599,1,1.09
2025-04-27 11:21:06.603,1,2.45
2025-04-27 11:21:06.607,1,4.32
2025-04-27 11:21:06.611,1,6.7
2025-04-27 11:21:06.615,1,9.55
2025-04-27 11:21:06.619,1,12.84
2025-04-27 11:21:06.623,1,16.54
2025-04-27 11:21:06.627,1,20.61
2025-04-27 11:21:06.632,1,25.0
2025-04-27 11:21:06.635,1,29.66
2025-04-27 11:21:06.639,1,34.55
2025-04-27 11:21:06.643,1,39.6
2025-04-27 11:21:06.647,1,44.77
2025-04-27 11:21:06.651,1,50.0
2025-04-27 11:21:06.655,1,55.23
2025-04-27 11:21:06.659,1,60.4
2025-04-27 11:21:06.663,1,65.45
2025-04-27 11:21:06.667,1,70.34
2025-04-27 11:21:06.671,1,75.0
2025-04-27 11:21:06.675,1,79.39
2025-04-27 11:21:06.679,1,83.46
2025-04-27 11:21:06.683,1,87.16
2025-04-27 11:21:06.687,1,90.45
2025-04-27 11:21:06.691,1,93.3
2025-04-27 11:21:06.695,1,95.68
2025-04-27 11:21:06.699,1,97.55
2025-04-27 11:21:06.703,1,98.91
2025-04-27 11:21:06.707,1,99.73
2025-04-27 11:21:06.711,1,100.0
2025-04-27 11:21:06.715,1,99.73
2025-04-27 11:21:06.719,1,98.91
2025-04-27 11:21:06.723,1,97.55
2025-04-27 11:21:06.727,1,95.68
2025-04-27 11:21:06.731,1,93.3
2025-04-27 11:21:06.735,1,90.45
2025-04-27 11:21:06.739,1,87.16
2025-04-27 11:21:06.743,1,83.46
2025-04-27 11:21:06.747,1,79.39
2025-04-27 11:21:06.751,1,75.0
2025-04-27 11:21:06.755,1,70.34
2025-04-27 11:21:06.759,1,65.45
2025-04-27 11:21:06.763,1,60.4
2025-04-27 11:21:06.767,1,55.23
2025-04-27 11:21:06.771,1,50.0
2025-04-27 11:21:06.775,1,44.77
2025-04-27 11:21:06.779,1,39.6
2025-04-27 11:21:06.783,1,34.55
2025-04-27 11:21:06.787,1,29.66
2025-04-27 11:21:06.791,1,25.0
2025-04-27 11:21:06.795,1,20.61
2025-04-27 11:21:06.799,1,16.54
2025-04-27 11:21:06.803,1,12.84
2025-04-27 11:21:06.807,1,9.55
2025-04-27 11:21:06.811,1,6.7
2025-04-27 11:21:06.815,1,4.32
2025-04-27 11:21:06.819,1,2.45
2025-04-27 11:21:06.823,1,1.09
2025-04-27 11:21:06.827,1,0.27
2025-04-27 11:21:06.831,1,0.0
2025-04-27 11:21:06.835,1,0.27
2025-04-27 11:21:06.839,1,1.09
2025-04-27 11:21:06.843,1,2.45
2025-04-27 11:21:06.847,1,4.32
2025-04-27 11:21:06.851,1,6.7
2025-04-27 11:21:06.855,1,9.55
2025-04-27 11:21:06.859,1,12.84
2025-04-27 11:21:06.863,1,16.54
2025-04-27 11:21:06.867,1,20.61
2025-04-27 11:21:06.871,1,25.0
2025-04-27 11:21:06.875,1,29.66
2025-04-27 11:21:06.879,1,34.55
2025-04-27 11:21:06.883,1,39.6
2025-04-27 11:21:06.887,1,44.77
2025-04-27 11:21:06.891,1,50.0
2025-04-27 11:21:06.895,1,55.23
2025-04-27 11:21:06.899,1,60.4
2025-04-27 11:21:06.903,1,65.45
2025-04-27 11:21:06.907,1,70.34
2025-04-27 11:21:06.911,1,75.0
2025-04-27 11:21:06.915,1,79.39
2025-04-27 11:21:06.919,1,83.46
2025-04-27 11:21:06.923,1,87.16
2025-04-27 11:21:06.927,1,90.45
2025-04-27 11:21:06.931,1,93.3
2025-04-27 11:21:06.935,1,95.68
2025-04-27 11:21:06.939,1,97.55
2025-04-27 11:21:06.943,1,98.91
2025-04-27 11:21:06.947,1,99.73
2025-04-27 11:21:06.951,1,100.0
2025-04-27 11:21:06.955,1,99.73
2025-04-27 11:21:06.959,1,98.91
2025-04-27 11:21:06.963,1,97.55
2025-04-27 11:21:06.967,1,95.68
2025-04-27 11:21:06.971,1,93.3
2025-04-27 11:21:06.975,1,90.45
2025-04-27 11:21:06.979,1,87.16
2025-04-27 11:21:06.983,1,83.46
2025-04-27 11:21:06.987,1,79.39
2025-04-27 11:21:06.991,1,75.0
2025-04-27 11:21:06.995,1,70.34
2025-04-27 11:21:06.999,1,65.45
2025-04-27 11:21:07.003,1,60.4
2025-04-27 11:21:07.007,1,55.23
2025-04-27 11:21:07.011,1,50.0
2025-04-27 11:21:07.015,1,44.77
2025-04-27 11:21:07.019,1,39.6
2025-04-27 11:21:07.023,1,34.55
2025-04-27 11:21:07.027,1,29.66
2025-04-27 11:21:07.031,1,25.0
2025-04-27 11:21:07.035,1,20.61
2025-04-27 11:21:07.039,1,16.54
2025-04-27 11:21:07.043,1,12.84
2025-04-27 11:21:07.047,1,9.55
2025-04-27 11:21:07.051,1,6.7
2025-04-27 11:21:07.055,1,4.32
2025-04-27 11:21:07.059,1,2.45
2025-04-27 11:21:07.063,1,1.09
2025-04-27 11:21:07.067,1,0.27
2025-04-27 11:21:07.071,1,0.0
2025-04-27 11:21:07.075,1,0.27
2025-04-27 11:21:07.079,1,1.09
2025-04-27 11:21:07.083,1,2.45
2025-04-27 11:21:07.087,1,4.32
2025-04-27 11:21:07.091,1,6.7
2025-04-27 11:21:07.095,1,9.55
2025-04-27 11:21:07.099,1,12.84
2025-04-27 11:21:07.103,1,16.54
2025-04-27 11:21:07.107,1,20.61
2025-04-27 11:21:07.111,1,25.0
2025-04-27 11:21:07.115,1,29.66
2025-04-27 11:21:07.119,1,34.55
2025-04-27 11:21:07.123,1,39.6
2025-04-27 11:21:07.127,1,44.77
2025-04-27 11:21:07.131,1,50.0
2025-04-27 11:21:07.135,1,55.23
2025-04-27 11:21:07.139,1,60.4
2025-04-27 11:21:07.143,1,65.45
2025-04-27 11:21:07.147,1,70.34
2025-04-27 11:21:07.151,1,75.0
2025-04-27 11:21:07.155,1,79.39
2025-04-27 11:21:07.159,1,83.46
2025-04-27 11:21:07.163,1,87.16
2025-04-27 11:21:07.167,1,90.45
2025-04-27 11:21:07.171,1,93.3
2025-04-27 11:21:07.175,1,95.68
2025-04-27 11:21:07.179,1,97.55
2025-04-27 11:21:07.183,1,98.91
2025-04-27 11:21:07.187,1,99.73
2025-04-27 11:21:07.191,1,100.0
2025-04-27 11:21:07.195,1,99.73
2025-04-27 11:21:07.199,1,98.91
2025-04-27 11:21:07.203,1,97.55
2025-04-27 11:21:07.207,1,95.68
2025-04-27 11:21:07.211,1,93.3
2025-04-27 11:21:07.215,1,90.45
2025-04-27 11:21:07.219,1,87.16
2025-04-27 11:21:07.223,1,83.46
2025-04-27 11:21:07.227,1,79.39
2025-04-27 11:21:07.231,1,75.0
2025-04-27 11:21:07.235,1,70.34
2025-04-27 11:21:07.239,1,65.45
2025-04-27 11:21:07.243,1,60.4
2025-04-27 11:21:07.247,1,55.23
2025-04-27 11:21:07.251,1,50.0
2025-04-27 11:21:07.255,1,44.77
2025-04-27 11:21:07.259,1,39.6
2025-04-27 11:21:07.263,1,34.55
2025-04-27 11:21:07.267,1,29.66
2025-04-27 11:21:07.271,1,25.0
2025-04-27 11:21:07.275,1,20.61
2025-04-27 11:21:07.279,1,16.54
2025-04-27 11:21:07.283,1,12.84
2025-04-27 11:21:07.287,1,9.55
2025-04-27 11:21:07.291,1,6.7
2025-04-27 11:21:07.295,1,4.32
2025-04-27 11:21:07.299,1,2.45
2025-04-27 11:21:07.303,1,1.09
2025-04-27 11:21:07.307,1,0.27
2025-04-27 11:21:07.311,1,0.0
2025-04-27 11:21:07.315,1,0.27
2025-04-27 11:21:07.319,1,1.09
2025-04-27 11:21:07.323,1,2.45
2025-04-27 11:21:07.327,1,4.32
2025-04-27 11:21:07.331,1,6.7
2025-04-27 11:21:07.335,1,9.55
2025-04-27 11:21:07.339,1,12.84
2025-04-27 11:21:07.343,1,16.54
2025-04-27 11:21:07.347,1,20.61
2025-04-27 11:21:07.351,1,25.0
2025-04-27 11:21:07.355,1,29.66
2025-04-27 11:21:07.359,1,34.55
2025-04-27 11:21:07.363,1,39.6
2025-04-27 11:21:07.367,1,44.77
2025-04-27 11:21:07.371,1,50.0
2025-04-27 11:21:07.375,1,55.23
2025-04-27 11:21:07.379,1,60.4
2025-04-27 11:21:07.383,1,65.45
2025-04-27 11:21:07.387,1,70.34
2025-04-27 11:21:07.391,1,75.0
2025-04-27 11:21:07.395,1,79.39
2025-04-27 11:21:07.399,1,83.46
2025-04-27 11:21:07.403,1,87.16
2025-04-27 11:21:07.407,1,90.45
2025-04-27 11:21:07.411,1,93.3
2025-04-27 11:21:07.415,1,95.68
2025-04-27 11:21:07.419,1,97.55
2025-04-27 11:21:07.423,1,98.91
2025-04-27 11:21:07.427,1,99.73
2025-04-27 11:21:07.431,1,100.0
2025-04-27 11:21:07.435,1,99.73
2025-04-27 11:21:07.439,1,98.91
2025-04-27 11:21:07.443,1,97.55
2025-04-27 11:21:07.447,1,95.68
2025-04-27 11:21:07.451,1,93.3
2025-04-27 11:21:07.455,1,90.45
2025-04-27 11:21:07.459,1,87.16
2025-04-27 11:21:07.463,1,83.46
2025-04-27 11:21:07.467,1,79.39
2025-04-27 11:21:07.471,1,75.0
2025-04-27 11:21:07.475,1,70.34
2025-04-27 11:21:07.479,1,65.45
2025-04-27 11:21:07.483,1,60.4
2025-04-27 11:21:07.487,1,55.23
2025-04-27 11:21:07.491,1,50.0
2025-04-27 11:21:07.495,1,44.77
2025-04-27 11:21:07.499,1,39.6
2025-04-27 11:21:07.503,1,34.55
2025-04-27 11:21:07.507,1,29.66
2025-04-27 11:21:07.511,1,25.0
2025-04-27 11:21:07.515,1,20.61
2025-04-27 11:21:07.519,1,16.54
2025-04-27 11:21:07.523,1,12.84
2025-04-27 11:21:07.527,1,9.55
2025-04-27 11:21:07.531,1,6.7
2025-04-27 11:21:07.535,1,4.32
2025-04-27 11:21:07.539,1,2.45
2025-04-27 11:21:07.543,1,1.09
2025-04-27 11:21:07.547,1,0.27
2025-04-27 11:21:07.551,1,0.0
2025-04-27 11:21:07.555,1,0.27
2025-04-27 11:21:07.559,1,1.09
2025-04-27 11:21:07.563,1,2.45
2025-04-27 11:21:07.567,1,4.32
2025-04-27 11:21:07.571,1,6.7
2025-04-27 11:21:07.575,1,9.55
2025-04-27 11:21:07.579,1,12.84
2025-04-27 11:21:07.583,1,16.54
2025-04-27 11:21:07.587,1,20.61
2025-04-27 11:21:07.591,1,25.0
2025-04-27 11:21:07.595,1,29.66
2025-04-27 11:21:07.599,1,34.55
2025-04-27 11:21:07.603,1,39.6
2025-04-27 11:21:07.607,1,44.77
2025-04-27 11:21:07.611,1,50.0
2025-04-27 11:21:07.615,1,55.23
2025-04-27 11:21:07.619,1,60.4
2025-04-27 11:21:07.623,1,65.45
2025-04-27 11:21:07.627,1,70.34
2025-04-27 11:21:07.631,1,75.0
2025-04-27 11:21:07.635,1,79.39
2025-04-27 11:21:07.639,1,83.46
2025-04-27 11:21:07.643,1,87.16
2025-04-27 11:21:07.647,1,90.45
2025-04-27 11:21:07.652,1,93.3
2025-04-27 11:21:07.655,1,95.68
2025-04-27 11:21:07.659,1,97.55
2025-04-27 11:21:07.663,1,98.91
2025-04-27 11:21:07.667,1,99.73
2025-04-27 11:21:07.671,1,100.0
2025-04-27 11:21:07.675,1,99.73
2025-04-27 11:21:07.679,1,98.91
2025-04-27 11:21:07.683,1,97.55
2025-04-27 11:21:07.687,1,95.68
2025-04-27 11:21:07.691,1,93.3
2025-04-27 11:21:07.695,1,90.45
2025-04-27 11:21:07.699,1,87.16
2025-04-27 11:21:07.703,1,83.46
2025-04-27 11:21:07.707,1,79.39
2025-04-27 11:21:07.711,1,75.0
2025-04-27 11:21:07.715,1,70.34
2025-04-27 11:21:07.719,1,65.45
2025-04-27 11:21:07.723,1,60.4
2025-04-27 11:21:07.727,1,55.23
2025-04-27 11:21:07.731,1,50.0
2025-04-27 11:21:07.735,1,44.77
2025-04-27 11:21:07.739,1,39.6
2025-04-27 11:21:07.743,1,34.55
2025-04-27 11:21:07.747,1,29.66
2025-04-27 11:21:07.751,1,25.0
2025-04-27 11:21:07.755,1,20.61
2025-04-27 11:21:07.759,1,16.54
2025-04-27 11:21:07.763,1,12.84
2025-04-27 11:21:07.767,1,9.55
2025-04-27 11:21:07.771,1,6.7
2025-04-27 11:21:07.775,1,4.32
2025-04-27 11:21:07.779,1,2.45
2025-04-27 11:21:07.783,1,1.09
2025-04-27 11:21:07.787,1,0.27
2025-04-27 11:21:07.791,1,0.0
2025-04-27 11:21:07.795,1,0.27
2025-04-27 11:21:07.799,1,1.09
2025-04-27 11:21:07.803,1,2.45
2025-04-27 11:21:07.807,1,4.32
2025-04-27 11:21:07.811,1,6.7
2025-04-27 11:21:07.815,1,9.55
2025-04-27 11:21:07.819,1,12.84
2025-04-27 11:21:07.823,1,16.54
2025-04-27 11:21:07.827,1,20.61
2025-04-27 11:21:07.831,1,25.0
2025-04-27 11:21:07.835,1,29.66
2025-04-27 11:21:07.839,1,34.55
2025-04-27 11:21:07.843,1,39.6
2025-04-27 11:21:07.847,1,44.77
2025-04-27 11:21:07.851,1,50.0
2025-04-27 11:21:07.855,1,55.23
2025-04-27 11:21:07.859,1,60.4
2025-04-27 11:21:07.863,1,65.45
2025-04-27 11:21:07.867,1,70.34
2025-04-27 11:21:07.871,1,75.0
2025-04-27 11:21:07.875,1,79.39
2025-04-27 11:21:07.879,1,83.46
2025-04-27 11:21:07.883,1,87.16
2025-04-27 11:21:07.887,1,90.45
2025-04-27 11:21:07.891,1,93.3
2025-04-27 11:21:07.895,1,95.68
2025-04-27 11:21:07.899,1,97.55
2025-04-27 11:21:07.903,1,98.91
2025-04-27 11:21:07.907,1,99.73
2025-04-27 11:21:07.911,1,100.0
2025-04-27 11:21:07.915,1,99.73
2025-04-27 11:21:07.919,1,98.91
2025-04-27 11:21:07.923,1,97.55
2025-04-27 11:21:07.927,1,95.68
2025-04-27 11:21:07.931,1,93.3
2025-04-27 11:21:07.935,1,90.45
2025-04-27 11:21:07.939,1,87.16
2025-04-27 11:21:07.943,1,83.46
2025-04-27 11:21:07.947,1,79.39
2025-04-27 11:21:07.951,1,75.0
2025-04-27 11:21:07.955,1,70.34
2025-04-27 11:21:07.959,1,65.45
2025-04-27 11:21:07.963,1,60.4
2025-04-27 11:21:07.967,1,55.23
2025-04-27 11:21:07.971,1,50.0
2025-04-27 11:21:07.975,1,44.77
2025-04-27 11:21:07.979,1,39.6
2025-04-27 11:21:07.983,1,34.55
2025-04-27 11:21:07.987,1,29.66
2025-04-27 11:21:07.991,1,25.0
2025-04-27 11:21:07.995,1,20.61
2025-04-27 11:21:07.999,1,16.54
2025-04-27 11:21:08.003,1,12.84
2025-04-27 11:21:08.007,1,9.55
2025-04-27 11:21:08.011,1,6.7
2025-04-27 11:21:08.015,1,4.32
2025-04-27 11:21:08.019,1,2.45
2025-04-27 11:21:08.023,1,1.09
2025-04-27 11:21:08.027,1,0.27
2025-04-27 11:21:08.031,1,0.0
2025-04-27 11:21:08.035,1,0.27
2025-04-27 11:21:08.039,1,1.09
2025-04-27 11:21:08.043,1,2.45
2025-04-27 11:21:08.047,1,4.32
2025-04-27 11:21:08.051,1,6.7
2025-04-27 11:21:08.055,1,9.55
2025-04-27 11:21:08.059,1,12.84
2025-04-27 11:21:08.063,1,16.54
2025-04-27 11:21:08.067,1,20.61
2025-04-27 11:21:08.071,1,25.0
2025-04-27 11:21:08.076,1,29.66
2025-04-27 11:21:08.079,1,34.55
2025-04-27 11:21:08.083,1,39.6
2025-04-27 11:21:08.087,1,44.77
2025-04-27 11:21:08.091,1,50.0
2025-04-27 11:21:08.095,1,55.23
2025-04-27 11:21:08.099,1,60.4
2025-04-27 11:21:08.103,1,65.45
2025-04-27 11:21:08.107,1,70.34
2025-04-27 11:21:08.111,1,75.0
2025-04-27 11:21:08.115,1,79.39
2025-04-27 11:21:08.119,1,83.46
2025-04-27 11:21:08.123,1,87.16
2025-04-27 11:21:08.127,1,90.45
2025-04-27 11:21:08.131,1,93.3
2025-04-27 11:21:08.135,1,95.68
2025-04-27 11:21:08.139,1,97.55
2025-04-27 11:21:08.143,1,98.91
2025-04-27 11:21:08.147,1,99.73
2025-04-27 11:21:08.151,1,100.0
2025-04-27 11:21:08.155,1,99.73
2025-04-27 11:21:08.159,1,98.91
2025-04-27 11:21:08.163,1,97.55
2025-04-27 11:21:08.167,1,95.68
2025-04-27 11:21:08.171,1,93.3
2025-04-27 11:21:08.175,1,90.45
2025-04-27 11:21:08.179,1,87.16
2025-04-27 11:21:08.183,1,83.46
2025-04-27 11:21:08.187,1,79.39
2025-04-27 11:21:08.191,1,75.0
2025-04-27 11:21:08.195,1,70.34
2025-04-27 11:21:08.199,1,65.45
2025-04-27 11:21:08.203,1,60.4
2025-04-27 11:21:08.207,1,55.23
2025-04-27 11:21:08.211,1,50.0
2025-04-27 11:21:08.215,1,44.77
2025-04-27 11:21:08.219,1,39.6
2025-04-27 11:21:08.223,1,34.55
2025-04-27 11:21:08.227,1,29.66
2025-04-27 11:21:08.231,1,25.0
2025-04-27 11:21:08.235,1,20.61
2025-04-27 11:21:08.239,1,16.54
2025-04-27 11:21:08.243,1,12.84
2025-04-27 11:21:08.247,1,9.55
2025-04-27 11:21:08.251,1,6.7
2025-04-27 11:21:08.255,1,4.32
2025-04-27 11:21:08.259,1,2.45
2025-04-27 11:21:08.263,1,1.09
2025-04-27 11:21:08.267,1,0.27
2025-04-27 11:21:08.271,1,0.0
2025-04-27 11:21:08.275,1,0.27
2025-04-27 11:21:08.279,1,1.09
2025-04-27 11:21:08.283,1,2.45
2025-04-27 11:21:08.287,1,4.32
2025-04-27 11:21:08.291,1,6.7
2025-04-27 11:21:08.295,1,9.55
2025-04-27 11:21:08.299,1,12.84
2025-04-27 11:21:08.303,1,16.54
2025-04-27 11:21:08.307,1,20.61
2025-04-27 11:21:08.311,1,25.0
2025-04-27 11:21:08.315,1,29.66
2025-04-27 11:21:08.319,1,34.55
2025-04-27 11:21:08.323,1,39.6
2025-04-27 11:21:08.327,1,44.77
2025-04-27 11:21:08.331,1,50.0
2025-04-27 11:21:08.335,1,55.23
2025-04-27 11:21:08.339,1,60.4
2025-04-27 11:21:08.343,1,65.45
2025-04-27 11:21:08.347,1,70.34
2025-04-27 11:21:08.351,1,75.0
2025-04-27 11:21:08.355,1,79.39
2025-04-27 11:21:08.359,1,83.46
2025-04-27 11:21:08.363,1,87.16
2025-04-27 11:21:08.367,1,90.45
2025-04-27 11:21:08.371,1,93.3
2025-04-27 11:21:08.375,1,95.68
2025-04-27 11:21:08.379,1,97.55
2025-04-27 11:21:08.383,1,98.91
2025-04-27 11:21:08.387,1,99.73
2025-04-27 11:21:08.391,1,100.0
2025-04-27 11:21:08.395,1,99.73
2025-04-27 11:21:08.399,1,98.91
2025-04-27 11:21:08.403,1,97.55
2025-04-27 11:21:08.407,1,95.68
2025-04-27 11:21:08.411,1,93.3
2025-04-27 11:21:08.415,1,90.45
2025-04-27 11:21:08.419,1,87.16
2025-04-27 11:21:08.423,1,83.46
2025-04-27 11:21:08.427,1,79.39
2025-04-27 11:21:08.431,1,75.0
2025-04-27 11:21:08.435,1,70.34
2025-04-27 11:21:08.439,1,65.45
2025-04-27 11:21:08.443,1,60.4
2025-04-27 11:21:08.447,1,55.23
2025-04-27 11:21:08.451,1,50.0
2025-04-27 11:21:08.455,1,44.77
2025-04-27 11:21:08.459,1,39.6
2025-04-27 11:21:08.463,1,34.55
2025-04-27 11:21:08.467,1,29.66
2025-04-27 11:21:08.471,1,25.0
2025-04-27 11:21:08.475,1,20.61
2025-04-27 11:21:08.479,1,16.54
2025-04-27 11:21:08.483,1,12.84
2025-04-27 11:21:08.487,1,9.55
2025-04-27 11:21:08.491,1,6.7
2025-04-27 11:21:08.495,1,4.32
2025-04-27 11:21:08.499,1,2.45
2025-04-27 11:21:08.503,1,1.09
2025-04-27 11:21:08.507,1,0.27
2025-04-27 11:21:08.511,1,0.0
2025-04-27 11:21:08.515,1,0.27
2025-04-27 11:21:08.519,1,1.09
2025-04-27 11:21:08.523,1,2.45
2025-04-27 11:21:08.527,1,4.32
2025-04-27 11:21:08.531,1,6.7
2025-04-27 11:21:08.535,1,9.55
2025-04-27 11:21:08.539,1,12.84
2025-04-27 11:21:08.543,1,16.54
2025-04-27 11:21:08.547,1,20.61
2025-04-27 11:21:08.551,1,25.0
2025-04-27 11:21:08.555,1,29.66
2025-04-27 11:21:08.559,1,34.55
2025-04-27 11:21:08.563,1,39.6
2025-04-27 11:21:08.567,1,44.77
2025-04-27 11:21:08.571,1,50.0
2025-04-27 11:21:08.575,1,55.23
2025-04-27 11:21:08.579,1,60.4
2025-04-27 11:21:08.583,1,65.45
2025-04-27 11:21:08.587,1,70.34
2025-04-27 11:21:08.591,1,75.0
2025-04-27 11:21:08.595,1,79.39
2025-04-27 11:21:08.599,1,83.46
2025-04-27 11:21:08.603,1,87.16
2025-04-27 11:21:08.607,1,90.45
2025-04-27 11:21:08.611,1,93.3
2025-04-27 11:21:08.615,1,95.68
2025-04-27 11:21:08.619,1,97.55
2025-04-27 11:21:08.623,1,98.91
2025-04-27 11:21:08.627,1,99.73
2025-04-27 11:21:08.631,1,100.0
2025-04-27 11:21:08.635,1,99.73
2025-04-27 11:21:08.639,1,98.91
2025-04-27 11:21:08.643,1,97.55
2025-04-27 11:21:08.647,1,95.68
2025-04-27 11:21:08.651,1,93.3
2025-04-27 11:21:08.655,1,90.45
2025-04-27 11:21:08.659,1,87.16
2025-04-27 11:21:08.663,1,83.46
2025-04-27 11:21:08.667,1,79.39
2025-04-27 11:21:08.671,1,75.0
2025-04-27 11:21:08.675,1,70.34
2025-04-27 11:21:08.679,1,65.45
2025-04-27 11:21:08.683,1,60.4
2025-04-27 11:21:08.687,1,55.23
2025-04-27 11:21:08.691,1,50.0
2025-04-27 11:21:08.695,1,44.77
2025-04-27 11:21:08.699,1,39.6
2025-04-27 11:21:08.703,1,34.55
2025-04-27 11:21:08.707,1,29.66
2025-04-27 11:21:08.711,1,25.0
2025-04-27 11:21:08.715,1,20.61
2025-04-27 11:21:08.719,1,16.54
2025-04-27 11:21:08.723,1,12.84
2025-04-27 11:21:08.727,1,9.55
2025-04-27 11:21:08.731,1,6.7
2025-04-27 11:21:08.735,1,4.32
2025-04-27 11:21:08.739,1,2.45
2025-04-27 11:21:08.743,1,1.09
2025-04-27 11:21:08.747,1,0.27
2025-04-27 11:21:08.751,1,0.0
2025-04-27 11:21:08.755,1,0.27
2025-04-27 11:21:08.759,1,1.09
2025-04-27 11:21:08.763,1,2.45
2025-04-27 11:21:08.767,1,4.32
2025-04-27 11:21:08.771,1,6.7
2025-04-27 11:21:08.775,1,9.55
2025-04-27 11:21:08.779,1,12.84
2025-04-27 11:21:08.783,1,16.54
2025-04-27 11:21:08.787,1,20.61
2025-04-27 11:21:08.791,1,25.0
2025-04-27 11:21:08.795,1,29.66
2025-04-27 11:21:08.799,1,34.55
2025-04-27 11:21:08.803,1,39.6
2025-04-27 11:21:08.807,1,44.77
2025-04-27 11:21:08.811,1,50.0
2025-04-27 11:21:08.815,1,55.23
2025-04-27 11:21:08.819,1,60.4
2025-04-27 11:21:08.823,1,65.45
2025-04-27 11:21:08.827,1,70.34
2025-04-27 11:21:08.831,1,75.0
2025-04-27 11:21:08.835,1,79.39
2025-04-27 11:21:08.839,1,83.46
2025-04-27 11:21:08.843,1,87.16
2025-04-27 11:21:08.847,1,90.45
2025-04-27 11:21:08.851,1,93.3
2025-04-27 11:21:08.855,1,95.68
2025-04-27 11:21:08.859,1,97.55
2025-04-27 11:21:08.863,1,98.91
2025-04-27 11:21:08.867,1,99.73
2025-04-27 11:21:08.871,1,100.0
2025-04-27 11:21:08.875,1,99.73
2025-04-27 11:21:08.879,1,98.91
2025-04-27 11:21:08.883,1,97.55
2025-04-27 11:21:08.887,1,95.68
2025-04-27 11:21:08.891,1,93.3
2025-04-27 11:21:08.895,1,90.45
2025-04-27 11:21:08.899,1,87.16
2025-04-27 11:21:08.903,1,83.46
2025-04-27 11:21:08.907,1,79.39
2025-04-27 11:21:08.911,1,75.0
2025-04-27 11:21:08.915,1,70.34
2025-04-27 11:21:08.919,1,65.45
2025-04-27 11:21:08.923,1,60.4
2025-04-27 11:21:08.927,1,55.23
2025-04-27 11:21:08.931,1,50.0
2025-04-27 11:21:08.935,1,44.77
2025-04-27 11:21:08.939,1,39.6
2025-04-27 11:21:08.943,1,34.55
2025-04-27 11:21:08.947,1,29.66
2025-04-27 11:21:08.951,1,25.0
2025-04-27 11:21:08.955,1,20.61
2025-04-27 11:21:08.959,1,16.54
2025-04-27 11:21:08.963,1,12.84
2025-04-27 11:21:08.967,1,9.55
2025-04-27 11:21:08.971,1,6.7
2025-04-27 11:21:08.975,1,4.32
2025-04-27 11:21:08.979,1,2.45
2025-04-27 11:21:08.983,1,1.09
2025-04-27 11:21:08.987,1,0.27
2025-04-27 11:21:08.991,1,0.0
2025-04-27 11:21:08.995,1,0.27
2025-04-27 11:21:08.999,1,1.09
2025-04-27 11:21:09.003,1,2.45
2025-04-27 11:21:09.007,1,4.32
2025-04-27 11:21:09.011,1,6.7
2025-04-27 11:21:09.015,1,9.55
2025-04-27 11:21:09.019,1,12.84
2025-04-27 11:21:09.023,1,16.54
2025-04-27 11:21:09.027,1,20.61
2025-04-27 11:21:09.031,1,25.0
2025-04-27 11:21:09.035,1,29.66
2025-04-27 11:21:09.039,1,34.55
2025-04-27 11:21:09.043,1,39.6
2025-04-27 11:21:09.047,1,44.77
2025-04-27 11:21:09.051,1,50.0
2025-04-27 11:21:09.055,1,55.23
2025-04-27 11:21:09.059,1,60.4
2025-04-27 11:21:09.063,1,65.45
2025-04-27 11:21:09.067,1,70.34
2025-04-27 11:21:09.071,1,75.0
2025-04-27 11:21:09.075,1,79.39
2025-04-27 11:21:09.079,1,83.46
2025-04-27 11:21:09.083,1,87.16
2025-04-27 11:21:09.087,1,90.45
2025-04-27 11:21:09.091,1,93.3
2025-04-27 11:21:09.095,1,95.68
2025-04-27 11:21:09.099,1,97.55
2025-04-27 11:21:09.103,1,98.91
2025-04-27 11:21:09.107,1,99.73
2025-04-27 11:21:09.111,1,100.0
2025-04-27 11:21:09.115,1,99.73
2025-04-27 11:21:09.119,1,98.91
2025-04-27 11:21:09.123,1,97.55
2025-04-27 11:21:09.127,1,95.68
2025-04-27 11:21:09.131,1,93.3
2025-04-27 11:21:09.135,1,90.45
2025-04-27 11:21:09.139,1,87.16
2025-04-27 11:21:09.143,1,83.46
2025-04-27 11:21:09.147,1,79.39
2025-04-27 11:21:09.151,1,75.0
2025-04-27 11:21:09.155,1,70.34
2025-04-27 11:21:09.159,1,65.45
2025-04-27 11:21:09.163,1,60.4
2025-04-27 11:21:09.167,1,55.23
2025-04-27 11:21:09.171,1,50.0
2025-04-27 11:21:09.175,1,44.77
2025-04-27 11:21:09.179,1,39.6
2025-04-27 11:21:09.183,1,34.55
2025-04-27 11:21:09.187,1,29.66
2025-04-27 11:21:09.191,1,25.0
2025-04-27 11:21:09.195,1,20.61
2025-04-27 11:21:09.199,1,16.54
2025-04-27 11:21:09.203,1,12.84
2025-04-27 11:21:09.207,1,9.55
2025-04-27 11:21:09.211,1,6.7
2025-04-27 11:21:09.215,1,4.32
2025-04-27 11:21:09.219,1,2.45
2025-04-27 11:21:09.223,1,1.09
2025-04-27 11:21:09.227,1,0.27
2025-04-27 11:21:09.231,1,0.0
2025-04-27 11:21:09.235,1,0.27
2025-04-27 11:21:09.239,1,1.09
2025-04-27 11:21:09.243,1,2.45
2025-04-27 11:21:09.247,1,4.32
2025-04-27 11:21:09.251,1,6.7
2025-04-27 11:21:09.255,1,9.55
2025-04-27 11:21:09.259,1,12.84
2025-04-27 11:21:09.263,1,16.54
2025-04-27 11:21:09.267,1,20.61
2025-04-27 11:21:09.271,1,25.0
2025-04-27 11:21:09.275,1,29.66
2025-04-27 11:21:09.279,1,34.55
2025-04-27 11:21:09.283,1,39.6
2025-04-27 11:21:09.287,1,44.77
2025-04-27 11:21:09.291,1,50.0
2025-04-27 11:21:09.295,1,55.23
2025-04-27 11:21:09.299,1,60.4
2025-04-27 11:21:09.303,1,65.45
2025-04-27 11:21:09.307,1,70.34
2025-04-27 11:21:09.311,1,75.0
2025-04-27 11:21:09.315,1,79.39
2025-04-27 11:21:09.319,1,83.46
2025-04-27 11:21:09.323,1,87.16
2025-04-27 11:21:09.327,1,90.45
2025-04-27 11:21:09.332,1,93.3
2025-04-27 11:21:09.335,1,95.68
2025-04-27 11:21:09.339,1,97.55
2025-04-27 11:21:09.343,1,98.91
2025-04-27 11:21:09.347,1,99.73
2025-04-27 11:21:09.351,1,100.0
2025-04-27 11:21:09.355,1,99.73
2025-04-27 11:21:09.359,1,98.91
2025-04-27 11:21:09.363,1,97.55
2025-04-27 11:21:09.367,1,95.68
2025-04-27 11:21:09.371,1,93.3
2025-04-27 11:21:09.375,1,90.45
2025-04-27 11:21:09.379,1,87.16
2025-04-27 11:21:09.383,1,83.46
2025-04-27 11:21:09.387,1,79.39
2025-04-27 11:21:09.391,1,75.0
2025-04-27 11:21:09.395,1,70.34
2025-04-27 11:21:09.399,1,65.45
2025-04-27 11:21:09.403,1,60.4
2025-04-27 11:21:09.407,1,55.23
2025-04-27 11:21:09.411,1,50.0
2025-04-27 11:21:09.415,1,44.77
2025-04-27 11:21:09.419,1,39.6
2025-04-27 11:21:09.423,1,34.55
2025-04-27 11:21:09.427,1,29.66
2025-04-27 11:21:09.431,1,25.0
2025-04-27 11:21:09.435,1,20.61
2025-04-27 11:21:09.439,1,16.54
2025-04-27 11:21:09.443,1,12.84
2025-04-27 11:21:09.447,1,9.55
2025-04-27 11:21:09.451,1,6.7
2025-04-27 11:21:09.455,1,4.32
2025-04-27 11:21:09.459,1,2.45
2025-04-27 11:21:09.463,1,1.09
2025-04-27 11:21:09.467,1,0.27
2025-04-27 11:21:09.471,1,0.0
2025-04-27 11:21:09.475,1,0.27
2025-04-27 11:21:09.479,1,1.09
2025-04-27 11:21:09.483,1,2.45
2025-04-27 11:21:09.487,1,4.32
2025-04-27 11:21:09.491,1,6.7
2025-04-27 11:21:09.495,1,9.55
2025-04-27 11:21:09.499,1,12.84
2025-04-27 11:21:09.503,1,16.54
2025-04-27 11:21:09.507,1,20.61
2025-04-27 11:21:09.511,1,25.0
2025-04-27 11:21:09.515,1,29.66
2025-04-27 11:21:09.519,1,34.55
2025-04-27 11:21:09.523,1,39.6
2025-04-27 11:21:09.527,1,44.77
2025-04-27 11:21:09.531,1,50.0
2025-04-27 11:21:09.535,1,55.23
2025-04-27 11:21:09.539,1,60.4
2025-04-27 11:21:09.543,1,65.45
2025-04-27 11:21:09.547,1,70.34
2025-04-27 11:21:09.551,1,75.0
2025-04-27 11:21:09.555,1,79.39
2025-04-27 11:21:09.559,1,83.46
2025-04-27 11:21:09.563,1,87.16
2025-04-27 11:21:09.567,1,90.45
2025-04-27 11:21:09.571,1,93.3
2025-04-27 11:21:09.575,1,95.68
2025-04-27 11:21:09.579,1,97.55
2025-04-27 11:21:09.583,1,98.91
2025-04-27 11:21:09.587,1,99.73
2025-04-27 11:21:09.591,1,100.0
2025-04-27 11:21:09.595,1,99.73
2025-04-27 11:21:09.599,1,98.91
2025-04-27 11:21:09.603,1,97.55
2025-04-27 11:21:09.607,1,95.68
2025-04-27 11:21:09.611,1,93.3
2025-04-27 11:21:09.615,1,90.45
2025-04-27 11:21:09.619,1,87.16
2025-04-27 11:21:09.623,1,83.46
2025-04-27 11:21:09.627,1,79.39
2025-04-27 11:21:09.631,1,75.0
2025-04-27 11:21:09.635,1,70.34
2025-04-27 11:21:09.639,1,65.45
2025-04-27 11:21:09.643,1,60.4
2025-04-27 11:21:09.647,1,55.23
2025-04-27 11:21:09.651,1,50.0
2025-04-27 11:21:09.655,1,44.77
2025-04-27 11:21:09.659,1,39.6
2025-04-27 11:21:09.663,1,34.55
2025-04-27 11:21:09.667,1,29.66
2025-04-27 11:21:09.671,1,25.0
2025-04-27 11:21:09.675,1,20.61
2025-04-27 11:21:09.679,1,16.54
2025-04-27 11:21:09.683,1,12.84
2025-04-27 11:21:09.687,1,9.55
2025-04-27 11:21:09.691,1,6.7
2025-04-27 11:21:09.695,1,4.32
2025-04-27 11:21:09.699,1,2.45
2025-04-27 11:21:09.703,1,1.09
2025-04-27 11:21:09.707,1,0.27
2025-04-27 11:21:09.711,1,0.0
2025-04-27 11:21:09.715,1,0.27
2025-04-27 11:21:09.719,1,1.09
2025-04-27 11:21:09.723,1,2.45
2025-04-27 11:21:09.727,1,4.32
2025-04-27 11:21:09.731,1,6.7
2025-04-27 11:21:09.735,1,9.55
2025-04-27 11:21:09.739,1,12.84
2025-04-27 11:21:09.743,1,16.54
2025-04-27 11:21:09.747,1,20.61
2025-04-27 11:21:09.751,1,25.0
2025-04-27 11:21:09.755,1,29.66
2025-04-27 11:21:09.759,1,34.55
2025-04-27 11:21:09.763,1,39.6
2025-04-27 11:21:09.767,1,44.77
2025-04-27 11:21:09.771,1,50.0
2025-04-27 11:21:09.775,1,55.23
2025-04-27 11:21:09.779,1,60.4
2025-04-27 11:21:09.783,1,65.45
2025-04-27 11:21:09.787,1,70.34
2025-04-27 11:21:09.791,1,75.0
2025-04-27 11:21:09.795,1,79.39
2025-04-27 11:21:09.799,1,83.46
2025-04-27 11:21:09.803,1,87.16
2025-04-27 11:21:09.807,1,90.45
2025-04-27 11:21:09.811,1,93.3
2025-04-27 11:21:09.815,1,95.68
2025-04-27 11:21:09.819,1,97.55
2025-04-27 11:21:09.823,1,98.91
2025-04-27 11:21:09.827,1,99.73
2025-04-27 11:21:09.831,1,100.0
2025-04-27 11:21:09.835,1,99.73
2025-04-27 11:21:09.839,1,98.91
2025-04-27 11:21:09.843,1,97.55
2025-04-27 11:21:09.847,1,95.68
2025-04-27 11:21:09.851,1,93.3
2025-04-27 11:21:09.855,1,90.45
2025-04-27 11:21:09.859,1,87.16
2025-04-27 11:21:09.863,1,83.46
2025-04-27 11:21:09.867,1,79.39
2025-04-27 11:21:09.871,1,75.0
2025-04-27 11:21:09.875,1,70.34
2025-04-27 11:21:09.879,1,65.45
2025-04-27 11:21:09.883,1,60.4
2025-04-27 11:21:09.887,1,55.23
2025-04-27 11:21:09.891,1,50.0
2025-04-27 11:21:09.895,1,44.77
2025-04-27 11:21:09.899,1,39.6
2025-04-27 11:21:09.903,1,34.55
2025-04-27 11:21:09.907,1,29.66
2025-04-27 11:21:09.911,1,25.0
2025-04-27 11:21:09.915,1,20.61
2025-04-27 11:21:09.919,1,16.54
2025-04-27 11:21:09.923,1,12.84
2025-04-27 11:21:09.927,1,9.55
2025-04-27 11:21:09.931,1,6.7
2025-04-27 11:21:09.935,1,4.32
2025-04-27 11:21:09.939,1,2.45
2025-04-27 11:21:09.943,1,1.09
2025-04-27 11:21:09.947,1,0.27
2025-04-27 11:21:09.951,1,0.0
2025-04-27 11:21:09.955,1,0.27
2025-04-27 11:21:09.959,1,1.09
2025-04-27 11:21:09.963,1,2.45
2025-04-27 11:21:09.967,1,4.32
2025-04-27 11:21:09.971,1,6.7
2025-04-27 11:21:09.975,1,9.55
2025-04-27 11:21:09.979,1,12.84
2025-04-27 11:21:09.983,1,16.54
2025-04-27 11:21:09.987,1,20.61
2025-04-27 11:21:09.991,1,25.0
2025-04-27 11:21:09.995,1,29.66
2025-04-27 11:21:09.999,1,34.55
2025-04-27 11:21:10.003,1,39.6
2025-04-27 11:21:10.007,1,44.77
2025-04-27 11:21:10.011,1,50.0
2025-04-27 11:21:10.015,1,55.23
2025-04-27 11:21:10.019,1,60.4
2025-04-27 11:21:10.023,1,65.45
2025-04-27 11:21:10.027,1,70.34
2025-04-27 11:21:10.031,1,75.0
2025-04-27 11:21:10.035,1,79.39
2025-04-27 11:21:10.039,1,83.46
2025-04-27 11:21:10.043,1,87.16
2025-04-27 11:21:10.047,1,90.45
2025-04-27 11:21:10.051,1,93.3
2025-04-27 11:21:10.055,1,95.68
2025-04-27 11:21:10.059,1,97.55
2025-04-27 11:21:10.063,1,98.91
2025-04-27 11:21:10.067,1,99.73
2025-04-27 11:21:10.071,1,100.0
2025-04-27 11:21:10.075,1,99.73
2025-04-27 11:21:10.079,1,98.91
2025-04-27 11:21:10.083,1,97.55
2025-04-27 11:21:10.087,1,95.68
2025-04-27 11:21:10.091,1,93.3
2025-04-27 11:21:10.095,1,90.45
2025-04-27 11:21:10.099,1,87.16
2025-04-27 11:21:10.103,1,83.46
2025-04-27 11:21:10.107,1,79.39
2025-04-27 11:21:10.111,1,75.0
2025-04-27 11:21:10.115,1,70.34
2025-04-27 11:21:10.119,1,65.45
2025-04-27 11:21:10.123,1,60.4
2025-04-27 11:21:10.128,1,55.23
2025-04-27 11:21:10.131,1,50.0
2025-04-27 11:21:10.135,1,44.77
2025-04-27 11:21:10.139,1,39.6
2025-04-27 11:21:10.143,1,34.55
2025-04-27 11:21:10.147,1,29.66
2025-04-27 11:21:10.151,1,25.0
2025-04-27 11:21:10.155,1,20.61
2025-04-27 11:21:10.159,1,16.54
2025-04-27 11:21:10.163,1,12.84
2025-04-27 11:21:10.167,1,9.55
2025-04-27 11:21:10.171,1,6.7
2025-04-27 11:21:10.175,1,4.32
2025-04-27 11:21:10.179,1,2.45
2025-04-27 11:21:10.183,1,1.09
2025-04-27 11:21:10.187,1,0.27
2025-04-27 11:21:10.191,1,0.0
2025-04-27 11:21:10.195,1,0.27
2025-04-27 11:21:10.199,1,1.09
2025-04-27 11:21:10.203,1,2.45
2025-04-27 11:21:10.207,1,4.32
2025-04-27 11:21:10.211,1,6.7
2025-04-27 11:21:10.215,1,9.55
2025-04-27 11:21:10.219,1,12.84
2025-04-27 11:21:10.223,1,16.54
2025-04-27 11:21:10.227,1,20.61
2025-04-27 11:21:10.231,1,25.0
2025-04-27 11:21:10.235,1,29.66
2025-04-27 11:21:10.239,1,34.55
2025-04-27 11:21:10.243,1,39.6
2025-04-27 11:21:10.247,1,44.77
2025-04-27 11:21:10.251,1,50.0
2025-04-27 11:21:10.255,1,55.23
2025-04-27 11:21:10.259,1,60.4
2025-04-27 11:21:10.263,1,65.45
2025-04-27 11:21:10.267,1,70.34
2025-04-27 11:21:10.271,1,75.0
2025-04-27 11:21:10.275,1,79.39
2025-04-27 11:21:10.279,1,83.46
2025-04-27 11:21:10.283,1,87.16
2025-04-27 11:21:10.287,1,90.45
2025-04-27 11:21:10.291,1,93.3
2025-04-27 11:21:10.295,1,95.68
2025-04-27 11:21:10.299,1,97.55
2025-04-27 11:21:10.303,1,98.91
2025-04-27 11:21:10.307,1,99.73
2025-04-27 11:21:10.311,1,100.0
2025-04-27 11:21:10.315,1,99.73
2025-04-27 11:21:10.319,1,98.91
2025-04-27 11:21:10.323,1,97.55
2025-04-27 11:21:10.327,1,95.68
2025-04-27 11:21:10.331,1,93.3
2025-04-27 11:21:10.335,1,90.45
2025-04-27 11:21:10.339,1,87.16
2025-04-27 11:21:10.343,1,83.46
2025-04-27 11:21:10.347,1,79.39
2025-04-27 11:21:10.351,1,75.0
2025-04-27 11:21:10.355,1,70.34
2025-04-27 11:21:10.359,1,65.45
2025-04-27 11:21:10.363,1,60.4
2025-04-27 11:21:10.367,1,55.23
2025-04-27 11:21:10.371,1,50.0
2025-04-27 11:21:10.375,1,44.77
2025-04-27 11:21:10.379,1,39.6
2025-04-27 11:21:10.383,1,34.55
2025-04-27 11:21:10.387,1,29.66
2025-04-27 11:21:10.391,1,25.0
2025-04-27 11:21:10.395,1,20.61
2025-04-27 11:21:10.399,1,16.54
2025-04-27 11:21:10.403,1,12.84
2025-04-27 11:21:10.407,1,9.55
2025-04-27 11:21:10.411,1,6.7
2025-04-27 11:21:10.415,1,4.32
2025-04-27 11:21:10.419,1,2.45
2025-04-27 11:21:10.423,1,1.09
2025-04-27 11:21:10.427,1,0.27
2025-04-27 11:21:10.431,1,0.0
2025-04-27 11:21:10.435,1,0.27
2025-04-27 11:21:10.439,1,1.09
2025-04-27 11:21:10.443,1,2.45
2025-04-27 11:21:10.447,1,4.32
2025-04-27 11:21:10.451,1,6.7
2025-04-27 11:21:10.455,1,9.55
2025-04-27 11:21:10.459,1,12.84
2025-04-27 11:21:10.463,1,16.54
2025-04-27 11:21:10.467,1,20.61
2025-04-27 11:21:10.471,1,25.0
2025-04-27 11:21:10.475,1,29.66
2025-04-27 11:21:10.479,1,34.55
2025-04-27 11:21:10.483,1,39.6
2025-04-27 11:21:10.487,1,44.77
2025-04-27 11:21:10.491,1,50.0
2025-04-27 11:21:10.495,1,55.23
2025-04-27 11:21:10.499,1,60.4
2025-04-27 11:21:10.503,1,65.45
2025-04-27 11:21:10.507,1,70.34
2025-04-27 11:21:10.511,1,75.0
2025-04-27 11:21:10.515,1,79.39
2025-04-27 11:21:10.519,1,83.46
2025-04-27 11:21:10.523,1,87.16
2025-04-27 11:21:10.527,1,90.45
2025-04-27 11:21:10.531,1,93.3
2025-04-27 11:21:10.535,1,95.68
2025-04-27 11:21:10.539,1,97.55
2025-04-27 11:21:10.543,1,98.91
2025-04-27 11:21:10.547,1,99.73
2025-04-27 11:21:10.551,1,100.0
2025-04-27 11:21:10.555,1,99.73
2025-04-27 11:21:10.559,1,98.91
2025-04-27 11:21:10.563,1,97.55
2025-04-27 11:21:10.567,1,95.68
2025-04-27 11:21:10.571,1,93.3
2025-04-27 11:21:10.575,1,90.45
2025-04-27 11:21:10.579,1,87.16
2025-04-27 11:21:10.583,1,83.46
2025-04-27 11:21:10.587,1,79.39
2025-04-27 11:21:10.591,1,75.0
2025-04-27 11:21:10.595,1,70.34
2025-04-27 11:21:10.599,1,65.45
2025-04-27 11:21:10.603,1,60.4
2025-04-27 11:21:10.607,1,55.23
2025-04-27 11:21:10.611,1,50.0
2025-04-27 11:21:10.615,1,44.77
2025-04-27 11:21:10.619,1,39.6
2025-04-27 11:21:10.623,1,34.55
2025-04-27 11:21:10.627,1,29.66
2025-04-27 11:21:10.631,1,25.0
2025-04-27 11:21:10.635,1,20.61
2025-04-27 11:21:10.639,1,16.54
2025-04-27 11:21:10.643,1,12.84
2025-04-27 11:21:10.647,1,9.55
2025-04-27 11:21:10.651,1,6.7
2025-04-27 11:21:10.655,1,4.32
2025-04-27 11:21:10.659,1,2.45
2025-04-27 11:21:10.663,1,1.09
2025-04-27 11:21:10.667,1,0.27
2025-04-27 11:21:10.671,1,0.0
2025-04-27 11:21:10.675,1,0.27
2025-04-27 11:21:10.679,1,1.09
2025-04-27 11:21:10.683,1,2.45
2025-04-27 11:21:10.687,1,4.32
2025-04-27 11:21:10.691,1,6.7
2025-04-27 11:21:10.695,1,9.55
2025-04-27 11:21:10.699,1,12.84
2025-04-27 11:21:10.703,1,16.54
2025-04-27 11:21:10.707,1,20.61
2025-04-27 11:21:10.711,1,25.0
2025-04-27 11:21:10.715,1,29.66
2025-04-27 11:21:10.719,1,34.55
2025-04-27 11:21:10.723,1,39.6
2025-04-27 11:21:10.727,1,44.77
2025-04-27 11:21:10.731,1,50.0
2025-04-27 11:21:10.735,1,55.23
2025-04-27 11:21:10.739,1,60.4
2025-04-27 11:21:10.743,1,65.45
2025-04-27 11:21:10.747,1,70.34
2025-04-27 11:21:10.751,1,75.0
2025-04-27 11:21:10.755,1,79.39
2025-04-27 11:21:10.759,1,83.46
2025-04-27 11:21:10.763,1,87.16
2025-04-27 11:21:10.767,1,90.45
2025-04-27 11:21:10.771,1,93.3
2025-04-27 11:21:10.775,1,95.68
2025-04-27 11:21:10.779,1,97.55
2025-04-27 11:21:10.783,1,98.91
2025-04-27 11:21:10.787,1,99.73
2025-04-27 11:21:10.791,1,100.0
2025-04-27 11:21:10.795,1,99.73
2025-04-27 11:21:10.799,1,98.91
2025-04-27 11:21:10.803,1,97.55
2025-04-27 11:21:10.807,1,95.68
2025-04-27 11:21:10.811,1,93.3
2025-04-27 11:21:10.815,1,90.45
2025-04-27 11:21:10.819,1,87.16
2025-04-27 11:21:10.823,1,83.46
2025-04-27 11:21:10.827,1,79.39
2025-04-27 11:21:10.831,1,75.0
2025-04-27 11:21:10.835,1,70.34
2025-04-27 11:21:10.839,1,65.45
2025-04-27 11:21:10.843,1,60.4
2025-04-27 11:21:10.847,1,55.23
2025-04-27 11:21:10.851,1,50.0
2025-04-27 11:21:10.855,1,44.77
2025-04-27 11:21:10.859,1,39.6
2025-04-27 11:21:10.863,1,34.55
2025-04-27 11:21:10.867,1,29.66
2025-04-27 11:21:10.871,1,25.0
2025-04-27 11:21:10.875,1,20.61
2025-04-27 11:21:10.879,1,16.54
2025-04-27 11:21:10.883,1,12.84
2025-04-27 11:21:10.887,1,9.55
2025-04-27 11:21:10.891,1,6.7
2025-04-27 11:21:10.895,1,4.32
2025-04-27 11:21:10.899,1,2.45
2025-04-27 11:21:10.903,1,1.09
2025-04-27 11:21:10.907,1,0.27
2025-04-27 11:21:10.911,1,0.0
2025-04-27 11:21:10.915,1,0.27
2025-04-27 11:21:10.919,1,1.09
2025-04-27 11:21:10.923,1,2.45
2025-04-27 11:21:10.927,1,4.32
2025-04-27 11:21:10.931,1,6.7
2025-04-27 11:21:10.935,1,9.55
2025-04-27 11:21:10.939,1,12.84
2025-04-27 11:21:10.943,1,16.54
2025-04-27 11:21:10.947,1,20.61
2025-04-27 11:21:10.951,1,25.0
2025-04-27 11:21:10.955,1,29.66
2025-04-27 11:21:10.959,1,34.55
2025-04-27 11:21:10.963,1,39.6
2025-04-27 11:21:10.967,1,44.77
2025-04-27 11:21:10.971,1,50.0
2025-04-27 11:21:10.975,1,55.23
2025-04-27 11:21:10.979,1,60.4
2025-04-27 11:21:10.983,1,65.45
2025-04-27 11:21:10.987,1,70.34
2025-04-27 11:21:10.991,1,75.0
2025-04-27 11:21:10.995,1,79.39
2025-04-27 11:21:10.999,1,83.46
2025-04-27 11:21:11.003,1,87.16
2025-04-27 11:21:11.007,1,90.45
2025-04-27 11:21:11.011,1,93.3
2025-04-27 11:21:11.015,1,95.68
2025-04-27 11:21:11.019,1,97.55
2025-04-27 11:21:11.023,1,98.91
2025-04-27 11:21:11.027,1,99.73
2025-04-27 11:21:11.031,1,100.0
2025-04-27 11:21:11.035,1,99.73
2025-04-27 11:21:11.039,1,98.91
2025-04-27 11:21:11.043,1,97.55
2025-04-27 11:21:11.047,1,95.68
2025-04-27 11:21:11.051,1,93.3
2025-04-27 11:21:11.055,1,90.45
2025-04-27 11:21:11.059,1,87.16
2025-04-27 11:21:11.063,1,83.46
2025-04-27 11:21:11.067,1,79.39
2025-04-27 11:21:11.071,1,75.0
2025-04-27 11:21:11.075,1,70.34
2025-04-27 11:21:11.079,1,65.45
2025-04-27 11:21:11.083,1,60.4
2025-04-27 11:21:11.087,1,55.23
2025-04-27 11:21:11.091,1,50.0
2025-04-27 11:21:11.095,1,44.77
2025-04-27 11:21:11.099,1,39.6
2025-04-27 11:21:11.103,1,34.55
2025-04-27 11:21:11.107,1,29.66
2025-04-27 11:21:11.111,1,25.0
2025-04-27 11:21:11.115,1,20.61
2025-04-27 11:21:11.119,1,16.54
2025-04-27 11:21:11.123,1,12.84
2025-04-27 11:21:11.127,1,9.55
2025-04-27 11:21:11.131,1,6.7
2025-04-27 11:21:11.135,1,4.32
2025-04-27 11:21:11.139,1,2.45
2025-04-27 11:21:11.143,1,1.09
2025-04-27 11:21:11.147,1,0.27
2025-04-27 11:21:11.151,1,0.0
2025-04-27 11:21:11.155,1,0.27
2025-04-27 11:21:11.159,1,1.09
2025-04-27 11:21:11.163,1,2.45
2025-04-27 11:21:11.167,1,4.32
2025-04-27 11:21:11.171,1,6.7
2025-04-27 11:21:11.175,1,9.55
2025-04-27 11:21:11.179,1,12.84
2025-04-27 11:21:11.183,1,16.54
2025-04-27 11:21:11.187,1,20.61
2025-04-27 11:21:11.191,1,25.0
2025-04-27 11:21:11.195,1,29.66
2025-04-27 11:21:11.199,1,34.55
2025-04-27 11:21:11.203,1,39.6
2025-04-27 11:21:11.207,1,44.77
2025-04-27 11:21:11.211,1,50.0
2025-04-27 11:21:11.215,1,55.23
2025-04-27 11:21:11.219,1,60.4
2025-04-27 11:21:11.223,1,65.45
2025-04-27 11:21:11.227,1,70.34
2025-04-27 11:21:11.231,1,75.0
2025-04-27 11:21:11.235,1,79.39
2025-04-27 11:21:11.239,1,83.46
2025-04-27 11:21:11.243,1,87.16
2025-04-27 11:21:11.247,1,90.45
2025-04-27 11:21:11.251,1,93.3
2025-04-27 11:21:11.255,1,95.68
2025-04-27 11:21:11.259,1,97.55
2025-04-27 11:21:11.263,1,98.91
2025-04-27 11:21:11.267,1,99.73
2025-04-27 11:21:11.271,1,100.0
2025-04-27 11:21:11.275,1,99.73
2025-04-27 11:21:11.279,1,98.91
2025-04-27 11:21:11.283,1,97.55
2025-04-27 11:21:11.287,1,95.68
2025-04-27 11:21:11.291,1,93.3
2025-04-27 11:21:11.295,1,90.45
2025-04-27 11:21:11.299,1,87.16
2025-04-27 11:21:11.304,1,83.46
2025-04-27 11:21:11.307,1,79.39
2025-04-27 11:21:11.311,1,75.0
2025-04-27 11:21:11.315,1,70.34
2025-04-27 11:21:11.319,1,65.45
2025-04-27 11:21:11.323,1,60.4
2025-04-27 11:21:11.327,1,55.23
2025-04-27 11:21:11.331,1,50.0
2025-04-27 11:21:11.335,1,44.77
2025-04-27 11:21:11.339,1,39.6
2025-04-27 11:21:11.343,1,34.55
2025-04-27 11:21:11.347,1,29.66
2025-04-27 11:21:11.351,1,25.0
2025-04-27 11:21:11.355,1,20.61
2025-04-27 11:21:11.359,1,16.54
2025-04-27 11:21:11.363,1,12.84
2025-04-27 11:21:11.367,1,9.55
2025-04-27 11:21:11.371,1,6.7
2025-04-27 11:21:11.375,1,4.32
2025-04-27 11:21:11.379,1,2.45
2025-04-27 11:21:11.383,1,1.09
2025-04-27 11:21:11.387,1,0.27
2025-04-27 11:21:11.391,1,0.0
2025-04-27 11:21:11.395,1,0.27
2025-04-27 11:21:11.399,1,1.09
2025-04-27 11:21:11.403,1,2.45
2025-04-27 11:21:11.407,1,4.32
2025-04-27 11:21:11.411,1,6.7
2025-04-27 11:21:11.415,1,9.55
2025-04-27 11:21:11.419,1,12.84
2025-04-27 11:21:11.423,1,16.54
2025-04-27 11:21:11.427,1,20.61
2025-04-27 11:21:11.431,1,25.0
2025-04-27 11:21:11.435,1,29.66
2025-04-27 11:21:11.439,1,34.55
2025-04-27 11:21:11.443,1,39.6
2025-04-27 11:21:11.447,1,44.77
2025-04-27 11:21:11.451,1,50.0
2025-04-27 11:21:11.455,1,55.23
2025-04-27 11:21:11.459,1,60.4
2025-04-27 11:21:11.463,1,65.45
2025-04-27 11:21:11.467,1,70.34
2025-04-27 11:21:11.471,1,75.0
2025-04-27 11:21:11.475,1,79.39
2025-04-27 11:21:11.479,1,83.46
2025-04-27 11:21:11.483,1,87.16
2025-04-27 11:21:11.487,1,90.45
2025-04-27 11:21:11.491,1,93.3
2025-04-27 11:21:11.495,1,95.68
2025-04-27 11:21:11.499,1,97.55
2025-04-27 11:21:11.503,1,98.91
2025-04-27 11:21:11.507,1,99.73
2025-04-27 11:21:11.511,1,100.0
2025-04-27 11:21:11.515,1,99.73
2025-04-27 11:21:11.519,1,98.91
2025-04-27 11:21:11.523,1,97.55
2025-04-27 11:21:11.527,1,95.68
2025-04-27 11:21:11.531,1,93.3
2025-04-27 11:21:11.535,1,90.45
2025-04-27 11:21:11.539,1,87.16
2025-04-27 11:21:11.543,1,83.46
2025-04-27 11:21:11.547,1,79.39
2025-04-27 11:21:11.551,1,75.0
2025-04-27 11:21:11.555,1,70.34
2025-04-27 11:21:11.559,1,65.45
2025-04-27 11:21:11.563,1,60.4
2025-04-27 11:21:11.567,1,55.23
2025-04-27 11:21:11.571,1,50.0
2025-04-27 11:21:11.575,1,44.77
2025-04-27 11:21:11.579,1,39.6
2025-04-27 11:21:11.583,1,34.55
2025-04-27 11:21:11.587,1,29.66
2025-04-27 11:21:11.591,1,25.0
2025-04-27 11:21:11.595,1,20.61
2025-04-27 11:21:11.599,1,16.54
2025-04-27 11:21:11.603,1,12.84
2025-04-27 11:21:11.607,1,9.55
2025-04-27 11:21:11.611,1,6.7
2025-04-27 11:21:11.615,1,4.32
2025-04-27 11:21:11.619,1,2.45
2025-04-27 11:21:11.623,1,1.09
2025-04-27 11:21:11.627,1,0.27
2025-04-27 11:21:11.631,1,0.0
2025-04-27 11:21:11.635,1,0.27
2025-04-27 11:21:11.639,1,1.09
2025-04-27 11:21:11.643,1,2.45
2025-04-27 11:21:11.647,1,4.32
2025-04-27 11:21:11.651,1,6.7
2025-04-27 11:21:11.655,1,9.55
2025-04-27 11:21:11.659,1,12.84
2025-04-27 11:21:11.663,1,16.54
2025-04-27 11:21:11.667,1,20.61
2025-04-27 11:21:11.671,1,25.0
2025-04-27 11:21:11.675,1,29.66
2025-04-27 11:21:11.679,1,34.55
2025-04-27 11:21:11.683,1,39.6
2025-04-27 11:21:11.687,1,44.77
2025-04-27 11:21:11.691,1,50.0
2025-04-27 11:21:11.695,1,55.23
2025-04-27 11:21:11.699,1,60.4
2025-04-27 11:21:11.703,1,65.45
2025-04-27 11:21:11.707,1,70.34
2025-04-27 11:21:11.711,1,75.0
2025-04-27 11:21:11.715,1,79.39
2025-04-27 11:21:11.719,1,83.46
2025-04-27 11:21:11.723,1,87.16
2025-04-27 11:21:11.727,1,90.45
2025-04-27 11:21:11.731,1,93.3
2025-04-27 11:21:11.735,1,95.68
2025-04-27 11:21:11.739,1,97.55
2025-04-27 11:21:11.743,1,98.91
2025-04-27 11:21:11.747,1,99.73
2025-04-27 11:21:11.751,1,100.0
2025-04-27 11:21:11.755,1,99.73
2025-04-27 11:21:11.759,1,98.91
2025-04-27 11:21:11.763,1,97.55
2025-04-27 11:21:11.767,1,95.68
2025-04-27 11:21:11.771,1,93.3
2025-04-27 11:21:11.775,1,90.45
2025-04-27 11:21:11.779,1,87.16
2025-04-27 11:21:11.783,1,83.46
2025-04-27 11:21:11.787,1,79.39
2025-04-27 11:21:11.791,1,75.0
2025-04-27 11:21:11.795,1,70.34
2025-04-27 11:21:11.799,1,65.45
2025-04-27 11:21:11.803,1,60.4
2025-04-27 11:21:11.807,1,55.23
2025-04-27 11:21:11.811,1,50.0
2025-04-27 11:21:11.815,1,44.77
2025-04-27 11:21:11.819,1,39.6
2025-04-27 11:21:11.823,1,34.55
2025-04-27 11:21:11.827,1,29.66
2025-04-27 11:21:11.831,1,25.0
2025-04-27 11:21:11.835,1,20.61
2025-04-27 11:21:11.839,1,16.54
2025-04-27 11:21:11.843,1,12.84
2025-04-27 11:21:11.847,1,9.55
2025-04-27 11:21:11.851,1,6.7
2025-04-27 11:21:11.855,1,4.32
2025-04-27 11:21:11.859,1,2.45
2025-04-27 11:21:11.863,1,1.09
2025-04-27 11:21:11.867,1,0.27
2025-04-27 11:21:11.871,1,0.0
2025-04-27 11:21:11.875,1,0.27
2025-04-27 11:21:11.879,1,1.09
2025-04-27 11:21:11.883,1,2.45
2025-04-27 11:21:11.887,1,4.32
2025-04-27 11:21:11.891,1,6.7
2025-04-27 11:21:11.895,1,9.55
2025-04-27 11:21:11.899,1,12.84
2025-04-27 11:21:11.903,1,16.54
2025-04-27 11:21:11.907,1,20.61
2025-04-27 11:21:11.911,1,25.0
2025-04-27 11:21:11.915,1,29.66
2025-04-27 11:21:11.919,1,34.55
2025-04-27 11:21:11.923,1,39.6
2025-04-27 11:21:11.927,1,44.77
2025-04-27 11:21:11.931,1,50.0
2025-04-27 11:21:11.935,1,55.23
2025-04-27 11:21:11.939,1,60.4
2025-04-27 11:21:11.943,1,65.45
2025-04-27 11:21:11.947,1,70.34
2025-04-27 11:21:11.951,1,75.0
2025-04-27 11:21:11.955,1,79.39
2025-04-27 11:21:11.959,1,83.46
2025-04-27 11:21:11.963,1,87.16
2025-04-27 11:21:11.967,1,90.45
2025-04-27 11:21:11.971,1,93.3
2025-04-27 11:21:11.975,1,95.68
2025-04-27 11:21:11.979,1,97.55
2025-04-27 11:21:11.983,1,98.91
2025-04-27 11:21:11.987,1,99.73
2025-04-27 11:21:11.991,1,100.0
2025-04-27 11:21:11.995,1,99.73
2025-04-27 11:21:11.999,1,98.91
2025-04-27 11:21:12.003,1,97.55
2025-04-27 11:21:12.007,1,95.68
2025-04-27 11:21:12.011,1,93.3
2025-04-27 11:21:12.015,1,90.45
2025-04-27 11:21:12.019,1,87.16
2025-04-27 11:21:12.023,1,83.46
2025-04-27 11:21:12.027,1,79.39
2025-04-27 11:21:12.031,1,75.0
2025-04-27 11:21:12.035,1,70.34
2025-04-27 11:21:12.039,1,65.45
2025-04-27 11:21:12.043,1,60.4
2025-04-27 11:21:12.047,1,55.23
2025-04-27 11:21:12.051,1,50.0
2025-04-27 11:21:12.055,1,44.77
2025-04-27 11:21:12.059,1,39.6
2025-04-27 11:21:12.063,1,34.55
2025-04-27 11:21:12.067,1,29.66
2025-04-27 11:21:12.071,1,25.0
2025-04-27 11:21:12.075,1,20.61
2025-04-27 11:21:12.079,1,16.54
2025-04-27 11:21:12.083,1,12.84
2025-04-27 11:21:12.087,1,9.55
2025-04-27 11:21:12.091,1,6.7
2025-04-27 11:21:12.095,1,4.32
2025-04-27 11:21:12.099,1,2.45
2025-04-27 11:21:12.103,1,1.09
2025-04-27 11:21:12.107,1,0.27
2025-04-27 11:21:12.111,1,0.0
2025-04-27 11:21:12.115,1,0.27
2025-04-27 11:21:12.119,1,1.09
2025-04-27 11:21:12.123,1,2.45
2025-04-27 11:21:12.127,1,4.32
2025-04-27 11:21:12.131,1,6.7
2025-04-27 11:21:12.135,1,9.55
2025-04-27 11:21:12.139,1,12.84
2025-04-27 11:21:12.143,1,16.54
2025-04-27 11:21:12.147,1,20.61
2025-04-27 11:21:12.151,1,25.0
2025-04-27 11:21:12.155,1,29.66
2025-04-27 11:21:12.159,1,34.55
2025-04-27 11:21:12.163,1,39.6
2025-04-27 11:21:12.167,1,44.77
2025-04-27 11:21:12.171,1,50.0
2025-04-27 11:21:12.175,1,55.23
2025-04-27 11:21:12.179,1,60.4
2025-04-27 11:21:12.183,1,65.45
2025-04-27 11:21:12.187,1,70.34
2025-04-27 11:21:12.191,1,75.0
2025-04-27 11:21:12.195,1,79.39
2025-04-27 11:21:12.199,1,83.46
2025-04-27 11:21:12.203,1,87.16
2025-04-27 11:21:12.207,1,90.45
2025-04-27 11:21:12.211,1,93.3
2025-04-27 11:21:12.215,1,95.68
2025-04-27 11:21:12.219,1,97.55
2025-04-27 11:21:12.223,1,98.91
2025-04-27 11:21:12.227,1,99.73
2025-04-27 11:21:12.231,1,100.0
2025-04-27 11:21:12.235,1,99.73
2025-04-27 11:21:12.239,1,98.91
2025-04-27 11:21:12.243,1,97.55
2025-04-27 11:21:12.247,1,95.68
2025-04-27 11:21:12.251,1,93.3
2025-04-27 11:21:12.255,1,90.45
2025-04-27 11:21:12.259,1,87.16
2025-04-27 11:21:12.263,1,83.46
2025-04-27 11:21:12.267,1,79.39
2025-04-27 11:21:12.271,1,75.0
2025-04-27 11:21:12.275,1,70.34
2025-04-27 11:21:12.279,1,65.45
2025-04-27 11:21:12.283,1,60.4
2025-04-27 11:21:12.287,1,55.23
2025-04-27 11:21:12.291,1,50.0
2025-04-27 11:21:12.295,1,44.77
2025-04-27 11:21:12.299,1,39.6
2025-04-27 11:21:12.303,1,34.55
2025-04-27 11:21:12.307,1,29.66
2025-04-27 11:21:12.311,1,25.0
2025-04-27 11:21:12.315,1,20.61
2025-04-27 11:21:12.319,1,16.54
2025-04-27 11:21:12.323,1,12.84
2025-04-27 11:21:12.327,1,9.55
2025-04-27 11:21:12.331,1,6.7
2025-04-27 11:21:12.335,1,4.32
2025-04-27 11:21:12.339,1,2.45
2025-04-27 11:21:12.343,1,1.09
2025-04-27 11:21:12.347,1,0.27
2025-04-27 11:21:12.351,1,0.0
2025-04-27 11:21:12.355,1,0.27
2025-04-27 11:21:12.359,1,1.09
2025-04-27 11:21:12.363,1,2.45
2025-04-27 11:21:12.367,1,4.32
2025-04-27 11:21:12.371,1,6.7
2025-04-27 11:21:12.375,1,9.55
2025-04-27 11:21:12.379,1,12.84
2025-04-27 11:21:12.383,1,16.54
2025-04-27 11:21:12.387,1,20.61
2025-04-27 11:21:12.391,1,25.0
2025-04-27 11:21:12.395,1,29.66
2025-04-27 11:21:12.399,1,34.55
2025-04-27 11:21:12.403,1,39.6
2025-04-27 11:21:12.407,1,44.77
2025-04-27 11:21:12.411,1,50.0
2025-04-27 11:21:12.415,1,55.23
2025-04-27 11:21:12.419,1,60.4
2025-04-27 11:21:12.423,1,65.45
2025-04-27 11:21:12.427,1,70.34
2025-04-27 11:21:12.431,1,75.0
2025-04-27 11:21:12.435,1,79.39
2025-04-27 11:21:12.439,1,83.46
2025-04-27 11:21:12.443,1,87.16
2025-04-27 11:21:12.447,1,90.45
2025-04-27 11:21:12.451,1,93.3
2025-04-27 11:21:12.455,1,95.68
2025-04-27 11:21:12.459,1,97.55
2025-04-27 11:21:12.463,1,98.91
2025-04-27 11:21:12.467,1,99.73
2025-04-27 11:21:12.471,1,100.0
2025-04-27 11:21:12.475,1,99.73
2025-04-27 11:21:12.479,1,98.91
2025-04-27 11:21:12.483,1,97.55
2025-04-27 11:21:12.487,1,95.68
2025-04-27 11:21:12.491,1,93.3
2025-04-27 11:21:12.495,1,90.45
2025-04-27 11:21:12.499,1,87.16
2025-04-27 11:21:12.503,1,83.46
2025-04-27 11:21:12.507,1,79.39
2025-04-27 11:21:12.511,1,75.0
2025-04-27 11:21:12.515,1,70.34
2025-04-27 11:21:12.519,1,65.45
2025-04-27 11:21:12.523,1,60.4
2025-04-27 11:21:12.527,1,55.23
2025-04-27 11:21:12.531,1,50.0
2025-04-27 11:21:12.535,1,44.77
2025-04-27 11:21:12.539,1,39.6
2025-04-27 11:21:12.543,1,34.55
2025-04-27 11:21:12.547,1,29.66
2025-04-27 11:21:12.551,1,25.0
2025-04-27 11:21:12.555,1,20.61
2025-04-27 11:21:12.559,1,16.54
2025-04-27 11:21:12.563,1,12.84
2025-04-27 11:21:12.567,1,9.55
2025-04-27 11:21:12.571,1,6.7
2025-04-27 11:21:12.575,1,4.32
2025-04-27 11:21:12.579,1,2.45
2025-04-27 11:21:12.583,1,1.09
2025-04-27 11:21:12.587,1,0.27
2025-04-27 11:21:12.591,1,0.0
2025-04-27 11:21:12.595,1,0.27
2025-04-27 11:21:12.599,1,1.09
2025-04-27 11:21:12.603,1,2.45
2025-04-27 11:21:12.607,1,4.32
2025-04-27 11:21:12.611,1,6.7
2025-04-27 11:21:12.615,1,9.55
2025-04-27 11:21:12.619,1,12.84
2025-04-27 11:21:12.623,1,16.54
2025-04-27 11:21:12.627,1,20.61
2025-04-27 11:21:12.631,1,25.0
2025-04-27 11:21:12.635,1,29.66
2025-04-27 11:21:12.639,1,34.55
2025-04-27 11:21:12.643,1,39.6
2025-04-27 11:21:12.647,1,44.77
2025-04-27 11:21:12.651,1,50.0
2025-04-27 11:21:12.655,1,55.23
2025-04-27 11:21:12.659,1,60.4
2025-04-27 11:21:12.663,1,65.45
2025-04-27 11:21:12.667,1,70.34
2025-04-27 11:21:12.671,1,75.0
2025-04-27 11:21:12.675,1,79.39
2025-04-27 11:21:12.679,1,83.46
2025-04-27 11:21:12.683,1,87.16
2025-04-27 11:21:12.687,1,90.45
2025-04-27 11:21:12.691,1,93.3
2025-04-27 11:21:12.695,1,95.68
2025-04-27 11:21:12.699,1,97.55
2025-04-27 11:21:12.703,1,98.91
2025-04-27 11:21:12.707,1,99.73
2025-04-27 11:21:12.711,1,100.0
2025-04-27 11:21:12.715,1,99.73
2025-04-27 11:21:12.719,1,98.91
2025-04-27 11:21:12.723,1,97.55
2025-04-27 11:21:12.727,1,95.68
2025-04-27 11:21:12.731,1,93.3
2025-04-27 11:21:12.735,1,90.45
2025-04-27 11:21:12.739,1,87.16
2025-04-27 11:21:12.743,1,83.46
2025-04-27 11:21:12.747,1,79.39
2025-04-27 11:21:12.751,1,75.0
2025-04-27 11:21:12.755,1,70.34
2025-04-27 11:21:12.759,1,65.45
2025-04-27 11:21:12.763,1,60.4
2025-04-27 11:21:12.767,1,55.23
2025-04-27 11:21:12.771,1,50.0
2025-04-27 11:21:12.775,1,44.77
2025-04-27 11:21:12.779,1,39.6
2025-04-27 11:21:12.783,1,34.55
2025-04-27 11:21:12.787,1,29.66
2025-04-27 11:21:12.791,1,25.0
2025-04-27 11:21:12.795,1,20.61
2025-04-27 11:21:12.799,1,16.54
2025-04-27 11:21:12.803,1,12.84
2025-04-27 11:21:12.807,1,9.55
2025-04-27 11:21:12.811,1,6.7
2025-04-27 11:21:12.815,1,4.32
2025-04-27 11:21:12.819,1,2.45
2025-04-27 11:21:12.823,1,1.09
2025-04-27 11:21:12.827,1,0.27
2025-04-27 11:21:12.831,1,0.0
2025-04-27 11:21:12.835,1,0.27
2025-04-27 11:21:12.839,1,1.09
2025-04-27 11:21:12.843,1,2.45
2025-04-27 11:21:12.847,1,4.32
2025-04-27 11:21:12.851,1,6.7
2025-04-27 11:21:12.855,1,9.55
2025-04-27 11:21:12.859,1,12.84
2025-04-27 11:21:12.863,1,16.54
2025-04-27 11:21:12.867,1,20.61
2025-04-27 11:21:12.871,1,25.0
2025-04-27 11:21:12.875,1,29.66
2025-04-27 11:21:12.879,1,34.55
2025-04-27 11:21:12.883,1,39.6
2025-04-27 11:21:12.887,1,44.77
2025-04-27 11:21:12.891,1,50.0
2025-04-27 11:21:12.895,1,55.23
2025-04-27 11:21:12.899,1,60.4
2025-04-27 11:21:12.903,1,65.45
2025-04-27 11:21:12.907,1,70.34
2025-04-27 11:21:12.911,1,75.0
2025-04-27 11:21:12.915,1,79.39
2025-04-27 11:21:12.919,1,83.46
2025-04-27 11:21:12.923,1,87.16
2025-04-27 11:21:12.927,1,90.45
2025-04-27 11:21:12.931,1,93.3
2025-04-27 11:21:12.935,1,95.68
2025-04-27 11:21:12.939,1,97.55
2025-04-27 11:21:12.943,1,98.91
2025-04-27 11:21:12.947,1,99.73
2025-04-27 11:21:12.951,1,100.0
2025-04-27 11:21:12.955,1,99.73
2025-04-27 11:21:12.959,1,98.91
2025-04-27 11:21:12.963,1,97.55
2025-04-27 11:21:12.967,1,95.68
2025-04-27 11:21:12.971,1,93.3
2025-04-27 11:21:12.975,1,90.45
2025-04-27 11:21:12.979,1,87.16
2025-04-27 11:21:12.983,1,83.46
2025-04-27 11:21:12.987,1,79.39
2025-04-27 11:21:12.991,1,75.0
2025-04-27 11:21:12.995,1,70.34
2025-04-27 11:21:12.999,1,65.45
2025-04-27 11:21:13.003,1,60.4
2025-04-27 11:21:13.007,1,55.23
2025-04-27 11:21:13.011,1,50.0
2025-04-27 11:21:13.015,1,44.77
2025-04-27 11:21:13.019,1,39.6
2025-04-27 11:21:13.023,1,34.55
2025-04-27 11:21:13.027,1,29.66
2025-04-27 11:21:13.031,1,25.0
2025-04-27 11:21:13.035,1,20.61
2025-04-27 11:21:13.039,1,16.54
2025-04-27 11:21:13.043,1,12.84
2025-04-27 11:21:13.047,1,9.55
2025-04-27 11:21:13.051,1,6.7
2025-04-27 11:21:13.055,1,4.32
2025-04-27 11:21:13.059,1,2.45
2025-04-27 11:21:13.063,1,1.09
2025-04-27 11:21:13.067,1,0.27
2025-04-27 11:21:13.071,1,0.0
2025-04-27 11:21:13.075,1,0.27
2025-04-27 11:21:13.079,1,1.09
2025-04-27 11:21:13.083,1,2.45
2025-04-27 11:21:13.087,1,4.32
2025-04-27 11:21:13.091,1,6.7
2025-04-27 11:21:13.095,1,9.55
2025-04-27 11:21:13.099,1,12.84
2025-04-27 11:21:13.103,1,16.54
2025-04-27 11:21:13.107,1,20.61
2025-04-27 11:21:13.111,1,25.0
2025-04-27 11:21:13.115,1,29.66
2025-04-27 11:21:13.119,1,34.55
2025-04-27 11:21:13.123,1,39.6
2025-04-27 11:21:13.127,1,44.77
2025-04-27 11:21:13.131,1,50.0
2025-04-27 11:21:13.135,1,55.23
2025-04-27 11:21:13.139,1,60.4
2025-04-27 11:21:13.143,1,65.45
2025-04-27 11:21:13.147,1,70.34
2025-04-27 11:21:13.151,1,75.0
2025-04-27 11:21:13.155,1,79.39
2025-04-27 11:21:13.159,1,83.46
2025-04-27 11:21:13.163,1,87.16
2025-04-27 11:21:13.167,1,90.45
2025-04-27 11:21:13.171,1,93.3
2025-04-27 11:21:13.175,1,95.68
2025-04-27 11:21:13.179,1,97.55
2025-04-27 11:21:13.183,1,98.91
2025-04-27 11:21:13.187,1,99.73
2025-04-27 11:21:13.191,1,100.0
2025-04-27 11:21:13.195,1,99.73
2025-04-27 11:21:13.199,1,98.91
2025-04-27 11:21:13.203,1,97.55
2025-04-27 11:21:13.207,1,95.68
2025-04-27 11:21:13.211,1,93.3
2025-04-27 11:21:13.215,1,90.45
2025-04-27 11:21:13.219,1,87.16
2025-04-27 11:21:13.223,1,83.46
2025-04-27 11:21:13.227,1,79.39
2025-04-27 11:21:13.231,1,75.0
2025-04-27 11:21:13.235,1,70.34
2025-04-27 11:21:13.239,1,65.45
2025-04-27 11:21:13.243,1,60.4
2025-04-27 11:21:13.247,1,55.23
2025-04-27 11:21:13.251,1,50.0
2025-04-27 11:21:13.255,1,44.77
2025-04-27 11:21:13.259,1,39.6
2025-04-27 11:21:13.263,1,34.55
2025-04-27 11:21:13.267,1,29.66
2025-04-27 11:21:13.271,1,25.0
2025-04-27 11:21:13.275,1,20.61
2025-04-27 11:21:13.279,1,16.54
2025-04-27 11:21:13.283,1,12.84
2025-04-27 11:21:13.287,1,9.55
2025-04-27 11:21:13.291,1,6.7
2025-04-27 11:21:13.295,1,4.32
2025-04-27 11:21:13.299,1,2.45
2025-04-27 11:21:13.303,1,1.09
2025-04-27 11:21:13.307,1,0.27
2025-04-27 11:21:13.311,1,0.0
2025-04-27 11:21:13.315,1,0.27
2025-04-27 11:21:13.319,1,1.09
2025-04-27 11:21:13.323,1,2.45
2025-04-27 11:21:13.327,1,4.32
2025-04-27 11:21:13.331,1,6.7
2025-04-27 11:21:13.335,1,9.55
2025-04-27 11:21:13.339,1,12.84
2025-04-27 11:21:13.343,1,16.54
2025-04-27 11:21:13.347,1,20.61
2025-04-27 11:21:13.351,1,25.0
2025-04-27 11:21:13.355,1,29.66
2025-04-27 11:21:13.359,1,34.55
2025-04-27 11:21:13.363,1,39.6
2025-04-27 11:21:13.367,1,44.77
2025-04-27 11:21:13.371,1,50.0
2025-04-27 11:21:13.375,1,55.23
2025-04-27 11:21:13.379,1,60.4
2025-04-27 11:21:13.383,1,65.45
2025-04-27 11:21:13.387,1,70.34
2025-04-27 11:21:13.391,1,75.0
2025-04-27 11:21:13.395,1,79.39
2025-04-27 11:21:13.399,1,83.46
2025-04-27 11:21:13.403,1,87.16
2025-04-27 11:21:13.407,1,90.45
2025-04-27 11:21:13.411,1,93.3
2025-04-27 11:21:13.415,1,95.68
2025-04-27 11:21:13.419,1,97.55
2025-04-27 11:21:13.423,1,98.91
2025-04-27 11:21:13.427,1,99.73
2025-04-27 11:21:13.431,1,100.0
2025-04-27 11:21:13.435,1,99.73
2025-04-27 11:21:13.439,1,98.91
2025-04-27 11:21:13.443,1,97.55
2025-04-27 11:21:13.447,1,95.68
2025-04-27 11:21:13.451,1,93.3
2025-04-27 11:21:13.455,1,90.45
2025-04-27 11:21:13.459,1,87.16
2025-04-27 11:21:13.463,1,83.46
2025-04-27 11:21:13.467,1,79.39
2025-04-27 11:21:13.471,1,75.0
2025-04-27 11:21:13.475,1,70.34
2025-04-27 11:21:13.479,1,65.45
2025-04-27 11:21:13.483,1,60.4
2025-04-27 11:21:13.487,1,55.23
2025-04-27 11:21:13.491,1,50.0
2025-04-27 11:21:13.495,1,44.77
2025-04-27 11:21:13.499,1,39.6
2025-04-27 11:21:13.503,1,34.55
2025-04-27 11:21:13.507,1,29.66
2025-04-27 11:21:13.511,1,25.0
2025-04-27 11:21:13.515,1,20.61
2025-04-27 11:21:13.519,1,16.54
2025-04-27 11:21:13.523,1,12.84
2025-04-27 11:21:13.527,1,9.55
2025-04-27 11:21:13.531,1,6.7
2025-04-27 11:21:13.535,1,4.32
2025-04-27 11:21:13.539,1,2.45
2025-04-27 11:21:13.543,1,1.09
2025-04-27 11:21:13.547,1,0.27
2025-04-27 11:21:13.551,1,0.0
2025-04-27 11:21:13.555,1,0.27
2025-04-27 11:21:13.559,1,1.09
2025-04-27 11:21:13.563,1,2.45
2025-04-27 11:21:13.567,1,4.32
2025-04-27 11:21:13.571,1,6.7
2025-04-27 11:21:13.575,1,9.55
2025-04-27 11:21:13.579,1,12.84
2025-04-27 11:21:13.583,1,16.54
2025-04-27 11:21:13.587,1,20.61
2025-04-27 11:21:13.591,1,25.0
2025-04-27 11:21:13.595,1,29.66
2025-04-27 11:21:13.599,1,34.55
2025-04-27 11:21:13.603,1,39.6
2025-04-27 11:21:13.607,1,44.77
2025-04-27 11:21:13.611,1,50.0
2025-04-27 11:21:13.615,1,55.23
2025-04-27 11:21:13.619,1,60.4
2025-04-27 11:21:13.623,1,65.45
2025-04-27 11:21:13.627,1,70.34
2025-04-27 11:21:13.631,1,75.0
2025-04-27 11:21:13.635,1,79.39
2025-04-27 11:21:13.639,1,83.46
2025-04-27 11:21:13.643,1,87.16
2025-04-27 11:21:13.647,1,90.45
2025-04-27 11:21:13.651,1,93.3
2025-04-27 11:21:13.655,1,95.68
2025-04-27 11:21:13.659,1,97.55
2025-04-27 11:21:13.663,1,98.91
2025-04-27 11:21:13.667,1,99.73
2025-04-27 11:21:13.671,1,100.0
2025-04-27 11:21:13.675,1,99.73
2025-04-27 11:21:13.679,1,98.91
2025-04-27 11:21:13.683,1,97.55
2025-04-27 11:21:13.687,1,95.68
2025-04-27 11:21:13.691,1,93.3
2025-04-27 11:21:13.695,1,90.45
2025-04-27 11:21:13.699,1,87.16
2025-04-27 11:21:13.703,1,83.46
2025-04-27 11:21:13.707,1,79.39
2025-04-27 11:21:13.711,1,75.0
2025-04-27 11:21:13.715,1,70.34
2025-04-27 11:21:13.719,1,65.45
2025-04-27 11:21:13.723,1,60.4
2025-04-27 11:21:13.727,1,55.23
2025-04-27 11:21:13.731,1,50.0
2025-04-27 11:21:13.735,1,44.77
2025-04-27 11:21:13.739,1,39.6
2025-04-27 11:21:13.743,1,34.55
2025-04-27 11:21:13.747,1,29.66
2025-04-27 11:21:13.751,1,25.0
2025-04-27 11:21:13.755,1,20.61
2025-04-27 11:21:13.759,1,16.54
2025-04-27 11:21:13.763,1,12.84
2025-04-27 11:21:13.767,1,9.55
2025-04-27 11:21:13.771,1,6.7
2025-04-27 11:21:13.775,1,4.32
2025-04-27 11:21:13.779,1,2.45
2025-04-27 11:21:13.783,1,1.09
2025-04-27 11:21:13.787,1,0.27
2025-04-27 11:21:13.791,1,0.0
2025-04-27 11:21:13.795,1,0.27
2025-04-27 11:21:13.799,1,1.09
2025-04-27 11:21:13.803,1,2.45
2025-04-27 11:21:13.807,1,4.32
2025-04-27 11:21:13.811,1,6.7
2025-04-27 11:21:13.815,1,9.55
2025-04-27 11:21:13.819,1,12.84
2025-04-27 11:21:13.823,1,16.54
2025-04-27 11:21:13.827,1,20.61
2025-04-27 11:21:13.831,1,25.0
2025-04-27 11:21:13.835,1,29.66
2025-04-27 11:21:13.839,1,34.55
2025-04-27 11:21:13.843,1,39.6
2025-04-27 11:21:13.847,1,44.77
2025-04-27 11:21:13.851,1,50.0
2025-04-27 11:21:13.855,1,55.23
2025-04-27 11:21:13.859,1,60.4
2025-04-27 11:21:13.863,1,65.45
2025-04-27 11:21:13.867,1,70.34
2025-04-27 11:21:13.871,1,75.0
2025-04-27 11:21:13.875,1,79.39
2025-04-27 11:21:13.879,1,83.46
2025-04-27 11:21:13.883,1,87.16
2025-04-27 11:21:13.887,1,90.45
2025-04-27 11:21:13.891,1,93.3
2025-04-27 11:21:13.895,1,95.68
2025-04-27 11:21:13.899,1,97.55
2025-04-27 11:21:13.903,1,98.91
2025-04-27 11:21:13.907,1,99.73
2025-04-27 11:21:13.911,1,100.0
2025-04-27 11:21:13.915,1,99.73
2025-04-27 11:21:13.919,1,98.91
2025-04-27 11:21:13.923,1,97.55
2025-04-27 11:21:13.927,1,95.68
2025-04-27 11:21:13.931,1,93.3
2025-04-27 11:21:13.935,1,90.45
2025-04-27 11:21:13.939,1,87.16
2025-04-27 11:21:13.943,1,83.46
2025-04-27 11:21:13.947,1,79.39
2025-04-27 11:21:13.951,1,75.0
2025-04-27 11:21:13.955,1,70.34
2025-04-27 11:21:13.959,1,65.45
2025-04-27 11:21:13.963,1,60.4
2025-04-27 11:21:13.967,1,55.23
2025-04-27 11:21:13.971,1,50.0
2025-04-27 11:21:13.975,1,44.77
2025-04-27 11:21:13.979,1,39.6
2025-04-27 11:21:13.983,1,34.55
2025-04-27 11:21:13.987,1,29.66
2025-04-27 11:21:13.991,1,25.0
2025-04-27 11:21:13.995,1,20.61
2025-04-27 11:21:13.999,1,16.54
2025-04-27 11:21:14.003,1,12.84
2025-04-27 11:21:14.007,1,9.55
2025-04-27 11:21:14.011,1,6.7
2025-04-27 11:21:14.015,1,4.32
2025-04-27 11:21:14.019,1,2.45
2025-04-27 11:21:14.023,1,1.09
2025-04-27 11:21:14.027,1,0.27
2025-04-27 11:21:14.031,1,0.0
2025-04-27 11:21:14.035,1,0.27
2025-04-27 11:21:14.039,1,1.09
2025-04-27 11:21:14.043,1,2.45
2025-04-27 11:21:14.047,1,4.32
2025-04-27 11:21:14.051,1,6.7
2025-04-27 11:21:14.055,1,9.55
2025-04-27 11:21:14.059,1,12.84
2025-04-27 11:21:14.063,1,16.54
2025-04-27 11:21:14.067,1,20.61
2025-04-27 11:21:14.071,1,25.0
2025-04-27 11:21:14.075,1,29.66
2025-04-27 11:21:14.079,1,34.55
2025-04-27 11:21:14.083,1,39.6
2025-04-27 11:21:14.087,1,44.77
2025-04-27 11:21:14.091,1,50.0
2025-04-27 11:21:14.095,1,55.23
2025-04-27 11:21:14.099,1,60.4
2025-04-27 11:21:14.103,1,65.45
2025-04-27 11:21:14.107,1,70.34
2025-04-27 11:21:14.111,1,75.0
2025-04-27 11:21:14.115,1,79.39
2025-04-27 11:21:14.119,1,83.46
2025-04-27 11:21:14.123,1,87.16
2025-04-27 11:21:14.127,1,90.45
2025-04-27 11:21:14.131,1,93.3
2025-04-27 11:21:14.135,1,95.68
2025-04-27 11:21:14.139,1,97.55
2025-04-27 11:21:14.143,1,98.91
2025-04-27 11:21:14.147,1,99.73
2025-04-27 11:21:14.151,1,100.0
2025-04-27 11:21:14.155,1,99.73
2025-04-27 11:21:14.159,1,98.91
2025-04-27 11:21:14.163,1,97.55
2025-04-27 11:21:14.167,1,95.68
2025-04-27 11:21:14.171,1,93.3
2025-04-27 11:21:14.175,1,90.45
2025-04-27 11:21:14.179,1,87.16
2025-04-27 11:21:14.183,1,83.46
2025-04-27 11:21:14.187,1,79.39
2025-04-27 11:21:14.191,1,75.0
2025-04-27 11:21:14.195,1,70.34
2025-04-27 11:21:14.199,1,65.45
2025-04-27 11:21:14.203,1,60.4
2025-04-27 11:21:14.207,1,55.23
2025-04-27 11:21:14.211,1,50.0
2025-04-27 11:21:14.215,1,44.77
2025-04-27 11:21:14.219,1,39.6
2025-04-27 11:21:14.223,1,34.55
2025-04-27 11:21:14.227,1,29.66
2025-04-27 11:21:14.231,1,25.0
2025-04-27 11:21:14.235,1,20.61
2025-04-27 11:21:14.239,1,16.54
2025-04-27 11:21:14.243,1,12.84
2025-04-27 11:21:14.247,1,9.55
2025-04-27 11:21:14.251,1,6.7
2025-04-27 11:21:14.255,1,4.32
2025-04-27 11:21:14.259,1,2.45
2025-04-27 11:21:14.263,1,1.09
2025-04-27 11:21:14.267,1,0.27
2025-04-27 11:21:14.271,1,0.0
2025-04-27 11:21:14.275,1,0.27
2025-04-27 11:21:14.279,1,1.09
2025-04-27 11:21:14.283,1,2.45
2025-04-27 11:21:14.287,1,4.32
2025-04-27 11:21:14.291,1,6.7
2025-04-27 11:21:14.295,1,9.55
2025-04-27 11:21:14.299,1,12.84
2025-04-27 11:21:14.303,1,16.54
2025-04-27 11:21:14.307,1,20.61
2025-04-27 11:21:14.311,1,25.0
2025-04-27 11:21:14.315,1,29.66
2025-04-27 11:21:14.319,1,34.55
2025-04-27 11:21:14.323,1,39.6
2025-04-27 11:21:14.327,1,44.77
2025-04-27 11:21:14.331,1,50.0
2025-04-27 11:21:14.335,1,55.23
2025-04-27 11:21:14.339,1,60.4
2025-04-27 11:21:14.343,1,65.45
2025-04-27 11:21:14.347,1,70.34
2025-04-27 11:21:14.351,1,75.0
2025-04-27 11:21:14.355,1,79.39
2025-04-27 11:21:14.359,1,83.46
2025-04-27 11:21:14.363,1,87.16
2025-04-27 11:21:14.367,1,90.45
2025-04-27 11:21:14.371,1,93.3
2025-04-27 11:21:14.375,1,95.68
2025-04-27 11:21:14.379,1,97.55
2025-04-27 11:21:14.383,1,98.91
2025-04-27 11:21:14.387,1,99.73
2025-04-27 11:21:14.391,1,100.0
2025-04-27 11:21:14.395,1,99.73
2025-04-27 11:21:14.399,1,98.91
2025-04-27 11:21:14.403,1,97.55
2025-04-27 11:21:14.407,1,95.68
2025-04-27 11:21:14.411,1,93.3
2025-04-27 11:21:14.415,1,90.45
2025-04-27 11:21:14.419,1,87.16
2025-04-27 11:21:14.423,1,83.46
2025-04-27 11:21:14.427,1,79.39
2025-04-27 11:21:14.431,1,75.0
2025-04-27 11:21:14.435,1,70.34
2025-04-27 11:21:14.439,1,65.45
2025-04-27 11:21:14.443,1,60.4
2025-04-27 11:21:14.447,1,55.23
2025-04-27 11:21:14.451,1,50.0
2025-04-27 11:21:14.455,1,44.77
2025-04-27 11:21:14.459,1,39.6
2025-04-27 11:21:14.463,1,34.55
2025-04-27 11:21:14.467,1,29.66
2025-04-27 11:21:14.471,1,25.0
2025-04-27 11:21:14.475,1,20.61
2025-04-27 11:21:14.479,1,16.54
2025-04-27 11:21:14.483,1,12.84
2025-04-27 11:21:14.487,1,9.55
2025-04-27 11:21:14.491,1,6.7
2025-04-27 11:21:14.495,1,4.32
2025-04-27 11:21:14.499,1,2.45
2025-04-27 11:21:14.503,1,1.09
2025-04-27 11:21:14.507,1,0.27
2025-04-27 11:21:14.511,1,0.0
2025-04-27 11:21:14.515,1,0.27
2025-04-27 11:21:14.519,1,1.09
2025-04-27 11:21:14.523,1,2.45
2025-04-27 11:21:14.527,1,4.32
2025-04-27 11:21:14.531,1,6.7
2025-04-27 11:21:14.535,1,9.55
2025-04-27 11:21:14.539,1,12.84
2025-04-27 11:21:14.543,1,16.54
2025-04-27 11:21:14.547,1,20.61
2025-04-27 11:21:14.551,1,25.0
2025-04-27 11:21:14.555,1,29.66
2025-04-27 11:21:14.559,1,34.55
2025-04-27 11:21:14.563,1,39.6
2025-04-27 11:21:14.567,1,44.77
2025-04-27 11:21:14.571,1,50.0
2025-04-27 11:21:14.575,1,55.23
2025-04-27 11:21:14.579,1,60.4
2025-04-27 11:21:14.583,1,65.45
2025-04-27 11:21:14.587,1,70.34
2025-04-27 11:21:14.591,1,75.0
2025-04-27 11:21:14.595,1,79.39
2025-04-27 11:21:14.599,1,83.46
2025-04-27 11:21:14.603,1,87.16
2025-04-27 11:21:14.607,1,90.45
2025-04-27 11:21:14.611,1,93.3
2025-04-27 11:21:14.615,1,95.68
2025-04-27 11:21:14.619,1,97.55
2025-04-27 11:21:14.623,1,98.91
2025-04-27 11:21:14.627,1,99.73
2025-04-27 11:21:14.631,1,100.0
2025-04-27 11:21:14.635,1,99.73
2025-04-27 11:21:14.639,1,98.91
2025-04-27 11:21:14.643,1,97.55
2025-04-27 11:21:14.647,1,95.68
2025-04-27 11:21:14.651,1,93.3
2025-04-27 11:21:14.655,1,90.45
2025-04-27 11:21:14.659,1,87.16
2025-04-27 11:21:14.663,1,83.46
2025-04-27 11:21:14.667,1,79.39
2025-04-27 11:21:14.671,1,75.0
2025-04-27 11:21:14.675,1,70.34
2025-04-27 11:21:14.679,1,65.45
2025-04-27 11:21:14.683,1,60.4
2025-04-27 11:21:14.687,1,55.23
2025-04-27 11:21:14.691,1,50.0
2025-04-27 11:21:14.695,1,44.77
2025-04-27 11:21:14.699,1,39.6
2025-04-27 11:21:14.703,1,34.55
2025-04-27 11:21:14.707,1,29.66
2025-04-27 11:21:14.711,1,25.0
2025-04-27 11:21:14.715,1,20.61
2025-04-27 11:21:14.719,1,16.54
2025-04-27 11:21:14.723,1,12.84
2025-04-27 11:21:14.727,1,9.55
2025-04-27 11:21:14.731,1,6.7
2025-04-27 11:21:14.735,1,4.32
2025-04-27 11:21:14.739,1,2.45
2025-04-27 11:21:14.743,1,1.09
2025-04-27 11:21:14.747,1,0.27
2025-04-27 11:21:14.751,1,0.0
2025-04-27 11:21:14.755,1,0.27
2025-04-27 11:21:14.759,1,1.09
2025-04-27 11:21:14.763,1,2.45
2025-04-27 11:21:14.767,1,4.32
2025-04-27 11:21:14.771,1,6.7
2025-04-27 11:21:14.775,1,9.55
2025-04-27 11:21:14.779,1,12.84
2025-04-27 11:21:14.783,1,16.54
2025-04-27 11:21:14.787,1,20.61
2025-04-27 11:21:14.791,1,25.0
2025-04-27 11:21:14.795,1,29.66
2025-04-27 11:21:14.799,1,34.55
2025-04-27 11:21:14.803,1,39.6
2025-04-27 11:21:14.807,1,44.77
2025-04-27 11:21:14.811,1,50.0
2025-04-27 11:21:14.815,1,55.23
2025-04-27 11:21:14.819,1,60.4
2025-04-27 11:21:14.823,1,65.45
2025-04-27 11:21:14.827,1,70.34
2025-04-27 11:21:14.831,1,75.0
2025-04-27 11:21:14.835,1,79.39
2025-04-27 11:21:14.839,1,83.46
2025-04-27 11:21:14.843,1,87.16
2025-04-27 11:21:14.847,1,90.45
2025-04-27 11:21:14.851,1,93.3
2025-04-27 11:21:14.855,1,95.68
2025-04-27 11:21:14.859,1,97.55
2025-04-27 11:21:14.863,1,98.91
2025-04-27 11:21:14.867,1,99.73
2025-04-27 11:21:14.871,1,100.0
2025-04-27 11:21:14.875,1,99.73
2025-04-27 11:21:14.879,1,98.91
2025-04-27 11:21:14.883,1,97.55
2025-04-27 11:21:14.887,1,95.68
2025-04-27 11:21:14.891,1,93.3
2025-04-27 11:21:14.895,1,90.45
2025-04-27 11:21:14.899,1,87.16
2025-04-27 11:21:14.903,1,83.46
2025-04-27 11:21:14.907,1,79.39
2025-04-27 11:21:14.911,1,75.0
2025-04-27 11:21:14.915,1,70.34
2025-04-27 11:21:14.919,1,65.45
2025-04-27 11:21:14.923,1,60.4
2025-04-27 11:21:14.927,1,55.23
2025-04-27 11:21:14.931,1,50.0
2025-04-27 11:21:14.935,1,44.77
2025-04-27 11:21:14.939,1,39.6
2025-04-27 11:21:14.943,1,34.55
2025-04-27 11:21:14.947,1,29.66
2025-04-27 11:21:14.951,1,25.0
2025-04-27 11:21:14.955,1,20.61
2025-04-27 11:21:14.959,1,16.54
2025-04-27 11:21:14.963,1,12.84
2025-04-27 11:21:14.967,1,9.55
2025-04-27 11:21:14.971,1,6.7
2025-04-27 11:21:14.975,1,4.32
2025-04-27 11:21:14.979,1,2.45
2025-04-27 11:21:14.983,1,1.09
2025-04-27 11:21:14.987,1,0.27
2025-04-27 11:21:14.991,1,0.0
2025-04-27 11:21:14.995,1,0.27
2025-04-27 11:21:14.999,1,1.09
2025-04-27 11:21:15.003,1,2.45
2025-04-27 11:21:15.007,1,4.32
2025-04-27 11:21:15.011,1,6.7
2025-04-27 11:21:15.015,1,9.55
2025-04-27 11:21:15.019,1,12.84
2025-04-27 11:21:15.023,1,16.54
2025-04-27 11:21:15.027,1,20.61
2025-04-27 11:21:15.031,1,25.0
2025-04-27 11:21:15.035,1,29.66
2025-04-27 11:21:15.039,1,34.55
2025-04-27 11:21:15.043,1,39.6
2025-04-27 11:21:15.047,1,44.77
2025-04-27 11:21:15.051,1,50.0
2025-04-27 11:21:15.055,1,55.23
2025-04-27 11:21:15.059,1,60.4
2025-04-27 11:21:15.063,1,65.45
2025-04-27 11:21:15.067,1,70.34
2025-04-27 11:21:15.071,1,75.0
2025-04-27 11:21:15.075,1,79.39
2025-04-27 11:21:15.079,1,83.46
2025-04-27 11:21:15.083,1,87.16
2025-04-27 11:21:15.087,1,90.45
2025-04-27 11:21:15.091,1,93.3
2025-04-27 11:21:15.095,1,95.68
2025-04-27 11:21:15.099,1,97.55
2025-04-27 11:21:15.103,1,98.91
2025-04-27 11:21:15.107,1,99.73
2025-04-27 11:21:15.111,1,100.0
2025-04-27 11:21:15.115,1,99.73
2025-04-27 11:21:15.119,1,98.91
2025-04-27 11:21:15.123,1,97.55
2025-04-27 11:21:15.127,1,95.68
2025-04-27 11:21:15.131,1,93.3
2025-04-27 11:21:15.135,1,90.45
2025-04-27 11:21:15.139,1,87.16
2025-04-27 11:21:15.143,1,83.46
2025-04-27 11:21:15.147,1,79.39
2025-04-27 11:21:15.151,1,75.0
2025-04-27 11:21:15.155,1,70.34
2025-04-27 11:21:15.159,1,65.45
2025-04-27 11:21:15.163,1,60.4
2025-04-27 11:21:15.167,1,55.23
2025-04-27 11:21:15.171,1,50.0
2025-04-27 11:21:15.175,1,44.77
2025-04-27 11:21:15.179,1,39.6
2025-04-27 11:21:15.183,1,34.55
2025-04-27 11:21:15.187,1,29.66
2025-04-27 11:21:15.191,1,25.0
2025-04-27 11:21:15.195,1,20.61
2025-04-27 11:21:15.199,1,16.54
2025-04-27 11:21:15.203,1,12.84
2025-04-27 11:21:15.207,1,9.55
2025-04-27 11:21:15.211,1,6.7
2025-04-27 11:21:15.215,1,4.32
2025-04-27 11:21:15.219,1,2.45
2025-04-27 11:21:15.223,1,1.09
2025-04-27 11:21:15.227,1,0.27
2025-04-27 11:21:15.231,1,0.0
2025-04-27 11:21:15.235,1,0.27
2025-04-27 11:21:15.239,1,1.09
2025-04-27 11:21:15.243,1,2.45
2025-04-27 11:21:15.247,1,4.32
2025-04-27 11:21:15.251,1,6.7
2025-04-27 11:21:15.255,1,9.55
2025-04-27 11:21:15.259,1,12.84
2025-04-27 11:21:15.263,1,16.54
2025-04-27 11:21:15.267,1,20.61
2025-04-27 11:21:15.271,1,25.0
2025-04-27 11:21:15.275,1,29.66
2025-04-27 11:21:15.279,1,34.55
2025-04-27 11:21:15.283,1,39.6
2025-04-27 11:21:15.287,1,44.77
2025-04-27 11:21:15.291,1,50.0
2025-04-27 11:21:15.295,1,55.23
2025-04-27 11:21:15.299,1,60.4
2025-04-27 11:21:15.303,1,65.45
2025-04-27 11:21:15.307,1,70.34
2025-04-27 11:21:15.311,1,75.0
2025-04-27 11:21:15.315,1,79.39
2025-04-27 11:21:15.319,1,83.46
2025-04-27 11:21:15.323,1,87.16
2025-04-27 11:21:15.327,1,90.45
2025-04-27 11:21:15.331,1,93.3
2025-04-27 11:21:15.335,1,95.68
2025-04-27 11:21:15.339,1,97.55
2025-04-27 11:21:15.343,1,98.91
2025-04-27 11:21:15.347,1,99.73
2025-04-27 11:21:15.351,1,100.0
2025-04-27 11:21:15.355,1,99.73
2025-04-27 11:21:15.359,1,98.91
2025-04-27 11:21:15.363,1,97.55
2025-04-27 11:21:15.367,1,95.68
2025-04-27 11:21:15.371,1,93.3
2025-04-27 11:21:15.375,1,90.45
2025-04-27 11:21:15.379,1,87.16
2025-04-27 11:21:15.383,1,83.46
2025-04-27 11:21:15.387,1,79.39
2025-04-27 11:21:15.391,1,75.0
2025-04-27 11:21:15.395,1,70.34
2025-04-27 11:21:15.399,1,65.45
2025-04-27 11:21:15.403,1,60.4
2025-04-27 11:21:15.407,1,55.23
2025-04-27 11:21:15.411,1,50.0
2025-04-27 11:21:15.415,1,44.77
2025-04-27 11:21:15.419,1,39.6
2025-04-27 11:21:15.423,1,34.55
2025-04-27 11:21:15.427,1,29.66
2025-04-27 11:21:15.431,1,25.0
2025-04-27 11:21:15.435,1,20.61
2025-04-27 11:21:15.439,1,16.54
2025-04-27 11:21:15.443,1,12.84
2025-04-27 11:21:15.447,1,9.55
2025-04-27 11:21:15.451,1,6.7
2025-04-27 11:21:15.455,1,4.32
2025-04-27 11:21:15.459,1,2.45
2025-04-27 11:21:15.463,1,1.09
2025-04-27 11:21:15.467,1,0.27
2025-04-27 11:21:15.471,1,0.0
2025-04-27 11:21:15.475,1,0.27
2025-04-27 11:21:15.479,1,1.09
2025-04-27 11:21:15.483,1,2.45
2025-04-27 11:21:15.487,1,4.32
2025-04-27 11:21:15.491,1,6.7
2025-04-27 11:21:15.495,1,9.55
2025-04-27 11:21:15.499,1,12.84
2025-04-27 11:21:15.503,1,16.54
2025-04-27 11:21:15.507,1,20.61
2025-04-27 11:21:15.511,1,25.0
2025-04-27 11:21:15.515,1,29.66
2025-04-27 11:21:15.519,1,34.55
2025-04-27 11:21:15.523,1,39.6
2025-04-27 11:21:15.527,1,44.77
2025-04-27 11:21:15.531,1,50.0
2025-04-27 11:21:15.535,1,55.23
2025-04-27 11:21:15.539,1,60.4
2025-04-27 11:21:15.543,1,65.45
2025-04-27 11:21:15.547,1,70.34
2025-04-27 11:21:15.551,1,75.0
2025-04-27 11:21:15.555,1,79.39
2025-04-27 11:21:15.559,1,83.46
2025-04-27 11:21:15.563,1,87.16
2025-04-27 11:21:15.567,1,90.45
2025-04-27 11:21:15.571,1,93.3
2025-04-27 11:21:15.575,1,95.68
2025-04-27 11:21:15.579,1,97.55
2025-04-27 11:21:15.583,1,98.91
2025-04-27 11:21:15.587,1,99.73
2025-04-27 11:21:15.591,1,100.0
2025-04-27 11:21:15.595,1,99.73
2025-04-27 11:21:15.599,1,98.91
2025-04-27 11:21:15.603,1,97.55
2025-04-27 11:21:15.607,1,95.68
2025-04-27 11:21:15.611,1,93.3
2025-04-27 11:21:15.615,1,90.45
2025-04-27 11:21:15.619,1,87.16
2025-04-27 11:21:15.623,1,83.46
2025-04-27 11:21:15.627,1,79.39
2025-04-27 11:21:15.631,1,75.0
2025-04-27 11:21:15.635,1,70.34
2025-04-27 11:21:15.639,1,65.45
2025-04-27 11:21:15.643,1,60.4
2025-04-27 11:21:15.647,1,55.23
2025-04-27 11:21:15.651,1,50.0
2025-04-27 11:21:15.655,1,44.77
2025-04-27 11:21:15.659,1,39.6
2025-04-27 11:21:15.663,1,34.55
2025-04-27 11:21:15.667,1,29.66
2025-04-27 11:21:15.671,1,25.0
2025-04-27 11:21:15.675,1,20.61
2025-04-27 11:21:15.679,1,16.54
2025-04-27 11:21:15.683,1,12.84
2025-04-27 11:21:15.687,1,9.55
2025-04-27 11:21:15.691,1,6.7
2025-04-27 11:21:15.695,1,4.32
2025-04-27 11:21:15.699,1,2.45
2025-04-27 11:21:15.703,1,1.09
2025-04-27 11:21:15.707,1,0.27
2025-04-27 11:21:15.711,1,0.0
2025-04-27 11:21:15.715,1,0.27
2025-04-27 11:21:15.719,1,1.09
2025-04-27 11:21:15.723,1,2.45
2025-04-27 11:21:15.727,1,4.32
2025-04-27 11:21:15.731,1,6.7
2025-04-27 11:21:15.735,1,9.55
2025-04-27 11:21:15.739,1,12.84
2025-04-27 11:21:15.743,1,16.54
2025-04-27 11:21:15.747,1,20.61
2025-04-27 11:21:15.751,1,25.0
2025-04-27 11:21:15.755,1,29.66
2025-04-27 11:21:15.759,1,34.55
2025-04-27 11:21:15.763,1,39.6
2025-04-27 11:21:15.767,1,44.77
2025-04-27 11:21:15.771,1,50.0
2025-04-27 11:21:15.775,1,55.23
2025-04-27 11:21:15.779,1,60.4
2025-04-27 11:21:15.783,1,65.45
2025-04-27 11:21:15.787,1,70.34
2025-04-27 11:21:15.791,1,75.0
2025-04-27 11:21:15.795,1,79.39
2025-04-27 11:21:15.799,1,83.46
2025-04-27 11:21:15.803,1,87.16
2025-04-27 11:21:15.807,1,90.45
2025-04-27 11:21:15.811,1,93.3
2025-04-27 11:21:15.815,1,95.68
2025-04-27 11:21:15.819,1,97.55
2025-04-27 11:21:15.823,1,98.91
2025-04-27 11:21:15.827,1,99.73
2025-04-27 11:21:15.831,1,100.0
2025-04-27 11:21:15.835,1,99.73
2025-04-27 11:21:15.839,1,98.91
2025-04-27 11:21:15.843,1,97.55
2025-04-27 11:21:15.847,1,95.68
2025-04-27 11:21:15.851,1,93.3
2025-04-27 11:21:15.855,1,90.45
2025-04-27 11:21:15.859,1,87.16
2025-04-27 11:21:15.863,1,83.46
2025-04-27 11:21:15.867,1,79.39
2025-04-27 11:21:15.871,1,75.0
2025-04-27 11:21:15.875,1,70.34
2025-04-27 11:21:15.879,1,65.45
2025-04-27 11:21:15.883,1,60.4
2025-04-27 11:21:15.887,1,55.23
2025-04-27 11:21:15.891,1,50.0
2025-04-27 11:21:15.895,1,44.77
2025-04-27 11:21:15.899,1,39.6
2025-04-27 11:21:15.903,1,34.55
2025-04-27 11:21:15.907,1,29.66
2025-04-27 11:21:15.911,1,25.0
2025-04-27 11:21:15.915,1,20.61
2025-04-27 11:21:15.919,1,16.54
2025-04-27 11:21:15.923,1,12.84
2025-04-27 11:21:15.927,1,9.55
2025-04-27 11:21:15.931,1,6.7
2025-04-27 11:21:15.935,1,4.32
2025-04-27 11:21:15.939,1,2.45
2025-04-27 11:21:15.943,1,1.09
2025-04-27 11:21:15.947,1,0.27
2025-04-27 11:21:15.951,1,0.0
2025-04-27 11:21:15.955,1,0.27
2025-04-27 11:21:15.959,1,1.09
2025-04-27 11:21:15.963,1,2.45
2025-04-27 11:21:15.967,1,4.32
2025-04-27 11:21:15.971,1,6.7
2025-04-27 11:21:15.975,1,9.55
2025-04-27 11:21:15.979,1,12.84
2025-04-27 11:21:15.983,1,16.54
2025-04-27 11:21:15.987,1,20.61
2025-04-27 11:21:15.991,1,25.0
2025-04-27 11:21:15.995,1,29.66
2025-04-27 11:21:15.999,1,34.55
2025-04-27 11:21:16.003,1,39.6
2025-04-27 11:21:16.007,1,44.77
2025-04-27 11:21:16.011,1,50.0
2025-04-27 11:21:16.015,1,55.23
2025-04-27 11:21:16.019,1,60.4
2025-04-27 11:21:16.023,1,65.45
2025-04-27 11:21:16.027,1,70.34
2025-04-27 11:21:16.031,1,75.0
2025-04-27 11:21:16.035,1,79.39
2025-04-27 11:21:16.039,1,83.46
2025-04-27 11:21:16.043,1,87.16
2025-04-27 11:21:16.047,1,90.45
2025-04-27 11:21:16.051,1,93.3
2025-04-27 11:21:16.056,1,95.68
2025-04-27 11:21:16.059,1,97.55
2025-04-27 11:21:16.063,1,98.91
2025-04-27 11:21:16.067,1,99.73
2025-04-27 11:21:16.071,1,100.0
2025-04-27 11:21:16.075,1,99.73
2025-04-27 11:21:16.079,1,98.91
2025-04-27 11:21:16.083,1,97.55
2025-04-27 11:21:16.087,1,95.68
2025-04-27 11:21:16.091,1,93.3
2025-04-27 11:21:16.095,1,90.45
2025-04-27 11:21:16.099,1,87.16
2025-04-27 11:21:16.103,1,83.46
2025-04-27 11:21:16.107,1,79.39
2025-04-27 11:21:16.111,1,75.0
2025-04-27 11:21:16.115,1,70.34
2025-04-27 11:21:16.119,1,65.45
2025-04-27 11:21:16.123,1,60.4
2025-04-27 11:21:16.127,1,55.23
2025-04-27 11:21:16.131,1,50.0
2025-04-27 11:21:16.135,1,44.77
2025-04-27 11:21:16.139,1,39.6
2025-04-27 11:21:16.143,1,34.55
2025-04-27 11:21:16.147,1,29.66
2025-04-27 11:21:16.151,1,25.0
2025-04-27 11:21:16.155,1,20.61
2025-04-27 11:21:16.159,1,16.54
2025-04-27 11:21:16.163,1,12.84
2025-04-27 11:21:16.167,1,9.55
2025-04-27 11:21:16.171,1,6.7
2025-04-27 11:21:16.175,1,4.32
2025-04-27 11:21:16.179,1,2.45
2025-04-27 11:21:16.183,1,1.09
2025-04-27 11:21:16.187,1,0.27
2025-04-27 11:21:16.191,1,0.0
2025-04-27 11:21:16.195,1,0.27
2025-04-27 11:21:16.199,1,1.09
2025-04-27 11:21:16.203,1,2.45
2025-04-27 11:21:16.207,1,4.32
2025-04-27 11:21:16.211,1,6.7
2025-04-27 11:21:16.215,1,9.55
2025-04-27 11:21:16.219,1,12.84
2025-04-27 11:21:16.223,1,16.54
2025-04-27 11:21:16.227,1,20.61
2025-04-27 11:21:16.231,1,25.0
2025-04-27 11:21:16.235,1,29.66
2025-04-27 11:21:16.239,1,34.55
2025-04-27 11:21:16.243,1,39.6
2025-04-27 11:21:16.247,1,44.77
2025-04-27 11:21:16.251,1,50.0
2025-04-27 11:21:16.255,1,55.23
2025-04-27 11:21:16.259,1,60.4
2025-04-27 11:21:16.263,1,65.45
2025-04-27 11:21:16.267,1,70.34
2025-04-27 11:21:16.271,1,75.0
2025-04-27 11:21:16.275,1,79.39
2025-04-27 11:21:16.279,1,83.46
2025-04-27 11:21:16.283,1,87.16
2025-04-27 11:21:16.287,1,90.45
2025-04-27 11:21:16.291,1,93.3
2025-04-27 11:21:16.295,1,95.68
2025-04-27 11:21:16.299,1,97.55
2025-04-27 11:21:16.303,1,98.91
2025-04-27 11:21:16.307,1,99.73
2025-04-27 11:21:16.311,1,100.0
2025-04-27 11:21:16.315,1,99.73
2025-04-27 11:21:16.319,1,98.91
2025-04-27 11:21:16.323,1,97.55
2025-04-27 11:21:16.327,1,95.68
2025-04-27 11:21:16.331,1,93.3
2025-04-27 11:21:16.335,1,90.45
2025-04-27 11:21:16.339,1,87.16
2025-04-27 11:21:16.343,1,83.46
2025-04-27 11:21:16.347,1,79.39
2025-04-27 11:21:16.351,1,75.0
2025-04-27 11:21:16.355,1,70.34
2025-04-27 11:21:16.359,1,65.45
2025-04-27 11:21:16.363,1,60.4
2025-04-27 11:21:16.367,1,55.23
2025-04-27 11:21:16.371,1,50.0
2025-04-27 11:21:16.375,1,44.77
2025-04-27 11:21:16.379,1,39.6
2025-04-27 11:21:16.383,1,34.55
2025-04-27 11:21:16.387,1,29.66
2025-04-27 11:21:16.391,1,25.0
2025-04-27 11:21:16.395,1,20.61
2025-04-27 11:21:16.399,1,16.54
2025-04-27 11:21:16.403,1,12.84
2025-04-27 11:21:16.407,1,9.55
2025-04-27 11:21:16.411,1,6.7
2025-04-27 11:21:16.415,1,4.32
2025-04-27 11:21:16.419,1,2.45
2025-04-27 11:21:16.423,1,1.09
2025-04-27 11:21:16.427,1,0.27
2025-04-27 11:21:16.431,1,0.0
2025-04-27 11:21:16.435,1,0.27
2025-04-27 11:21:16.439,1,1.09
2025-04-27 11:21:16.443,1,2.45
2025-04-27 11:21:16.447,1,4.32
2025-04-27 11:21:16.451,1,6.7
2025-04-27 11:21:16.455,1,9.55
2025-04-27 11:21:16.459,1,12.84
2025-04-27 11:21:16.463,1,16.54
2025-04-27 11:21:16.467,1,20.61
2025-04-27 11:21:16.471,1,25.0
2025-04-27 11:21:16.475,1,29.66
2025-04-27 11:21:16.479,1,34.55
2025-04-27 11:21:16.483,1,39.6
2025-04-27 11:21:16.487,1,44.77
2025-04-27 11:21:16.491,1,50.0
2025-04-27 11:21:16.495,1,55.23
2025-04-27 11:21:16.499,1,60.4
2025-04-27 11:21:16.503,1,65.45
2025-04-27 11:21:16.507,1,70.34
2025-04-27 11:21:16.511,1,75.0
2025-04-27 11:21:16.515,1,79.39
2025-04-27 11:21:16.519,1,83.46
2025-04-27 11:21:16.523,1,87.16
2025-04-27 11:21:16.527,1,90.45
2025-04-27 11:21:16.531,1,93.3
2025-04-27 11:21:16.535,1,95.68
2025-04-27 11:21:16.539,1,97.55
2025-04-27 11:21:16.543,1,98.91
2025-04-27 11:21:16.547,1,99.73
2025-04-27 11:21:16.551,1,100.0
2025-04-27 11:21:16.555,1,99.73
2025-04-27 11:21:16.559,1,98.91
2025-04-27 11:21:16.563,1,97.55
2025-04-27 11:21:16.567,1,95.68
2025-04-27 11:21:16.571,1,93.3
2025-04-27 11:21:16.575,1,90.45
2025-04-27 11:21:16.579,1,87.16
2025-04-27 11:21:16.583,1,83.46
2025-04-27 11:21:16.587,1,79.39
2025-04-27 11:21:16.591,1,75.0
2025-04-27 11:21:16.595,1,70.34
2025-04-27 11:21:16.599,1,65.45
2025-04-27 11:21:16.603,1,60.4
2025-04-27 11:21:16.607,1,55.23
2025-04-27 11:21:16.611,1,50.0
2025-04-27 11:21:16.615,1,44.77
2025-04-27 11:21:16.619,1,39.6
2025-04-27 11:21:16.623,1,34.55
2025-04-27 11:21:16.627,1,29.66
2025-04-27 11:21:16.631,1,25.0
2025-04-27 11:21:16.635,1,20.61
2025-04-27 11:21:16.639,1,16.54
2025-04-27 11:21:16.643,1,12.84
2025-04-27 11:21:16.647,1,9.55
2025-04-27 11:21:16.651,1,6.7
2025-04-27 11:21:16.655,1,4.32
2025-04-27 11:21:16.659,1,2.45
2025-04-27 11:21:16.663,1,1.09
2025-04-27 11:21:16.667,1,0.27
2025-04-27 11:21:16.671,1,0.0
2025-04-27 11:21:16.675,1,0.27
2025-04-27 11:21:16.679,1,1.09
2025-04-27 11:21:16.683,1,2.45
2025-04-27 11:21:16.687,1,4.32
2025-04-27 11:21:16.691,1,6.7
2025-04-27 11:21:16.695,1,9.55
2025-04-27 11:21:16.699,1,12.84
2025-04-27 11:21:16.703,1,16.54
2025-04-27 11:21:16.707,1,20.61
2025-04-27 11:21:16.711,1,25.0
2025-04-27 11:21:16.715,1,29.66
2025-04-27 11:21:16.719,1,34.55
2025-04-27 11:21:16.723,1,39.6
2025-04-27 11:21:16.727,1,44.77
2025-04-27 11:21:16.731,1,50.0
2025-04-27 11:21:16.735,1,55.23
2025-04-27 11:21:16.739,1,60.4
2025-04-27 11:21:16.743,1,65.45
2025-04-27 11:21:16.747,1,70.34
2025-04-27 11:21:16.751,1,75.0
2025-04-27 11:21:16.755,1,79.39
2025-04-27 11:21:16.759,1,83.46
2025-04-27 11:21:16.763,1,87.16
2025-04-27 11:21:16.767,1,90.45
2025-04-27 11:21:16.771,1,93.3
2025-04-27 11:21:16.775,1,95.68
2025-04-27 11:21:16.779,1,97.55
2025-04-27 11:21:16.783,1,98.91
2025-04-27 11:21:16.787,1,99.73
2025-04-27 11:21:16.791,1,100.0
2025-04-27 11:21:16.795,1,99.73
2025-04-27 11:21:16.799,1,98.91
2025-04-27 11:21:16.803,1,97.55
2025-04-27 11:21:16.807,1,95.68
2025-04-27 11:21:16.811,1,93.3
2025-04-27 11:21:16.815,1,90.45
2025-04-27 11:21:16.819,1,87.16
2025-04-27 11:21:16.823,1,83.46
2025-04-27 11:21:16.827,1,79.39
2025-04-27 11:21:16.831,1,75.0
2025-04-27 11:21:16.835,1,70.34
2025-04-27 11:21:16.839,1,65.45
2025-04-27 11:21:16.843,1,60.4
2025-04-27 11:21:16.847,1,55.23
2025-04-27 11:21:16.851,1,50.0
2025-04-27 11:21:16.855,1,44.77
2025-04-27 11:21:16.859,1,39.6
2025-04-27 11:21:16.863,1,34.55
2025-04-27 11:21:16.867,1,29.66
2025-04-27 11:21:16.871,1,25.0
2025-04-27 11:21:16.875,1,20.61
2025-04-27 11:21:16.879,1,16.54
2025-04-27 11:21:16.883,1,12.84
2025-04-27 11:21:16.887,1,9.55
2025-04-27 11:21:16.891,1,6.7
2025-04-27 11:21:16.895,1,4.32
2025-04-27 11:21:16.899,1,2.45
2025-04-27 11:21:16.903,1,1.09
2025-04-27 11:21:16.907,1,0.27
2025-04-27 11:21:16.911,1,0.0
2025-04-27 11:21:16.915,1,0.27
2025-04-27 11:21:16.919,1,1.09
2025-04-27 11:21:16.923,1,2.45
2025-04-27 11:21:16.927,1,4.32
2025-04-27 11:21:16.931,1,6.7
2025-04-27 11:21:16.935,1,9.55
2025-04-27 11:21:16.939,1,12.84
2025-04-27 11:21:16.943,1,16.54
2025-04-27 11:21:16.947,1,20.61
2025-04-27 11:21:16.951,1,25.0
2025-04-27 11:21:16.955,1,29.66
2025-04-27 11:21:16.959,1,34.55
2025-04-27 11:21:16.963,1,39.6
2025-04-27 11:21:16.967,1,44.77
2025-04-27 11:21:16.971,1,50.0
2025-04-27 11:21:16.975,1,55.23
2025-04-27 11:21:16.979,1,60.4
2025-04-27 11:21:16.983,1,65.45
2025-04-27 11:21:16.987,1,70.34
2025-04-27 11:21:16.991,1,75.0
2025-04-27 11:21:16.995,1,79.39
2025-04-27 11:21:16.999,1,83.46
2025-04-27 11:21:17.003,1,87.16
2025-04-27 11:21:17.007,1,90.45
2025-04-27 11:21:17.011,1,93.3
2025-04-27 11:21:17.015,1,95.68
2025-04-27 11:21:17.019,1,97.55
2025-04-27 11:21:17.023,1,98.91
2025-04-27 11:21:17.027,1,99.73
2025-04-27 11:21:17.031,1,100.0
2025-04-27 11:21:17.035,1,99.73
2025-04-27 11:21:17.039,1,98.91
2025-04-27 11:21:17.043,1,97.55
2025-04-27 11:21:17.047,1,95.68
2025-04-27 11:21:17.051,1,93.3
2025-04-27 11:21:17.055,1,90.45
2025-04-27 11:21:17.059,1,87.16
2025-04-27 11:21:17.063,1,83.46
2025-04-27 11:21:17.067,1,79.39
2025-04-27 11:21:17.071,1,75.0
2025-04-27 11:21:17.075,1,70.34
2025-04-27 11:21:17.079,1,65.45
2025-04-27 11:21:17.083,1,60.4
2025-04-27 11:21:17.087,1,55.23
2025-04-27 11:21:17.091,1,50.0
2025-04-27 11:21:17.095,1,44.77
2025-04-27 11:21:17.099,1,39.6
2025-04-27 11:21:17.103,1,34.55
2025-04-27 11:21:17.107,1,29.66
2025-04-27 11:21:17.111,1,25.0
2025-04-27 11:21:17.115,1,20.61
2025-04-27 11:21:17.119,1,16.54
2025-04-27 11:21:17.123,1,12.84
2025-04-27 11:21:17.127,1,9.55
2025-04-27 11:21:17.131,1,6.7
2025-04-27 11:21:17.135,1,4.32
2025-04-27 11:21:17.139,1,2.45
2025-04-27 11:21:17.143,1,1.09
2025-04-27 11:21:17.147,1,0.27
2025-04-27 11:21:17.151,1,0.0
2025-04-27 11:21:17.155,1,0.27
2025-04-27 11:21:17.159,1,1.09
2025-04-27 11:21:17.163,1,2.45
2025-04-27 11:21:17.167,1,4.32
2025-04-27 11:21:17.171,1,6.7
2025-04-27 11:21:17.175,1,9.55
2025-04-27 11:21:17.179,1,12.84
2025-04-27 11:21:17.183,1,16.54
2025-04-27 11:21:17.187,1,20.61
2025-04-27 11:21:17.191,1,25.0
2025-04-27 11:21:17.195,1,29.66
2025-04-27 11:21:17.199,1,34.55
2025-04-27 11:21:17.203,1,39.6
2025-04-27 11:21:17.207,1,44.77
2025-04-27 11:21:17.211,1,50.0
2025-04-27 11:21:17.215,1,55.23
2025-04-27 11:21:17.219,1,60.4
2025-04-27 11:21:17.223,1,65.45
2025-04-27 11:21:17.227,1,70.34
2025-04-27 11:21:17.231,1,75.0
2025-04-27 11:21:17.235,1,79.39
2025-04-27 11:21:17.239,1,83.46
2025-04-27 11:21:17.243,1,87.16
2025-04-27 11:21:17.247,1,90.45
2025-04-27 11:21:17.251,1,93.3
2025-04-27 11:21:17.255,1,95.68
2025-04-27 11:21:17.259,1,97.55
2025-04-27 11:21:17.263,1,98.91
2025-04-27 11:21:17.267,1,99.73
2025-04-27 11:21:17.271,1,100.0
2025-04-27 11:21:17.275,1,99.73
2025-04-27 11:21:17.279,1,98.91
2025-04-27 11:21:17.283,1,97.55
2025-04-27 11:21:17.287,1,95.68
2025-04-27 11:21:17.291,1,93.3
2025-04-27 11:21:17.295,1,90.45
2025-04-27 11:21:17.299,1,87.16
2025-04-27 11:21:17.303,1,83.46
2025-04-27 11:21:17.307,1,79.39
2025-04-27 11:21:17.311,1,75.0
2025-04-27 11:21:17.315,1,70.34
2025-04-27 11:21:17.319,1,65.45
2025-04-27 11:21:17.323,1,60.4
2025-04-27 11:21:17.327,1,55.23
2025-04-27 11:21:17.331,1,50.0
2025-04-27 11:21:17.335,1,44.77
2025-04-27 11:21:17.339,1,39.6
2025-04-27 11:21:17.343,1,34.55
2025-04-27 11:21:17.347,1,29.66
2025-04-27 11:21:17.351,1,25.0
2025-04-27 11:21:17.355,1,20.61
2025-04-27 11:21:17.359,1,16.54
2025-04-27 11:21:17.363,1,12.84
2025-04-27 11:21:17.367,1,9.55
2025-04-27 11:21:17.371,1,6.7
2025-04-27 11:21:17.375,1,4.32
2025-04-27 11:21:17.379,1,2.45
2025-04-27 11:21:17.383,1,1.09
2025-04-27 11:21:17.387,1,0.27
2025-04-27 11:21:17.391,1,0.0
2025-04-27 11:21:17.395,1,0.27
2025-04-27 11:21:17.399,1,1.09
2025-04-27 11:21:17.403,1,2.45
2025-04-27 11:21:17.407,1,4.32
2025-04-27 11:21:17.411,1,6.7
2025-04-27 11:21:17.415,1,9.55
2025-04-27 11:21:17.419,1,12.84
2025-04-27 11:21:17.423,1,16.54
2025-04-27 11:21:17.427,1,20.61
2025-04-27 11:21:17.431,1,25.0
2025-04-27 11:21:17.435,1,29.66
2025-04-27 11:21:17.439,1,34.55
2025-04-27 11:21:17.443,1,39.6
2025-04-27 11:21:17.447,1,44.77
2025-04-27 11:21:17.451,1,50.0
2025-04-27 11:21:17.455,1,55.23
2025-04-27 11:21:17.459,1,60.4
2025-04-27 11:21:17.464,1,65.45
2025-04-27 11:21:17.467,1,70.34
2025-04-27 11:21:17.471,1,75.0
2025-04-27 11:21:17.475,1,79.39
2025-04-27 11:21:17.479,1,83.46
2025-04-27 11:21:17.483,1,87.16
2025-04-27 11:21:17.487,1,90.45
2025-04-27 11:21:17.491,1,93.3
2025-04-27 11:21:17.495,1,95.68
2025-04-27 11:21:17.499,1,97.55
2025-04-27 11:21:17.503,1,98.91
2025-04-27 11:21:17.507,1,99.73
2025-04-27 11:21:17.511,1,100.0
2025-04-27 11:21:17.515,1,99.73
2025-04-27 11:21:17.519,1,98.91
2025-04-27 11:21:17.523,1,97.55
2025-04-27 11:21:17.527,1,95.68
2025-04-27 11:21:17.531,1,93.3
2025-04-27 11:21:17.535,1,90.45
2025-04-27 11:21:17.539,1,87.16
2025-04-27 11:21:17.543,1,83.46
2025-04-27 11:21:17.547,1,79.39
2025-04-27 11:21:17.551,1,75.0
2025-04-27 11:21:17.555,1,70.34
2025-04-27 11:21:17.559,1,65.45
2025-04-27 11:21:17.563,1,60.4
2025-04-27 11:21:17.567,1,55.23
2025-04-27 11:21:17.571,1,50.0
2025-04-27 11:21:17.575,1,44.77
2025-04-27 11:21:17.579,1,39.6
2025-04-27 11:21:17.583,1,34.55
2025-04-27 11:21:17.587,1,29.66
2025-04-27 11:21:17.591,1,25.0
2025-04-27 11:21:17.595,1,20.61
2025-04-27 11:21:17.599,1,16.54
2025-04-27 11:21:17.603,1,12.84
2025-04-27 11:21:17.607,1,9.55
2025-04-27 11:21:17.611,1,6.7
2025-04-27 11:21:17.615,1,4.32
2025-04-27 11:21:17.619,1,2.45
2025-04-27 11:21:17.623,1,1.09
2025-04-27 11:21:17.627,1,0.27
2025-04-27 11:21:17.631,1,0.0
2025-04-27 11:21:17.635,1,0.27
2025-04-27 11:21:17.639,1,1.09
2025-04-27 11:21:17.643,1,2.45
2025-04-27 11:21:17.647,1,4.32
2025-04-27 11:21:17.652,1,6.7
2025-04-27 11:21:17.655,1,9.55
2025-04-27 11:21:17.659,1,12.84
2025-04-27 11:21:17.663,1,16.54
2025-04-27 11:21:17.667,1,20.61
2025-04-27 11:21:17.671,1,25.0
2025-04-27 11:21:17.675,1,29.66
2025-04-27 11:21:17.679,1,34.55
2025-04-27 11:21:17.683,1,39.6
2025-04-27 11:21:17.687,1,44.77
2025-04-27 11:21:17.691,1,50.0
2025-04-27 11:21:17.695,1,55.23
2025-04-27 11:21:17.699,1,60.4
2025-04-27 11:21:17.703,1,65.45
2025-04-27 11:21:17.707,1,70.34
2025-04-27 11:21:17.711,1,75.0
2025-04-27 11:21:17.715,1,79.39
2025-04-27 11:21:17.719,1,83.46
2025-04-27 11:21:17.723,1,87.16
2025-04-27 11:21:17.727,1,90.45
2025-04-27 11:21:17.731,1,93.3
2025-04-27 11:21:17.735,1,95.68
2025-04-27 11:21:17.739,1,97.55
2025-04-27 11:21:17.743,1,98.91
2025-04-27 11:21:17.747,1,99.73
2025-04-27 11:21:17.751,1,100.0
2025-04-27 11:21:17.755,1,99.73
2025-04-27 11:21:17.759,1,98.91
2025-04-27 11:21:17.763,1,97.55
2025-04-27 11:21:17.767,1,95.68
2025-04-27 11:21:17.771,1,93.3
2025-04-27 11:21:17.775,1,90.45
2025-04-27 11:21:17.779,1,87.16
2025-04-27 11:21:17.783,1,83.46
2025-04-27 11:21:17.787,1,79.39
2025-04-27 11:21:17.791,1,75.0
2025-04-27 11:21:17.795,1,70.34
2025-04-27 11:21:17.799,1,65.45
2025-04-27 11:21:17.803,1,60.4
2025-04-27 11:21:17.807,1,55.23
2025-04-27 11:21:17.811,1,50.0
2025-04-27 11:21:17.815,1,44.77
2025-04-27 11:21:17.819,1,39.6
2025-04-27 11:21:17.823,1,34.55
2025-04-27 11:21:17.827,1,29.66
2025-04-27 11:21:17.831,1,25.0
2025-04-27 11:21:17.835,1,20.61
2025-04-27 11:21:17.839,1,16.54
2025-04-27 11:21:17.843,1,12.84
2025-04-27 11:21:17.847,1,9.55
2025-04-27 11:21:17.851,1,6.7
2025-04-27 11:21:17.855,1,4.32
2025-04-27 11:21:17.859,1,2.45
2025-04-27 11:21:17.863,1,1.09
2025-04-27 11:21:17.867,1,0.27
2025-04-27 11:21:17.871,1,0.0
2025-04-27 11:21:17.875,1,0.27
2025-04-27 11:21:17.879,1,1.09
2025-04-27 11:21:17.883,1,2.45
2025-04-27 11:21:17.887,1,4.32
2025-04-27 11:21:17.891,1,6.7
2025-04-27 11:21:17.895,1,9.55
2025-04-27 11:21:17.899,1,12.84
2025-04-27 11:21:17.903,1,16.54
2025-04-27 11:21:17.907,1,20.61
2025-04-27 11:21:17.911,1,25.0
2025-04-27 11:21:17.915,1,29.66
2025-04-27 11:21:17.919,1,34.55
2025-04-27 11:21:17.923,1,39.6
2025-04-27 11:21:17.927,1,44.77
2025-04-27 11:21:17.931,1,50.0
2025-04-27 11:21:17.935,1,55.23
2025-04-27 11:21:17.939,1,60.4
2025-04-27 11:21:17.943,1,65.45
2025-04-27 11:21:17.947,1,70.34
2025-04-27 11:21:17.951,1,75.0
2025-04-27 11:21:17.955,1,79.39
2025-04-27 11:21:17.959,1,83.46
2025-04-27 11:21:17.963,1,87.16
2025-04-27 11:21:17.967,1,90.45
2025-04-27 11:21:17.971,1,93.3
2025-04-27 11:21:17.975,1,95.68
2025-04-27 11:21:17.979,1,97.55
2025-04-27 11:21:17.983,1,98.91
2025-04-27 11:21:17.987,1,99.73
2025-04-27 11:21:17.991,1,100.0
2025-04-27 11:21:17.995,1,99.73
2025-04-27 11:21:17.999,1,98.91
2025-04-27 11:21:18.003,1,97.55
2025-04-27 11:21:18.007,1,95.68
2025-04-27 11:21:18.011,1,93.3
2025-04-27 11:21:18.015,1,90.45
2025-04-27 11:21:18.019,1,87.16
2025-04-27 11:21:18.023,1,83.46
2025-04-27 11:21:18.027,1,79.39
2025-04-27 11:21:18.031,1,75.0
2025-04-27 11:21:18.035,1,70.34
2025-04-27 11:21:18.039,1,65.45
2025-04-27 11:21:18.043,1,60.4
2025-04-27 11:21:18.047,1,55.23
2025-04-27 11:21:18.051,1,50.0
2025-04-27 11:21:18.055,1,44.77
2025-04-27 11:21:18.059,1,39.6
2025-04-27 11:21:18.063,1,34.55
2025-04-27 11:21:18.067,1,29.66
2025-04-27 11:21:18.071,1,25.0
2025-04-27 11:21:18.075,1,20.61
2025-04-27 11:21:18.079,1,16.54
2025-04-27 11:21:18.083,1,12.84
2025-04-27 11:21:18.087,1,9.55
2025-04-27 11:21:18.091,1,6.7
2025-04-27 11:21:18.095,1,4.32
2025-04-27 11:21:18.099,1,2.45
2025-04-27 11:21:18.103,1,1.09
2025-04-27 11:21:18.107,1,0.27
2025-04-27 11:21:18.111,1,0.0
2025-04-27 11:21:18.115,1,0.27
2025-04-27 11:21:18.119,1,1.09
2025-04-27 11:21:18.123,1,2.45
2025-04-27 11:21:18.127,1,4.32
2025-04-27 11:21:18.131,1,6.7
2025-04-27 11:21:18.135,1,9.55
2025-04-27 11:21:18.139,1,12.84
2025-04-27 11:21:18.143,1,16.54
2025-04-27 11:21:18.147,1,20.61
2025-04-27 11:21:18.151,1,25.0
2025-04-27 11:21:18.155,1,29.66
2025-04-27 11:21:18.159,1,34.55
2025-04-27 11:21:18.163,1,39.6
2025-04-27 11:21:18.167,1,44.77
2025-04-27 11:21:18.171,1,50.0
2025-04-27 11:21:18.175,1,55.23
2025-04-27 11:21:18.179,1,60.4
2025-04-27 11:21:18.183,1,65.45
2025-04-27 11:21:18.187,1,70.34
2025-04-27 11:21:18.191,1,75.0
2025-04-27 11:21:18.195,1,79.39
2025-04-27 11:21:18.199,1,83.46
2025-04-27 11:21:18.203,1,87.16
2025-04-27 11:21:18.207,1,90.45
2025-04-27 11:21:18.211,1,93.3
2025-04-27 11:21:18.215,1,95.68
2025-04-27 11:21:18.219,1,97.55
2025-04-27 11:21:18.223,1,98.91
2025-04-27 11:21:18.227,1,99.73
2025-04-27 11:21:18.231,1,100.0
2025-04-27 11:21:18.235,1,99.73
2025-04-27 11:21:18.239,1,98.91
2025-04-27 11:21:18.243,1,97.55
2025-04-27 11:21:18.247,1,95.68
2025-04-27 11:21:18.251,1,93.3
2025-04-27 11:21:18.255,1,90.45
2025-04-27 11:21:18.259,1,87.16
2025-04-27 11:21:18.263,1,83.46
2025-04-27 11:21:18.267,1,79.39
2025-04-27 11:21:18.271,1,75.0
2025-04-27 11:21:18.275,1,70.34
2025-04-27 11:21:18.279,1,65.45
2025-04-27 11:21:18.283,1,60.4
2025-04-27 11:21:18.287,1,55.23
2025-04-27 11:21:18.292,1,50.0
2025-04-27 11:21:18.295,1,44.77
2025-04-27 11:21:18.299,1,39.6
2025-04-27 11:21:18.303,1,34.55
2025-04-27 11:21:18.307,1,29.66
2025-04-27 11:21:18.311,1,25.0
2025-04-27 11:21:18.315,1,20.61
2025-04-27 11:21:18.319,1,16.54
2025-04-27 11:21:18.323,1,12.84
2025-04-27 11:21:18.327,1,9.55
2025-04-27 11:21:18.331,1,6.7
2025-04-27 11:21:18.335,1,4.32
2025-04-27 11:21:18.339,1,2.45
2025-04-27 11:21:18.343,1,1.09
2025-04-27 11:21:18.347,1,0.27
2025-04-27 11:21:18.351,1,0.0
2025-04-27 11:21:18.355,1,0.27
2025-04-27 11:21:18.359,1,1.09
2025-04-27 11:21:18.363,1,2.45
2025-04-27 11:21:18.367,1,4.32
2025-04-27 11:21:18.371,1,6.7
2025-04-27 11:21:18.375,1,9.55
2025-04-27 11:21:18.379,1,12.84
2025-04-27 11:21:18.383,1,16.54
2025-04-27 11:21:18.387,1,20.61
2025-04-27 11:21:18.391,1,25.0
2025-04-27 11:21:18.395,1,29.66
2025-04-27 11:21:18.399,1,34.55
2025-04-27 11:21:18.403,1,39.6
2025-04-27 11:21:18.407,1,44.77
2025-04-27 11:21:18.411,1,50.0
2025-04-27 11:21:18.415,1,55.23
2025-04-27 11:21:18.419,1,60.4
2025-04-27 11:21:18.423,1,65.45
2025-04-27 11:21:18.427,1,70.34
2025-04-27 11:21:18.431,1,75.0
2025-04-27 11:21:18.435,1,79.39
2025-04-27 11:21:18.439,1,83.46
2025-04-27 11:21:18.443,1,87.16
2025-04-27 11:21:18.447,1,90.45
2025-04-27 11:21:18.451,1,93.3
2025-04-27 11:21:18.455,1,95.68
2025-04-27 11:21:18.459,1,97.55
2025-04-27 11:21:18.463,1,98.91
2025-04-27 11:21:18.467,1,99.73
2025-04-27 11:21:18.471,1,100.0
2025-04-27 11:21:18.475,1,99.73
2025-04-27 11:21:18.479,1,98.91
2025-04-27 11:21:18.483,1,97.55
2025-04-27 11:21:18.487,1,95.68
2025-04-27 11:21:18.491,1,93.3
2025-04-27 11:21:18.495,1,90.45
2025-04-27 11:21:18.499,1,87.16
2025-04-27 11:21:18.503,1,83.46
2025-04-27 11:21:18.507,1,79.39
2025-04-27 11:21:18.511,1,75.0
2025-04-27 11:21:18.515,1,70.34
2025-04-27 11:21:18.519,1,65.45
2025-04-27 11:21:18.523,1,60.4
2025-04-27 11:21:18.527,1,55.23
2025-04-27 11:21:18.531,1,50.0
2025-04-27 11:21:18.535,1,44.77
2025-04-27 11:21:18.539,1,39.6
2025-04-27 11:21:18.543,1,34.55
2025-04-27 11:21:18.547,1,29.66
2025-04-27 11:21:18.551,1,25.0
2025-04-27 11:21:18.555,1,20.61
2025-04-27 11:21:18.559,1,16.54
2025-04-27 11:21:18.563,1,12.84
2025-04-27 11:21:18.567,1,9.55
2025-04-27 11:21:18.571,1,6.7
2025-04-27 11:21:18.575,1,4.32
2025-04-27 11:21:18.579,1,2.45
2025-04-27 11:21:18.583,1,1.09
2025-04-27 11:21:18.587,1,0.27
2025-04-27 11:21:18.591,1,0.0
2025-04-27 11:21:18.595,1,0.27
2025-04-27 11:21:18.599,1,1.09
2025-04-27 11:21:18.603,1,2.45
2025-04-27 11:21:18.607,1,4.32
2025-04-27 11:21:18.611,1,6.7
2025-04-27 11:21:18.615,1,9.55
2025-04-27 11:21:18.619,1,12.84
2025-04-27 11:21:18.623,1,16.54
2025-04-27 11:21:18.627,1,20.61
2025-04-27 11:21:18.631,1,25.0
2025-04-27 11:21:18.635,1,29.66
2025-04-27 11:21:18.639,1,34.55
2025-04-27 11:21:18.643,1,39.6
2025-04-27 11:21:18.647,1,44.77
2025-04-27 11:21:18.651,1,50.0
2025-04-27 11:21:18.655,1,55.23
2025-04-27 11:21:18.659,1,60.4
2025-04-27 11:21:18.663,1,65.45
2025-04-27 11:21:18.667,1,70.34
2025-04-27 11:21:18.671,1,75.0
2025-04-27 11:21:18.675,1,79.39
2025-04-27 11:21:18.679,1,83.46
2025-04-27 11:21:18.683,1,87.16
2025-04-27 11:21:18.687,1,90.45
2025-04-27 11:21:18.691,1,93.3
2025-04-27 11:21:18.695,1,95.68
2025-04-27 11:21:18.699,1,97.55
2025-04-27 11:21:18.703,1,98.91
2025-04-27 11:21:18.707,1,99.73
2025-04-27 11:21:18.711,1,100.0
2025-04-27 11:21:18.715,1,99.73
2025-04-27 11:21:18.719,1,98.91
2025-04-27 11:21:18.723,1,97.55
2025-04-27 11:21:18.727,1,95.68
2025-04-27 11:21:18.731,1,93.3
2025-04-27 11:21:18.735,1,90.45
2025-04-27 11:21:18.739,1,87.16
2025-04-27 11:21:18.743,1,83.46
2025-04-27 11:21:18.747,1,79.39
2025-04-27 11:21:18.751,1,75.0
2025-04-27 11:21:18.755,1,70.34
2025-04-27 11:21:18.759,1,65.45
2025-04-27 11:21:18.763,1,60.4
2025-04-27 11:21:18.767,1,55.23
2025-04-27 11:21:18.771,1,50.0
2025-04-27 11:21:18.775,1,44.77
2025-04-27 11:21:18.779,1,39.6
2025-04-27 11:21:18.783,1,34.55
2025-04-27 11:21:18.787,1,29.66
2025-04-27 11:21:18.791,1,25.0
2025-04-27 11:21:18.795,1,20.61
2025-04-27 11:21:18.799,1,16.54
2025-04-27 11:21:18.803,1,12.84
2025-04-27 11:21:18.807,1,9.55
2025-04-27 11:21:18.811,1,6.7
2025-04-27 11:21:18.815,1,4.32
2025-04-27 11:21:18.819,1,2.45
2025-04-27 11:21:18.823,1,1.09
2025-04-27 11:21:18.827,1,0.27
2025-04-27 11:21:18.831,1,0.0
2025-04-27 11:21:18.835,1,0.27
2025-04-27 11:21:18.839,1,1.09
2025-04-27 11:21:18.843,1,2.45
2025-04-27 11:21:18.847,1,4.32
2025-04-27 11:21:18.851,1,6.7
2025-04-27 11:21:18.855,1,9.55
2025-04-27 11:21:18.859,1,12.84
2025-04-27 11:21:18.863,1,16.54
2025-04-27 11:21:18.867,1,20.61
2025-04-27 11:21:18.871,1,25.0
2025-04-27 11:21:18.875,1,29.66
2025-04-27 11:21:18.879,1,34.55
2025-04-27 11:21:18.883,1,39.6
2025-04-27 11:21:18.887,1,44.77
2025-04-27 11:21:18.891,1,50.0
2025-04-27 11:21:18.895,1,55.23
2025-04-27 11:21:18.899,1,60.4
2025-04-27 11:21:18.903,1,65.45
2025-04-27 11:21:18.907,1,70.34
2025-04-27 11:21:18.911,1,75.0
2025-04-27 11:21:18.915,1,79.39
2025-04-27 11:21:18.919,1,83.46
2025-04-27 11:21:18.923,1,87.16
2025-04-27 11:21:18.927,1,90.45
2025-04-27 11:21:18.931,1,93.3
2025-04-27 11:21:18.935,1,95.68
2025-04-27 11:21:18.939,1,97.55
2025-04-27 11:21:18.943,1,98.91
2025-04-27 11:21:18.947,1,99.73
2025-04-27 11:21:18.951,1,100.0
2025-04-27 11:21:18.955,1,99.73
2025-04-27 11:21:18.959,1,98.91
2025-04-27 11:21:18.963,1,97.55
2025-04-27 11:21:18.967,1,95.68
2025-04-27 11:21:18.971,1,93.3
2025-04-27 11:21:18.975,1,90.45
2025-04-27 11:21:18.979,1,87.16
2025-04-27 11:21:18.983,1,83.46
2025-04-27 11:21:18.987,1,79.39
2025-04-27 11:21:18.991,1,75.0
2025-04-27 11:21:18.995,1,70.34
2025-04-27 11:21:18.999,1,65.45
2025-04-27 11:21:19.003,1,60.4
2025-04-27 11:21:19.007,1,55.23
2025-04-27 11:21:19.011,1,50.0
2025-04-27 11:21:19.015,1,44.77
2025-04-27 11:21:19.019,1,39.6
2025-04-27 11:21:19.023,1,34.55
2025-04-27 11:21:19.027,1,29.66
2025-04-27 11:21:19.031,1,25.0
2025-04-27 11:21:19.035,1,20.61
2025-04-27 11:21:19.039,1,16.54
2025-04-27 11:21:19.043,1,12.84
2025-04-27 11:21:19.047,1,9.55
2025-04-27 11:21:19.051,1,6.7
2025-04-27 11:21:19.055,1,4.32
2025-04-27 11:21:19.059,1,2.45
2025-04-27 11:21:19.063,1,1.09
2025-04-27 11:21:19.067,1,0.27
2025-04-27 11:21:19.071,1,0.0
2025-04-27 11:21:19.075,1,0.27
2025-04-27 11:21:19.079,1,1.09
2025-04-27 11:21:19.083,1,2.45
2025-04-27 11:21:19.087,1,4.32
2025-04-27 11:21:19.091,1,6.7
2025-04-27 11:21:19.095,1,9.55
2025-04-27 11:21:19.099,1,12.84
2025-04-27 11:21:19.103,1,16.54
2025-04-27 11:21:19.107,1,20.61
2025-04-27 11:21:19.111,1,25.0
2025-04-27 11:21:19.115,1,29.66
2025-04-27 11:21:19.119,1,34.55
2025-04-27 11:21:19.123,1,39.6
2025-04-27 11:21:19.127,1,44.77
2025-04-27 11:21:19.131,1,50.0
2025-04-27 11:21:19.135,1,55.23
2025-04-27 11:21:19.139,1,60.4
2025-04-27 11:21:19.143,1,65.45
2025-04-27 11:21:19.147,1,70.34
2025-04-27 11:21:19.151,1,75.0
2025-04-27 11:21:19.155,1,79.39
2025-04-27 11:21:19.159,1,83.46
2025-04-27 11:21:19.163,1,87.16
2025-04-27 11:21:19.167,1,90.45
2025-04-27 11:21:19.171,1,93.3
2025-04-27 11:21:19.175,1,95.68
2025-04-27 11:21:19.179,1,97.55
2025-04-27 11:21:19.183,1,98.91
2025-04-27 11:21:19.187,1,99.73
2025-04-27 11:21:19.191,1,100.0
2025-04-27 11:21:19.195,1,99.73
2025-04-27 11:21:19.199,1,98.91
2025-04-27 11:21:19.203,1,97.55
2025-04-27 11:21:19.207,1,95.68
2025-04-27 11:21:19.211,1,93.3
2025-04-27 11:21:19.215,1,90.45
2025-04-27 11:21:19.219,1,87.16
2025-04-27 11:21:19.223,1,83.46
2025-04-27 11:21:19.227,1,79.39
2025-04-27 11:21:19.231,1,75.0
2025-04-27 11:21:19.235,1,70.34
2025-04-27 11:21:19.239,1,65.45
2025-04-27 11:21:19.243,1,60.4
2025-04-27 11:21:19.247,1,55.23
2025-04-27 11:21:19.251,1,50.0
2025-04-27 11:21:19.255,1,44.77
2025-04-27 11:21:19.259,1,39.6
2025-04-27 11:21:19.263,1,34.55
2025-04-27 11:21:19.267,1,29.66
2025-04-27 11:21:19.271,1,25.0
2025-04-27 11:21:19.275,1,20.61
2025-04-27 11:21:19.279,1,16.54
2025-04-27 11:21:19.283,1,12.84
2025-04-27 11:21:19.287,1,9.55
2025-04-27 11:21:19.291,1,6.7
2025-04-27 11:21:19.295,1,4.32
2025-04-27 11:21:19.299,1,2.45
2025-04-27 11:21:19.303,1,1.09
2025-04-27 11:21:19.307,1,0.27
2025-04-27 11:21:19.311,1,0.0
2025-04-27 11:21:19.315,1,0.27
2025-04-27 11:21:19.319,1,1.09
2025-04-27 11:21:19.323,1,2.45
2025-04-27 11:21:19.327,1,4.32
2025-04-27 11:21:19.331,1,6.7
2025-04-27 11:21:19.335,1,9.55
2025-04-27 11:21:19.339,1,12.84
2025-04-27 11:21:19.343,1,16.54
2025-04-27 11:21:19.347,1,20.61
2025-04-27 11:21:19.351,1,25.0
2025-04-27 11:21:19.355,1,29.66
2025-04-27 11:21:19.359,1,34.55
2025-04-27 11:21:19.363,1,39.6
2025-04-27 11:21:19.367,1,44.77
2025-04-27 11:21:19.371,1,50.0
2025-04-27 11:21:19.375,1,55.23
2025-04-27 11:21:19.379,1,60.4
2025-04-27 11:21:19.383,1,65.45
2025-04-27 11:21:19.387,1,70.34
2025-04-27 11:21:19.391,1,75.0
2025-04-27 11:21:19.395,1,79.39
2025-04-27 11:21:19.399,1,83.46
2025-04-27 11:21:19.403,1,87.16
2025-04-27 11:21:19.407,1,90.45
2025-04-27 11:21:19.411,1,93.3
2025-04-27 11:21:19.415,1,95.68
2025-04-27 11:21:19.419,1,97.55
2025-04-27 11:21:19.423,1,98.91
2025-04-27 11:21:19.427,1,99.73
2025-04-27 11:21:19.431,1,100.0
2025-04-27 11:21:19.435,1,99.73
2025-04-27 11:21:19.439,1,98.91
2025-04-27 11:21:19.443,1,97.55
2025-04-27 11:21:19.447,1,95.68
2025-04-27 11:21:19.451,1,93.3
2025-04-27 11:21:19.455,1,90.45
2025-04-27 11:21:19.459,1,87.16
2025-04-27 11:21:19.463,1,83.46
2025-04-27 11:21:19.467,1,79.39
2025-04-27 11:21:19.471,1,75.0
2025-04-27 11:21:19.475,1,70.34
2025-04-27 11:21:19.479,1,65.45
2025-04-27 11:21:19.483,1,60.4
2025-04-27 11:21:19.487,1,55.23
2025-04-27 11:21:19.491,1,50.0
2025-04-27 11:21:19.495,1,44.77
2025-04-27 11:21:19.499,1,39.6
2025-04-27 11:21:19.503,1,34.55
2025-04-27 11:21:19.507,1,29.66
2025-04-27 11:21:19.511,1,25.0
2025-04-27 11:21:19.515,1,20.61
2025-04-27 11:21:19.519,1,16.54
2025-04-27 11:21:19.523,1,12.84
2025-04-27 11:21:19.527,1,9.55
2025-04-27 11:21:19.531,1,6.7
2025-04-27 11:21:19.535,1,4.32
2025-04-27 11:21:19.539,1,2.45
2025-04-27 11:21:19.543,1,1.09
2025-04-27 11:21:19.547,1,0.27
2025-04-27 11:21:19.551,1,0.0
2025-04-27 11:21:19.555,1,0.27
2025-04-27 11:21:19.559,1,1.09
2025-04-27 11:21:19.563,1,2.45
2025-04-27 11:21:19.567,1,4.32
2025-04-27 11:21:19.571,1,6.7
2025-04-27 11:21:19.575,1,9.55
2025-04-27 11:21:19.579,1,12.84
2025-04-27 11:21:19.583,1,16.54
2025-04-27 11:21:19.587,1,20.61
2025-04-27 11:21:19.591,1,25.0
2025-04-27 11:21:19.595,1,29.66
2025-04-27 11:21:19.599,1,34.55
2025-04-27 11:21:19.603,1,39.6
2025-04-27 11:21:19.607,1,44.77
2025-04-27 11:21:19.611,1,50.0
2025-04-27 11:21:19.615,1,55.23
2025-04-27 11:21:19.619,1,60.4
2025-04-27 11:21:19.623,1,65.45
2025-04-27 11:21:19.627,1,70.34
2025-04-27 11:21:19.631,1,75.0
2025-04-27 11:21:19.635,1,79.39
2025-04-27 11:21:19.639,1,83.46
2025-04-27 11:21:19.643,1,87.16
2025-04-27 11:21:19.647,1,90.45
2025-04-27 11:21:19.651,1,93.3
2025-04-27 11:21:19.655,1,95.68
2025-04-27 11:21:19.659,1,97.55
2025-04-27 11:21:19.663,1,98.91
2025-04-27 11:21:19.667,1,99.73
2025-04-27 11:21:19.671,1,100.0
2025-04-27 11:21:19.675,1,99.73
2025-04-27 11:21:19.679,1,98.91
2025-04-27 11:21:19.683,1,97.55
2025-04-27 11:21:19.687,1,95.68
2025-04-27 11:21:19.691,1,93.3
2025-04-27 11:21:19.695,1,90.45
2025-04-27 11:21:19.699,1,87.16
2025-04-27 11:21:19.703,1,83.46
2025-04-27 11:21:19.707,1,79.39
2025-04-27 11:21:19.711,1,75.0
2025-04-27 11:21:19.715,1,70.34
2025-04-27 11:21:19.719,1,65.45
2025-04-27 11:21:19.723,1,60.4
2025-04-27 11:21:19.728,1,55.23
2025-04-27 11:21:19.731,1,50.0
2025-04-27 11:21:19.735,1,44.77
2025-04-27 11:21:19.739,1,39.6
2025-04-27 11:21:19.743,1,34.55
2025-04-27 11:21:19.747,1,29.66
2025-04-27 11:21:19.751,1,25.0
2025-04-27 11:21:19.755,1,20.61
2025-04-27 11:21:19.759,1,16.54
2025-04-27 11:21:19.763,1,12.84
2025-04-27 11:21:19.767,1,9.55
2025-04-27 11:21:19.771,1,6.7
2025-04-27 11:21:19.775,1,4.32
2025-04-27 11:21:19.779,1,2.45
2025-04-27 11:21:19.783,1,1.09
2025-04-27 11:21:19.787,1,0.27
2025-04-27 11:21:19.791,1,0.0
2025-04-27 11:21:19.795,1,0.27
2025-04-27 11:21:19.799,1,1.09
2025-04-27 11:21:19.803,1,2.45
2025-04-27 11:21:19.807,1,4.32
2025-04-27 11:21:19.811,1,6.7
2025-04-27 11:21:19.815,1,9.55
2025-04-27 11:21:19.819,1,12.84
2025-04-27 11:21:19.823,1,16.54
2025-04-27 11:21:19.827,1,20.61
2025-04-27 11:21:19.831,1,25.0
2025-04-27 11:21:19.835,1,29.66
2025-04-27 11:21:19.839,1,34.55
2025-04-27 11:21:19.843,1,39.6
2025-04-27 11:21:19.847,1,44.77
2025-04-27 11:21:19.851,1,50.0
2025-04-27 11:21:19.855,1,55.23
2025-04-27 11:21:19.859,1,60.4
2025-04-27 11:21:19.863,1,65.45
2025-04-27 11:21:19.867,1,70.34
2025-04-27 11:21:19.871,1,75.0
2025-04-27 11:21:19.875,1,79.39
2025-04-27 11:21:19.879,1,83.46
2025-04-27 11:21:19.883,1,87.16
2025-04-27 11:21:19.887,1,90.45
2025-04-27 11:21:19.891,1,93.3
2025-04-27 11:21:19.895,1,95.68
2025-04-27 11:21:19.899,1,97.55
2025-04-27 11:21:19.903,1,98.91
2025-04-27 11:21:19.907,1,99.73
2025-04-27 11:21:19.911,1,100.0
2025-04-27 11:21:19.915,1,99.73
2025-04-27 11:21:19.919,1,98.91
2025-04-27 11:21:19.923,1,97.55
2025-04-27 11:21:19.927,1,95.68
2025-04-27 11:21:19.931,1,93.3
2025-04-27 11:21:19.935,1,90.45
2025-04-27 11:21:19.939,1,87.16
2025-04-27 11:21:19.943,1,83.46
2025-04-27 11:21:19.947,1,79.39
2025-04-27 11:21:19.951,1,75.0
2025-04-27 11:21:19.955,1,70.34
2025-04-27 11:21:19.959,1,65.45
2025-04-27 11:21:19.963,1,60.4
2025-04-27 11:21:19.967,1,55.23
2025-04-27 11:21:19.971,1,50.0
2025-04-27 11:21:19.975,1,44.77
2025-04-27 11:21:19.979,1,39.6
2025-04-27 11:21:19.983,1,34.55
2025-04-27 11:21:19.987,1,29.66
2025-04-27 11:21:19.991,1,25.0
2025-04-27 11:21:19.995,1,20.61
2025-04-27 11:21:19.999,1,16.54
2025-04-27 11:21:20.003,1,12.84
2025-04-27 11:21:20.007,1,9.55
2025-04-27 11:21:20.011,1,6.7
2025-04-27 11:21:20.015,1,4.32
2025-04-27 11:21:20.019,1,2.45
2025-04-27 11:21:20.023,1,1.09
2025-04-27 11:21:20.027,1,0.27
2025-04-27 11:21:20.031,1,0.0
2025-04-27 11:21:20.035,1,0.27
2025-04-27 11:21:20.039,1,1.09
2025-04-27 11:21:20.043,1,2.45
2025-04-27 11:21:20.047,1,4.32
2025-04-27 11:21:20.051,1,6.7
2025-04-27 11:21:20.055,1,9.55
2025-04-27 11:21:20.059,1,12.84
2025-04-27 11:21:20.063,1,16.54
2025-04-27 11:21:20.067,1,20.61
2025-04-27 11:21:20.071,1,25.0
2025-04-27 11:21:20.075,1,29.66
2025-04-27 11:21:20.079,1,34.55
2025-04-27 11:21:20.083,1,39.6
2025-04-27 11:21:20.087,1,44.77
2025-04-27 11:21:20.091,1,50.0
2025-04-27 11:21:20.095,1,55.23
2025-04-27 11:21:20.099,1,60.4
2025-04-27 11:21:20.103,1,65.45
2025-04-27 11:21:20.107,1,70.34
2025-04-27 11:21:20.111,1,75.0
2025-04-27 11:21:20.115,1,79.39
2025-04-27 11:21:20.119,1,83.46
2025-04-27 11:21:20.123,1,87.16
2025-04-27 11:21:20.127,1,90.45
2025-04-27 11:21:20.131,1,93.3
2025-04-27 11:21:20.135,1,95.68
2025-04-27 11:21:20.139,1,97.55
2025-04-27 11:21:20.143,1,98.91
2025-04-27 11:21:20.147,1,99.73
2025-04-27 11:21:20.151,1,100.0
2025-04-27 11:21:20.155,1,99.73
2025-04-27 11:21:20.159,1,98.91
2025-04-27 11:21:20.163,1,97.55
2025-04-27 11:21:20.167,1,95.68
2025-04-27 11:21:20.171,1,93.3
2025-04-27 11:21:20.175,1,90.45
2025-04-27 11:21:20.179,1,87.16
2025-04-27 11:21:20.183,1,83.46
2025-04-27 11:21:20.187,1,79.39
2025-04-27 11:21:20.191,1,75.0
2025-04-27 11:21:20.195,1,70.34
2025-04-27 11:21:20.199,1,65.45
2025-04-27 11:21:20.203,1,60.4
2025-04-27 11:21:20.207,1,55.23
2025-04-27 11:21:20.211,1,50.0
2025-04-27 11:21:20.215,1,44.77
2025-04-27 11:21:20.219,1,39.6
2025-04-27 11:21:20.223,1,34.55
2025-04-27 11:21:20.227,1,29.66
2025-04-27 11:21:20.231,1,25.0
2025-04-27 11:21:20.235,1,20.61
2025-04-27 11:21:20.239,1,16.54
2025-04-27 11:21:20.243,1,12.84
2025-04-27 11:21:20.247,1,9.55
2025-04-27 11:21:20.251,1,6.7
2025-04-27 11:21:20.255,1,4.32
2025-04-27 11:21:20.259,1,2.45
2025-04-27 11:21:20.263,1,1.09
2025-04-27 11:21:20.267,1,0.27
2025-04-27 11:21:20.271,1,0.0
2025-04-27 11:21:20.275,1,0.27
2025-04-27 11:21:20.279,1,1.09
2025-04-27 11:21:20.283,1,2.45
2025-04-27 11:21:20.287,1,4.32
2025-04-27 11:21:20.291,1,6.7
2025-04-27 11:21:20.295,1,9.55
2025-04-27 11:21:20.299,1,12.84
2025-04-27 11:21:20.303,1,16.54
2025-04-27 11:21:20.307,1,20.61
2025-04-27 11:21:20.311,1,25.0
2025-04-27 11:21:20.315,1,29.66
2025-04-27 11:21:20.319,1,34.55
2025-04-27 11:21:20.323,1,39.6
2025-04-27 11:21:20.327,1,44.77
2025-04-27 11:21:20.331,1,50.0
2025-04-27 11:21:20.335,1,55.23
2025-04-27 11:21:20.339,1,60.4
2025-04-27 11:21:20.343,1,65.45
2025-04-27 11:21:20.347,1,70.34
2025-04-27 11:21:20.351,1,75.0
2025-04-27 11:21:20.355,1,79.39
2025-04-27 11:21:20.359,1,83.46
2025-04-27 11:21:20.363,1,87.16
2025-04-27 11:21:20.367,1,90.45
2025-04-27 11:21:20.371,1,93.3
2025-04-27 11:21:20.375,1,95.68
2025-04-27 11:21:20.379,1,97.55
2025-04-27 11:21:20.383,1,98.91
2025-04-27 11:21:20.387,1,99.73
2025-04-27 11:21:20.391,1,100.0
2025-04-27 11:21:20.395,1,99.73
2025-04-27 11:21:20.399,1,98.91
2025-04-27 11:21:20.403,1,97.55
2025-04-27 11:21:20.407,1,95.68
2025-04-27 11:21:20.411,1,93.3
2025-04-27 11:21:20.415,1,90.45
2025-04-27 11:21:20.419,1,87.16
2025-04-27 11:21:20.423,1,83.46
2025-04-27 11:21:20.427,1,79.39
2025-04-27 11:21:20.431,1,75.0
2025-04-27 11:21:20.435,1,70.34
2025-04-27 11:21:20.439,1,65.45
2025-04-27 11:21:20.443,1,60.4
2025-04-27 11:21:20.447,1,55.23
2025-04-27 11:21:20.451,1,50.0
2025-04-27 11:21:20.455,1,44.77
2025-04-27 11:21:20.459,1,39.6
2025-04-27 11:21:20.463,1,34.55
2025-04-27 11:21:20.467,1,29.66
2025-04-27 11:21:20.471,1,25.0
2025-04-27 11:21:20.475,1,20.61
2025-04-27 11:21:20.479,1,16.54
2025-04-27 11:21:20.483,1,12.84
2025-04-27 11:21:20.487,1,9.55
2025-04-27 11:21:20.491,1,6.7
2025-04-27 11:21:20.495,1,4.32
2025-04-27 11:21:20.499,1,2.45
2025-04-27 11:21:20.503,1,1.09
2025-04-27 11:21:20.507,1,0.27
2025-04-27 11:21:20.511,1,0.0
2025-04-27 11:21:20.515,1,0.27
2025-04-27 11:21:20.519,1,1.09
2025-04-27 11:21:20.523,1,2.45
2025-04-27 11:21:20.527,1,4.32
2025-04-27 11:21:20.531,1,6.7
2025-04-27 11:21:20.535,1,9.55
2025-04-27 11:21:20.539,1,12.84
2025-04-27 11:21:20.543,1,16.54
2025-04-27 11:21:20.547,1,20.61
2025-04-27 11:21:20.551,1,25.0
2025-04-27 11:21:20.555,1,29.66
2025-04-27 11:21:20.559,1,34.55
2025-04-27 11:21:20.563,1,39.6
2025-04-27 11:21:20.567,1,44.77
2025-04-27 11:21:20.571,1,50.0
2025-04-27 11:21:20.575,1,55.23
2025-04-27 11:21:20.579,1,60.4
2025-04-27 11:21:20.583,1,65.45
2025-04-27 11:21:20.587,1,70.34
2025-04-27 11:21:20.591,1,75.0
2025-04-27 11:21:20.595,1,79.39
2025-04-27 11:21:20.599,1,83.46
2025-04-27 11:21:20.603,1,87.16
2025-04-27 11:21:20.607,1,90.45
2025-04-27 11:21:20.611,1,93.3
2025-04-27 11:21:20.615,1,95.68
2025-04-27 11:21:20.619,1,97.55
2025-04-27 11:21:20.623,1,98.91
2025-04-27 11:21:20.627,1,99.73
2025-04-27 11:21:20.631,1,100.0
2025-04-27 11:21:20.635,1,99.73
2025-04-27 11:21:20.639,1,98.91
2025-04-27 11:21:20.643,1,97.55
2025-04-27 11:21:20.647,1,95.68
2025-04-27 11:21:20.651,1,93.3
2025-04-27 11:21:20.655,1,90.45
2025-04-27 11:21:20.659,1,87.16
2025-04-27 11:21:20.663,1,83.46
2025-04-27 11:21:20.667,1,79.39
2025-04-27 11:21:20.671,1,75.0
2025-04-27 11:21:20.675,1,70.34
2025-04-27 11:21:20.679,1,65.45
2025-04-27 11:21:20.683,1,60.4
2025-04-27 11:21:20.687,1,55.23
2025-04-27 11:21:20.691,1,50.0
2025-04-27 11:21:20.695,1,44.77
2025-04-27 11:21:20.699,1,39.6
2025-04-27 11:21:20.703,1,34.55
2025-04-27 11:21:20.707,1,29.66
2025-04-27 11:21:20.711,1,25.0
2025-04-27 11:21:20.715,1,20.61
2025-04-27 11:21:20.719,1,16.54
2025-04-27 11:21:20.723,1,12.84
2025-04-27 11:21:20.727,1,9.55
2025-04-27 11:21:20.731,1,6.7
2025-04-27 11:21:20.735,1,4.32
2025-04-27 11:21:20.739,1,2.45
2025-04-27 11:21:20.743,1,1.09
2025-04-27 11:21:20.747,1,0.27
2025-04-27 11:21:20.751,1,0.0
2025-04-27 11:21:20.755,1,0.27
2025-04-27 11:21:20.759,1,1.09
2025-04-27 11:21:20.763,1,2.45
2025-04-27 11:21:20.767,1,4.32
2025-04-27 11:21:20.771,1,6.7
2025-04-27 11:21:20.775,1,9.55
2025-04-27 11:21:20.779,1,12.84
2025-04-27 11:21:20.783,1,16.54
2025-04-27 11:21:20.787,1,20.61
2025-04-27 11:21:20.791,1,25.0
2025-04-27 11:21:20.795,1,29.66
2025-04-27 11:21:20.799,1,34.55
2025-04-27 11:21:20.803,1,39.6
2025-04-27 11:21:20.807,1,44.77
2025-04-27 11:21:20.811,1,50.0
2025-04-27 11:21:20.815,1,55.23
2025-04-27 11:21:20.819,1,60.4
2025-04-27 11:21:20.823,1,65.45
2025-04-27 11:21:20.827,1,70.34
2025-04-27 11:21:20.831,1,75.0
2025-04-27 11:21:20.835,1,79.39
2025-04-27 11:21:20.839,1,83.46
2025-04-27 11:21:20.843,1,87.16
2025-04-27 11:21:20.847,1,90.45
2025-04-27 11:21:20.851,1,93.3
2025-04-27 11:21:20.855,1,95.68
2025-04-27 11:21:20.859,1,97.55
2025-04-27 11:21:20.863,1,98.91
2025-04-27 11:21:20.867,1,99.73
2025-04-27 11:21:20.871,1,100.0
2025-04-27 11:21:20.875,1,99.73
2025-04-27 11:21:20.879,1,98.91
2025-04-27 11:21:20.883,1,97.55
2025-04-27 11:21:20.887,1,95.68
2025-04-27 11:21:20.891,1,93.3
2025-04-27 11:21:20.895,1,90.45
2025-04-27 11:21:20.899,1,87.16
2025-04-27 11:21:20.903,1,83.46
2025-04-27 11:21:20.907,1,79.39
2025-04-27 11:21:20.911,1,75.0
2025-04-27 11:21:20.915,1,70.34
2025-04-27 11:21:20.919,1,65.45
2025-04-27 11:21:20.923,1,60.4
2025-04-27 11:21:20.927,1,55.23
2025-04-27 11:21:20.931,1,50.0
2025-04-27 11:21:20.935,1,44.77
2025-04-27 11:21:20.939,1,39.6
2025-04-27 11:21:20.943,1,34.55
2025-04-27 11:21:20.947,1,29.66
2025-04-27 11:21:20.951,1,25.0
2025-04-27 11:21:20.955,1,20.61
2025-04-27 11:21:20.959,1,16.54
2025-04-27 11:21:20.963,1,12.84
2025-04-27 11:21:20.967,1,9.55
2025-04-27 11:21:20.971,1,6.7
2025-04-27 11:21:20.975,1,4.32
2025-04-27 11:21:20.979,1,2.45
2025-04-27 11:21:20.983,1,1.09
2025-04-27 11:21:20.987,1,0.27
2025-04-27 11:21:20.991,1,0.0
2025-04-27 11:21:20.995,1,0.27
2025-04-27 11:21:20.999,1,1.09
2025-04-27 11:21:21.003,1,2.45
2025-04-27 11:21:21.007,1,4.32
2025-04-27 11:21:21.011,1,6.7
2025-04-27 11:21:21.015,1,9.55
2025-04-27 11:21:21.019,1,12.84
2025-04-27 11:21:21.023,1,16.54
2025-04-27 11:21:21.027,1,20.61
2025-04-27 11:21:21.031,1,25.0
2025-04-27 11:21:21.035,1,29.66
2025-04-27 11:21:21.039,1,34.55
2025-04-27 11:21:21.043,1,39.6
2025-04-27 11:21:21.047,1,44.77
2025-04-27 11:21:21.051,1,50.0
2025-04-27 11:21:21.055,1,55.23
2025-04-27 11:21:21.059,1,60.4
2025-04-27 11:21:21.063,1,65.45
2025-04-27 11:21:21.067,1,70.34
2025-04-27 11:21:21.071,1,75.0
2025-04-27 11:21:21.075,1,79.39
2025-04-27 11:21:21.079,1,83.46
2025-04-27 11:21:21.083,1,87.16
2025-04-27 11:21:21.087,1,90.45
2025-04-27 11:21:21.091,1,93.3
2025-04-27 11:21:21.095,1,95.68
2025-04-27 11:21:21.099,1,97.55
2025-04-27 11:21:21.103,1,98.91
2025-04-27 11:21:21.107,1,99.73
2025-04-27 11:21:21.111,1,100.0
2025-04-27 11:21:21.115,1,99.73
2025-04-27 11:21:21.119,1,98.91
2025-04-27 11:21:21.123,1,97.55
2025-04-27 11:21:21.127,1,95.68
2025-04-27 11:21:21.131,1,93.3
2025-04-27 11:21:21.135,1,90.45
2025-04-27 11:21:21.139,1,87.16
2025-04-27 11:21:21.143,1,83.46
2025-04-27 11:21:21.147,1,79.39
2025-04-27 11:21:21.151,1,75.0
2025-04-27 11:21:21.155,1,70.34
2025-04-27 11:21:21.159,1,65.45
2025-04-27 11:21:21.163,1,60.4
2025-04-27 11:21:21.167,1,55.23
2025-04-27 11:21:21.171,1,50.0
2025-04-27 11:21:21.175,1,44.77
2025-04-27 11:21:21.179,1,39.6
2025-04-27 11:21:21.183,1,34.55
2025-04-27 11:21:21.187,1,29.66
2025-04-27 11:21:21.191,1,25.0
2025-04-27 11:21:21.195,1,20.61
2025-04-27 11:21:21.199,1,16.54
2025-04-27 11:21:21.203,1,12.84
2025-04-27 11:21:21.207,1,9.55
2025-04-27 11:21:21.211,1,6.7
2025-04-27 11:21:21.215,1,4.32
2025-04-27 11:21:21.219,1,2.45
2025-04-27 11:21:21.223,1,1.09
2025-04-27 11:21:21.227,1,0.27
2025-04-27 11:21:21.231,1,0.0
2025-04-27 11:21:21.235,1,0.27
2025-04-27 11:21:21.239,1,1.09
2025-04-27 11:21:21.243,1,2.45
2025-04-27 11:21:21.247,1,4.32
2025-04-27 11:21:21.251,1,6.7
2025-04-27 11:21:21.255,1,9.55
2025-04-27 11:21:21.259,1,12.84
2025-04-27 11:21:21.263,1,16.54
2025-04-27 11:21:21.267,1,20.61
2025-04-27 11:21:21.271,1,25.0
2025-04-27 11:21:21.275,1,29.66
2025-04-27 11:21:21.279,1,34.55
2025-04-27 11:21:21.283,1,39.6
2025-04-27 11:21:21.287,1,44.77
2025-04-27 11:21:21.291,1,50.0
2025-04-27 11:21:21.295,1,55.23
2025-04-27 11:21:21.299,1,60.4
2025-04-27 11:21:21.303,1,65.45
2025-04-27 11:21:21.307,1,70.34
2025-04-27 11:21:21.311,1,75.0
2025-04-27 11:21:21.315,1,79.39
2025-04-27 11:21:21.319,1,83.46
2025-04-27 11:21:21.323,1,87.16
2025-04-27 11:21:21.327,1,90.45
2025-04-27 11:21:21.331,1,93.3
2025-04-27 11:21:21.335,1,95.68
2025-04-27 11:21:21.339,1,97.55
2025-04-27 11:21:21.343,1,98.91
2025-04-27 11:21:21.347,1,99.73
2025-04-27 11:21:21.351,1,100.0
2025-04-27 11:21:21.355,1,99.73
2025-04-27 11:21:21.359,1,98.91
2025-04-27 11:21:21.363,1,97.55
2025-04-27 11:21:21.367,1,95.68
2025-04-27 11:21:21.371,1,93.3
2025-04-27 11:21:21.375,1,90.45
2025-04-27 11:21:21.379,1,87.16
2025-04-27 11:21:21.383,1,83.46
2025-04-27 11:21:21.387,1,79.39
2025-04-27 11:21:21.391,1,75.0
2025-04-27 11:21:21.395,1,70.34
2025-04-27 11:21:21.399,1,65.45
2025-04-27 11:21:21.403,1,60.4
2025-04-27 11:21:21.407,1,55.23
2025-04-27 11:21:21.411,1,50.0
2025-04-27 11:21:21.415,1,44.77
2025-04-27 11:21:21.419,1,39.6
2025-04-27 11:21:21.423,1,34.55
2025-04-27 11:21:21.427,1,29.66
2025-04-27 11:21:21.431,1,25.0
2025-04-27 11:21:21.435,1,20.61
2025-04-27 11:21:21.439,1,16.54
2025-04-27 11:21:21.443,1,12.84
2025-04-27 11:21:21.447,1,9.55
2025-04-27 11:21:21.451,1,6.7
2025-04-27 11:21:21.455,1,4.32
2025-04-27 11:21:21.459,1,2.45
2025-04-27 11:21:21.463,1,1.09
2025-04-27 11:21:21.467,1,0.27
2025-04-27 11:21:21.471,1,0.0
2025-04-27 11:21:21.475,1,0.27
2025-04-27 11:21:21.479,1,1.09
2025-04-27 11:21:21.483,1,2.45
2025-04-27 11:21:21.487,1,4.32
2025-04-27 11:21:21.491,1,6.7
2025-04-27 11:21:21.495,1,9.55
2025-04-27 11:21:21.499,1,12.84
2025-04-27 11:21:21.503,1,16.54
2025-04-27 11:21:21.507,1,20.61
2025-04-27 11:21:21.511,1,25.0
2025-04-27 11:21:21.515,1,29.66
2025-04-27 11:21:21.519,1,34.55
2025-04-27 11:21:21.523,1,39.6
2025-04-27 11:21:21.527,1,44.77
2025-04-27 11:21:21.531,1,50.0
2025-04-27 11:21:21.535,1,55.23
2025-04-27 11:21:21.539,1,60.4
2025-04-27 11:21:21.543,1,65.45
2025-04-27 11:21:21.547,1,70.34
2025-04-27 11:21:21.551,1,75.0
2025-04-27 11:21:21.555,1,79.39
2025-04-27 11:21:21.559,1,83.46
2025-04-27 11:21:21.563,1,87.16
2025-04-27 11:21:21.567,1,90.45
2025-04-27 11:21:21.571,1,93.3
2025-04-27 11:21:21.575,1,95.68
2025-04-27 11:21:21.579,1,97.55
2025-04-27 11:21:21.583,1,98.91
2025-04-27 11:21:21.588,1,99.73
2025-04-27 11:21:21.591,1,100.0
2025-04-27 11:21:21.595,1,99.73
2025-04-27 11:21:21.599,1,98.91
2025-04-27 11:21:21.603,1,97.55
2025-04-27 11:21:21.607,1,95.68
2025-04-27 11:21:21.611,1,93.3
2025-04-27 11:21:21.615,1,90.45
2025-04-27 11:21:21.619,1,87.16
2025-04-27 11:21:21.623,1,83.46
2025-04-27 11:21:21.627,1,79.39
2025-04-27 11:21:21.631,1,75.0
2025-04-27 11:21:21.635,1,70.34
2025-04-27 11:21:21.639,1,65.45
2025-04-27 11:21:21.643,1,60.4
2025-04-27 11:21:21.647,1,55.23
2025-04-27 11:21:21.651,1,50.0
2025-04-27 11:21:21.655,1,44.77
2025-04-27 11:21:21.659,1,39.6
2025-04-27 11:21:21.663,1,34.55
2025-04-27 11:21:21.667,1,29.66
2025-04-27 11:21:21.671,1,25.0
2025-04-27 11:21:21.675,1,20.61
2025-04-27 11:21:21.679,1,16.54
2025-04-27 11:21:21.683,1,12.84
2025-04-27 11:21:21.687,1,9.55
2025-04-27 11:21:21.691,1,6.7
2025-04-27 11:21:21.695,1,4.32
2025-04-27 11:21:21.699,1,2.45
2025-04-27 11:21:21.703,1,1.09
2025-04-27 11:21:21.707,1,0.27
2025-04-27 11:21:21.711,1,0.0
2025-04-27 11:21:21.715,1,0.27
2025-04-27 11:21:21.719,1,1.09
2025-04-27 11:21:21.723,1,2.45
2025-04-27 11:21:21.727,1,4.32
2025-04-27 11:21:21.731,1,6.7
2025-04-27 11:21:21.735,1,9.55
2025-04-27 11:21:21.739,1,12.84
2025-04-27 11:21:21.743,1,16.54
2025-04-27 11:21:21.747,1,20.61
2025-04-27 11:21:21.751,1,25.0
2025-04-27 11:21:21.755,1,29.66
2025-04-27 11:21:21.759,1,34.55
2025-04-27 11:21:21.763,1,39.6
2025-04-27 11:21:21.767,1,44.77
2025-04-27 11:21:21.771,1,50.0
2025-04-27 11:21:21.775,1,55.23
2025-04-27 11:21:21.779,1,60.4
2025-04-27 11:21:21.783,1,65.45
2025-04-27 11:21:21.787,1,70.34
2025-04-27 11:21:21.791,1,75.0
2025-04-27 11:21:21.795,1,79.39
2025-04-27 11:21:21.799,1,83.46
2025-04-27 11:21:21.803,1,87.16
2025-04-27 11:21:21.807,1,90.45
2025-04-27 11:21:21.811,1,93.3
2025-04-27 11:21:21.815,1,95.68
2025-04-27 11:21:21.819,1,97.55
2025-04-27 11:21:21.823,1,98.91
2025-04-27 11:21:21.827,1,99.73
2025-04-27 11:21:21.831,1,100.0
2025-04-27 11:21:21.835,1,99.73
2025-04-27 11:21:21.839,1,98.91
2025-04-27 11:21:21.843,1,97.55
2025-04-27 11:21:21.847,1,95.68
2025-04-27 11:21:21.851,1,93.3
2025-04-27 11:21:21.855,1,90.45
2025-04-27 11:21:21.859,1,87.16
2025-04-27 11:21:21.863,1,83.46
2025-04-27 11:21:21.867,1,79.39
2025-04-27 11:21:21.871,1,75.0
2025-04-27 11:21:21.875,1,70.34
2025-04-27 11:21:21.879,1,65.45
2025-04-27 11:21:21.883,1,60.4
2025-04-27 11:21:21.887,1,55.23
2025-04-27 11:21:21.891,1,50.0
2025-04-27 11:21:21.895,1,44.77
2025-04-27 11:21:21.899,1,39.6
2025-04-27 11:21:21.903,1,34.55
2025-04-27 11:21:21.907,1,29.66
2025-04-27 11:21:21.911,1,25.0
2025-04-27 11:21:21.915,1,20.61
2025-04-27 11:21:21.919,1,16.54
2025-04-27 11:21:21.923,1,12.84
2025-04-27 11:21:21.927,1,9.55
2025-04-27 11:21:21.931,1,6.7
2025-04-27 11:21:21.935,1,4.32
2025-04-27 11:21:21.939,1,2.45
2025-04-27 11:21:21.943,1,1.09
2025-04-27 11:21:21.947,1,0.27
2025-04-27 11:21:21.951,1,0.0
2025-04-27 11:21:21.955,1,0.27
2025-04-27 11:21:21.959,1,1.09
2025-04-27 11:21:21.963,1,2.45
2025-04-27 11:21:21.967,1,4.32
2025-04-27 11:21:21.971,1,6.7
2025-04-27 11:21:21.975,1,9.55
2025-04-27 11:21:21.979,1,12.84
2025-04-27 11:21:21.983,1,16.54
2025-04-27 11:21:21.987,1,20.61
2025-04-27 11:21:21.991,1,25.0
2025-04-27 11:21:21.995,1,29.66
2025-04-27 11:21:21.999,1,34.55
2025-04-27 11:21:22.003,1,39.6
2025-04-27 11:21:22.007,1,44.77
2025-04-27 11:21:22.011,1,50.0
2025-04-27 11:21:22.015,1,55.23
2025-04-27 11:21:22.019,1,60.4
2025-04-27 11:21:22.023,1,65.45
2025-04-27 11:21:22.027,1,70.34
2025-04-27 11:21:22.031,1,75.0
2025-04-27 11:21:22.035,1,79.39
2025-04-27 11:21:22.039,1,83.46
2025-04-27 11:21:22.043,1,87.16
2025-04-27 11:21:22.047,1,90.45
2025-04-27 11:21:22.051,1,93.3
2025-04-27 11:21:22.055,1,95.68
2025-04-27 11:21:22.059,1,97.55
2025-04-27 11:21:22.063,1,98.91
2025-04-27 11:21:22.067,1,99.73
2025-04-27 11:21:22.071,1,100.0
2025-04-27 11:21:22.075,1,99.73
2025-04-27 11:21:22.079,1,98.91
2025-04-27 11:21:22.083,1,97.55
2025-04-27 11:21:22.087,1,95.68
2025-04-27 11:21:22.091,1,93.3
2025-04-27 11:21:22.095,1,90.45
2025-04-27 11:21:22.099,1,87.16
2025-04-27 11:21:22.103,1,83.46
2025-04-27 11:21:22.107,1,79.39
2025-04-27 11:21:22.111,1,75.0
2025-04-27 11:21:22.115,1,70.34
2025-04-27 11:21:22.119,1,65.45
2025-04-27 11:21:22.123,1,60.4
2025-04-27 11:21:22.127,1,55.23
2025-04-27 11:21:22.131,1,50.0
2025-04-27 11:21:22.135,1,44.77
2025-04-27 11:21:22.139,1,39.6
2025-04-27 11:21:22.143,1,34.55
2025-04-27 11:21:22.147,1,29.66
2025-04-27 11:21:22.151,1,25.0
2025-04-27 11:21:22.155,1,20.61
2025-04-27 11:21:22.159,1,16.54
2025-04-27 11:21:22.163,1,12.84
2025-04-27 11:21:22.167,1,9.55
2025-04-27 11:21:22.171,1,6.7
2025-04-27 11:21:22.175,1,4.32
2025-04-27 11:21:22.179,1,2.45
2025-04-27 11:21:22.183,1,1.09
2025-04-27 11:21:22.187,1,0.27
2025-04-27 11:21:22.191,1,0.0
2025-04-27 11:21:22.195,1,0.27
2025-04-27 11:21:22.199,1,1.09
2025-04-27 11:21:22.203,1,2.45
2025-04-27 11:21:22.207,1,4.32
2025-04-27 11:21:22.211,1,6.7
2025-04-27 11:21:22.215,1,9.55
2025-04-27 11:21:22.219,1,12.84
2025-04-27 11:21:22.223,1,16.54
2025-04-27 11:21:22.227,1,20.61
2025-04-27 11:21:22.231,1,25.0
2025-04-27 11:21:22.235,1,29.66
2025-04-27 11:21:22.239,1,34.55
2025-04-27 11:21:22.243,1,39.6
2025-04-27 11:21:22.247,1,44.77
2025-04-27 11:21:22.251,1,50.0
2025-04-27 11:21:22.255,1,55.23
2025-04-27 11:21:22.259,1,60.4
2025-04-27 11:21:22.263,1,65.45
2025-04-27 11:21:22.267,1,70.34
2025-04-27 11:21:22.271,1,75.0
2025-04-27 11:21:22.275,1,79.39
2025-04-27 11:21:22.279,1,83.46
2025-04-27 11:21:22.283,1,87.16
2025-04-27 11:21:22.287,1,90.45
2025-04-27 11:21:22.291,1,93.3
2025-04-27 11:21:22.295,1,95.68
2025-04-27 11:21:22.299,1,97.55
2025-04-27 11:21:22.303,1,98.91
2025-04-27 11:21:22.307,1,99.73
2025-04-27 11:21:22.311,1,100.0
2025-04-27 11:21:22.315,1,99.73
2025-04-27 11:21:22.319,1,98.91
2025-04-27 11:21:22.323,1,97.55
2025-04-27 11:21:22.327,1,95.68
2025-04-27 11:21:22.331,1,93.3
2025-04-27 11:21:22.335,1,90.45
2025-04-27 11:21:22.339,1,87.16
2025-04-27 11:21:22.343,1,83.46
2025-04-27 11:21:22.347,1,79.39
2025-04-27 11:21:22.351,1,75.0
2025-04-27 11:21:22.355,1,70.34
2025-04-27 11:21:22.359,1,65.45
2025-04-27 11:21:22.363,1,60.4
2025-04-27 11:21:22.367,1,55.23
2025-04-27 11:21:22.371,1,50.0
2025-04-27 11:21:22.375,1,44.77
2025-04-27 11:21:22.379,1,39.6
2025-04-27 11:21:22.383,1,34.55
2025-04-27 11:21:22.387,1,29.66
2025-04-27 11:21:22.391,1,25.0
2025-04-27 11:21:22.395,1,20.61
2025-04-27 11:21:22.399,1,16.54
2025-04-27 11:21:22.403,1,12.84
2025-04-27 11:21:22.407,1,9.55
2025-04-27 11:21:22.411,1,6.7
2025-04-27 11:21:22.415,1,4.32
2025-04-27 11:21:22.419,1,2.45
2025-04-27 11:21:22.423,1,1.09
2025-04-27 11:21:22.427,1,0.27
2025-04-27 11:21:22.431,1,0.0
2025-04-27 11:21:22.435,1,0.27
2025-04-27 11:21:22.439,1,1.09
2025-04-27 11:21:22.443,1,2.45
2025-04-27 11:21:22.447,1,4.32
2025-04-27 11:21:22.451,1,6.7
2025-04-27 11:21:22.455,1,9.55
2025-04-27 11:21:22.459,1,12.84
2025-04-27 11:21:22.463,1,16.54
2025-04-27 11:21:22.467,1,20.61
2025-04-27 11:21:22.471,1,25.0
2025-04-27 11:21:22.475,1,29.66
2025-04-27 11:21:22.479,1,34.55
2025-04-27 11:21:22.483,1,39.6
2025-04-27 11:21:22.487,1,44.77
2025-04-27 11:21:22.491,1,50.0
2025-04-27 11:21:22.495,1,55.23
2025-04-27 11:21:22.499,1,60.4
2025-04-27 11:21:22.503,1,65.45
2025-04-27 11:21:22.507,1,70.34
2025-04-27 11:21:22.511,1,75.0
2025-04-27 11:21:22.515,1,79.39
2025-04-27 11:21:22.519,1,83.46
2025-04-27 11:21:22.523,1,87.16
2025-04-27 11:21:22.527,1,90.45
2025-04-27 11:21:22.531,1,93.3
2025-04-27 11:21:22.535,1,95.68
2025-04-27 11:21:22.539,1,97.55
2025-04-27 11:21:22.543,1,98.91
2025-04-27 11:21:22.547,1,99.73
2025-04-27 11:21:22.551,1,100.0
2025-04-27 11:21:22.555,1,99.73
2025-04-27 11:21:22.559,1,98.91
2025-04-27 11:21:22.563,1,97.55
2025-04-27 11:21:22.567,1,95.68
2025-04-27 11:21:22.571,1,93.3
2025-04-27 11:21:22.575,1,90.45
2025-04-27 11:21:22.579,1,87.16
2025-04-27 11:21:22.583,1,83.46
2025-04-27 11:21:22.587,1,79.39
2025-04-27 11:21:22.591,1,75.0
2025-04-27 11:21:22.595,1,70.34
2025-04-27 11:21:22.599,1,65.45
2025-04-27 11:21:22.603,1,60.4
2025-04-27 11:21:22.607,1,55.23
2025-04-27 11:21:22.611,1,50.0
2025-04-27 11:21:22.615,1,44.77
2025-04-27 11:21:22.619,1,39.6
2025-04-27 11:21:22.623,1,34.55
2025-04-27 11:21:22.627,1,29.66
2025-04-27 11:21:22.631,1,25.0
2025-04-27 11:21:22.635,1,20.61
2025-04-27 11:21:22.639,1,16.54
2025-04-27 11:21:22.643,1,12.84
2025-04-27 11:21:22.647,1,9.55
2025-04-27 11:21:22.651,1,6.7
2025-04-27 11:21:22.655,1,4.32
2025-04-27 11:21:22.659,1,2.45
2025-04-27 11:21:22.663,1,1.09
2025-04-27 11:21:22.667,1,0.27
2025-04-27 11:21:22.671,1,0.0
2025-04-27 11:21:22.675,1,0.27
2025-04-27 11:21:22.679,1,1.09
2025-04-27 11:21:22.683,1,2.45
2025-04-27 11:21:22.687,1,4.32
2025-04-27 11:21:22.691,1,6.7
2025-04-27 11:21:22.695,1,9.55
2025-04-27 11:21:22.699,1,12.84
2025-04-27 11:21:22.703,1,16.54
2025-04-27 11:21:22.707,1,20.61
2025-04-27 11:21:22.711,1,25.0
2025-04-27 11:21:22.715,1,29.66
2025-04-27 11:21:22.719,1,34.55
2025-04-27 11:21:22.723,1,39.6
2025-04-27 11:21:22.727,1,44.77
2025-04-27 11:21:22.731,1,50.0
2025-04-27 11:21:22.735,1,55.23
2025-04-27 11:21:22.739,1,60.4
2025-04-27 11:21:22.743,1,65.45
2025-04-27 11:21:22.747,1,70.34
2025-04-27 11:21:22.751,1,75.0
2025-04-27 11:21:22.755,1,79.39
2025-04-27 11:21:22.759,1,83.46
2025-04-27 11:21:22.763,1,87.16
2025-04-27 11:21:22.767,1,90.45
2025-04-27 11:21:22.771,1,93.3
2025-04-27 11:21:22.775,1,95.68
2025-04-27 11:21:22.779,1,97.55
2025-04-27 11:21:22.783,1,98.91
2025-04-27 11:21:22.787,1,99.73
2025-04-27 11:21:22.791,1,100.0
2025-04-27 11:21:22.795,1,99.73
2025-04-27 11:21:22.799,1,98.91
2025-04-27 11:21:22.803,1,97.55
2025-04-27 11:21:22.807,1,95.68
2025-04-27 11:21:22.812,1,93.3
2025-04-27 11:21:22.815,1,90.45
2025-04-27 11:21:22.819,1,87.16
2025-04-27 11:21:22.823,1,83.46
2025-04-27 11:21:22.827,1,79.39
2025-04-27 11:21:22.831,1,75.0
2025-04-27 11:21:22.835,1,70.34
2025-04-27 11:21:22.839,1,65.45
2025-04-27 11:21:22.843,1,60.4
2025-04-27 11:21:22.847,1,55.23
2025-04-27 11:21:22.851,1,50.0
2025-04-27 11:21:22.855,1,44.77
2025-04-27 11:21:22.859,1,39.6
2025-04-27 11:21:22.863,1,34.55
2025-04-27 11:21:22.867,1,29.66
2025-04-27 11:21:22.871,1,25.0
2025-04-27 11:21:22.875,1,20.61
2025-04-27 11:21:22.879,1,16.54
2025-04-27 11:21:22.883,1,12.84
2025-04-27 11:21:22.887,1,9.55
2025-04-27 11:21:22.891,1,6.7
2025-04-27 11:21:22.895,1,4.32
2025-04-27 11:21:22.899,1,2.45
2025-04-27 11:21:22.903,1,1.09
2025-04-27 11:21:22.907,1,0.27
2025-04-27 11:21:22.911,1,0.0
2025-04-27 11:21:22.915,1,0.27
2025-04-27 11:21:22.919,1,1.09
2025-04-27 11:21:22.923,1,2.45
2025-04-27 11:21:22.927,1,4.32
2025-04-27 11:21:22.931,1,6.7
2025-04-27 11:21:22.935,1,9.55
2025-04-27 11:21:22.939,1,12.84
2025-04-27 11:21:22.943,1,16.54
2025-04-27 11:21:22.947,1,20.61
2025-04-27 11:21:22.951,1,25.0
2025-04-27 11:21:22.955,1,29.66
2025-04-27 11:21:22.959,1,34.55
2025-04-27 11:21:22.963,1,39.6
2025-04-27 11:21:22.967,1,44.77
2025-04-27 11:21:22.971,1,50.0
2025-04-27 11:21:22.975,1,55.23
2025-04-27 11:21:22.979,1,60.4
2025-04-27 11:21:22.983,1,65.45
2025-04-27 11:21:22.987,1,70.34
2025-04-27 11:21:22.991,1,75.0
2025-04-27 11:21:22.995,1,79.39
2025-04-27 11:21:22.999,1,83.46
2025-04-27 11:21:23.003,1,87.16
2025-04-27 11:21:23.007,1,90.45
2025-04-27 11:21:23.011,1,93.3
2025-04-27 11:21:23.015,1,95.68
2025-04-27 11:21:23.019,1,97.55
2025-04-27 11:21:23.023,1,98.91
2025-04-27 11:21:23.027,1,99.73
2025-04-27 11:21:23.031,1,100.0
2025-04-27 11:21:23.035,1,99.73
2025-04-27 11:21:23.039,1,98.91
2025-04-27 11:21:23.043,1,97.55
2025-04-27 11:21:23.047,1,95.68
2025-04-27 11:21:23.051,1,93.3
2025-04-27 11:21:23.055,1,90.45
2025-04-27 11:21:23.059,1,87.16
2025-04-27 11:21:23.063,1,83.46
2025-04-27 11:21:23.067,1,79.39
2025-04-27 11:21:23.071,1,75.0
2025-04-27 11:21:23.075,1,70.34
2025-04-27 11:21:23.079,1,65.45
2025-04-27 11:21:23.083,1,60.4
2025-04-27 11:21:23.087,1,55.23
2025-04-27 11:21:23.091,1,50.0
2025-04-27 11:21:23.095,1,44.77
2025-04-27 11:21:23.099,1,39.6
2025-04-27 11:21:23.103,1,34.55
2025-04-27 11:21:23.107,1,29.66
2025-04-27 11:21:23.111,1,25.0
2025-04-27 11:21:23.115,1,20.61
2025-04-27 11:21:23.119,1,16.54
2025-04-27 11:21:23.123,1,12.84
2025-04-27 11:21:23.127,1,9.55
2025-04-27 11:21:23.131,1,6.7
2025-04-27 11:21:23.135,1,4.32
2025-04-27 11:21:23.139,1,2.45
2025-04-27 11:21:23.143,1,1.09
2025-04-27 11:21:23.147,1,0.27
2025-04-27 11:21:23.151,1,0.0
2025-04-27 11:21:23.155,1,0.27
2025-04-27 11:21:23.159,1,1.09
2025-04-27 11:21:23.163,1,2.45
2025-04-27 11:21:23.167,1,4.32
2025-04-27 11:21:23.171,1,6.7
2025-04-27 11:21:23.175,1,9.55
2025-04-27 11:21:23.179,1,12.84
2025-04-27 11:21:23.183,1,16.54
2025-04-27 11:21:23.187,1,20.61
2025-04-27 11:21:23.191,1,25.0
2025-04-27 11:21:23.195,1,29.66
2025-04-27 11:21:23.199,1,34.55
2025-04-27 11:21:23.203,1,39.6
2025-04-27 11:21:23.207,1,44.77
2025-04-27 11:21:23.211,1,50.0
2025-04-27 11:21:23.216,1,55.23
2025-04-27 11:21:23.219,1,60.4
2025-04-27 11:21:23.223,1,65.45
2025-04-27 11:21:23.227,1,70.34
2025-04-27 11:21:23.231,1,75.0
2025-04-27 11:21:23.235,1,79.39
2025-04-27 11:21:23.239,1,83.46
2025-04-27 11:21:23.243,1,87.16
2025-04-27 11:21:23.247,1,90.45
2025-04-27 11:21:23.251,1,93.3
2025-04-27 11:21:23.255,1,95.68
2025-04-27 11:21:23.259,1,97.55
2025-04-27 11:21:23.263,1,98.91
2025-04-27 11:21:23.267,1,99.73
2025-04-27 11:21:23.271,1,100.0
2025-04-27 11:21:23.275,1,99.73
2025-04-27 11:21:23.279,1,98.91
2025-04-27 11:21:23.283,1,97.55
2025-04-27 11:21:23.287,1,95.68
2025-04-27 11:21:23.291,1,93.3
2025-04-27 11:21:23.295,1,90.45
2025-04-27 11:21:23.299,1,87.16
2025-04-27 11:21:23.303,1,83.46
2025-04-27 11:21:23.307,1,79.39
2025-04-27 11:21:23.311,1,75.0
2025-04-27 11:21:23.315,1,70.34
2025-04-27 11:21:23.319,1,65.45
2025-04-27 11:21:23.323,1,60.4
2025-04-27 11:21:23.327,1,55.23
2025-04-27 11:21:23.331,1,50.0
2025-04-27 11:21:23.335,1,44.77
2025-04-27 11:21:23.339,1,39.6
2025-04-27 11:21:23.343,1,34.55
2025-04-27 11:21:23.347,1,29.66
2025-04-27 11:21:23.351,1,25.0
2025-04-27 11:21:23.355,1,20.61
2025-04-27 11:21:23.359,1,16.54
2025-04-27 11:21:23.363,1,12.84
2025-04-27 11:21:23.367,1,9.55
2025-04-27 11:21:23.371,1,6.7
2025-04-27 11:21:23.375,1,4.32
2025-04-27 11:21:23.379,1,2.45
2025-04-27 11:21:23.383,1,1.09
2025-04-27 11:21:23.387,1,0.27
2025-04-27 11:21:23.391,1,0.0
2025-04-27 11:21:23.395,1,0.27
2025-04-27 11:21:23.399,1,1.09
2025-04-27 11:21:23.403,1,2.45
2025-04-27 11:21:23.407,1,4.32
2025-04-27 11:21:23.411,1,6.7
2025-04-27 11:21:23.415,1,9.55
2025-04-27 11:21:23.419,1,12.84
2025-04-27 11:21:23.423,1,16.54
2025-04-27 11:21:23.427,1,20.61
2025-04-27 11:21:23.431,1,25.0
2025-04-27 11:21:23.435,1,29.66
2025-04-27 11:21:23.439,1,34.55
2025-04-27 11:21:23.443,1,39.6
2025-04-27 11:21:23.447,1,44.77
2025-04-27 11:21:23.451,1,50.0
2025-04-27 11:21:23.455,1,55.23
2025-04-27 11:21:23.459,1,60.4
2025-04-27 11:21:23.463,1,65.45
2025-04-27 11:21:23.467,1,70.34
2025-04-27 11:21:23.471,1,75.0
2025-04-27 11:21:23.475,1,79.39
2025-04-27 11:21:23.479,1,83.46
2025-04-27 11:21:23.483,1,87.16
2025-04-27 11:21:23.487,1,90.45
2025-04-27 11:21:23.491,1,93.3
2025-04-27 11:21:23.495,1,95.68
2025-04-27 11:21:23.499,1,97.55
2025-04-27 11:21:23.503,1,98.91
2025-04-27 11:21:23.507,1,99.73
2025-04-27 11:21:23.511,1,100.0
2025-04-27 11:21:23.515,1,99.73
2025-04-27 11:21:23.519,1,98.91
2025-04-27 11:21:23.523,1,97.55
2025-04-27 11:21:23.527,1,95.68
2025-04-27 11:21:23.531,1,93.3
2025-04-27 11:21:23.535,1,90.45
2025-04-27 11:21:23.539,1,87.16
2025-04-27 11:21:23.543,1,83.46
2025-04-27 11:21:23.547,1,79.39
2025-04-27 11:21:23.551,1,75.0
2025-04-27 11:21:23.555,1,70.34
2025-04-27 11:21:23.559,1,65.45
2025-04-27 11:21:23.563,1,60.4
2025-04-27 11:21:23.567,1,55.23
2025-04-27 11:21:23.571,1,50.0
2025-04-27 11:21:23.575,1,44.77
2025-04-27 11:21:23.579,1,39.6
2025-04-27 11:21:23.583,1,34.55
2025-04-27 11:21:23.587,1,29.66
2025-04-27 11:21:23.591,1,25.0
2025-04-27 11:21:23.595,1,20.61
2025-04-27 11:21:23.599,1,16.54
2025-04-27 11:21:23.603,1,12.84
2025-04-27 11:21:23.607,1,9.55
2025-04-27 11:21:23.611,1,6.7
2025-04-27 11:21:23.615,1,4.32
2025-04-27 11:21:23.619,1,2.45
2025-04-27 11:21:23.623,1,1.09
2025-04-27 11:21:23.627,1,0.27
2025-04-27 11:21:23.631,1,0.0
2025-04-27 11:21:23.635,1,0.27
2025-04-27 11:21:23.639,1,1.09
2025-04-27 11:21:23.643,1,2.45
2025-04-27 11:21:23.647,1,4.32
2025-04-27 11:21:23.651,1,6.7
2025-04-27 11:21:23.655,1,9.55
2025-04-27 11:21:23.659,1,12.84
2025-04-27 11:21:23.663,1,16.54
2025-04-27 11:21:23.667,1,20.61
2025-04-27 11:21:23.671,1,25.0
2025-04-27 11:21:23.675,1,29.66
2025-04-27 11:21:23.679,1,34.55
2025-04-27 11:21:23.683,1,39.6
2025-04-27 11:21:23.687,1,44.77
2025-04-27 11:21:23.691,1,50.0
2025-04-27 11:21:23.695,1,55.23
2025-04-27 11:21:23.699,1,60.4
2025-04-27 11:21:23.703,1,65.45
2025-04-27 11:21:23.707,1,70.34
2025-04-27 11:21:23.711,1,75.0
2025-04-27 11:21:23.715,1,79.39
2025-04-27 11:21:23.719,1,83.46
2025-04-27 11:21:23.723,1,87.16
2025-04-27 11:21:23.727,1,90.45
2025-04-27 11:21:23.731,1,93.3
2025-04-27 11:21:23.735,1,95.68
2025-04-27 11:21:23.739,1,97.55
2025-04-27 11:21:23.743,1,98.91
2025-04-27 11:21:23.747,1,99.73
2025-04-27 11:21:23.751,1,100.0
2025-04-27 11:21:23.755,1,99.73
2025-04-27 11:21:23.759,1,98.91
2025-04-27 11:21:23.763,1,97.55
2025-04-27 11:21:23.767,1,95.68
2025-04-27 11:21:23.771,1,93.3
2025-04-27 11:21:23.775,1,90.45
2025-04-27 11:21:23.779,1,87.16
2025-04-27 11:21:23.783,1,83.46
2025-04-27 11:21:23.787,1,79.39
2025-04-27 11:21:23.791,1,75.0
2025-04-27 11:21:23.795,1,70.34
2025-04-27 11:21:23.799,1,65.45
2025-04-27 11:21:23.803,1,60.4
2025-04-27 11:21:23.807,1,55.23
2025-04-27 11:21:23.811,1,50.0
2025-04-27 11:21:23.815,1,44.77
2025-04-27 11:21:23.819,1,39.6
2025-04-27 11:21:23.823,1,34.55
2025-04-27 11:21:23.827,1,29.66
2025-04-27 11:21:23.831,1,25.0
2025-04-27 11:21:23.835,1,20.61
2025-04-27 11:21:23.839,1,16.54
2025-04-27 11:21:23.843,1,12.84
2025-04-27 11:21:23.847,1,9.55
2025-04-27 11:21:23.851,1,6.7
2025-04-27 11:21:23.855,1,4.32
2025-04-27 11:21:23.859,1,2.45
2025-04-27 11:21:23.863,1,1.09
2025-04-27 11:21:23.867,1,0.27
2025-04-27 11:21:23.871,1,0.0
2025-04-27 11:21:23.875,1,0.27
2025-04-27 11:21:23.879,1,1.09
2025-04-27 11:21:23.883,1,2.45
2025-04-27 11:21:23.887,1,4.32
2025-04-27 11:21:23.891,1,6.7
2025-04-27 11:21:23.895,1,9.55
2025-04-27 11:21:23.899,1,12.84
2025-04-27 11:21:23.903,1,16.54
2025-04-27 11:21:23.907,1,20.61
2025-04-27 11:21:23.911,1,25.0
2025-04-27 11:21:23.915,1,29.66
2025-04-27 11:21:23.919,1,34.55
2025-04-27 11:21:23.923,1,39.6
2025-04-27 11:21:23.927,1,44.77
2025-04-27 11:21:23.931,1,50.0
2025-04-27 11:21:23.935,1,55.23
2025-04-27 11:21:23.939,1,60.4
2025-04-27 11:21:23.943,1,65.45
2025-04-27 11:21:23.947,1,70.34
2025-04-27 11:21:23.951,1,75.0
2025-04-27 11:21:23.955,1,79.39
2025-04-27 11:21:23.959,1,83.46
2025-04-27 11:21:23.963,1,87.16
2025-04-27 11:21:23.967,1,90.45
2025-04-27 11:21:23.971,1,93.3
2025-04-27 11:21:23.975,1,95.68
2025-04-27 11:21:23.979,1,97.55
2025-04-27 11:21:23.983,1,98.91
2025-04-27 11:21:23.987,1,99.73
2025-04-27 11:21:23.992,1,100.0
2025-04-27 11:21:23.995,1,99.73
2025-04-27 11:21:23.999,1,98.91
2025-04-27 11:21:24.003,1,97.55
2025-04-27 11:21:24.007,1,95.68
2025-04-27 11:21:24.011,1,93.3
2025-04-27 11:21:24.015,1,90.45
2025-04-27 11:21:24.019,1,87.16
2025-04-27 11:21:24.023,1,83.46
2025-04-27 11:21:24.027,1,79.39
2025-04-27 11:21:24.031,1,75.0
2025-04-27 11:21:24.035,1,70.34
2025-04-27 11:21:24.039,1,65.45
2025-04-27 11:21:24.043,1,60.4
2025-04-27 11:21:24.047,1,55.23
2025-04-27 11:21:24.051,1,50.0
2025-04-27 11:21:24.055,1,44.77
2025-04-27 11:21:24.059,1,39.6
2025-04-27 11:21:24.063,1,34.55
2025-04-27 11:21:24.067,1,29.66
2025-04-27 11:21:24.071,1,25.0
2025-04-27 11:21:24.075,1,20.61
2025-04-27 11:21:24.079,1,16.54
2025-04-27 11:21:24.083,1,12.84
2025-04-27 11:21:24.087,1,9.55
2025-04-27 11:21:24.091,1,6.7
2025-04-27 11:21:24.095,1,4.32
2025-04-27 11:21:24.099,1,2.45
2025-04-27 11:21:24.103,1,1.09
2025-04-27 11:21:24.107,1,0.27
2025-04-27 11:21:24.111,1,0.0
2025-04-27 11:21:24.115,1,0.27
2025-04-27 11:21:24.119,1,1.09
2025-04-27 11:21:24.123,1,2.45
2025-04-27 11:21:24.127,1,4.32
2025-04-27 11:21:24.131,1,6.7
2025-04-27 11:21:24.135,1,9.55
2025-04-27 11:21:24.139,1,12.84
2025-04-27 11:21:24.143,1,16.54
2025-04-27 11:21:24.147,1,20.61
2025-04-27 11:21:24.151,1,25.0
2025-04-27 11:21:24.155,1,29.66
2025-04-27 11:21:24.159,1,34.55
2025-04-27 11:21:24.163,1,39.6
2025-04-27 11:21:24.167,1,44.77
2025-04-27 11:21:24.172,1,50.0
2025-04-27 11:21:24.175,1,55.23
2025-04-27 11:21:24.179,1,60.4
2025-04-27 11:21:24.183,1,65.45
2025-04-27 11:21:24.187,1,70.34
2025-04-27 11:21:24.191,1,75.0
2025-04-27 11:21:24.195,1,79.39
2025-04-27 11:21:24.199,1,83.46
2025-04-27 11:21:24.203,1,87.16
2025-04-27 11:21:24.207,1,90.45
2025-04-27 11:21:24.211,1,93.3
2025-04-27 11:21:24.215,1,95.68
2025-04-27 11:21:24.219,1,97.55
2025-04-27 11:21:24.223,1,98.91
2025-04-27 11:21:24.227,1,99.73
2025-04-27 11:21:24.231,1,100.0
2025-04-27 11:21:24.235,1,99.73
2025-04-27 11:21:24.239,1,98.91
2025-04-27 11:21:24.243,1,97.55
2025-04-27 11:21:24.247,1,95.68
2025-04-27 11:21:24.251,1,93.3
2025-04-27 11:21:24.255,1,90.45
2025-04-27 11:21:24.259,1,87.16
2025-04-27 11:21:24.263,1,83.46
2025-04-27 11:21:24.267,1,79.39
2025-04-27 11:21:24.271,1,75.0
2025-04-27 11:21:24.275,1,70.34
2025-04-27 11:21:24.279,1,65.45
2025-04-27 11:21:24.283,1,60.4
2025-04-27 11:21:24.287,1,55.23
2025-04-27 11:21:24.291,1,50.0
2025-04-27 11:21:24.295,1,44.77
2025-04-27 11:21:24.299,1,39.6
2025-04-27 11:21:24.303,1,34.55
2025-04-27 11:21:24.307,1,29.66
2025-04-27 11:21:24.311,1,25.0
2025-04-27 11:21:24.315,1,20.61
2025-04-27 11:21:24.319,1,16.54
2025-04-27 11:21:24.323,1,12.84
2025-04-27 11:21:24.327,1,9.55
2025-04-27 11:21:24.331,1,6.7
2025-04-27 11:21:24.335,1,4.32
2025-04-27 11:21:24.339,1,2.45
2025-04-27 11:21:24.343,1,1.09
2025-04-27 11:21:24.347,1,0.27
2025-04-27 11:21:24.351,1,0.0
2025-04-27 11:21:24.355,1,0.27
2025-04-27 11:21:24.359,1,1.09
2025-04-27 11:21:24.363,1,2.45
2025-04-27 11:21:24.367,1,4.32
2025-04-27 11:21:24.371,1,6.7
2025-04-27 11:21:24.375,1,9.55
2025-04-27 11:21:24.379,1,12.84
2025-04-27 11:21:24.383,1,16.54
2025-04-27 11:21:24.387,1,20.61
2025-04-27 11:21:24.391,1,25.0
2025-04-27 11:21:24.395,1,29.66
2025-04-27 11:21:24.399,1,34.55
2025-04-27 11:21:24.403,1,39.6
2025-04-27 11:21:24.407,1,44.77
2025-04-27 11:21:24.411,1,50.0
2025-04-27 11:21:24.415,1,55.23
2025-04-27 11:21:24.419,1,60.4
2025-04-27 11:21:24.423,1,65.45
2025-04-27 11:21:24.427,1,70.34
2025-04-27 11:21:24.431,1,75.0
2025-04-27 11:21:24.435,1,79.39
2025-04-27 11:21:24.439,1,83.46
2025-04-27 11:21:24.443,1,87.16
2025-04-27 11:21:24.447,1,90.45
2025-04-27 11:21:24.451,1,93.3
2025-04-27 11:21:24.455,1,95.68
2025-04-27 11:21:24.459,1,97.55
2025-04-27 11:21:24.463,1,98.91
2025-04-27 11:21:24.467,1,99.73
2025-04-27 11:21:24.471,1,100.0
2025-04-27 11:21:24.475,1,99.73
2025-04-27 11:21:24.479,1,98.91
2025-04-27 11:21:24.483,1,97.55
2025-04-27 11:21:24.487,1,95.68
2025-04-27 11:21:24.491,1,93.3
2025-04-27 11:21:24.495,1,90.45
2025-04-27 11:21:24.499,1,87.16
2025-04-27 11:21:24.503,1,83.46
2025-04-27 11:21:24.507,1,79.39
2025-04-27 11:21:24.511,1,75.0
2025-04-27 11:21:24.515,1,70.34
2025-04-27 11:21:24.519,1,65.45
2025-04-27 11:21:24.523,1,60.4
2025-04-27 11:21:24.527,1,55.23
2025-04-27 11:21:24.531,1,50.0
2025-04-27 11:21:24.535,1,44.77
2025-04-27 11:21:24.539,1,39.6
2025-04-27 11:21:24.543,1,34.55
2025-04-27 11:21:24.547,1,29.66
2025-04-27 11:21:24.551,1,25.0
2025-04-27 11:21:24.555,1,20.61
2025-04-27 11:21:24.559,1,16.54
2025-04-27 11:21:24.563,1,12.84
2025-04-27 11:21:24.567,1,9.55
2025-04-27 11:21:24.571,1,6.7
2025-04-27 11:21:24.575,1,4.32
2025-04-27 11:21:24.579,1,2.45
2025-04-27 11:21:24.583,1,1.09
2025-04-27 11:21:24.587,1,0.27
2025-04-27 11:21:24.591,1,0.0
2025-04-27 11:21:24.595,1,0.27
2025-04-27 11:21:24.599,1,1.09
2025-04-27 11:21:24.603,1,2.45
2025-04-27 11:21:24.607,1,4.32
2025-04-27 11:21:24.611,1,6.7
2025-04-27 11:21:24.615,1,9.55
2025-04-27 11:21:24.619,1,12.84
2025-04-27 11:21:24.623,1,16.54
2025-04-27 11:21:24.627,1,20.61
2025-04-27 11:21:24.631,1,25.0
2025-04-27 11:21:24.635,1,29.66
2025-04-27 11:21:24.639,1,34.55
2025-04-27 11:21:24.643,1,39.6
2025-04-27 11:21:24.647,1,44.77
2025-04-27 11:21:24.651,1,50.0
2025-04-27 11:21:24.655,1,55.23
2025-04-27 11:21:24.659,1,60.4
2025-04-27 11:21:24.663,1,65.45
2025-04-27 11:21:24.667,1,70.34
2025-04-27 11:21:24.671,1,75.0
2025-04-27 11:21:24.675,1,79.39
2025-04-27 11:21:24.679,1,83.46
2025-04-27 11:21:24.683,1,87.16
2025-04-27 11:21:24.687,1,90.45
2025-04-27 11:21:24.691,1,93.3
2025-04-27 11:21:24.695,1,95.68
2025-04-27 11:21:24.699,1,97.55
2025-04-27 11:21:24.703,1,98.91
2025-04-27 11:21:24.707,1,99.73
2025-04-27 11:21:24.711,1,100.0
2025-04-27 11:21:24.715,1,99.73
2025-04-27 11:21:24.719,1,98.91
2025-04-27 11:21:24.723,1,97.55
2025-04-27 11:21:24.727,1,95.68
2025-04-27 11:21:24.731,1,93.3
2025-04-27 11:21:24.735,1,90.45
2025-04-27 11:21:24.739,1,87.16
2025-04-27 11:21:24.743,1,83.46
2025-04-27 11:21:24.747,1,79.39
2025-04-27 11:21:24.751,1,75.0
2025-04-27 11:21:24.755,1,70.34
2025-04-27 11:21:24.759,1,65.45
2025-04-27 11:21:24.763,1,60.4
2025-04-27 11:21:24.767,1,55.23
2025-04-27 11:21:24.771,1,50.0
2025-04-27 11:21:24.775,1,44.77
2025-04-27 11:21:24.779,1,39.6
2025-04-27 11:21:24.783,1,34.55
2025-04-27 11:21:24.787,1,29.66
2025-04-27 11:21:24.791,1,25.0
2025-04-27 11:21:24.795,1,20.61
2025-04-27 11:21:24.799,1,16.54
2025-04-27 11:21:24.803,1,12.84
2025-04-27 11:21:24.807,1,9.55
2025-04-27 11:21:24.811,1,6.7
2025-04-27 11:21:24.815,1,4.32
2025-04-27 11:21:24.819,1,2.45
2025-04-27 11:21:24.823,1,1.09
2025-04-27 11:21:24.827,1,0.27
2025-04-27 11:21:24.831,1,0.0
2025-04-27 11:21:24.835,1,0.27
2025-04-27 11:21:24.839,1,1.09
2025-04-27 11:21:24.843,1,2.45
2025-04-27 11:21:24.847,1,4.32
2025-04-27 11:21:24.851,1,6.7
2025-04-27 11:21:24.855,1,9.55
2025-04-27 11:21:24.859,1,12.84
2025-04-27 11:21:24.863,1,16.54
2025-04-27 11:21:24.867,1,20.61
2025-04-27 11:21:24.871,1,25.0
2025-04-27 11:21:24.875,1,29.66
2025-04-27 11:21:24.879,1,34.55
2025-04-27 11:21:24.883,1,39.6
2025-04-27 11:21:24.887,1,44.77
2025-04-27 11:21:24.891,1,50.0
2025-04-27 11:21:24.895,1,55.23
2025-04-27 11:21:24.899,1,60.4
2025-04-27 11:21:24.903,1,65.45
2025-04-27 11:21:24.907,1,70.34
2025-04-27 11:21:24.911,1,75.0
2025-04-27 11:21:24.915,1,79.39
2025-04-27 11:21:24.919,1,83.46
2025-04-27 11:21:24.923,1,87.16
2025-04-27 11:21:24.927,1,90.45
2025-04-27 11:21:24.931,1,93.3
2025-04-27 11:21:24.935,1,95.68
2025-04-27 11:21:24.939,1,97.55
2025-04-27 11:21:24.943,1,98.91
2025-04-27 11:21:24.947,1,99.73
2025-04-27 11:21:24.951,1,100.0
2025-04-27 11:21:24.955,1,99.73
2025-04-27 11:21:24.959,1,98.91
2025-04-27 11:21:24.963,1,97.55
2025-04-27 11:21:24.967,1,95.68
2025-04-27 11:21:24.971,1,93.3
2025-04-27 11:21:24.975,1,90.45
2025-04-27 11:21:24.979,1,87.16
2025-04-27 11:21:24.983,1,83.46
2025-04-27 11:21:24.987,1,79.39
2025-04-27 11:21:24.991,1,75.0
2025-04-27 11:21:24.995,1,70.34
2025-04-27 11:21:24.999,1,65.45
2025-04-27 11:21:25.003,1,60.4
2025-04-27 11:21:25.007,1,55.23
2025-04-27 11:21:25.011,1,50.0
2025-04-27 11:21:25.015,1,44.77
2025-04-27 11:21:25.019,1,39.6
2025-04-27 11:21:25.023,1,34.55
2025-04-27 11:21:25.027,1,29.66
2025-04-27 11:21:25.031,1,25.0
2025-04-27 11:21:25.035,1,20.61
2025-04-27 11:21:25.039,1,16.54
2025-04-27 11:21:25.043,1,12.84
2025-04-27 11:21:25.047,1,9.55
2025-04-27 11:21:25.051,1,6.7
2025-04-27 11:21:25.055,1,4.32
2025-04-27 11:21:25.059,1,2.45
2025-04-27 11:21:25.063,1,1.09
2025-04-27 11:21:25.067,1,0.27
2025-04-27 11:21:25.071,1,0.0
2025-04-27 11:21:25.075,1,0.27
2025-04-27 11:21:25.079,1,1.09
2025-04-27 11:21:25.083,1,2.45
2025-04-27 11:21:25.087,1,4.32
2025-04-27 11:21:25.091,1,6.7
2025-04-27 11:21:25.095,1,9.55
2025-04-27 11:21:25.099,1,12.84
2025-04-27 11:21:25.103,1,16.54
2025-04-27 11:21:25.107,1,20.61
2025-04-27 11:21:25.111,1,25.0
2025-04-27 11:21:25.115,1,29.66
2025-04-27 11:21:25.119,1,34.55
2025-04-27 11:21:25.123,1,39.6
2025-04-27 11:21:25.127,1,44.77
2025-04-27 11:21:25.131,1,50.0
2025-04-27 11:21:25.135,1,55.23
2025-04-27 11:21:25.139,1,60.4
2025-04-27 11:21:25.143,1,65.45
2025-04-27 11:21:25.147,1,70.34
2025-04-27 11:21:25.151,1,75.0
2025-04-27 11:21:25.155,1,79.39
2025-04-27 11:21:25.159,1,83.46
2025-04-27 11:21:25.163,1,87.16
2025-04-27 11:21:25.167,1,90.45
2025-04-27 11:21:25.171,1,93.3
2025-04-27 11:21:25.175,1,95.68
2025-04-27 11:21:25.179,1,97.55
2025-04-27 11:21:25.183,1,98.91
2025-04-27 11:21:25.187,1,99.73
2025-04-27 11:21:25.191,1,100.0
2025-04-27 11:21:25.195,1,99.73
2025-04-27 11:21:25.199,1,98.91
2025-04-27 11:21:25.203,1,97.55
2025-04-27 11:21:25.207,1,95.68
2025-04-27 11:21:25.211,1,93.3
2025-04-27 11:21:25.215,1,90.45
2025-04-27 11:21:25.219,1,87.16
2025-04-27 11:21:25.223,1,83.46
2025-04-27 11:21:25.227,1,79.39
2025-04-27 11:21:25.231,1,75.0
2025-04-27 11:21:25.235,1,70.34
2025-04-27 11:21:25.239,1,65.45
2025-04-27 11:21:25.243,1,60.4
2025-04-27 11:21:25.247,1,55.23
2025-04-27 11:21:25.251,1,50.0
2025-04-27 11:21:25.255,1,44.77
2025-04-27 11:21:25.259,1,39.6
2025-04-27 11:21:25.263,1,34.55
2025-04-27 11:21:25.267,1,29.66
2025-04-27 11:21:25.271,1,25.0
2025-04-27 11:21:25.275,1,20.61
2025-04-27 11:21:25.279,1,16.54
2025-04-27 11:21:25.283,1,12.84
2025-04-27 11:21:25.287,1,9.55
2025-04-27 11:21:25.291,1,6.7
2025-04-27 11:21:25.295,1,4.32
2025-04-27 11:21:25.299,1,2.45
2025-04-27 11:21:25.303,1,1.09
2025-04-27 11:21:25.307,1,0.27
2025-04-27 11:21:25.311,1,0.0
2025-04-27 11:21:25.315,1,0.27
2025-04-27 11:21:25.319,1,1.09
2025-04-27 11:21:25.323,1,2.45
2025-04-27 11:21:25.327,1,4.32
2025-04-27 11:21:25.331,1,6.7
2025-04-27 11:21:25.335,1,9.55
2025-04-27 11:21:25.339,1,12.84
2025-04-27 11:21:25.343,1,16.54
2025-04-27 11:21:25.347,1,20.61
2025-04-27 11:21:25.351,1,25.0
2025-04-27 11:21:25.355,1,29.66
2025-04-27 11:21:25.359,1,34.55
2025-04-27 11:21:25.363,1,39.6
2025-04-27 11:21:25.367,1,44.77
2025-04-27 11:21:25.371,1,50.0
2025-04-27 11:21:25.375,1,55.23
2025-04-27 11:21:25.379,1,60.4
2025-04-27 11:21:25.383,1,65.45
2025-04-27 11:21:25.387,1,70.34
2025-04-27 11:21:25.391,1,75.0
2025-04-27 11:21:25.395,1,79.39
2025-04-27 11:21:25.399,1,83.46
2025-04-27 11:21:25.403,1,87.16
2025-04-27 11:21:25.407,1,90.45
2025-04-27 11:21:25.411,1,93.3
2025-04-27 11:21:25.415,1,95.68
2025-04-27 11:21:25.419,1,97.55
2025-04-27 11:21:25.423,1,98.91
2025-04-27 11:21:25.427,1,99.73
2025-04-27 11:21:25.431,1,100.0
2025-04-27 11:21:25.435,1,99.73
2025-04-27 11:21:25.439,1,98.91
2025-04-27 11:21:25.443,1,97.55
2025-04-27 11:21:25.447,1,95.68
2025-04-27 11:21:25.451,1,93.3
2025-04-27 11:21:25.455,1,90.45
2025-04-27 11:21:25.459,1,87.16
2025-04-27 11:21:25.463,1,83.46
2025-04-27 11:21:25.467,1,79.39
2025-04-27 11:21:25.471,1,75.0
2025-04-27 11:21:25.475,1,70.34
2025-04-27 11:21:25.479,1,65.45
2025-04-27 11:21:25.483,1,60.4
2025-04-27 11:21:25.487,1,55.23
2025-04-27 11:21:25.491,1,50.0
2025-04-27 11:21:25.495,1,44.77
2025-04-27 11:21:25.499,1,39.6
2025-04-27 11:21:25.503,1,34.55
2025-04-27 11:21:25.507,1,29.66
2025-04-27 11:21:25.511,1,25.0
2025-04-27 11:21:25.515,1,20.61
2025-04-27 11:21:25.519,1,16.54
2025-04-27 11:21:25.523,1,12.84
2025-04-27 11:21:25.527,1,9.55
2025-04-27 11:21:25.531,1,6.7
2025-04-27 11:21:25.535,1,4.32
2025-04-27 11:21:25.539,1,2.45
2025-04-27 11:21:25.543,1,1.09
2025-04-27 11:21:25.547,1,0.27
2025-04-27 11:21:25.551,1,0.0
2025-04-27 11:21:25.555,1,0.27
2025-04-27 11:21:25.559,1,1.09
2025-04-27 11:21:25.563,1,2.45
2025-04-27 11:21:25.567,1,4.32
2025-04-27 11:21:25.571,1,6.7
2025-04-27 11:21:25.575,1,9.55
2025-04-27 11:21:25.579,1,12.84
2025-04-27 11:21:25.583,1,16.54
2025-04-27 11:21:25.587,1,20.61
2025-04-27 11:21:25.591,1,25.0
2025-04-27 11:21:25.595,1,29.66
2025-04-27 11:21:25.599,1,34.55
2025-04-27 11:21:25.603,1,39.6
2025-04-27 11:21:25.607,1,44.77
2025-04-27 11:21:25.611,1,50.0
2025-04-27 11:21:25.615,1,55.23
2025-04-27 11:21:25.619,1,60.4
2025-04-27 11:21:25.623,1,65.45
2025-04-27 11:21:25.627,1,70.34
2025-04-27 11:21:25.631,1,75.0
2025-04-27 11:21:25.635,1,79.39
2025-04-27 11:21:25.639,1,83.46
2025-04-27 11:21:25.643,1,87.16
2025-04-27 11:21:25.647,1,90.45
2025-04-27 11:21:25.651,1,93.3
2025-04-27 11:21:25.655,1,95.68
2025-04-27 11:21:25.659,1,97.55
2025-04-27 11:21:25.663,1,98.91
2025-04-27 11:21:25.667,1,99.73
2025-04-27 11:21:25.671,1,100.0
2025-04-27 11:21:25.675,1,99.73
2025-04-27 11:21:25.679,1,98.91
2025-04-27 11:21:25.683,1,97.55
2025-04-27 11:21:25.687,1,95.68
2025-04-27 11:21:25.691,1,93.3
2025-04-27 11:21:25.695,1,90.45
2025-04-27 11:21:25.699,1,87.16
2025-04-27 11:21:25.703,1,83.46
2025-04-27 11:21:25.707,1,79.39
2025-04-27 11:21:25.711,1,75.0
2025-04-27 11:21:25.715,1,70.34
2025-04-27 11:21:25.719,1,65.45
2025-04-27 11:21:25.723,1,60.4
2025-04-27 11:21:25.727,1,55.23
2025-04-27 11:21:25.731,1,50.0
2025-04-27 11:21:25.735,1,44.77
2025-04-27 11:21:25.739,1,39.6
2025-04-27 11:21:25.743,1,34.55
2025-04-27 11:21:25.747,1,29.66
2025-04-27 11:21:25.751,1,25.0
2025-04-27 11:21:25.755,1,20.61
2025-04-27 11:21:25.759,1,16.54
2025-04-27 11:21:25.763,1,12.84
2025-04-27 11:21:25.767,1,9.55
2025-04-27 11:21:25.771,1,6.7
2025-04-27 11:21:25.775,1,4.32
2025-04-27 11:21:25.779,1,2.45
2025-04-27 11:21:25.783,1,1.09
2025-04-27 11:21:25.787,1,0.27
2025-04-27 11:21:25.791,1,0.0
2025-04-27 11:21:25.795,1,0.27
2025-04-27 11:21:25.799,1,1.09
2025-04-27 11:21:25.803,1,2.45
2025-04-27 11:21:25.807,1,4.32
2025-04-27 11:21:25.811,1,6.7
2025-04-27 11:21:25.815,1,9.55
2025-04-27 11:21:25.819,1,12.84
2025-04-27 11:21:25.823,1,16.54
2025-04-27 11:21:25.827,1,20.61
2025-04-27 11:21:25.831,1,25.0
2025-04-27 11:21:25.835,1,29.66
2025-04-27 11:21:25.839,1,34.55
2025-04-27 11:21:25.843,1,39.6
2025-04-27 11:21:25.847,1,44.77
2025-04-27 11:21:25.851,1,50.0
2025-04-27 11:21:25.855,1,55.23
2025-04-27 11:21:25.859,1,60.4
2025-04-27 11:21:25.863,1,65.45
2025-04-27 11:21:25.867,1,70.34
2025-04-27 11:21:25.871,1,75.0
2025-04-27 11:21:25.875,1,79.39
2025-04-27 11:21:25.879,1,83.46
2025-04-27 11:21:25.883,1,87.16
2025-04-27 11:21:25.887,1,90.45
2025-04-27 11:21:25.891,1,93.3
2025-04-27 11:21:25.895,1,95.68
2025-04-27 11:21:25.899,1,97.55
2025-04-27 11:21:25.903,1,98.91
2025-04-27 11:21:25.907,1,99.73
2025-04-27 11:21:25.911,1,100.0
2025-04-27 11:21:25.915,1,99.73
2025-04-27 11:21:25.919,1,98.91
2025-04-27 11:21:25.923,1,97.55
2025-04-27 11:21:25.927,1,95.68
2025-04-27 11:21:25.931,1,93.3
2025-04-27 11:21:25.935,1,90.45
2025-04-27 11:21:25.939,1,87.16
2025-04-27 11:21:25.943,1,83.46
2025-04-27 11:21:25.947,1,79.39
2025-04-27 11:21:25.951,1,75.0
2025-04-27 11:21:25.955,1,70.34
2025-04-27 11:21:25.959,1,65.45
2025-04-27 11:21:25.963,1,60.4
2025-04-27 11:21:25.967,1,55.23
2025-04-27 11:21:25.971,1,50.0
2025-04-27 11:21:25.975,1,44.77
2025-04-27 11:21:25.979,1,39.6
2025-04-27 11:21:25.983,1,34.55
2025-04-27 11:21:25.987,1,29.66
2025-04-27 11:21:25.991,1,25.0
2025-04-27 11:21:25.995,1,20.61
2025-04-27 11:21:25.999,1,16.54
2025-04-27 11:21:26.003,1,12.84
2025-04-27 11:21:26.007,1,9.55
2025-04-27 11:21:26.011,1,6.7
2025-04-27 11:21:26.015,1,4.32
2025-04-27 11:21:26.019,1,2.45
2025-04-27 11:21:26.023,1,1.09
2025-04-27 11:21:26.027,1,0.27
2025-04-27 11:21:26.031,1,0.0
2025-04-27 11:21:26.035,1,0.27
2025-04-27 11:21:26.039,1,1.09
2025-04-27 11:21:26.043,1,2.45
2025-04-27 11:21:26.047,1,4.32
2025-04-27 11:21:26.051,1,6.7
2025-04-27 11:21:26.055,1,9.55
2025-04-27 11:21:26.059,1,12.84
2025-04-27 11:21:26.063,1,16.54
2025-04-27 11:21:26.067,1,20.61
2025-04-27 11:21:26.071,1,25.0
2025-04-27 11:21:26.075,1,29.66
2025-04-27 11:21:26.079,1,34.55
2025-04-27 11:21:26.083,1,39.6
2025-04-27 11:21:26.087,1,44.77
2025-04-27 11:21:26.091,1,50.0
2025-04-27 11:21:26.095,1,55.23
2025-04-27 11:21:26.099,1,60.4
2025-04-27 11:21:26.103,1,65.45
2025-04-27 11:21:26.107,1,70.34
2025-04-27 11:21:26.111,1,75.0
2025-04-27 11:21:26.115,1,79.39
2025-04-27 11:21:26.119,1,83.46
2025-04-27 11:21:26.123,1,87.16
2025-04-27 11:21:26.127,1,90.45
2025-04-27 11:21:26.131,1,93.3
2025-04-27 11:21:26.135,1,95.68
2025-04-27 11:21:26.139,1,97.55
2025-04-27 11:21:26.143,1,98.91
2025-04-27 11:21:26.147,1,99.73
2025-04-27 11:21:26.151,1,100.0
2025-04-27 11:21:26.155,1,99.73
2025-04-27 11:21:26.159,1,98.91
2025-04-27 11:21:26.163,1,97.55
2025-04-27 11:21:26.167,1,95.68
2025-04-27 11:21:26.171,1,93.3
2025-04-27 11:21:26.175,1,90.45
2025-04-27 11:21:26.179,1,87.16
2025-04-27 11:21:26.183,1,83.46
2025-04-27 11:21:26.187,1,79.39
2025-04-27 11:21:26.191,1,75.0
2025-04-27 11:21:26.195,1,70.34
2025-04-27 11:21:26.199,1,65.45
2025-04-27 11:21:26.203,1,60.4
2025-04-27 11:21:26.207,1,55.23
2025-04-27 11:21:26.211,1,50.0
2025-04-27 11:21:26.215,1,44.77
2025-04-27 11:21:26.219,1,39.6
2025-04-27 11:21:26.223,1,34.55
2025-04-27 11:21:26.227,1,29.66
2025-04-27 11:21:26.231,1,25.0
2025-04-27 11:21:26.235,1,20.61
2025-04-27 11:21:26.239,1,16.54
2025-04-27 11:21:26.243,1,12.84
2025-04-27 11:21:26.247,1,9.55
2025-04-27 11:21:26.251,1,6.7
2025-04-27 11:21:26.255,1,4.32
2025-04-27 11:21:26.259,1,2.45
2025-04-27 11:21:26.263,1,1.09
2025-04-27 11:21:26.267,1,0.27
2025-04-27 11:21:26.271,1,0.0
2025-04-27 11:21:26.275,1,0.27
2025-04-27 11:21:26.279,1,1.09
2025-04-27 11:21:26.283,1,2.45
2025-04-27 11:21:26.287,1,4.32
2025-04-27 11:21:26.291,1,6.7
2025-04-27 11:21:26.295,1,9.55
2025-04-27 11:21:26.299,1,12.84
2025-04-27 11:21:26.303,1,16.54
2025-04-27 11:21:26.307,1,20.61
2025-04-27 11:21:26.311,1,25.0
2025-04-27 11:21:26.315,1,29.66
2025-04-27 11:21:26.319,1,34.55
2025-04-27 11:21:26.323,1,39.6
2025-04-27 11:21:26.327,1,44.77
2025-04-27 11:21:26.331,1,50.0
2025-04-27 11:21:26.335,1,55.23
2025-04-27 11:21:26.339,1,60.4
2025-04-27 11:21:26.343,1,65.45
2025-04-27 11:21:26.347,1,70.34
2025-04-27 11:21:26.351,1,75.0
2025-04-27 11:21:26.355,1,79.39
2025-04-27 11:21:26.359,1,83.46
2025-04-27 11:21:26.363,1,87.16
2025-04-27 11:21:26.367,1,90.45
2025-04-27 11:21:26.371,1,93.3
2025-04-27 11:21:26.375,1,95.68
2025-04-27 11:21:26.379,1,97.55
2025-04-27 11:21:26.383,1,98.91
2025-04-27 11:21:26.387,1,99.73
2025-04-27 11:21:26.391,1,100.0
2025-04-27 11:21:26.395,1,99.73
2025-04-27 11:21:26.399,1,98.91
2025-04-27 11:21:26.403,1,97.55
2025-04-27 11:21:26.407,1,95.68
2025-04-27 11:21:26.411,1,93.3
2025-04-27 11:21:26.415,1,90.45
2025-04-27 11:21:26.419,1,87.16
2025-04-27 11:21:26.423,1,83.46
2025-04-27 11:21:26.427,1,79.39
2025-04-27 11:21:26.431,1,75.0
2025-04-27 11:21:26.435,1,70.34
2025-04-27 11:21:26.439,1,65.45
2025-04-27 11:21:26.443,1,60.4
2025-04-27 11:21:26.447,1,55.23
2025-04-27 11:21:26.451,1,50.0
2025-04-27 11:21:26.455,1,44.77
2025-04-27 11:21:26.459,1,39.6
2025-04-27 11:21:26.463,1,34.55
2025-04-27 11:21:26.467,1,29.66
2025-04-27 11:21:26.471,1,25.0
2025-04-27 11:21:26.475,1,20.61
2025-04-27 11:21:26.479,1,16.54
2025-04-27 11:21:26.483,1,12.84
2025-04-27 11:21:26.487,1,9.55
2025-04-27 11:21:26.491,1,6.7
2025-04-27 11:21:26.495,1,4.32
2025-04-27 11:21:26.499,1,2.45
2025-04-27 11:21:26.503,1,1.09
2025-04-27 11:21:26.507,1,0.27
2025-04-27 11:21:26.511,1,0.0
2025-04-27 11:21:26.515,1,0.27
2025-04-27 11:21:26.519,1,1.09
2025-04-27 11:21:26.523,1,2.45
2025-04-27 11:21:26.527,1,4.32
2025-04-27 11:21:26.531,1,6.7
2025-04-27 11:21:26.535,1,9.55
2025-04-27 11:21:26.539,1,12.84
2025-04-27 11:21:26.543,1,16.54
2025-04-27 11:21:26.547,1,20.61
2025-04-27 11:21:26.551,1,25.0
2025-04-27 11:21:26.555,1,29.66
2025-04-27 11:21:26.559,1,34.55
2025-04-27 11:21:26.563,1,39.6
2025-04-27 11:21:26.567,1,44.77
2025-04-27 11:21:26.571,1,50.0
2025-04-27 11:21:26.575,1,55.23
2025-04-27 11:21:26.579,1,60.4
2025-04-27 11:21:26.583,1,65.45
2025-04-27 11:21:26.587,1,70.34
2025-04-27 11:21:26.591,1,75.0
2025-04-27 11:21:26.595,1,79.39
2025-04-27 11:21:26.599,1,83.46
2025-04-27 11:21:26.603,1,87.16
2025-04-27 11:21:26.607,1,90.45
2025-04-27 11:21:26.611,1,93.3
2025-04-27 11:21:26.615,1,95.68
2025-04-27 11:21:26.619,1,97.55
2025-04-27 11:21:26.623,1,98.91
2025-04-27 11:21:26.627,1,99.73
2025-04-27 11:21:26.631,1,100.0
2025-04-27 11:21:26.635,1,99.73
2025-04-27 11:21:26.639,1,98.91
2025-04-27 11:21:26.643,1,97.55
2025-04-27 11:21:26.647,1,95.68
2025-04-27 11:21:26.651,1,93.3
2025-04-27 11:21:26.655,1,90.45
2025-04-27 11:21:26.659,1,87.16
2025-04-27 11:21:26.663,1,83.46
2025-04-27 11:21:26.667,1,79.39
2025-04-27 11:21:26.671,1,75.0
2025-04-27 11:21:26.675,1,70.34
2025-04-27 11:21:26.679,1,65.45
2025-04-27 11:21:26.683,1,60.4
2025-04-27 11:21:26.687,1,55.23
2025-04-27 11:21:26.691,1,50.0
2025-04-27 11:21:26.695,1,44.77
2025-04-27 11:21:26.699,1,39.6
2025-04-27 11:21:26.703,1,34.55
2025-04-27 11:21:26.707,1,29.66
2025-04-27 11:21:26.711,1,25.0
2025-04-27 11:21:26.715,1,20.61
2025-04-27 11:21:26.719,1,16.54
2025-04-27 11:21:26.723,1,12.84
2025-04-27 11:21:26.727,1,9.55
2025-04-27 11:21:26.731,1,6.7
2025-04-27 11:21:26.735,1,4.32
2025-04-27 11:21:26.739,1,2.45
2025-04-27 11:21:26.743,1,1.09
2025-04-27 11:21:26.747,1,0.27
2025-04-27 11:21:26.751,1,0.0
2025-04-27 11:21:26.755,1,0.27
2025-04-27 11:21:26.759,1,1.09
2025-04-27 11:21:26.763,1,2.45
2025-04-27 11:21:26.767,1,4.32
2025-04-27 11:21:26.771,1,6.7
2025-04-27 11:21:26.775,1,9.55
2025-04-27 11:21:26.779,1,12.84
2025-04-27 11:21:26.783,1,16.54
2025-04-27 11:21:26.787,1,20.61
2025-04-27 11:21:26.791,1,25.0
2025-04-27 11:21:26.795,1,29.66
2025-04-27 11:21:26.799,1,34.55
2025-04-27 11:21:26.803,1,39.6
2025-04-27 11:21:26.807,1,44.77
2025-04-27 11:21:26.811,1,50.0
2025-04-27 11:21:26.815,1,55.23
2025-04-27 11:21:26.819,1,60.4
2025-04-27 11:21:26.823,1,65.45
2025-04-27 11:21:26.827,1,70.34
2025-04-27 11:21:26.831,1,75.0
2025-04-27 11:21:26.835,1,79.39
2025-04-27 11:21:26.839,1,83.46
2025-04-27 11:21:26.843,1,87.16
2025-04-27 11:21:26.847,1,90.45
2025-04-27 11:21:26.851,1,93.3
2025-04-27 11:21:26.855,1,95.68
2025-04-27 11:21:26.859,1,97.55
2025-04-27 11:21:26.863,1,98.91
2025-04-27 11:21:26.867,1,99.73
2025-04-27 11:21:26.871,1,100.0
2025-04-27 11:21:26.875,1,99.73
2025-04-27 11:21:26.879,1,98.91
2025-04-27 11:21:26.883,1,97.55
2025-04-27 11:21:26.887,1,95.68
2025-04-27 11:21:26.891,1,93.3
2025-04-27 11:21:26.895,1,90.45
2025-04-27 11:21:26.899,1,87.16
2025-04-27 11:21:26.903,1,83.46
2025-04-27 11:21:26.907,1,79.39
2025-04-27 11:21:26.911,1,75.0
2025-04-27 11:21:26.915,1,70.34
2025-04-27 11:21:26.919,1,65.45
2025-04-27 11:21:26.923,1,60.4
2025-04-27 11:21:26.927,1,55.23
2025-04-27 11:21:26.931,1,50.0
2025-04-27 11:21:26.935,1,44.77
2025-04-27 11:21:26.939,1,39.6
2025-04-27 11:21:26.943,1,34.55
2025-04-27 11:21:26.947,1,29.66
2025-04-27 11:21:26.951,1,25.0
2025-04-27 11:21:26.955,1,20.61
2025-04-27 11:21:26.959,1,16.54
2025-04-27 11:21:26.963,1,12.84
2025-04-27 11:21:26.967,1,9.55
2025-04-27 11:21:26.971,1,6.7
2025-04-27 11:21:26.975,1,4.32
2025-04-27 11:21:26.979,1,2.45
2025-04-27 11:21:26.983,1,1.09
2025-04-27 11:21:26.987,1,0.27
2025-04-27 11:21:26.991,1,0.0
2025-04-27 11:21:26.995,1,0.27
2025-04-27 11:21:26.999,1,1.09
2025-04-27 11:21:27.003,1,2.45
